HIERARCHY
ROOT Hips
{
	OFFSET 0.00000 0.00000 0.00000
	CHANNELS 6 Xposition Yposition Zposition Zrotation Yrotation Xrotation 
	JOINT LHipJoint
	{
		OFFSET 0 0 0
		CHANNELS 3 Zrotation Yrotation Xrotation
		JOINT LeftUpLeg
		{
			OFFSET 1.57093 -1.69714 0.87455
			CHANNELS 3 Zrotation Yrotation Xrotation
			JOINT LeftLeg
			{
				OFFSET 2.48056 -6.81529 0.00000
				CHANNELS 3 Zrotation Yrotation Xrotation
				JOINT LeftFoot
				{
					OFFSET 2.62558 -7.21374 0.00000
					CHANNELS 3 Zrotation Yrotation Xrotation
					JOINT LeftToeBase
					{
						OFFSET 0.17911 -0.49210 2.16707
						CHANNELS 3 Zrotation Yrotation Xrotation
						End Site
						{
							OFFSET 0.00000 -0.00000 1.11848
						}
					}
				}
			}
		}
	}
	JOINT RHipJoint
	{
		OFFSET 0 0 0
		CHANNELS 3 Zrotation Yrotation Xrotation
		JOINT RightUpLeg
		{
			OFFSET -1.69739 -1.69715 0.87455
			CHANNELS 3 Zrotation Yrotation Xrotation
			JOINT RightLeg
			{
				OFFSET -2.33658 -6.41972 0.00000
				CHANNELS 3 Zrotation Yrotation Xrotation
				JOINT RightFoot
				{
					OFFSET -2.60856 -7.16696 0.00000
					CHANNELS 3 Zrotation Yrotation Xrotation
					JOINT RightToeBase
					{
						OFFSET -0.20854 -0.57296 2.11053
						CHANNELS 3 Zrotation Yrotation Xrotation
						End Site
						{
							OFFSET -0.00000 -0.00000 1.09848
						}
					}
				}
			}
		}
	}
	JOINT LowerBack
	{
		OFFSET 0 0 0
		CHANNELS 3 Zrotation Yrotation Xrotation
		JOINT Spine
		{
			OFFSET 0.02563 2.15732 -0.03270
			CHANNELS 3 Zrotation Yrotation Xrotation
			JOINT Spine1
			{
				OFFSET 0.00281 2.14662 0.09285
				CHANNELS 3 Zrotation Yrotation Xrotation
				JOINT Neck
				{
					OFFSET 0 0 0
					CHANNELS 3 Zrotation Yrotation Xrotation
					JOINT Neck1
					{
						OFFSET -0.04440 1.68397 0.17601
						CHANNELS 3 Zrotation Yrotation Xrotation
						JOINT Head
						{
							OFFSET 0.06040 1.66995 -0.35615
							CHANNELS 3 Zrotation Yrotation Xrotation
							End Site
							{
								OFFSET 0.02405 1.72189 -0.14044
							}
						}
					}
				}
				JOINT LeftShoulder
				{
					OFFSET 0 0 0
					CHANNELS 3 Zrotation Yrotation Xrotation
					JOINT LeftArm
					{
						OFFSET 2.98955 1.90907 -0.21660
						CHANNELS 3 Zrotation Yrotation Xrotation
						JOINT LeftForeArm
						{
							OFFSET 4.91377 -0.00000 0.00000
							CHANNELS 3 Zrotation Yrotation Xrotation
							JOINT LeftHand
							{
								OFFSET 3.00291 -0.00000 -0.00000
								CHANNELS 3 Zrotation Yrotation Xrotation
								JOINT LeftFingerBase
								{
									OFFSET 0 0 0
									CHANNELS 3 Zrotation Yrotation Xrotation
									JOINT LeftHandIndex1
									{
										OFFSET 0.45092 -0.00000 -0.00000
										CHANNELS 3 Zrotation Yrotation Xrotation
										End Site
										{
											OFFSET 0.36355 -0.00000 -0.00000
										}
									}
								}
								JOINT LThumb
								{
									OFFSET 0 0 0
									CHANNELS 3 Zrotation Yrotation Xrotation
									End Site
									{
										OFFSET 0.36910 -0.00000 0.36910
									}
								}
							}
						}
					}
				}
				JOINT RightShoulder
				{
					OFFSET 0 0 0
					CHANNELS 3 Zrotation Yrotation Xrotation
					JOINT RightArm
					{
						OFFSET -2.80452 1.90886 -0.21152
						CHANNELS 3 Zrotation Yrotation Xrotation
						JOINT RightForeArm
						{
							OFFSET -4.86725 -0.00000 0.00000
							CHANNELS 3 Zrotation Yrotation Xrotation
							JOINT RightHand
							{
								OFFSET -3.17144 -0.00000 -0.00000
								CHANNELS 3 Zrotation Yrotation Xrotation
								JOINT RightFingerBase
								{
									OFFSET 0 0 0
									CHANNELS 3 Zrotation Yrotation Xrotation
									JOINT RightHandIndex1
									{
										OFFSET -0.41937 -0.00000 -0.00000
										CHANNELS 3 Zrotation Yrotation Xrotation
										End Site
										{
											OFFSET -0.33810 -0.00000 -0.00000
										}
									}
								}
								JOINT RThumb
								{
									OFFSET 0 0 0
									CHANNELS 3 Zrotation Yrotation Xrotation
									End Site
									{
										OFFSET -0.34327 -0.00000 0.34327
									}
								}
							}
						}
					}
				}
			}
		}
	}
}
MOTION
Frames: 360
Frame Time: .0083333
2.3975 14.9692 7.5817 0 0 0 0 0 0 -21 0 0 0 0 0 0 0 0 0 0 0 0 0 0 21 0 0 0 0 0 0 0 0 0 0 0 0 0 0 0 0 0 0 0 0 0 0 -16 0 0 21 0 0 11 0 0 0 -8 0 0 0 0 0 0 0 0 0 0 0 0 0 0 0 0 0 0 0 0 8 0 0 0 0 0 0 0 0 0 0 0 0 0 0 0 0 0
2.3975 14.9692 7.5817 2.1442 -17.4842 104.3290 0.0000 0.0000 0.0000 -19.9360 -11.6884 -54.4330 8.3227 16.3516 53.7170 0.0434 -5.0308 8.4602 3.9298 -12.0664 -35.9671 0.0000 0.0000 0.0000 16.9697 14.6313 -55.0672 -8.5779 -16.5283 54.6186 -1.0450 -5.1354 18.2903 -1.8471 -8.5400 24.3667 15.6195 6.3559 -19.2369 -13.2437 6.5735 -4.1273 -22.3701 4.2502 9.8267 -2.1226 2.6427 -16.4241 15.7076 -1.5957 38.9535 7.3123 1.0286 17.2256 0.0000 -0.0000 0.0000 107.0086 -27.1720 -77.1531 6.6556 -11.3511 -0.6622 -0.0000 -0.0000 6.9819 14.9930 -5.5707 -1.4893 -7.1250 0.0000 -0.0000 -8.6936 24.2193 4.4108 0.0000 -0.0000 0.0000 -69.3223 19.7950 -60.0558 -13.5447 22.0800 -2.6545 0.0000 0.0000 17.4013 -33.7313 -20.7341 13.3000 7.1250 -0.0000 -0.0000 -5.5387 -54.3689 1.2781
2.3468 14.9718 7.5723 2.1146 -17.4913 104.1100 0.0000 0.0000 0.0000 -20.1623 -11.1851 -54.8388 8.6877 16.6025 55.0036 0.0809 -5.0651 9.4334 3.4569 -11.4003 -33.6423 0.0000 0.0000 0.0000 16.7451 14.7125 -55.7589 -9.0911 -16.8660 56.4047 -1.0776 -5.2009 18.5776 -2.0000 -8.8661 25.3773 14.5161 6.8486 -19.3977 -13.0769 7.4736 -3.8944 -21.0272 4.7266 10.4381 -0.8073 2.7784 -15.6653 14.9343 -1.3895 37.6392 6.5148 1.2138 16.2881 -0.0000 0.0000 0.0000 110.2113 -26.8125 -105.4419 11.0975 -18.4375 -1.8066 -0.0000 0.0000 -3.9528 13.1794 2.2845 0.5348 -7.1250 0.0000 -0.0000 -10.7771 32.1997 3.4296 -0.0000 0.0000 0.0000 -73.9931 21.5220 -79.0825 -12.9828 21.2620 -2.4470 0.0000 0.0000 10.5253 -15.0472 -17.3120 4.5738 7.1250 -0.0000 -0.0000 12.3449 -47.4802 -0.7666
2.2950 14.9766 7.5662 2.0957 -17.5420 103.9180 0.0000 0.0000 0.0000 -20.4444 -10.7041 -55.2357 9.0274 16.8253 56.1850 0.1394 -4.7903 10.4185 2.7709 -10.3145 -30.0015 0.0000 0.0000 0.0000 16.4625 14.8009 -56.4109 -9.5435 -17.1450 57.9514 -1.1292 -5.3478 19.0205 -2.1155 -9.1027 26.1170 13.9747 7.0348 -19.3792 -12.9819 7.8457 -3.7694 -20.3943 4.9107 10.6489 0.0003 -0.3848 -16.7844 13.6713 -6.3244 41.5364 5.4446 -0.7110 19.5691 -0.0000 0.0000 0.0000 110.8838 -23.1312 -101.1520 9.8851 -16.5596 -1.4420 -0.0000 0.0000 -10.2684 31.1338 -3.5490 -2.1414 -7.1250 0.0000 -0.0000 3.4148 25.8337 -1.5881 -0.0000 0.0000 0.0000 -73.9703 21.2589 -78.4571 -13.2554 21.6603 -2.5468 0.0000 0.0000 8.6202 -14.8007 -20.7548 5.3492 7.1250 -0.0000 -0.0000 13.8111 -50.8668 -2.0296
2.2423 14.9848 7.5656 2.1117 -17.4768 103.7850 0.0000 0.0000 0.0000 -20.5938 -10.2729 -55.6985 9.3627 17.0355 57.3362 0.1784 -4.7964 11.1844 2.2835 -9.4331 -27.1598 0.0000 0.0000 0.0000 16.2716 14.9505 -57.0271 -9.9613 -17.3881 59.3591 -1.1663 -5.5331 19.3283 -2.2108 -9.2920 26.7132 14.1167 6.9678 -19.2305 -12.9170 7.7311 -3.7448 -20.4619 4.8495 10.5503 0.3085 -0.7814 -16.7245 13.2440 -6.9166 42.0415 5.1101 -0.9342 19.9335 -0.0000 0.0000 0.0000 110.5972 -22.8103 -98.5528 9.3733 -15.7533 -1.2996 -0.0000 0.0000 -9.9850 32.0830 -3.8080 -2.3840 -7.1250 0.0000 -0.0000 4.1121 25.4863 -1.9473 -0.0000 0.0000 0.0000 -73.6605 21.1968 -77.2826 -13.2399 21.6377 -2.5411 0.0000 0.0000 9.3638 -16.6017 -19.2371 5.6103 7.1250 -0.0000 -0.0000 11.5182 -49.6376 -1.3328
2.1906 14.9915 7.5617 2.1213 -17.4504 103.6290 0.0000 0.0000 0.0000 -20.7752 -9.8565 -56.1071 9.6867 17.2299 58.4361 0.2328 -4.6263 12.0051 1.7727 -8.3755 -23.8607 0.0000 0.0000 0.0000 16.0618 15.0630 -57.6019 -10.3559 -17.6052 60.6714 -1.2143 -5.7028 19.7234 -2.2977 -9.4603 27.2462 13.9847 7.0158 -19.1443 -12.8360 7.8289 -3.6731 -20.2367 4.8967 10.5942 0.5529 -1.5533 -16.7842 12.8559 -8.0996 42.7918 4.7188 -1.3696 20.6070 0.0000 -0.0000 0.0000 110.8805 -21.8792 -99.3306 9.4091 -15.8100 -1.3093 -0.0000 0.0000 -12.1116 34.5567 -5.2713 -3.6206 -7.1250 0.0000 -0.0000 5.8234 23.5939 -3.0208 0.0000 -0.0000 0.0000 -74.0350 21.1589 -78.2202 -13.3003 21.7257 -2.5634 0.0000 0.0000 8.1912 -14.9668 -20.5218 5.3539 7.1250 -0.0000 -0.0000 13.5589 -50.6631 -1.9227
2.1389 14.9990 7.5597 2.1399 -17.4039 103.4890 0.0000 0.0000 0.0000 -20.9291 -9.4714 -56.5111 9.9954 17.4073 59.4731 0.2896 -4.4180 12.7662 1.2985 -7.2196 -20.3675 0.0000 0.0000 0.0000 15.8728 15.1828 -58.1185 -10.7015 -17.7859 61.8082 -1.2665 -5.8755 20.1449 -2.3644 -9.5870 27.6494 14.0145 7.0063 -19.0309 -12.7675 7.8157 -3.6231 -20.1816 4.8897 10.5732 0.6461 -2.0431 -16.8141 12.5944 -8.8327 43.3164 4.4750 -1.6465 21.0745 0.0000 0.0000 0.0000 110.8729 -21.3290 -98.4334 9.2042 -15.4853 -1.2541 -0.0000 0.0000 -12.9527 36.0397 -5.8295 -4.2266 -7.1250 0.0000 -0.0000 6.8460 22.7978 -3.6841 0.0000 0.0000 0.0000 -74.1203 21.1267 -78.2379 -13.3239 21.7600 -2.5721 0.0000 0.0000 7.9097 -15.0119 -20.7621 5.4305 7.1250 -0.0000 -0.0000 13.6104 -50.9083 -2.0132
2.0871 15.0072 7.5595 2.1650 -17.3482 103.3590 0.0000 0.0000 0.0000 -21.0670 -9.1196 -56.8968 10.2848 17.5669 60.4360 0.3489 -4.1678 13.4807 0.8788 -5.9762 -16.7153 0.0000 0.0000 0.0000 15.6936 15.3083 -58.5760 -11.0039 -17.9370 62.7943 -1.3206 -6.0240 20.5755 -2.4039 -9.6610 27.8857 14.1237 6.9725 -18.9050 -12.7065 7.7540 -3.5832 -20.2089 4.8597 10.5246 0.6913 -2.1684 -16.8492 12.4446 -9.0075 43.5193 4.3734 -1.7159 21.2414 -0.0000 0.0000 0.0000 110.7985 -21.2006 -98.1266 9.1273 -15.3630 -1.2336 -0.0000 0.0000 -12.9521 36.2339 -5.9236 -4.3249 -7.1250 0.0000 -0.0000 6.9759 22.6656 -3.7762 -0.0000 0.0000 0.0000 -74.2336 21.1355 -78.3783 -13.3177 21.7509 -2.5698 0.0000 0.0000 7.8152 -15.0655 -20.6859 5.4316 7.1250 -0.0000 -0.0000 13.5284 -50.8415 -1.9782
2.0354 15.0159 7.5609 2.1908 -17.2831 103.2420 0.0000 0.0000 0.0000 -21.1879 -8.8007 -57.2630 10.5480 17.7067 61.3049 0.4111 -3.8582 14.1494 0.5199 -4.6211 -12.8310 0.0000 0.0000 0.0000 15.5274 15.4447 -58.9564 -11.2482 -18.0544 63.5848 -1.3782 -6.1675 21.0255 -2.4125 -9.6770 27.9370 14.2670 6.9345 -18.7843 -12.6459 7.6792 -3.5465 -20.2631 4.8242 10.4734 0.4940 -2.1806 -17.2346 12.4202 -9.0111 43.5566 4.4056 -1.7463 21.7031 -0.0000 -0.0000 0.0000 110.7028 -21.2281 -98.0259 9.1080 -15.3323 -1.2285 -0.0000 0.0000 -12.7237 35.9955 -5.8626 -4.2435 -7.1250 0.0000 -0.0000 6.8101 22.7612 -3.6702 -0.0000 -0.0000 0.0000 -74.3657 21.1635 -78.5696 -13.3043 21.7314 -2.5648 0.0000 0.0000 7.7964 -15.1053 -20.5880 5.4220 7.1250 -0.0000 -0.0000 13.4515 -50.7509 -1.9363
1.9838 15.0248 7.5637 2.2077 -17.2265 103.1370 0.0000 0.0000 0.0000 -21.3119 -8.5144 -57.5975 10.7793 17.8254 62.0628 0.4756 -3.4879 14.7733 0.2425 -3.1688 -8.7489 0.0000 0.0000 0.0000 15.3555 15.5959 -59.2473 -11.4296 -18.1390 64.1689 -1.4422 -6.2046 21.5212 -2.4190 -9.6891 27.9758 14.4093 6.8973 -18.6647 -12.5887 7.6062 -3.5124 -20.3200 4.7894 10.4210 0.4894 -2.1646 -17.2790 12.3336 -8.9649 43.6351 4.3796 -1.7380 21.7637 0.0000 0.0000 0.0000 110.6122 -21.2652 -97.9066 9.0993 -15.3186 -1.2262 -0.0000 0.0000 -12.6116 35.7358 -5.8542 -4.1974 -7.1250 0.0000 -0.0000 6.6224 22.7939 -3.5627 0.0000 0.0000 0.0000 -74.4908 21.1964 -78.7116 -13.2955 21.7186 -2.5616 0.0000 0.0000 7.7860 -15.1448 -20.4922 5.4128 7.1250 -0.0000 -0.0000 13.3761 -50.6623 -1.8956
1.9326 15.0335 7.5678 2.2124 -17.1782 103.0480 0.0000 0.0000 0.0000 -21.4372 -8.2627 -57.8982 10.9717 17.9212 62.6895 0.5428 -3.0504 15.3633 0.0647 -1.6412 -4.5150 0.0000 0.0000 0.0000 15.1785 15.7672 -59.4418 -11.5428 -18.1906 64.5322 -1.5101 -6.1578 22.0412 -2.4258 -9.7018 28.0164 14.5436 6.8646 -18.5545 -12.5337 7.5405 -3.4794 -20.3708 4.7584 10.3749 0.4730 -2.1478 -17.3180 12.2576 -8.9166 43.7131 4.3623 -1.7302 21.8246 0.0000 -0.0000 0.0000 110.5266 -21.2972 -97.7698 9.0970 -15.3149 -1.2256 -0.0000 0.0000 -12.6427 35.4631 -5.9087 -4.1939 -7.1250 0.0000 -0.0000 6.4182 22.7512 -3.4578 0.0000 -0.0000 0.0000 -74.6143 21.2401 -78.8563 -13.2895 21.7099 -2.5594 0.0000 0.0000 7.8398 -15.1658 -20.4393 5.4073 7.1250 -0.0000 -0.0000 13.3353 -50.6131 -1.8734
1.8817 15.0420 7.5733 2.1999 -17.1433 102.9770 0.0000 0.0000 0.0000 -21.5661 -8.0496 -58.1570 11.1161 17.9915 63.1582 0.6126 -2.5493 15.9278 0.0002 -0.0889 -0.2442 0.0000 0.0000 0.0000 14.9947 15.9601 -59.5342 -11.5829 -18.2087 64.6606 -1.5811 -6.0325 22.5802 -2.4366 -9.7216 28.0799 14.6700 6.8334 -18.4545 -12.4831 7.4781 -3.4475 -20.4196 4.7292 10.3341 0.4349 -2.1199 -17.3465 12.2178 -8.8562 43.7771 4.3700 -1.7188 21.8755 -0.0000 -0.0000 0.0000 110.4090 -21.3053 -97.5762 9.0764 -15.2821 -1.2202 -0.0000 0.0000 -12.8352 35.2541 -5.9687 -4.2037 -7.1250 0.0000 -0.0000 6.2595 22.6962 -3.3792 -0.0000 -0.0000 0.0000 -74.7368 21.2883 -78.9800 -13.2877 21.7074 -2.5587 0.0000 0.0000 7.8991 -15.1924 -20.4541 5.4209 7.1250 -0.0000 -0.0000 13.3155 -50.6322 -1.8768
1.8310 15.0497 7.5809 2.1685 -17.1312 102.9270 0.0000 0.0000 0.0000 -21.7070 -7.8793 -58.3637 11.2026 18.0328 63.4378 0.6848 -2.0013 16.4811 0.0490 1.4285 3.9286 0.0000 0.0000 0.0000 14.8010 16.1691 -59.5239 -11.5453 -18.1917 64.5400 -1.6534 -5.8621 23.1240 -2.4409 -9.7296 28.1054 14.7760 6.8049 -18.3698 -12.4408 7.4228 -3.4178 -20.4621 4.7035 10.3012 0.3860 -2.0821 -17.3700 12.2008 -8.7855 43.8351 4.3941 -1.7037 21.9225 0.0000 0.0000 0.0000 110.2975 -21.3160 -97.3964 9.0634 -15.2615 -1.2168 -0.0000 0.0000 -13.0336 35.0134 -6.0692 -4.2361 -7.1250 0.0000 -0.0000 6.0738 22.5955 -3.2919 0.0000 0.0000 0.0000 -74.8617 21.3508 -79.1376 -13.2861 21.7050 -2.5581 0.0000 0.0000 7.9664 -15.2175 -20.5480 5.4539 7.1250 -0.0000 -0.0000 13.3278 -50.7294 -1.9108
1.7806 15.0563 7.5905 2.1195 -17.1305 102.9030 0.0000 0.0000 0.0000 -21.8434 -7.7537 -58.5150 11.2212 18.0416 63.4977 0.7596 -1.4327 17.0428 0.1955 2.8477 7.8549 0.0000 0.0000 0.0000 14.6159 16.3940 -59.4083 -11.4263 -18.1375 64.1584 -1.7217 -5.7133 23.6289 -2.4288 -9.7072 28.0338 14.8770 6.7788 -18.3054 -12.4055 7.3700 -3.3924 -20.5075 4.6795 10.2763 0.3264 -2.0324 -17.3882 12.2113 -8.7035 43.8853 4.4371 -1.6843 21.9644 0.0000 -0.0000 0.0000 110.1752 -21.3266 -97.1764 9.0434 -15.2296 -1.2115 -0.0000 0.0000 -13.2237 34.7995 -6.1490 -4.2575 -7.1250 0.0000 -0.0000 5.9099 22.5175 -3.2127 0.0000 -0.0000 0.0000 -74.9917 21.4360 -79.3708 -13.2789 21.6946 -2.5555 0.0000 0.0000 8.0473 -15.2537 -20.6646 5.4970 7.1250 -0.0000 -0.0000 13.3387 -50.8509 -1.9528
1.7304 15.0613 7.6024 2.0554 -17.1327 102.9140 0.0000 0.0000 0.0000 -21.9617 -7.6776 -58.6118 11.1634 18.0141 63.3110 0.8365 -0.8880 17.6241 0.4125 4.1229 11.4228 0.0000 0.0000 0.0000 14.4540 16.6322 -59.1953 -11.2242 -18.0431 63.5076 -1.7789 -5.6860 24.0374 -2.3596 -9.5780 27.6207 14.9681 6.7613 -18.2799 -12.3731 7.3269 -3.3719 -20.5431 4.6610 10.2700 0.2856 -1.9863 -17.4148 12.2012 -8.6285 43.9537 4.4660 -1.6662 22.0220 0.0000 -0.0000 0.0000 110.0710 -21.3642 -96.9894 9.0335 -15.2137 -1.2089 -0.0000 0.0000 -13.2504 34.5471 -6.2221 -4.2675 -7.1250 0.0000 -0.0000 5.7190 22.4514 -3.1165 0.0000 -0.0000 0.0000 -75.1197 21.5435 -79.6820 -13.2666 21.6766 -2.5509 0.0000 0.0000 8.1233 -15.2964 -20.7573 5.5365 7.1250 -0.0000 -0.0000 13.3340 -50.9497 -1.9848
1.6807 15.0641 7.6169 1.9789 -17.1486 102.9620 0.0000 0.0000 0.0000 -22.0703 -7.6617 -58.6408 11.0223 17.9460 62.8540 0.9165 -0.3870 18.2392 0.6741 5.2503 14.6237 0.0000 0.0000 0.0000 14.3087 16.8725 -58.8934 -10.9408 -17.9060 62.5891 -1.8205 -5.7754 24.3191 -2.2256 -9.3210 26.8046 15.0527 6.7442 -18.2895 -12.3506 7.2821 -3.3639 -20.5848 4.6410 10.2685 0.2545 -1.9321 -17.4414 12.1875 -8.5451 44.0309 4.4938 -1.6442 22.0848 0.0000 -0.0000 0.0000 109.9885 -21.4375 -96.7912 9.0353 -15.2167 -1.2094 -0.0000 0.0000 -13.1281 34.2551 -6.2903 -4.2672 -7.1250 0.0000 -0.0000 5.4999 22.3947 -3.0032 0.0000 -0.0000 0.0000 -75.2447 21.6742 -80.0480 -13.2507 21.6535 -2.5451 0.0000 0.0000 8.1144 -15.3626 -20.8325 5.5806 7.1250 -0.0000 -0.0000 13.2998 -51.0352 -2.0078
1.6315 15.0644 7.6339 1.8941 -17.1693 103.0570 0.0000 0.0000 0.0000 -22.1532 -7.7153 -58.6119 10.7972 17.8344 62.1212 0.9988 0.0288 18.8879 0.9554 6.2244 17.4369 0.0000 0.0000 0.0000 14.1905 17.1115 -58.5161 -10.5795 -17.7231 61.4082 -1.8392 -6.0081 24.4270 -2.0170 -8.9014 25.4873 15.1270 6.7352 -18.3618 -12.3321 7.2431 -3.3651 -20.6171 4.6246 10.2917 0.2628 -1.8868 -17.4811 12.1156 -8.4706 44.1400 4.4834 -1.6240 22.1700 0.0000 0.0000 0.0000 109.9168 -21.5340 -96.5728 9.0492 -15.2388 -1.2130 -0.0000 0.0000 -12.9156 33.9392 -6.3417 -4.2512 -7.1250 0.0000 -0.0000 5.2654 22.3603 -2.8782 0.0000 0.0000 0.0000 -75.3555 21.8107 -80.4155 -13.2365 21.6328 -2.5398 0.0000 0.0000 7.9884 -15.4395 -20.8720 5.6198 7.1250 -0.0000 -0.0000 13.2410 -51.0870 -2.0157
1.5831 15.0619 7.6530 1.7993 -17.2016 103.1950 0.0000 0.0000 0.0000 -22.2145 -7.8411 -58.5183 10.4912 17.6769 61.1177 1.0817 0.3423 19.5548 1.2411 7.0641 19.9055 0.0000 0.0000 0.0000 14.0952 17.3410 -58.0662 -10.1476 -17.4920 59.9805 -1.8349 -6.2714 24.3742 -1.7889 -8.4119 23.9722 15.1916 6.7263 -18.4766 -12.3215 7.2008 -3.3820 -20.6510 4.6051 10.3184 0.2904 -1.8361 -17.5231 12.0210 -8.3879 44.2630 4.4598 -1.6002 22.2629 -0.0000 0.0000 0.0000 109.8512 -21.6591 -96.3308 9.0662 -15.2659 -1.2175 -0.0000 0.0000 -12.6208 33.6151 -6.3671 -4.2164 -7.1250 0.0000 -0.0000 5.0275 22.3575 -2.7475 -0.0000 0.0000 0.0000 -75.4466 21.9549 -80.7597 -13.2273 21.6194 -2.5364 0.0000 0.0000 7.7069 -15.5295 -20.8841 5.6572 7.1250 -0.0000 -0.0000 13.1588 -51.1138 -2.0115
1.5355 15.0566 7.6739 1.6978 -17.2317 103.3740 0.0000 0.0000 0.0000 -22.2336 -8.0430 -58.3685 10.1134 17.4731 59.8668 1.1647 0.5491 20.2333 1.5201 7.7853 22.0640 0.0000 0.0000 0.0000 14.0390 17.5554 -57.5506 -9.6538 -17.2105 58.3247 -1.8049 -6.5044 24.1488 -1.5753 -7.9189 22.4681 15.2672 6.7205 -18.6376 -12.3164 7.1550 -3.4122 -20.6967 4.5840 10.3550 0.3352 -1.7751 -17.5665 11.9086 -8.2891 44.3864 4.4260 -1.5697 22.3508 -0.0000 -0.0000 0.0000 109.7847 -21.7983 -96.0212 9.0902 -15.3040 -1.2238 -0.0000 0.0000 -12.2944 33.2805 -6.3890 -4.1776 -7.1250 0.0000 -0.0000 4.7822 22.3596 -2.6123 -0.0000 -0.0000 0.0000 -75.5152 22.0983 -81.0730 -13.2207 21.6098 -2.5340 0.0000 0.0000 7.2521 -15.6388 -20.8084 5.6791 7.1250 -0.0000 -0.0000 13.0232 -51.0565 -1.9717
1.4888 15.0485 7.6962 1.5925 -17.2590 103.5800 0.0000 0.0000 0.0000 -22.2070 -8.3175 -58.1601 9.6765 17.2239 58.4015 1.2462 0.6765 20.8991 1.7945 8.4242 24.0101 0.0000 0.0000 0.0000 14.0278 17.7428 -56.9689 -9.1091 -16.8774 56.4668 -1.7519 -6.6471 23.7695 -1.3987 -7.4815 21.1501 15.3594 6.7158 -18.8314 -12.3171 7.1031 -3.4510 -20.7603 4.5607 10.3990 0.3861 -1.7057 -17.6104 11.7925 -8.1777 44.5038 4.3904 -1.5344 22.4315 0.0000 -0.0000 0.0000 109.6772 -21.9329 -95.5982 9.1030 -15.3244 -1.2272 -0.0000 0.0000 -11.9999 33.0090 -6.3462 -4.1072 -7.1250 0.0000 -0.0000 4.5887 22.4328 -2.4982 0.0000 -0.0000 0.0000 -75.5640 22.2384 -81.3745 -13.2201 21.6088 -2.5338 0.0000 0.0000 6.7268 -15.7287 -20.7856 5.7073 7.1250 -0.0000 -0.0000 12.9272 -51.0485 -1.9542
1.4427 15.0378 7.7196 1.4813 -17.2905 103.8060 0.0000 0.0000 0.0000 -22.1417 -8.6590 -57.9011 9.1949 16.9315 56.7619 1.3257 0.7713 21.5367 2.0735 9.0175 25.8502 0.0000 0.0000 0.0000 14.0550 17.8946 -56.3353 -8.5265 -16.4932 54.4378 -1.6834 -6.6594 23.2832 -1.2696 -7.1416 20.1357 15.4473 6.7128 -19.0492 -12.3229 7.0512 -3.4969 -20.8261 4.5370 10.4476 0.4339 -1.6378 -17.6570 11.6849 -8.0708 44.6168 4.3586 -1.5008 22.5128 -0.0000 -0.0000 0.0000 109.5594 -22.0687 -95.0901 9.1299 -15.3671 -1.2343 -0.0000 0.0000 -11.7168 32.7332 -6.2844 -4.0249 -7.1250 0.0000 -0.0000 4.3936 22.5281 -2.3818 -0.0000 -0.0000 0.0000 -75.6014 22.3804 -81.7196 -13.2184 21.6064 -2.5331 0.0000 0.0000 6.2395 -15.7705 -20.8440 5.7384 7.1250 -0.0000 -0.0000 12.9095 -51.1135 -1.9722
1.3970 15.0247 7.7436 1.3592 -17.3250 104.0450 0.0000 0.0000 0.0000 -22.0371 -9.0531 -57.6006 8.6845 16.6003 54.9924 1.4015 0.8774 22.1224 2.3691 9.5960 27.6780 0.0000 0.0000 0.0000 14.1215 18.0128 -55.6562 -7.9191 -16.0595 52.2709 -1.6078 -6.5242 22.7443 -1.2036 -6.9604 19.5983 15.5254 6.7120 -19.2805 -12.3318 7.0024 -3.5456 -20.8877 4.5146 10.5006 0.4626 -1.5739 -17.7045 11.6097 -7.9757 44.7199 4.3452 -1.4720 22.5951 -0.0000 -0.0000 0.0000 109.4321 -22.1999 -94.4974 9.1732 -15.4360 -1.2458 -0.0000 0.0000 -11.4550 32.4414 -6.2223 -3.9411 -7.1250 0.0000 -0.0000 4.1861 22.6244 -2.2595 -0.0000 -0.0000 0.0000 -75.6150 22.5111 -82.0406 -13.2255 21.6167 -2.5357 0.0000 0.0000 5.7372 -15.7937 -20.9858 5.7843 7.1250 -0.0000 -0.0000 12.9429 -51.2584 -2.0240
1.3515 15.0098 7.7680 1.2237 -17.3693 104.2850 0.0000 0.0000 0.0000 -21.9022 -9.4904 -57.2626 8.1585 16.2346 53.1317 1.4745 1.0440 22.6537 2.6955 10.1850 29.5779 0.0000 0.0000 0.0000 14.2154 18.1009 -54.9463 -7.3016 -15.5807 50.0061 -1.5327 -6.2993 22.2021 -1.1700 -6.8662 19.3194 15.5739 6.7157 -19.5213 -12.3430 6.9646 -3.5912 -20.9284 4.4977 10.5639 0.4675 -1.5233 -17.7549 11.5770 -7.9100 44.8177 4.3541 -1.4542 22.6883 0.0000 0.0000 0.0000 109.3081 -22.3169 -93.8742 9.2297 -15.5258 -1.2609 -0.0000 0.0000 -11.2156 32.1278 -6.1859 -3.8711 -7.1250 0.0000 -0.0000 3.9603 22.6916 -2.1309 0.0000 0.0000 0.0000 -75.6086 22.6377 -82.3986 -13.2366 21.6329 -2.5398 0.0000 0.0000 5.3004 -15.7830 -21.1531 5.8239 7.1250 -0.0000 -0.0000 13.0199 -51.4230 -2.0896
1.3060 14.9934 7.7928 1.0702 -17.4286 104.5130 0.0000 0.0000 0.0000 -21.7453 -9.9581 -56.8828 7.6296 15.8399 51.2173 1.5445 1.2865 23.1276 3.0541 10.7821 31.5486 0.0000 0.0000 0.0000 14.3243 18.1704 -54.2056 -6.6871 -15.0627 47.6808 -1.4627 -6.0493 21.6878 -1.1588 -6.8342 19.2251 15.5827 6.7165 -19.7479 -12.3555 6.9330 -3.6332 -20.9443 4.4819 10.6221 0.4575 -1.4854 -17.8090 11.5721 -7.8708 44.9186 4.3768 -1.4461 22.7969 0.0000 -0.0000 0.0000 109.1970 -22.4198 -93.2754 9.2882 -15.6186 -1.2766 -0.0000 0.0000 -10.9981 31.7875 -6.1995 -3.8288 -7.1250 0.0000 -0.0000 3.7105 22.7017 -1.9951 0.0000 -0.0000 0.0000 -75.5743 22.7479 -82.6855 -13.2649 21.6742 -2.5503 0.0000 0.0000 4.8026 -15.7751 -21.4027 5.8859 7.1250 -0.0000 -0.0000 13.1281 -51.6698 -2.1878
1.2605 14.9762 7.8185 0.8871 -17.5158 104.7290 0.0000 0.0000 0.0000 -21.5820 -10.4467 -56.4701 7.1070 15.4214 49.2780 1.6118 1.6037 23.5525 3.4416 11.3778 33.5648 0.0000 0.0000 0.0000 14.4282 18.2256 -53.4570 -6.0877 -14.5128 45.3325 -1.4020 -5.8375 21.2317 -1.1580 -6.8320 19.2187 15.5340 6.7167 -19.9634 -12.3709 6.9148 -3.6690 -20.9227 4.4709 10.6819 0.4517 -1.4652 -17.8731 11.5617 -7.8600 45.0274 4.3910 -1.4478 22.9220 -0.0000 0.0000 0.0000 109.1090 -22.4946 -92.7449 9.3352 -15.6931 -1.2893 -0.0000 0.0000 -10.8242 31.4387 -6.2883 -3.8308 -7.1250 0.0000 -0.0000 3.4485 22.6246 -1.8598 -0.0000 0.0000 0.0000 -75.5126 22.8500 -82.9338 -13.3094 21.7389 -2.5668 0.0000 0.0000 4.2504 -15.7668 -21.6159 5.9380 7.1250 -0.0000 -0.0000 13.2235 -51.8799 -2.2731
1.2146 14.9590 7.8454 0.6765 -17.6205 104.9140 0.0000 0.0000 0.0000 -21.4012 -10.9468 -56.0176 6.6000 14.9856 47.3449 1.6838 1.9682 23.9935 3.8526 11.9617 35.5965 0.0000 0.0000 0.0000 14.5368 18.2705 -52.6862 -5.5126 -13.9388 42.9927 -1.3499 -5.7654 20.8254 -1.1560 -6.8261 19.2012 15.4337 6.7130 -20.1480 -12.3839 6.9065 -3.6941 -20.8636 4.4628 10.7359 0.4638 -1.4589 -17.9487 11.5291 -7.8706 45.1494 4.3862 -1.4560 23.0646 0.0000 -0.0000 0.0000 109.0831 -22.5488 -92.4025 9.3515 -15.7188 -1.2937 -0.0000 0.0000 -10.6342 31.0659 -6.4342 -3.8622 -7.1250 0.0000 -0.0000 3.1648 22.4832 -1.7165 0.0000 -0.0000 0.0000 -75.4203 22.9435 -83.1157 -13.3801 21.8415 -2.5930 0.0000 0.0000 3.5901 -15.7470 -21.8341 5.9868 7.1250 -0.0000 -0.0000 13.3334 -52.0932 -2.3630
1.1679 14.9424 7.8744 0.4415 -17.7250 105.0680 0.0000 0.0000 0.0000 -21.1809 -11.4561 -55.5354 6.1163 14.5401 45.4468 1.7577 2.3713 24.4337 4.2527 12.4893 37.4856 0.0000 0.0000 0.0000 14.6761 18.2876 -51.9117 -4.9704 -13.3504 40.6947 -1.3068 -5.8526 20.4747 -1.1385 -6.7761 19.0537 15.3120 6.7049 -20.3006 -12.3920 6.9010 -3.7095 -20.7859 4.4550 10.7823 0.5102 -1.4538 -18.0350 11.4564 -7.8811 45.2793 4.3523 -1.4615 23.2117 -0.0000 0.0000 0.0000 109.1088 -22.5888 -92.2161 9.3401 -15.7008 -1.2906 -0.0000 0.0000 -10.4961 30.6785 -6.6148 -3.9094 -7.1250 0.0000 -0.0000 2.8686 22.3038 -1.5672 -0.0000 0.0000 0.0000 -75.2972 23.0287 -83.2214 -13.4751 21.9794 -2.6285 0.0000 0.0000 2.7324 -15.7355 -21.9128 6.0026 7.1250 -0.0000 -0.0000 13.3777 -52.1692 -2.3962
1.1203 14.9269 7.9057 0.1870 -17.8181 105.1890 0.0000 0.0000 0.0000 -20.9099 -11.9710 -55.0352 5.6645 14.0952 43.6201 1.8310 2.8071 24.8583 4.6130 12.9343 39.1229 0.0000 0.0000 0.0000 14.8629 18.2642 -51.1463 -4.4688 -12.7594 38.4744 -1.2734 -6.0998 20.1900 -1.1098 -6.6929 18.8087 15.1778 6.6981 -20.4280 -12.3913 6.9030 -3.7125 -20.6878 4.4512 10.8299 0.5891 -1.4519 -18.1285 11.3430 -7.8937 45.4202 4.2889 -1.4653 23.3654 -0.0000 0.0000 0.0000 109.1718 -22.6414 -92.2132 9.3134 -15.6585 -1.2834 -0.0000 0.0000 -10.3954 30.2770 -6.7991 -3.9538 -7.1250 0.0000 -0.0000 2.5626 22.1221 -1.4103 -0.0000 0.0000 0.0000 -75.1309 23.1013 -83.2084 -13.6089 22.1728 -2.6787 0.0000 0.0000 1.6485 -15.6992 -21.9073 5.9867 7.1250 -0.0000 -0.0000 13.4111 -52.1575 -2.3985
1.0719 14.9130 7.9387 -0.0818 -17.8917 105.2800 0.0000 0.0000 0.0000 -20.5814 -12.4901 -54.5379 5.2529 13.6630 41.9041 1.8994 3.2826 25.2368 4.9090 13.2805 40.4279 0.0000 0.0000 0.0000 15.1050 18.1963 -50.4163 -4.0160 -12.1816 36.3775 -1.2498 -6.4962 19.9839 -1.0861 -6.6236 18.6048 15.0473 6.6934 -20.5309 -12.3826 6.9101 -3.7057 -20.5814 4.4506 10.8768 0.6975 -1.4561 -18.2296 11.1911 -7.9127 45.5736 4.1970 -1.4693 23.5290 0.0000 0.0000 0.0000 109.2494 -22.7153 -92.3091 9.2877 -15.6178 -1.2765 -0.0000 0.0000 -10.3842 29.8737 -6.9424 -3.9717 -7.1250 0.0000 -0.0000 2.2589 21.9886 -1.2498 0.0000 0.0000 0.0000 -74.9208 23.1560 -83.0763 -13.7831 22.4238 -2.7448 0.0000 0.0000 0.3459 -15.5979 -21.8808 5.9396 7.1250 -0.0000 -0.0000 13.4991 -52.1138 -2.4001
1.0229 14.9008 7.9723 -0.3650 -17.9422 105.3530 0.0000 0.0000 0.0000 -20.1970 -13.0045 -54.0764 4.8895 13.2583 40.3431 1.9566 3.7837 25.5345 5.1264 13.5247 41.3659 0.0000 0.0000 0.0000 15.3992 18.0918 -49.7536 -3.6190 -11.6353 34.4538 -1.2358 -6.9920 19.8626 -1.0832 -6.6149 18.5794 14.9240 6.6957 -20.6190 -12.3651 6.9267 -3.6918 -20.4653 4.4556 10.9274 0.8120 -1.4653 -18.3304 11.0304 -7.9383 45.7289 4.0968 -1.4748 23.6956 0.0000 -0.0000 0.0000 109.3055 -22.8274 -92.4306 9.2821 -15.6088 -1.2749 -0.0000 0.0000 -10.4409 29.4527 -7.0191 -3.9474 -7.1250 0.0000 -0.0000 1.9474 21.9334 -1.0796 0.0000 -0.0000 0.0000 -74.6546 23.1776 -82.7627 -14.0038 22.7402 -2.8296 0.0000 -0.0000 -1.2556 -15.4434 -21.8818 5.8785 7.1250 -0.0000 -0.0000 13.6506 -52.0882 -2.4192
0.9740 14.8906 8.0052 -0.6613 -17.9772 105.4130 0.0000 0.0000 0.0000 -19.7762 -13.5051 -53.6717 4.5802 12.8948 38.9760 2.0002 4.2859 25.7433 5.2721 13.6838 41.9853 0.0000 0.0000 0.0000 15.7259 17.9649 -49.1878 -3.2844 -11.1417 32.7593 -1.2295 -7.5058 19.8155 -1.0984 -6.6598 18.7114 14.8136 6.7025 -20.6869 -12.3443 6.9492 -3.6755 -20.3523 4.4639 10.9738 0.9048 -1.4718 -18.4212 10.9016 -7.9622 45.8683 4.0173 -1.4808 23.8510 -0.0000 -0.0000 0.0000 109.3089 -22.9778 -92.4930 9.3085 -15.6507 -1.2821 -0.0000 0.0000 -10.5652 29.0289 -7.0360 -3.8889 -7.1250 0.0000 -0.0000 1.6378 21.9465 -0.9074 -0.0000 -0.0000 0.0000 -74.3650 23.1814 -82.4158 -14.2399 23.0767 -2.9215 0.0000 -0.0000 -3.0441 -15.2013 -21.8992 5.7868 7.1250 -0.0000 -0.0000 13.8948 -52.0639 -2.4555
0.9253 14.8826 8.0364 -0.9636 -17.9975 105.4480 0.0000 0.0000 0.0000 -19.3339 -13.9783 -53.3298 4.3289 12.5857 37.8367 2.0298 4.7405 25.8712 5.3561 13.7739 42.3393 0.0000 0.0000 0.0000 16.0638 17.8450 -48.7203 -3.0154 -10.7199 31.3410 -1.2251 -7.9906 19.7950 -1.1272 -6.7437 18.9582 14.7263 6.7066 -20.7202 -12.3204 6.9668 -3.6560 -20.2550 4.4700 11.0057 0.9591 -1.4645 -18.4967 10.8254 -7.9688 45.9840 3.9768 -1.4833 23.9869 0.0000 -0.0000 0.0000 109.2349 -23.1631 -92.4349 9.3741 -15.7547 -1.2998 -0.0000 0.0000 -10.7271 28.5825 -6.9912 -3.7939 -7.1250 0.0000 -0.0000 1.3154 22.0307 -0.7261 0.0000 -0.0000 0.0000 -74.0866 23.1716 -82.1207 -14.4673 23.3989 -3.0112 0.0000 -0.0000 -4.9725 -14.8802 -22.0680 5.7009 7.1250 -0.0000 -0.0000 14.2810 -52.1751 -2.5655
0.8775 14.8770 8.0650 -1.2719 -18.0259 105.4690 0.0000 0.0000 0.0000 -18.9150 -14.4089 -53.0712 4.1365 12.3399 36.9451 2.0469 5.1065 25.9334 5.3968 13.8172 42.5099 0.0000 0.0000 0.0000 16.3764 17.7351 -48.3848 -2.8134 -10.3867 30.2384 -1.2218 -8.3610 19.7866 -1.1469 -6.8004 19.1253 14.6507 6.7025 -20.7181 -12.3011 6.9749 -3.6396 -20.1782 4.4702 11.0140 0.9769 -1.4402 -18.5603 10.7872 -7.9462 46.0727 3.9691 -1.4792 24.0957 0.0000 -0.0000 0.0000 109.0662 -23.3716 -92.1539 9.4817 -15.9248 -1.3292 -0.0000 0.0000 -10.9003 28.1233 -6.9069 -3.6775 -7.1250 0.0000 -0.0000 0.9853 22.1594 -0.5410 0.0000 -0.0000 0.0000 -73.8613 23.1687 -82.0355 -14.6495 23.6555 -3.0839 0.0000 -0.0000 -6.9317 -14.4870 -22.3649 5.6149 7.1250 -0.0000 -0.0000 14.7961 -52.3988 -2.7435
0.8307 14.8740 8.0904 -1.5725 -18.0711 105.4560 0.0000 0.0000 0.0000 -18.5479 -14.7857 -52.8833 4.0026 12.1638 36.3140 2.0658 5.3432 26.0274 5.4275 13.8496 42.6385 0.0000 0.0000 0.0000 16.6376 17.6482 -48.1622 -2.6769 -10.1527 29.4725 -1.2135 -8.6297 19.7375 -1.1547 -6.8224 19.1904 14.5809 6.6822 -20.6669 -12.2867 6.9656 -3.6192 -20.1232 4.4608 10.9956 0.9844 -1.4111 -18.6260 10.7368 -7.9043 46.1540 3.9598 -1.4712 24.1935 -0.0000 0.0000 0.0000 108.8248 -23.5865 -91.6524 9.6221 -16.1463 -1.3680 -0.0000 0.0000 -10.9951 27.6777 -6.7978 -3.5526 -7.1250 0.0000 -0.0000 0.6655 22.3137 -0.3630 -0.0000 0.0000 0.0000 -73.7119 23.1802 -82.2357 -14.7687 23.8230 -3.1319 0.0000 -0.0000 -8.8748 -14.0593 -22.7957 5.5419 7.1250 -0.0000 -0.0000 15.4108 -52.7454 -2.9944
0.7850 14.8733 8.1121 -1.8553 -18.1338 105.4100 0.0000 0.0000 0.0000 -18.2460 -15.0995 -52.7717 3.9254 12.0605 35.9462 2.0850 5.4474 26.1403 5.4480 13.8712 42.7240 0.0000 0.0000 0.0000 16.8493 17.5665 -48.0644 -2.6036 -10.0239 29.0542 -1.2016 -8.7794 19.6529 -1.1336 -6.7620 19.0121 14.5242 6.6431 -20.5646 -12.2803 6.9341 -3.5974 -20.1009 4.4394 10.9462 0.9608 -1.3507 -18.6831 10.7270 -7.8115 46.1858 3.9856 -1.4474 24.2370 0.0000 0.0000 0.0000 108.5128 -23.7985 -90.9035 9.7978 -16.4226 -1.4172 -0.0000 0.0000 -10.9931 27.2325 -6.6800 -3.4260 -7.1250 0.0000 -0.0000 0.3455 22.4760 -0.1872 0.0000 0.0000 0.0000 -73.6460 23.2052 -82.7489 -14.8133 23.8853 -3.1499 0.0000 -0.0000 -10.7264 -13.5757 -23.2925 5.4544 7.1250 -0.0000 -0.0000 16.1201 -53.1429 -3.2969
0.7406 14.8748 8.1302 -2.1092 -18.2106 105.3270 0.0000 0.0000 0.0000 -18.0167 -15.3433 -52.7369 3.9036 12.0310 35.8418 2.1066 5.4286 26.2841 5.4600 13.8839 42.7742 0.0000 0.0000 0.0000 17.0176 17.4752 -48.0893 -2.5904 -10.0005 28.9782 -1.1882 -8.8057 19.5469 -1.0791 -6.6027 18.5436 14.4682 6.5917 -20.4218 -12.2771 6.8903 -3.5715 -20.0918 4.4111 10.8758 0.9261 -1.2813 -18.7402 10.7203 -7.6966 46.1911 4.0171 -1.4170 24.2498 -0.0000 0.0000 0.0000 108.1481 -24.0098 -90.0047 10.0048 -16.7471 -1.4763 -0.0000 0.0000 -10.8113 26.7831 -6.5857 -3.3132 -7.1250 0.0000 -0.0000 0.0202 22.6108 -0.0109 -0.0000 0.0000 0.0000 -73.6468 23.2394 -83.5212 -14.7940 23.8584 -3.1422 0.0000 -0.0000 -12.4180 -13.0500 -23.7932 5.3423 7.1250 -0.0000 -0.0000 16.8841 -53.5325 -3.6234
0.6975 14.8779 8.1446 -2.3291 -18.2974 105.2060 0.0000 0.0000 0.0000 -17.8609 -15.5113 -52.7746 3.9357 12.0743 35.9954 2.1280 5.3235 26.4368 5.4636 13.8876 42.7890 0.0000 0.0000 0.0000 17.1453 17.3723 -48.2273 -2.6352 -10.0796 29.2350 -1.1751 -8.7531 19.4374 -1.0123 -6.4014 17.9536 14.4030 6.5332 -20.2464 -12.2738 6.8428 -3.5375 -20.0809 4.3805 10.7949 0.8778 -1.2181 -18.8042 10.7127 -7.5805 46.1721 4.0481 -1.3876 24.2402 -0.0000 0.0000 0.0000 107.7552 -24.2045 -89.0363 10.2255 -17.0916 -1.5406 -0.0000 0.0000 -10.4166 26.3220 -6.5450 -3.2274 -7.1250 0.0000 -0.0000 -0.3166 22.6854 0.1700 -0.0000 0.0000 0.0000 -73.6819 23.2668 -84.4377 -14.7377 23.7794 -3.1194 0.0000 -0.0000 -13.9111 -12.4901 -24.2716 5.2028 7.1250 -0.0000 -0.0000 17.6815 -53.8900 -3.9597
0.6559 14.8819 8.1554 -2.5144 -18.3863 105.0550 0.0000 0.0000 0.0000 -17.7707 -15.5988 -52.8897 4.0209 12.1882 36.4009 2.1506 5.1694 26.6033 5.4675 13.8917 42.8054 0.0000 0.0000 0.0000 17.2441 17.2504 -48.4775 -2.7361 -10.2551 29.8069 -1.1678 -8.6534 19.3706 -0.9458 -6.1939 17.3480 14.3240 6.4779 -20.0596 -12.2663 6.8040 -3.4938 -20.0528 4.3550 10.7204 0.8060 -1.1757 -18.8789 10.7083 -7.4850 46.1388 4.0796 -1.3678 24.2258 -0.0000 -0.0000 0.0000 107.3637 -24.3751 -88.1083 10.4388 -17.4230 -1.6038 -0.0000 0.0000 -9.7631 26.5297 -6.6624 -3.3149 -7.1250 0.0000 -0.0000 -0.1688 22.5415 0.0912 -0.0000 -0.0000 0.0000 -73.7097 23.2763 -85.3586 -14.6785 23.6963 -3.0956 0.0000 -0.0000 -15.1960 -11.8638 -24.7376 5.0238 7.1250 -0.0000 -0.0000 18.5485 -54.2188 -4.3155
0.6156 14.8862 8.1630 -2.6658 -18.4782 104.8760 0.0000 0.0000 0.0000 -17.7493 -15.6027 -53.0736 4.1583 12.3681 37.0468 2.1736 4.9892 26.7768 5.4766 13.9012 42.8433 0.0000 0.0000 0.0000 17.3168 17.1017 -48.8322 -2.8923 -10.5187 30.6733 -1.1692 -8.4937 19.3699 -0.8877 -6.0057 16.8010 14.2193 6.4303 -19.8738 -12.2524 6.7809 -3.4390 -19.9934 4.3380 10.6613 0.7047 -1.1692 -18.9652 10.7036 -7.4309 46.1052 4.1084 -1.3665 24.2252 0.0000 0.0000 0.0000 106.9993 -24.5249 -87.3980 10.6034 -17.6779 -1.6535 -0.0000 0.0000 -8.7928 27.3215 -7.2507 -3.7305 -7.1250 0.0000 -0.0000 0.3826 21.8303 -0.2129 0.0000 0.0000 0.0000 -73.7006 23.2601 -86.1483 -14.6439 23.6476 -3.0817 0.0000 -0.0000 -16.3090 -11.2019 -25.1607 4.8128 7.1250 -0.0000 -0.0000 19.4368 -54.4959 -4.6678
0.5765 14.8900 8.1677 -2.7822 -18.5584 104.6740 0.0000 0.0000 0.0000 -17.7805 -15.5181 -53.3217 4.3464 12.6076 37.9169 2.1947 4.7879 26.9421 5.4867 13.9118 42.8852 0.0000 0.0000 0.0000 17.3770 16.9314 -49.2792 -3.1030 -10.8599 31.8089 -1.1795 -8.2975 19.4410 -0.8440 -5.8599 16.3785 14.1024 6.3933 -19.6986 -12.2281 6.7730 -3.3747 -19.9056 4.3298 10.6215 0.5795 -1.2041 -19.0650 10.6835 -7.4242 46.0892 4.1254 -1.3864 24.2563 -0.0000 0.0000 0.0000 106.6698 -24.6544 -86.9277 10.7110 -17.8440 -1.6863 -0.0000 0.0000 -7.5653 28.7056 -8.1897 -4.4605 -7.1250 0.0000 -0.0000 1.3290 20.6625 -0.7748 -0.0000 0.0000 0.0000 -73.6276 23.2249 -86.7045 -14.6618 23.6729 -3.0889 0.0000 -0.0000 -17.3179 -10.5397 -25.5343 4.5853 7.1250 -0.0000 -0.0000 20.3047 -54.7223 -5.0034
0.5387 14.8929 8.1702 -2.8596 -18.6164 104.4540 0.0000 0.0000 0.0000 -17.8499 -15.3497 -53.6308 4.5832 12.8985 38.9898 2.2153 4.5684 27.1078 5.5069 13.9328 42.9690 0.0000 0.0000 0.0000 17.4319 16.7440 -49.8114 -3.3669 -11.2665 33.1841 -1.1975 -8.0539 19.5742 -0.8093 -5.7410 16.0348 13.9947 6.3660 -19.5399 -12.1936 6.7739 -3.3051 -19.8054 4.3276 10.5987 0.4286 -1.2719 -19.1746 10.6586 -7.4552 46.0824 4.1383 -1.4238 24.3094 0.0000 -0.0000 0.0000 106.3751 -24.7614 -86.6590 10.7648 -17.9269 -1.7028 -0.0000 0.0000 -6.1800 30.4247 -9.3417 -5.4454 -7.1250 0.0000 -0.0000 2.4683 19.1844 -1.5215 0.0000 -0.0000 0.0000 -73.4747 23.1705 -86.9399 -14.7510 23.7981 -3.1248 0.0000 -0.0000 -18.3174 -9.9197 -25.8241 4.3564 7.1250 -0.0000 -0.0000 21.0875 -54.8753 -5.2894
0.5021 14.8946 8.1709 -2.8966 -18.6555 104.2180 0.0000 0.0000 0.0000 -17.9567 -15.1056 -53.9854 4.8657 13.2309 40.2390 2.2362 4.3452 27.2776 5.5509 13.9786 43.1516 0.0000 0.0000 0.0000 17.4700 16.5519 -50.4105 -3.6816 -11.7242 34.7632 -1.2202 -7.7650 19.7473 -0.7772 -5.6287 15.7109 13.8975 6.3449 -19.4001 -12.1508 6.7781 -3.2315 -19.6984 4.3286 10.5907 0.2966 -1.3810 -19.3029 10.5708 -7.5335 46.1126 4.1043 -1.4792 24.4063 0.0000 0.0000 0.0000 106.0959 -24.8564 -86.5456 10.7995 -17.9802 -1.7135 -0.0000 0.0000 -4.7709 32.0894 -10.4965 -6.5167 -7.1250 0.0000 -0.0000 3.5279 17.6584 -2.2959 0.0000 0.0000 0.0000 -73.2312 23.1029 -86.7967 -14.9276 24.0451 -3.1964 0.0000 -0.0000 -19.3849 -9.4254 -26.0129 4.1641 7.1250 -0.0000 -0.0000 21.6881 -54.9564 -5.4945
0.4663 14.8950 8.1705 -2.8948 -18.6649 103.9790 0.0000 0.0000 0.0000 -18.0809 -14.7917 -54.3858 5.1894 13.5939 41.6345 2.2567 4.1354 27.4434 5.6129 14.0425 43.4079 0.0000 0.0000 0.0000 17.4965 16.3719 -51.0669 -4.0434 -12.2180 36.5075 -1.2465 -7.4437 19.9521 -0.7449 -5.5130 15.3776 13.8305 6.3286 -19.2832 -12.1013 6.7794 -3.1605 -19.6012 4.3295 10.5924 0.1699 -1.4936 -19.4269 10.4842 -7.6172 46.1260 4.0657 -1.5348 24.4847 -0.0000 0.0000 0.0000 105.8082 -24.9394 -86.4440 10.8681 -18.0858 -1.7347 -0.0000 0.0000 -3.5914 33.3880 -11.3779 -7.4082 -7.1250 0.0000 -0.0000 4.3284 16.4545 -2.9336 -0.0000 0.0000 0.0000 -72.9103 23.0293 -86.3092 -15.1889 24.4086 -3.3036 0.0000 -0.0000 -20.4835 -9.0374 -26.1062 4.0036 7.1250 -0.0000 -0.0000 22.1265 -54.9687 -5.6206
0.4309 14.8942 8.1698 -2.8561 -18.6485 103.7370 0.0000 0.0000 0.0000 -18.2219 -14.4173 -54.8173 5.5485 13.9760 43.1414 2.2786 3.9493 27.6152 5.6841 14.1151 43.7004 0.0000 0.0000 0.0000 17.5044 16.2100 -51.7587 -4.4472 -12.7328 38.3763 -1.2748 -7.1160 20.1774 -0.7304 -5.4602 15.2260 13.7950 6.3134 -19.1837 -12.0474 6.7728 -3.0949 -19.5200 4.3274 10.5961 0.0625 -1.5976 -19.5427 10.4021 -7.6950 46.1181 4.0233 -1.5840 24.5351 0.0000 -0.0000 0.0000 105.4871 -25.0180 -86.2545 11.0217 -18.3215 -1.7827 -0.0000 0.0000 -2.8828 34.1893 -11.7764 -7.8935 -7.1250 0.0000 -0.0000 4.8287 15.8673 -3.3365 0.0000 -0.0000 0.0000 -72.5342 22.9534 -85.5221 -15.5257 24.8734 -3.4441 0.0000 -0.0000 -21.5377 -8.7827 -26.1106 3.8899 7.1250 -0.0000 -0.0000 22.3787 -54.9242 -5.6647
0.3955 14.8927 8.1699 -2.7854 -18.6118 103.4940 0.0000 0.0000 0.0000 -18.3761 -13.9953 -55.2592 5.9355 14.3655 44.7221 2.3003 3.8193 27.7761 5.7527 14.1843 43.9808 0.0000 0.0000 0.0000 17.4853 16.0782 -52.4648 -4.8864 -13.2548 40.3298 -1.3062 -6.7990 20.4321 -0.7517 -5.5376 15.4486 13.7853 6.2968 -19.1000 -11.9902 6.7569 -3.0336 -19.4533 4.3213 10.6012 -0.0219 -1.6841 -19.6474 10.3316 -7.7573 46.0813 3.9818 -1.6224 24.5468 -0.0000 -0.0000 0.0000 105.1202 -25.0900 -85.9138 11.2832 -18.7211 -1.8658 -0.0000 0.0000 -2.8336 34.2974 -11.7620 -7.9158 -7.1250 0.0000 -0.0000 4.9043 15.8680 -3.3891 -0.0000 -0.0000 0.0000 -72.1306 22.8725 -84.5048 -15.9218 25.4145 -3.6123 0.0000 -0.0000 -22.4436 -8.7005 -26.0220 3.8409 7.1250 -0.0000 -0.0000 22.4041 -54.8269 -5.6175
0.3593 14.8910 8.1717 -2.6876 -18.5632 103.2540 0.0000 0.0000 0.0000 -18.5463 -13.5349 -55.6972 6.3414 14.7512 46.3371 2.3236 3.7563 27.9345 5.8074 14.2390 44.2036 0.0000 0.0000 0.0000 17.4355 15.9741 -53.1766 -5.3547 -13.7724 42.3333 -1.3438 -6.5119 20.7386 -0.8008 -5.7114 15.9494 13.7841 6.2788 -19.0331 -11.9308 6.7350 -2.9770 -19.3902 4.3121 10.6078 -0.1234 -1.7338 -19.7285 10.3422 -7.7854 45.9903 3.9923 -1.6449 24.5001 0.0000 -0.0000 0.0000 104.7295 -25.1538 -85.3389 11.6973 -19.3492 -2.0009 -0.0000 0.0000 -3.6089 34.0599 -10.5951 -7.0855 -7.1250 0.0000 -0.0000 4.8845 17.2850 -3.2244 0.0000 -0.0000 0.0000 -71.7172 22.7845 -83.3179 -16.3595 26.0056 -3.8022 0.0000 -0.0000 -23.1209 -8.7620 -25.8688 3.8472 7.1250 -0.0000 -0.0000 22.2495 -54.6973 -5.5039
0.3218 14.8899 8.1763 -2.5630 -18.5173 103.0010 0.0000 0.0000 0.0000 -18.7438 -13.0488 -56.0924 6.7565 15.1234 47.9474 2.3471 3.7546 28.0816 5.8386 14.2701 44.3304 0.0000 0.0000 0.0000 17.3488 15.8894 -53.8674 -5.8453 -14.2767 44.3577 -1.3884 -6.2461 21.1010 -0.8779 -5.9732 16.7068 13.7785 6.2531 -18.9632 -11.8690 6.7034 -2.9187 -19.3252 4.2973 10.6093 -0.2149 -1.7896 -19.8115 10.3403 -7.8198 45.8857 3.9897 -1.6683 24.4379 0.0000 -0.0000 0.0000 104.3198 -25.1841 -84.6539 12.1693 -20.0581 -2.1600 -0.0000 0.0000 -5.0535 33.7805 -9.1588 -6.0778 -7.1250 0.0000 -0.0000 4.8551 19.0237 -3.0182 0.0000 -0.0000 0.0000 -71.3162 22.6925 -82.0456 -16.8289 26.6316 -4.0103 0.0000 -0.0000 -23.5167 -8.9558 -25.7411 3.9154 7.1250 -0.0000 -0.0000 21.9821 -54.6159 -5.3882
0.2834 14.8896 8.1841 -2.4104 -18.4815 102.7460 0.0000 0.0000 0.0000 -18.9688 -12.5571 -56.4403 7.1714 15.4745 49.5195 2.3707 3.7901 28.2222 5.8361 14.2676 44.3205 0.0000 0.0000 0.0000 17.2185 15.8201 -54.5464 -6.3529 -14.7618 46.3822 -1.4396 -6.0496 21.5100 -0.9525 -6.2150 17.4094 13.7572 6.2194 -18.9022 -11.8087 6.6629 -2.8646 -19.2551 4.2765 10.6056 -0.2992 -1.8443 -19.8902 10.3416 -7.8574 45.7822 3.9868 -1.6914 24.3763 0.0000 -0.0000 0.0000 103.9577 -25.1979 -84.0462 12.6336 -20.7480 -2.3219 -0.0000 0.0000 -6.8786 33.5292 -7.6343 -5.0307 -7.1250 0.0000 -0.0000 4.8392 20.8597 -2.8088 0.0000 -0.0000 0.0000 -70.9405 22.5966 -80.7467 -17.3117 27.2669 -4.2292 0.0000 -0.0000 -23.6778 -9.2721 -25.6905 4.0483 7.1250 -0.0000 -0.0000 21.6422 -54.6285 -5.3057
0.2439 14.8904 8.1955 -2.2293 -18.4537 102.4850 0.0000 0.0000 0.0000 -19.2131 -12.0708 -56.7266 7.5778 15.7997 51.0271 2.3965 3.8351 28.3732 5.8032 14.2349 44.1867 0.0000 0.0000 0.0000 17.0557 15.7602 -55.2001 -6.8719 -15.2231 48.3883 -1.4946 -5.9213 21.9402 -1.0173 -6.4169 17.9990 13.7312 6.1745 -18.8430 -11.7499 6.6077 -2.8122 -19.1895 4.2473 10.5943 -0.3836 -1.8921 -19.9626 10.3577 -7.8916 45.6799 3.9937 -1.7125 24.3159 0.0000 -0.0000 0.0000 103.8400 -25.2029 -84.0500 12.8642 -21.0879 -2.4042 -0.0000 0.0000 -8.4564 33.4151 -6.4196 -4.2189 -7.1250 0.0000 -0.0000 4.8771 22.3120 -2.6698 0.0000 -0.0000 0.0000 -70.5985 22.5029 -79.4948 -17.7957 27.8948 -4.4532 0.0000 -0.0000 -23.7012 -9.7037 -25.7070 4.2421 7.1250 -0.0000 -0.0000 21.2292 -54.7254 -5.2483
0.2042 14.8924 8.2099 -2.0232 -18.4403 102.2220 0.0000 0.0000 0.0000 -19.4750 -11.6071 -56.9482 7.9695 16.0967 52.4526 2.4239 3.8885 28.5327 5.7543 14.1859 43.9874 0.0000 0.0000 0.0000 16.8438 15.7319 -55.8209 -7.3971 -15.6573 50.3606 -1.5488 -5.9074 22.3497 -1.0745 -6.5892 18.5038 13.7013 6.1174 -18.7864 -11.6958 6.5363 -2.7644 -19.1334 4.2087 10.5729 -0.4600 -1.9336 -20.0297 10.3749 -7.9233 45.5987 4.0029 -1.7319 24.2751 -0.0000 0.0000 0.0000 103.7196 -25.1760 -84.0682 13.0243 -21.3227 -2.4621 -0.0000 0.0000 -10.1106 33.4336 -5.7284 -3.7702 -7.1250 0.0000 -0.0000 4.9558 23.1318 -2.6200 -0.0000 0.0000 0.0000 -70.2925 22.4205 -78.3357 -18.2709 28.5027 -4.6778 0.0000 -0.0000 -23.7401 -10.2393 -25.7622 4.4892 7.1250 -0.0000 -0.0000 20.7357 -54.8785 -5.1969
0.1646 14.8955 8.2273 -1.7983 -18.4384 101.9650 0.0000 0.0000 0.0000 -19.7483 -11.1719 -57.1115 8.3416 16.3648 53.7839 2.4511 3.9129 28.6948 5.6891 14.1201 43.7209 0.0000 0.0000 0.0000 16.5976 15.7265 -56.4139 -7.9223 -16.0618 52.2824 -1.6019 -6.0005 22.7360 -1.1210 -6.7255 18.9046 13.6778 6.0516 -18.7379 -11.6474 6.4510 -2.7219 -19.0934 4.1629 10.5457 -0.5243 -1.9560 -20.0857 10.4014 -7.9365 45.5274 4.0206 -1.7428 24.2376 0.0000 -0.0000 0.0000 103.6097 -25.1275 -84.2065 13.0898 -21.4187 -2.4860 -0.0000 0.0000 -11.5765 33.5240 -5.6083 -3.7043 -7.1250 0.0000 -0.0000 5.0331 23.2678 -2.6454 0.0000 -0.0000 0.0000 -70.0264 22.3531 -77.3275 -18.7204 29.0698 -4.8943 0.0000 -0.0000 -23.9050 -10.8375 -25.7517 4.7546 7.1250 -0.0000 -0.0000 20.1389 -54.9829 -5.0900
0.1253 14.9000 8.2474 -1.5666 -18.4372 101.7230 0.0000 0.0000 0.0000 -20.0186 -10.7612 -57.2273 8.6907 16.6045 55.0142 2.4743 3.8810 28.8420 5.6060 14.0353 43.3790 0.0000 0.0000 0.0000 16.3440 15.7342 -56.9753 -8.4407 -16.4340 54.1350 -1.6524 -6.2060 23.0897 -1.1787 -6.8905 19.3913 13.6746 5.9818 -18.6979 -11.6011 6.3550 -2.6853 -19.0721 4.1121 10.5147 -0.5841 -1.9481 -20.1280 10.4488 -7.9144 45.4543 4.0577 -1.7394 24.1896 0.0000 -0.0000 0.0000 103.4857 -25.0648 -84.4180 13.0871 -21.4147 -2.4850 -0.0000 0.0000 -12.7232 33.6126 -5.8470 -3.8739 -7.1250 0.0000 -0.0000 5.0757 22.9768 -2.7019 0.0000 -0.0000 0.0000 -69.8029 22.3084 -76.5116 -19.1315 29.5818 -5.0956 0.0000 -0.0000 -24.2733 -11.4868 -25.5959 5.0172 7.1250 -0.0000 -0.0000 19.4046 -54.9606 -4.8829
0.0865 14.9058 8.2702 -1.3355 -18.4351 101.4960 0.0000 0.0000 0.0000 -20.2857 -10.3726 -57.2951 9.0145 16.8170 56.1401 2.4899 3.7797 28.9561 5.5062 13.9321 42.9660 0.0000 0.0000 0.0000 16.0930 15.7527 -57.4987 -8.9455 -16.7725 55.9014 -1.6992 -6.5491 23.4026 -1.2531 -7.0968 20.0025 13.6938 5.9130 -18.6617 -11.5544 6.2552 -2.6514 -19.0652 4.0602 10.4834 -0.6308 -1.9163 -20.1645 10.4928 -7.8590 45.3756 4.0970 -1.7225 24.1257 0.0000 0.0000 0.0000 103.2889 -24.9875 -84.5686 13.0415 -21.3480 -2.4684 -0.0000 0.0000 -13.5078 33.7835 -6.5712 -4.3781 -7.1250 0.0000 -0.0000 5.1296 22.1001 -2.8339 0.0000 0.0000 0.0000 -69.6269 22.2839 -75.9164 -19.4950 30.0292 -5.2763 0.0000 -0.0000 -24.8505 -12.1113 -25.3087 5.2414 7.1250 -0.0000 -0.0000 18.6207 -54.8081 -4.6048
0.0486 14.9131 8.2958 -1.1145 -18.4402 101.2950 0.0000 0.0000 0.0000 -20.5596 -10.0073 -57.3265 9.3116 17.0041 57.1615 2.4972 3.6279 29.0293 5.3978 13.8182 42.5141 0.0000 0.0000 0.0000 15.8432 15.7712 -57.9973 -9.4305 -17.0769 57.5674 -1.7438 -6.9959 23.6930 -1.3384 -7.3250 20.6819 13.7147 5.8535 -18.6406 -11.5075 6.1663 -2.6202 -19.0537 4.0144 10.4619 -0.7201 -1.8351 -20.1762 10.6272 -7.7419 45.2407 4.2051 -1.6831 24.0019 -0.0000 0.0000 0.0000 103.0308 -24.9123 -84.6265 13.0012 -21.2890 -2.4537 -0.0000 0.0000 -13.8433 33.9666 -7.0719 -4.7411 -7.1250 0.0000 -0.0000 5.2111 21.4864 -2.9522 -0.0000 0.0000 0.0000 -69.4968 22.2672 -75.5355 -19.8007 30.4015 -5.4301 0.0000 -0.0000 -25.6103 -12.6249 -24.9172 5.3908 7.1250 -0.0000 -0.0000 17.8937 -54.5324 -4.2942
0.0113 14.9221 8.3236 -0.9145 -18.4516 101.1160 0.0000 0.0000 0.0000 -20.8427 -9.6510 -57.3197 9.5821 17.1680 58.0822 2.4955 3.4571 29.0526 5.2898 13.7029 42.0602 0.0000 0.0000 0.0000 15.6020 15.7911 -58.4582 -9.8905 -17.3478 59.1217 -1.7869 -7.5213 23.9721 -1.4415 -7.5904 21.4766 13.7352 5.8073 -18.6221 -11.4557 6.0953 -2.5871 -19.0285 3.9782 10.4507 -0.7911 -1.7603 -20.2035 10.7093 -7.6185 45.1065 4.2799 -1.6418 23.8743 -0.0000 -0.0000 0.0000 102.6577 -24.8203 -84.5394 12.9697 -21.2428 -2.4423 -0.0000 0.0000 -13.8295 34.2142 -7.5248 -5.0885 -7.1250 0.0000 -0.0000 5.3411 20.9214 -3.0950 -0.0000 -0.0000 0.0000 -69.4105 22.2587 -75.3810 -20.0550 30.7085 -5.5594 0.0000 -0.0000 -26.4840 -12.9357 -24.5323 5.4476 7.1250 -0.0000 -0.0000 17.3787 -54.2222 -4.0316
-0.0246 14.9324 8.3529 -0.7428 -18.4697 100.9680 0.0000 0.0000 0.0000 -21.1367 -9.3041 -57.2878 9.8276 17.3118 58.9106 2.4875 3.3071 29.0349 5.1901 13.5947 41.6375 0.0000 0.0000 0.0000 15.3629 15.8231 -58.8856 -10.3214 -17.5866 60.5571 -1.8313 -8.0613 24.2637 -1.5950 -7.9660 22.6110 13.7538 5.7775 -18.6115 -11.4001 6.0462 -2.5557 -18.9881 3.9535 10.4503 -0.8455 -1.6991 -20.2491 10.7401 -7.5019 44.9833 4.3211 -1.6036 23.7576 0.0000 -0.0000 0.0000 102.2137 -24.7387 -84.4377 12.9358 -21.1931 -2.4300 -0.0000 0.0000 -13.4514 34.5185 -7.9181 -5.4122 -7.1250 0.0000 -0.0000 5.5152 20.4193 -3.2594 0.0000 -0.0000 0.0000 -69.3681 22.2494 -75.4253 -20.2625 30.9574 -5.6658 0.0000 -0.0000 -27.4602 -13.0340 -24.2359 5.4283 7.1250 -0.0000 -0.0000 17.1261 -53.9557 -3.8574
-0.0590 14.9439 8.3836 -0.6053 -18.4927 100.8580 0.0000 0.0000 0.0000 -21.4382 -8.9651 -57.2412 10.0497 17.4377 59.6544 2.4761 3.2109 28.9854 5.1042 13.5002 41.2709 0.0000 0.0000 0.0000 15.1294 15.8663 -59.2813 -10.7188 -17.7947 61.8650 -1.8797 -8.5770 24.5855 -1.8056 -8.4488 24.0858 13.7691 5.7651 -18.6122 -11.3411 6.0204 -2.5281 -18.9315 3.9406 10.4607 -0.8927 -1.6472 -20.3107 10.7446 -7.3929 44.8729 4.3457 -1.5688 23.6579 0.0000 -0.0000 0.0000 101.7420 -24.6787 -84.4514 12.8977 -21.1372 -2.4163 -0.0000 0.0000 -12.8110 34.8310 -8.1504 -5.6339 -7.1250 0.0000 -0.0000 5.7110 20.1066 -3.4165 0.0000 -0.0000 0.0000 -69.3537 22.2353 -75.6241 -20.4358 31.1638 -5.7552 0.0000 -0.0000 -28.5406 -12.8949 -24.0196 5.3239 7.1250 -0.0000 -0.0000 17.1521 -53.7222 -3.7643
-0.0915 14.9564 8.4150 -0.5042 -18.5114 100.7850 0.0000 0.0000 0.0000 -21.7329 -8.6347 -57.1880 10.2498 17.5480 60.3201 2.4638 3.2073 28.9107 5.0411 13.4299 40.9999 0.0000 0.0000 0.0000 14.9045 15.9431 -59.6378 -11.0791 -17.9736 63.0381 -1.9331 -9.0473 24.9416 -2.0836 -9.0380 25.9143 13.7902 5.7689 -18.6236 -11.2771 6.0139 -2.5057 -18.8640 3.9374 10.4789 -0.9346 -1.6121 -20.3904 10.7224 -7.3036 44.7830 4.3525 -1.5423 23.5857 0.0000 0.0000 0.0000 101.2704 -24.6473 -84.6058 12.8643 -21.0880 -2.4042 -0.0000 0.0000 -12.0655 35.1049 -8.3365 -5.8193 -7.1250 0.0000 -0.0000 5.8832 19.8518 -3.5543 0.0000 0.0000 0.0000 -69.3441 22.2168 -75.9126 -20.5996 31.3579 -5.8402 0.0000 -0.0000 -29.7533 -12.5547 -23.8120 5.1377 7.1250 -0.0000 -0.0000 17.3803 -53.4610 -3.7042
-0.1223 14.9698 8.4471 -0.4303 -18.5228 100.7410 0.0000 0.0000 0.0000 -22.0143 -8.3208 -57.1228 10.4275 17.6433 60.9079 2.4516 3.2865 28.8198 4.9987 13.3823 40.8170 0.0000 0.0000 0.0000 14.6981 16.0400 -59.9467 -11.3977 -18.1242 64.0663 -1.9925 -9.4803 25.3349 -2.4091 -9.6708 27.9171 13.8275 5.7811 -18.6379 -11.2109 6.0151 -2.4864 -18.8007 3.9388 10.4997 -0.9721 -1.5967 -20.4929 10.6796 -7.2402 44.7074 4.3429 -1.5261 23.5387 -0.0000 0.0000 0.0000 100.8288 -24.6376 -84.9189 12.8423 -21.0558 -2.3963 -0.0000 0.0000 -11.3867 35.2897 -8.5570 -6.0117 -7.1250 0.0000 -0.0000 5.9873 19.5645 -3.6566 -0.0000 0.0000 0.0000 -69.3140 22.1948 -76.2441 -20.7726 31.5619 -5.9305 0.0000 -0.0000 -31.0889 -12.0389 -23.5507 4.8706 7.1250 -0.0000 -0.0000 17.7523 -53.1182 -3.6362
-0.1516 14.9840 8.4807 -0.3766 -18.5264 100.7250 0.0000 0.0000 0.0000 -22.2761 -8.0341 -57.0440 10.5804 17.7235 61.4111 2.4380 3.4396 28.7058 4.9792 13.3603 40.7327 0.0000 0.0000 0.0000 14.5197 16.1372 -60.2084 -11.6697 -18.2475 64.9381 -2.0578 -9.8919 25.7630 -2.7336 -10.2508 29.7927 13.8745 5.7986 -18.6640 -11.1431 6.0199 -2.4704 -18.7391 3.9424 10.5251 -1.0102 -1.5962 -20.6139 10.6354 -7.2015 44.6403 4.3286 -1.5189 23.5125 -0.0000 0.0000 0.0000 100.4269 -24.6488 -85.3210 12.8446 -21.0591 -2.3972 -0.0000 0.0000 -10.8843 35.4193 -8.8020 -6.2107 -7.1250 0.0000 -0.0000 6.0487 19.2535 -3.7366 -0.0000 0.0000 0.0000 -69.2370 22.1731 -76.5534 -20.9743 31.7984 -6.0364 0.0000 -0.0000 -32.5384 -11.4637 -23.1761 4.5631 7.1250 -0.0000 -0.0000 18.1232 -52.6591 -3.5088
-0.1797 14.9988 8.5158 -0.3385 -18.5180 100.7300 0.0000 0.0000 0.0000 -22.5101 -7.7776 -56.9466 10.7061 17.7882 61.8234 2.4224 3.6516 28.5680 4.9808 13.3622 40.7398 0.0000 0.0000 0.0000 14.3779 16.2283 -60.4139 -11.8909 -18.3442 65.6426 -2.1269 -10.3008 26.2107 -3.0052 -10.7035 31.2862 13.9400 5.8145 -18.6968 -11.0763 6.0178 -2.4577 -18.6926 3.9432 10.5495 -1.0434 -1.5998 -20.7503 10.6002 -7.1766 44.5715 4.3153 -1.5151 23.4951 -0.0000 -0.0000 0.0000 100.0502 -24.6732 -85.6913 12.8759 -21.1051 -2.4084 -0.0000 0.0000 -10.6219 35.5805 -9.0959 -6.4526 -7.1250 0.0000 -0.0000 6.1254 18.8784 -3.8359 -0.0000 -0.0000 0.0000 -69.0999 22.1616 -76.8175 -21.2158 32.0794 -6.1642 0.0000 -0.0000 -34.0649 -10.9133 -22.7046 4.2562 7.1250 -0.0000 -0.0000 18.4207 -52.1150 -3.3193
-0.2065 15.0138 8.5522 -0.3087 -18.5136 100.7450 0.0000 0.0000 0.0000 -22.7298 -7.5627 -56.8156 10.8019 17.8368 62.1367 2.4044 3.9225 28.4060 5.0052 13.3897 40.8452 0.0000 0.0000 0.0000 14.2543 16.3058 -60.5496 -12.0578 -18.4150 66.1718 -2.1989 -10.6987 26.6713 -3.2211 -11.0447 32.4308 14.0136 5.8201 -18.7313 -11.0168 6.0000 -2.4458 -18.6665 3.9365 10.5695 -1.0904 -1.5885 -20.8909 10.6144 -7.1430 44.4736 4.3317 -1.5061 23.4587 -0.0000 -0.0000 0.0000 99.6951 -24.7082 -86.0090 12.9255 -21.1779 -2.4263 -0.0000 0.0000 -10.5525 35.7728 -9.4418 -6.7408 -7.1250 0.0000 -0.0000 6.2160 18.4354 -3.9546 -0.0000 -0.0000 0.0000 -68.9020 22.1646 -77.0240 -21.4945 32.4011 -6.3129 0.0000 -0.0000 -35.6099 -10.4747 -22.1673 3.9904 7.1250 -0.0000 -0.0000 18.5800 -51.5302 -3.0774
-0.2323 15.0287 8.5897 -0.2906 -18.5087 100.7680 0.0000 0.0000 0.0000 -22.9267 -7.3869 -56.6513 10.8665 17.8691 62.3473 2.3826 4.2584 28.2113 5.0573 13.4481 41.0698 0.0000 0.0000 0.0000 14.1523 16.3760 -60.6044 -12.1670 -18.4604 66.5172 -2.2738 -11.0655 27.1423 -3.3746 -11.2782 33.2238 14.1002 5.8146 -18.7653 -10.9646 5.9645 -2.4358 -18.6645 3.9214 10.5821 -1.1332 -1.5689 -21.0483 10.6524 -7.1106 44.3707 4.3604 -1.4948 23.4287 -0.0000 -0.0000 0.0000 99.4012 -24.7618 -86.4811 12.9479 -21.2108 -2.4344 -0.0000 0.0000 -10.4756 35.8710 -9.9260 -7.1051 -7.1250 0.0000 -0.0000 6.2215 17.8366 -4.0408 -0.0000 -0.0000 0.0000 -68.6533 22.1868 -77.1758 -21.7932 32.7425 -6.4736 0.0000 -0.0000 -37.1086 -10.1680 -21.5885 3.7755 7.1250 -0.0000 -0.0000 18.5978 -50.9297 -2.8000
-0.2571 15.0431 8.6277 -0.2951 -18.5044 100.7990 0.0000 0.0000 0.0000 -23.0995 -7.2437 -56.4567 10.8986 17.8851 62.4519 2.3548 4.6481 27.9750 5.1337 13.5328 41.3971 0.0000 0.0000 0.0000 14.0679 16.4544 -60.5672 -12.2162 -18.4806 66.6725 -2.3560 -11.3023 27.6438 -3.5305 -11.5080 34.0129 14.2019 5.7989 -18.7945 -10.9197 5.9128 -2.4290 -18.6876 3.8983 10.5845 -1.1690 -1.5416 -21.2221 10.7025 -7.0759 44.2597 4.3942 -1.4806 23.3990 -0.0000 0.0000 0.0000 99.1709 -24.8368 -87.1337 12.9296 -21.1840 -2.4278 -0.0000 0.0000 -10.2925 35.8801 -10.5110 -7.5172 -7.1250 0.0000 -0.0000 6.1507 17.1283 -4.0903 -0.0000 0.0000 0.0000 -68.3726 22.2353 -77.2958 -22.0883 33.0766 -6.6339 0.0000 -0.0000 -38.5105 -10.0225 -20.9554 3.6167 7.1250 -0.0000 -0.0000 18.4449 -50.3038 -2.4851
-0.2809 15.0565 8.6661 -0.3243 -18.5044 100.8470 0.0000 0.0000 0.0000 -23.2489 -7.1364 -56.2409 10.8970 17.8843 62.4467 2.3220 5.0861 27.7043 5.2320 13.6404 41.8156 0.0000 0.0000 0.0000 13.9931 16.5471 -60.4420 -12.2038 -18.4755 66.6334 -2.4422 -11.4262 28.1554 -3.6753 -11.7153 34.7322 14.3067 5.7755 -18.8291 -10.8807 5.8493 -2.4281 -18.7244 3.8685 10.5794 -1.1806 -1.5166 -21.4202 10.7188 -7.0426 44.1563 4.4047 -1.4659 23.3801 0.0000 -0.0000 0.0000 99.0249 -24.9420 -88.0961 12.8412 -21.0541 -2.3959 -0.0000 0.0000 -9.9179 35.7257 -11.3431 -8.0519 -7.1250 0.0000 -0.0000 5.9332 16.1489 -4.0710 0.0000 -0.0000 0.0000 -68.0790 22.3109 -77.3908 -22.3515 33.3720 -6.7782 0.0000 -0.0000 -39.8084 -9.9884 -20.2885 3.4946 7.1250 -0.0000 -0.0000 18.1819 -49.6625 -2.1536
-0.3039 15.0683 8.7050 -0.3828 -18.5117 100.9150 0.0000 0.0000 0.0000 -23.3761 -7.0669 -56.0070 10.8599 17.8658 62.3257 2.2823 5.5603 27.3919 5.3508 13.7683 42.3170 0.0000 0.0000 0.0000 13.9241 16.6592 -60.2328 -12.1293 -18.4448 66.3980 -2.5318 -11.4068 28.6715 -3.8127 -11.9069 35.4033 14.4183 5.7445 -18.8712 -10.8500 5.7732 -2.4348 -18.7799 3.8319 10.5661 -1.1796 -1.4829 -21.6349 10.7210 -6.9948 44.0430 4.4067 -1.4453 23.3531 -0.0000 -0.0000 0.0000 98.9145 -25.0623 -89.1542 12.7090 -20.8593 -2.3486 -0.0000 0.0000 -9.4011 35.5439 -12.2563 -8.6242 -7.1250 0.0000 -0.0000 5.6853 15.0820 -4.0303 -0.0000 -0.0000 0.0000 -67.7951 22.4200 -77.5022 -22.5550 33.5986 -6.8904 0.0000 -0.0000 -41.0027 -9.9966 -19.5541 3.3763 7.1250 -0.0000 -0.0000 17.8623 -48.9616 -1.7975
-0.3261 15.0782 8.7446 -0.4675 -18.5183 101.0030 0.0000 0.0000 0.0000 -23.4712 -7.0345 -55.7583 10.7856 17.8286 62.0834 2.2365 6.0472 27.0464 5.4836 13.9085 42.8721 0.0000 0.0000 0.0000 13.8726 16.7892 -59.9429 -11.9927 -18.3876 65.9656 -2.6209 -11.2624 29.1739 -3.9230 -12.0572 35.9346 14.5423 5.7088 -18.9231 -10.8238 5.6869 -2.4480 -18.8522 3.7898 10.5480 -1.1717 -1.4364 -21.8575 10.7169 -6.9251 43.9066 4.4056 -1.4161 23.3023 -0.0000 -0.0000 0.0000 98.8286 -25.1894 -90.2643 12.5412 -20.6113 -2.2892 -0.0000 0.0000 -8.7814 35.3790 -13.1502 -9.1771 -7.1250 0.0000 -0.0000 5.4503 14.0422 -3.9834 -0.0000 -0.0000 0.0000 -67.5334 22.5592 -77.6425 -22.6827 33.7401 -6.9613 0.0000 -0.0000 -42.1205 -9.9883 -18.7544 3.2408 7.1250 -0.0000 -0.0000 17.5448 -48.1937 -1.4232
-0.3476 15.0861 8.7849 -0.5732 -18.5316 101.1200 0.0000 0.0000 0.0000 -23.5392 -7.0511 -55.5042 10.6727 17.7712 61.7140 2.1847 6.5205 26.6714 5.6232 14.0530 43.4502 0.0000 0.0000 0.0000 13.8287 16.9311 -59.5894 -11.7957 -18.3030 65.3398 -2.7013 -11.0701 29.6215 -3.9640 -12.1124 36.1306 14.6563 5.6747 -19.0018 -10.8010 5.6015 -2.4697 -18.9201 3.7473 10.5342 -1.1645 -1.3820 -22.0781 10.7191 -6.8439 43.7558 4.4093 -1.3824 23.2366 -0.0000 0.0000 0.0000 98.7461 -25.3351 -91.3039 12.3695 -20.3564 -2.2291 -0.0000 0.0000 -8.1325 35.3378 -13.7689 -9.5786 -7.1250 0.0000 -0.0000 5.3353 13.3129 -3.9810 -0.0000 0.0000 0.0000 -67.2936 22.7178 -77.7875 -22.7319 33.7943 -6.9886 0.0000 -0.0000 -43.1912 -9.9603 -17.9096 3.0912 7.1250 -0.0000 -0.0000 17.2427 -47.3782 -1.0414
-0.3682 15.0916 8.8263 -0.7009 -18.5505 101.2690 0.0000 0.0000 0.0000 -23.5774 -7.1183 -55.2511 10.5206 17.6924 61.2145 2.1275 6.9523 26.2704 5.7612 14.1929 44.0157 0.0000 0.0000 0.0000 13.7950 17.0821 -59.1847 -11.5408 -18.1897 64.5255 -2.7716 -10.8303 30.0089 -3.9265 -12.0619 35.9513 14.7514 5.6482 -19.1144 -10.7797 5.5261 -2.5001 -18.9722 3.7087 10.5308 -1.1851 -1.3163 -22.2851 10.7684 -6.7492 43.5706 4.4442 -1.3436 23.1403 0.0000 -0.0000 0.0000 98.6532 -25.5005 -92.2135 12.2132 -20.1236 -2.1751 -0.0000 0.0000 -7.5309 35.4848 -14.0288 -9.8046 -7.1250 0.0000 -0.0000 5.3956 12.9769 -4.0646 0.0000 -0.0000 0.0000 -67.0678 22.8913 -77.9278 -22.7133 33.7738 -6.9782 0.0000 -0.0000 -44.1969 -9.8881 -17.0664 2.9286 7.1250 -0.0000 -0.0000 16.9962 -46.5567 -0.6720
-0.3881 15.0947 8.8688 -0.8438 -18.5811 101.4440 0.0000 0.0000 0.0000 -23.5919 -7.2405 -54.9961 10.3294 17.5909 60.5836 2.0676 7.3201 25.8595 5.8877 14.3186 44.5294 0.0000 0.0000 0.0000 13.7644 17.2348 -58.7312 -11.2315 -18.0465 63.5312 -2.8270 -10.5844 30.3140 -3.8143 -11.9092 35.4114 14.8146 5.6319 -19.2619 -10.7603 5.4671 -2.5367 -18.9984 3.6773 10.5430 -1.2563 -1.2363 -22.4651 10.8983 -6.6381 43.3350 4.5322 -1.2990 22.9998 0.0000 -0.0000 0.0000 98.5593 -25.6889 -93.0254 12.0836 -19.9298 -2.1307 -0.0000 0.0000 -7.0473 35.7682 -13.9312 -9.8393 -7.1250 0.0000 -0.0000 5.5976 13.0405 -4.2108 0.0000 -0.0000 0.0000 -66.8428 23.0709 -78.0378 -22.6419 33.6949 -6.9386 0.0000 -0.0000 -45.1026 -9.7648 -16.2329 2.7543 7.1250 -0.0000 -0.0000 16.8125 -45.7373 -0.3149
-0.4070 15.0953 8.9121 -0.9973 -18.6112 101.6390 0.0000 0.0000 0.0000 -23.5676 -7.4175 -54.7379 10.1010 17.4663 59.8255 2.0075 7.6070 25.4530 5.9942 14.4228 44.9586 0.0000 0.0000 0.0000 13.7522 17.3873 -58.2253 -10.8723 -17.8720 62.3661 -2.8637 -10.3515 30.5163 -3.6360 -11.6596 34.5381 14.8594 5.6276 -19.4379 -10.7409 5.4248 -2.5777 -19.0048 3.6542 10.5704 -1.3883 -1.1446 -22.6214 11.1231 -6.5162 43.0504 4.6821 -1.2503 22.8221 0.0000 -0.0000 0.0000 98.4880 -25.8997 -93.8524 11.9738 -19.7653 -2.0934 -0.0000 0.0000 -6.7065 36.0692 -13.7408 -9.8158 -7.1250 0.0000 -0.0000 5.8251 13.2121 -4.3627 0.0000 -0.0000 0.0000 -66.6092 23.2554 -78.1100 -22.5329 33.5740 -6.8782 0.0000 -0.0000 -45.8515 -9.5884 -15.4212 2.5720 7.1250 -0.0000 -0.0000 16.6951 -44.9325 0.0286
-0.4250 15.0935 8.9560 -1.1575 -18.6423 101.8440 0.0000 0.0000 0.0000 -23.5049 -7.6526 -54.4671 9.8374 17.3174 58.9436 1.9498 7.7903 25.0654 6.0710 14.4968 45.2659 0.0000 0.0000 0.0000 13.7587 17.5328 -57.6660 -10.4691 -17.6653 61.0451 -2.8796 -10.1165 30.6053 -3.4307 -11.3617 33.5095 14.8866 5.6352 -19.6354 -10.7224 5.4001 -2.6192 -18.9937 3.6402 10.6143 -1.5700 -1.0486 -22.7603 11.4216 -6.3912 42.7245 4.8778 -1.1998 22.6158 -0.0000 0.0000 0.0000 98.4573 -26.1293 -94.7740 11.8776 -19.6209 -2.0610 -0.0000 0.0000 -6.4820 36.3635 -13.6343 -9.8462 -7.1250 0.0000 -0.0000 6.0363 13.2848 -4.5133 -0.0000 0.0000 0.0000 -66.3604 23.4493 -78.1482 -22.3990 33.4250 -6.8043 0.0000 -0.0000 -46.3909 -9.3766 -14.5979 2.3832 7.1250 -0.0000 -0.0000 16.6150 -44.1129 0.3746
-0.4419 15.0893 8.9999 -1.3251 -18.6740 102.0590 0.0000 0.0000 0.0000 -23.4007 -7.9450 -54.1905 9.5421 17.1442 57.9467 1.8987 7.8297 24.7239 6.0993 14.5238 45.3788 0.0000 0.0000 0.0000 13.7822 17.6725 -57.0649 -10.0296 -17.4265 59.5873 -2.8681 -9.9057 30.5447 -3.2001 -11.0122 32.3210 14.8929 5.6546 -19.8561 -10.7047 5.3933 -2.6615 -18.9625 3.6355 10.6753 -1.7597 -0.9620 -22.8994 11.7229 -6.2747 42.3861 5.0715 -1.1517 22.4036 -0.0000 0.0000 0.0000 98.4818 -26.3759 -95.8730 11.7810 -19.4754 -2.0287 -0.0000 0.0000 -6.3377 36.5911 -13.8218 -10.0578 -7.1250 0.0000 -0.0000 6.1587 13.0163 -4.6409 -0.0000 0.0000 0.0000 -66.0939 23.6510 -78.1447 -22.2519 33.2605 -6.7235 0.0000 -0.0000 -46.7212 -9.1531 -13.7635 2.1953 7.1250 -0.0000 -0.0000 16.5506 -43.2821 0.7228
-0.4578 15.0828 9.0434 -1.4946 -18.7063 102.2690 0.0000 0.0000 0.0000 -23.2526 -8.2973 -53.8932 9.2186 16.9463 56.8429 1.8573 7.7282 24.4477 6.0774 14.5029 45.2916 0.0000 0.0000 0.0000 13.8269 17.7957 -56.4195 -9.5620 -17.1561 58.0142 -2.8269 -9.6963 30.3197 -2.9648 -10.6379 31.0681 14.8966 5.6752 -20.0761 -10.6915 5.3892 -2.7023 -18.9346 3.6327 10.7390 -1.9397 -0.8854 -23.0518 12.0061 -6.1681 42.0429 5.2490 -1.1057 22.1947 0.0000 -0.0000 0.0000 98.5263 -26.6190 -96.9717 11.7059 -19.3621 -2.0037 -0.0000 0.0000 -6.3496 36.7775 -14.2462 -10.4229 -7.1250 0.0000 -0.0000 6.2167 12.4694 -4.7565 0.0000 -0.0000 0.0000 -65.8219 23.8803 -78.1570 -22.0917 33.0805 -6.6358 0.0000 -0.0000 -46.8346 -8.9393 -12.8989 2.0111 7.1250 -0.0000 -0.0000 16.4777 -42.4243 1.0792
-0.4727 15.0745 9.0862 -1.6729 -18.7346 102.4770 0.0000 0.0000 0.0000 -23.0544 -8.7025 -53.5837 8.8718 16.7245 55.6457 1.8267 7.5027 24.2468 6.0074 14.4355 45.0114 0.0000 0.0000 0.0000 13.8951 17.9075 -55.7440 -9.0747 -16.8556 56.3482 -2.7585 -9.4325 29.9427 -2.7472 -10.2741 29.8691 14.8968 5.7001 -20.2930 -10.6801 5.3925 -2.7422 -18.9041 3.6337 10.8049 -2.0950 -0.8296 -23.2279 12.2412 -6.0841 41.7150 5.3910 -1.0675 22.0076 0.0000 0.0000 0.0000 98.6057 -26.8431 -98.1574 11.6281 -19.2446 -1.9780 -0.0000 0.0000 -6.4383 36.8593 -15.0521 -11.0175 -7.1250 0.0000 -0.0000 6.1440 11.4839 -4.8263 0.0000 0.0000 0.0000 -65.5487 24.1334 -78.1874 -21.9225 32.8894 -6.5437 0.0000 -0.0000 -46.7607 -8.7438 -12.0106 1.8331 7.1250 -0.0000 -0.0000 16.3914 -41.5462 1.4396
-0.4866 15.0646 9.1281 -1.8592 -18.7620 102.6850 0.0000 0.0000 0.0000 -22.8072 -9.1623 -53.2729 8.5080 16.4805 54.3726 1.8061 7.1968 24.1172 5.9032 14.3339 44.5920 0.0000 0.0000 0.0000 13.9773 18.0094 -55.0568 -8.5766 -16.5274 54.6139 -2.6641 -9.1122 29.4146 -2.5087 -9.8536 28.5041 14.8836 5.7311 -20.5112 -10.6700 5.4072 -2.7822 -18.8627 3.6402 10.8750 -2.2096 -0.8051 -23.4348 12.4028 -6.0393 41.4304 5.4813 -1.0440 21.8665 0.0000 -0.0000 0.0000 98.6987 -27.0598 -99.2712 11.5716 -19.1591 -1.9594 -0.0000 0.0000 -6.5571 36.9359 -15.8657 -11.6143 -7.1250 0.0000 -0.0000 6.0630 10.4919 -4.8858 0.0000 -0.0000 0.0000 -65.2714 24.4028 -78.2246 -21.7517 32.6952 -6.4512 0.0000 -0.0000 -46.5458 -8.5493 -11.1171 1.6603 7.1250 -0.0000 -0.0000 16.3121 -40.6639 1.7985
-0.4997 15.0534 9.1691 -2.0574 -18.7905 102.8960 0.0000 0.0000 0.0000 -22.5135 -9.6703 -52.9728 8.1337 16.2167 53.0427 1.7926 6.8689 24.0406 5.7845 14.2162 44.1104 0.0000 0.0000 0.0000 14.0647 18.1084 -54.3695 -8.0752 -16.1743 52.8331 -2.5503 -8.7191 28.7681 -2.2623 -9.3923 27.0304 14.8423 5.7708 -20.7331 -10.6588 5.4399 -2.8215 -18.7949 3.6547 10.9525 -2.1322 -0.7887 -23.4197 12.4529 -6.0421 41.3569 5.4206 -0.9968 21.3577 0.0000 0.0000 0.0000 98.8026 -27.2676 -100.2967 11.5275 -19.0923 -1.9450 -0.0000 0.0000 -6.6164 37.0291 -16.6194 -12.1752 -7.1250 0.0000 -0.0000 5.9991 9.5697 -4.9462 0.0000 0.0000 0.0000 -64.9752 24.6763 -78.2332 -21.5953 32.5167 -6.3669 0.0000 -0.0000 -46.2289 -8.3374 -10.2586 1.4951 7.1250 -0.0000 -0.0000 16.2654 -39.8148 2.1446
-0.5119 15.0410 9.2086 -2.2642 -18.8232 103.1040 0.0000 0.0000 0.0000 -22.1794 -10.2226 -52.6918 7.7559 15.9367 51.6785 1.7838 6.5769 23.9976 5.6735 14.1043 43.6570 0.0000 0.0000 0.0000 14.1386 18.2253 -53.6846 -7.5781 -15.8000 51.0284 -2.4206 -8.2899 28.0152 -2.0071 -8.8809 25.4234 14.7615 5.8213 -20.9608 -10.6455 5.4963 -2.8579 -18.6903 3.6800 11.0422 -2.2054 -0.8427 -23.6822 12.5219 -6.1046 41.1476 5.4392 -1.0153 21.3080 -0.0000 -0.0000 0.0000 98.9239 -27.4713 -101.2409 11.4871 -19.0310 -1.9318 -0.0000 0.0000 -6.5168 37.1638 -17.2534 -12.6714 -7.1250 0.0000 -0.0000 5.9784 8.7817 -5.0238 -0.0000 -0.0000 0.0000 -64.6397 24.9362 -78.1554 -21.4676 32.3701 -6.2984 0.0000 -0.0000 -45.8588 -8.1043 -9.3832 1.3299 7.1250 -0.0000 -0.0000 16.2398 -38.9490 2.4988
-0.5234 15.0280 9.2472 -2.4760 -18.8579 103.3050 0.0000 0.0000 0.0000 -21.8075 -10.8100 -52.4330 7.3800 15.6437 50.2974 1.7774 6.3570 23.9681 5.5830 14.0117 43.2842 0.0000 0.0000 0.0000 14.2027 18.3553 -53.0095 -7.0914 -15.4084 49.2191 -2.2848 -7.8245 27.2088 -1.7270 -8.2727 23.5454 14.6458 5.8777 -21.1861 -10.6292 5.5695 -2.8895 -18.5536 3.7126 11.1388 -2.2689 -0.9279 -23.9618 12.5710 -6.2125 40.9602 5.4380 -1.0508 21.2853 0.0000 0.0000 0.0000 99.0463 -27.6715 -102.0481 11.4493 -18.9737 -1.9195 -0.0000 0.0000 -6.2205 37.3698 -17.6700 -13.0515 -7.1250 0.0000 -0.0000 6.0378 8.2358 -5.1400 0.0000 0.0000 0.0000 -64.2566 25.1622 -77.9407 -21.3807 32.2700 -6.2519 0.0000 -0.0000 -45.4993 -7.8719 -8.5149 1.1728 7.1250 -0.0000 -0.0000 16.2225 -38.0914 2.8497
-0.5344 15.0145 9.2856 -2.6824 -18.8851 103.4900 0.0000 0.0000 0.0000 -21.3925 -11.4278 -52.1982 7.0112 15.3413 48.9166 1.7719 6.2319 23.9393 5.5212 13.9477 43.0284 0.0000 0.0000 0.0000 14.2689 18.4924 -52.3477 -6.6205 -15.0038 47.4238 -2.1483 -7.3680 26.3763 -1.4297 -7.5605 21.3869 14.5073 5.9396 -21.4105 -10.6068 5.6561 -2.9129 -18.3898 3.7517 11.2460 -2.3020 -1.0461 -24.2643 12.5738 -6.3683 40.8022 5.3992 -1.1036 21.2937 -0.0000 -0.0000 0.0000 99.1849 -27.8693 -102.8193 11.3926 -18.8876 -1.9011 -0.0000 0.0000 -5.6605 37.6070 -17.9692 -13.3679 -7.1250 0.0000 -0.0000 6.1353 7.8210 -5.2745 -0.0000 -0.0000 0.0000 -63.8199 25.3513 -77.5632 -21.3366 32.2192 -6.2284 0.0000 -0.0000 -45.1610 -7.6933 -7.6455 1.0296 7.1250 -0.0000 -0.0000 16.1672 -37.2378 3.1899
-0.5450 15.0011 9.3237 -2.8835 -18.9115 103.6610 0.0000 0.0000 0.0000 -20.9478 -12.0661 -51.9933 6.6533 15.0329 47.5507 1.7664 6.1763 23.9048 5.4766 13.9012 42.8433 0.0000 0.0000 0.0000 14.3351 18.6246 -51.7129 -6.1699 -14.5910 45.6598 -2.0152 -6.9594 25.5394 -1.1361 -6.7692 19.0334 14.3410 6.0025 -21.6323 -10.5799 5.7515 -2.9290 -18.1998 3.7942 11.3595 -2.3072 -1.1893 -24.5859 12.5360 -6.5604 40.6666 5.3273 -1.1693 21.3249 -0.0000 0.0000 0.0000 99.3389 -28.0682 -103.5835 11.3105 -18.7627 -1.8746 -0.0000 0.0000 -4.8341 37.8518 -18.1876 -13.6346 -7.1250 0.0000 -0.0000 6.2506 7.4991 -5.4145 -0.0000 0.0000 0.0000 -63.3422 25.4977 -77.0168 -21.3257 32.2066 -6.2226 0.0000 -0.0000 -44.8413 -7.6123 -6.8095 0.9079 7.1250 -0.0000 -0.0000 16.0466 -36.4232 3.4961
-0.5554 14.9880 9.3622 -3.0667 -18.9333 103.8020 0.0000 0.0000 0.0000 -20.4781 -12.7178 -51.8073 6.3106 14.7227 46.2157 1.7614 6.1769 23.8696 5.4421 13.8650 42.6994 0.0000 0.0000 0.0000 14.4211 18.7236 -51.1044 -5.7441 -14.1757 43.9458 -1.8893 -6.6069 24.7217 -0.8572 -5.9043 16.5071 14.1611 6.0586 -21.8377 -10.5472 5.8429 -2.9356 -17.9970 3.8342 11.4706 -2.3001 -1.3448 -24.9169 12.4825 -6.7707 40.5338 5.2404 -1.2412 21.3616 0.0000 0.0000 0.0000 99.4937 -28.2729 -104.3133 11.2093 -18.6084 -1.8422 -0.0000 0.0000 -3.8296 38.0898 -18.3140 -13.8362 -7.1250 0.0000 -0.0000 6.3773 7.2877 -5.5522 0.0000 0.0000 0.0000 -62.8557 25.6177 -76.3584 -21.3162 32.1956 -6.2176 0.0000 -0.0000 -44.4565 -7.6595 -5.9866 0.8036 7.1250 -0.0000 -0.0000 15.8323 -35.6282 3.7649
-0.5656 14.9757 9.4008 -3.2344 -18.9442 103.9190 0.0000 0.0000 0.0000 -19.9851 -13.3663 -51.6541 5.9872 14.4159 44.9301 1.7570 6.2190 23.8351 5.4089 13.8299 42.5604 0.0000 0.0000 0.0000 14.5503 18.7611 -50.5430 -5.3474 -13.7646 42.3027 -1.7737 -6.2629 23.9490 -0.6294 -5.0763 14.1262 13.9813 6.1063 -22.0247 -10.5063 5.9249 -2.9365 -17.7891 3.8685 11.5723 -2.2806 -1.4999 -25.2490 12.4051 -6.9752 40.3989 5.1384 -1.3113 21.3920 0.0000 -0.0000 0.0000 99.6528 -28.4745 -105.1219 11.0715 -18.3977 -1.7984 -0.0000 0.0000 -2.7225 38.2180 -18.6216 -14.1139 -7.1250 0.0000 -0.0000 6.4015 6.8866 -5.6238 0.0000 -0.0000 0.0000 -62.3998 25.7332 -75.6613 -21.2746 32.1474 -6.1954 0.0000 -0.0000 -43.9107 -7.8698 -5.2064 0.7186 7.1250 -0.0000 -0.0000 15.5038 -34.8817 3.9738
-0.5754 14.9640 9.4386 -3.3776 -18.9487 104.0060 0.0000 0.0000 0.0000 -19.4850 -14.0037 -51.5387 5.6885 14.1196 43.7185 1.7513 6.2853 23.7905 5.3750 13.7940 42.4184 0.0000 0.0000 0.0000 14.7191 18.7320 -50.0373 -4.9847 -13.3666 40.7567 -1.6641 -5.9165 23.1966 -0.4353 -4.2336 11.7349 13.8067 6.1419 -22.1924 -10.4592 5.9913 -2.9320 -17.5846 3.8944 11.6626 -2.2579 -1.6419 -25.5683 12.3196 -7.1556 40.2540 5.0349 -1.3734 21.4054 -0.0000 0.0000 0.0000 99.8029 -28.6843 -105.9518 10.9130 -18.1548 -1.7487 -0.0000 0.0000 -1.5887 38.2735 -19.0174 -14.4185 -7.1250 0.0000 -0.0000 6.3634 6.3991 -5.6503 -0.0000 0.0000 0.0000 -62.0036 25.8665 -74.9935 -21.1645 32.0199 -6.1369 0.0000 -0.0000 -43.0712 -8.2512 -4.4143 0.6395 7.1250 -0.0000 -0.0000 15.0453 -34.1288 4.1339
-0.5845 14.9531 9.4749 -3.4916 -18.9474 104.0600 0.0000 0.0000 0.0000 -18.9933 -14.6140 -51.4660 5.4197 13.8414 42.6060 1.7410 6.3665 23.7112 5.3427 13.7596 42.2828 0.0000 0.0000 0.0000 14.9349 18.6240 -49.5975 -4.6613 -12.9919 39.3383 -1.5578 -5.5224 22.4495 -0.2814 -3.4115 9.4267 13.6360 6.1655 -22.3378 -10.4045 6.0425 -2.9214 -17.3811 3.9120 11.7408 -2.2308 -1.7736 -25.8766 12.2245 -7.3176 40.1085 4.9290 -1.4294 21.4098 0.0000 -0.0000 0.0000 99.9290 -28.9092 -106.7510 10.7486 -17.9019 -1.6978 -0.0000 0.0000 -0.5148 38.2825 -19.4386 -14.7169 -7.1250 0.0000 -0.0000 6.2906 5.8945 -5.6462 0.0000 -0.0000 0.0000 -61.6774 26.0151 -74.3665 -20.9646 31.7870 -6.0313 0.0000 -0.0000 -41.8310 -8.7931 -3.6000 0.5565 7.1250 -0.0000 -0.0000 14.4660 -33.3561 4.2452
-0.5926 14.9426 9.5083 -3.5711 -18.9375 104.0770 0.0000 0.0000 0.0000 -18.5252 -15.1787 -51.4514 5.1863 13.5905 41.6213 1.7233 6.4204 23.5827 5.3002 13.7141 42.1039 0.0000 0.0000 0.0000 15.1859 18.4675 -49.2251 -4.3824 -12.6525 38.0814 -1.4477 -5.0934 21.6530 -0.1658 -2.6234 7.2320 13.4636 6.1829 -22.4677 -10.3405 6.0870 -2.9030 -17.1692 3.9260 11.8150 -2.1757 -1.9030 -26.1909 12.0875 -7.4757 39.9962 4.7997 -1.4844 21.4322 -0.0000 -0.0000 0.0000 100.0309 -29.1553 -107.4855 10.5899 -17.6570 -1.6494 -0.0000 -0.0000 0.4168 38.2581 -19.9016 -15.0259 -7.1250 0.0000 -0.0000 6.1886 5.3503 -5.6182 -0.0000 -0.0000 0.0000 -61.4136 26.1668 -73.7616 -20.6796 31.4524 -5.8819 0.0000 -0.0000 -40.0732 -9.5436 -2.8444 0.4780 7.1250 -0.0000 -0.0000 13.7437 -32.6423 4.2662
-0.5996 14.9326 9.5384 -3.6197 -18.9297 104.0590 0.0000 0.0000 0.0000 -18.1137 -15.6765 -51.5012 4.9913 13.3740 40.7852 1.6968 6.4436 23.3921 5.2472 13.6569 41.8800 0.0000 0.0000 0.0000 15.4562 18.2738 -48.9322 -4.1521 -12.3602 37.0183 -1.3333 -4.6313 20.7968 -0.0875 -1.9079 5.2511 13.2782 6.1947 -22.5808 -10.2699 6.1290 -2.8759 -16.9440 3.9381 11.8865 -2.2242 -2.0120 -26.4397 12.0802 -7.5907 39.7694 4.7565 -1.5262 21.3653 0.0000 0.0000 0.0000 100.1088 -29.4199 -108.1586 10.4379 -17.4217 -1.6036 -0.0000 -0.0000 1.2054 38.2304 -20.3574 -15.3256 -7.1250 0.0000 -0.0000 6.0852 4.8172 -5.5849 0.0000 0.0000 0.0000 -61.1962 26.3140 -73.1526 -20.3321 31.0404 -5.7016 0.0000 -0.0000 -37.7564 -10.5127 -2.2102 0.4100 7.1250 -0.0000 -0.0000 12.8796 -32.0473 4.1751
-0.6052 14.9229 9.5650 -3.6359 -18.9198 104.0050 0.0000 0.0000 0.0000 -17.7742 -16.0873 -51.6232 4.8377 13.1986 40.1167 1.6621 6.4154 23.1450 5.1731 13.5761 41.5651 0.0000 0.0000 0.0000 15.7471 18.0548 -48.7245 -3.9726 -12.1238 36.1715 -1.2167 -4.1541 19.8891 -0.0394 -1.2817 3.5241 13.0886 6.2046 -22.6803 -10.1941 6.1712 -2.8386 -16.7114 3.9508 11.9611 -2.3620 -2.1148 -26.6353 12.1778 -7.6801 39.4300 4.7796 -1.5615 21.2160 0.0000 0.0000 0.0000 100.1525 -29.7006 -108.7181 10.3011 -17.2091 -1.5628 -0.0000 -0.0000 1.8378 38.2285 -20.7544 -15.5966 -7.1250 0.0000 -0.0000 6.0079 4.3480 -5.5664 0.0000 0.0000 0.0000 -61.0004 26.4354 -72.5066 -19.9501 30.5821 -5.5059 0.0000 -0.0000 -34.9017 -11.6478 -1.7886 0.3686 7.1250 -0.0000 -0.0000 11.9246 -31.6599 3.9666
-0.6095 14.9137 9.5883 -3.6252 -18.9121 103.9200 0.0000 0.0000 0.0000 -17.5281 -16.3937 -51.8165 4.7253 13.0676 39.6219 1.6254 6.3254 22.8849 5.0647 13.4563 41.1017 0.0000 0.0000 0.0000 16.0537 17.8162 -48.6056 -3.8433 -11.9489 35.5514 -1.1016 -3.7225 18.9474 -0.0148 -0.7864 2.1612 12.8988 6.2107 -22.7608 -10.1172 6.2110 -2.7921 -16.4807 3.9629 12.0353 -2.6175 -2.2063 -26.7528 12.4199 -7.7318 38.9336 4.8927 -1.5858 20.9539 0.0000 0.0000 0.0000 100.1735 -29.9978 -109.2364 10.1678 -17.0016 -1.5236 -0.0000 -0.0000 2.4404 38.2647 -21.0821 -15.8396 -7.1250 0.0000 -0.0000 5.9667 3.9508 -5.5723 0.0000 0.0000 0.0000 -60.8018 26.5185 -71.8054 -19.5506 30.0971 -5.3041 0.0000 -0.0000 -31.6175 -12.8061 -1.5222 0.3460 7.1250 -0.0000 -0.0000 10.9765 -31.4220 3.7043
-0.6126 14.9051 9.6087 -3.5847 -18.9051 103.7970 0.0000 0.0000 0.0000 -17.3795 -16.5939 -52.0666 4.6530 12.9820 39.3013 1.5967 6.0849 22.6913 4.8836 13.2515 40.3175 0.0000 0.0000 0.0000 16.3705 17.5669 -48.5597 -3.7610 -11.8353 35.1520 -0.9929 -3.4347 17.9942 -0.0058 -0.4906 1.3481 12.7220 6.2101 -22.8152 -10.0427 6.2420 -2.7362 -16.2668 3.9722 12.1054 -2.9727 -2.2844 -26.7920 12.7913 -7.7457 38.2882 5.0834 -1.5975 20.5884 0.0000 0.0000 0.0000 100.1756 -30.3147 -109.7488 10.0342 -16.7931 -1.4848 -0.0000 -0.0000 3.0953 38.3317 -21.3146 -16.0343 -7.1250 0.0000 -0.0000 5.9621 3.6574 -5.6005 0.0000 0.0000 0.0000 -60.5716 26.5723 -71.0319 -19.1383 29.5901 -5.0989 0.0000 -0.0000 -28.0555 -13.9191 -1.1393 0.2823 7.1250 -0.0000 -0.0000 10.0540 -31.0595 3.4728
-0.6145 14.8973 9.6277 -3.5174 -18.8933 103.6360 0.0000 0.0000 0.0000 -17.3064 -16.7030 -52.3566 4.6181 12.9404 39.1457 1.5810 5.6403 22.6117 4.6191 12.9415 39.1499 0.0000 0.0000 0.0000 16.7027 17.2973 -48.5830 -3.7213 -11.7800 34.9580 -0.8960 -3.3009 17.0803 -0.0025 -0.3245 0.8915 12.5768 6.1990 -22.8344 -9.9722 6.2553 -2.6732 -16.0873 3.9748 12.1631 -3.3519 -2.3463 -26.7827 13.1963 -7.7220 37.5517 5.2916 -1.5952 20.1590 0.0000 -0.0000 0.0000 100.1444 -30.6465 -110.2329 9.9026 -16.5871 -1.4470 -0.0000 -0.0000 3.8156 38.4171 -21.4513 -16.1740 -7.1250 0.0000 -0.0000 5.9870 3.4715 -5.6449 0.0000 -0.0000 0.0000 -60.3118 26.5976 -70.2148 -18.7260 29.0768 -4.8970 0.0000 -0.0000 -24.4283 -14.9185 -0.5999 0.1598 7.1250 -0.0000 -0.0000 9.2108 -30.5283 3.2932
-0.6156 14.8906 9.6461 -3.4243 -18.8815 103.4370 0.0000 0.0000 0.0000 -17.2907 -16.7466 -52.6623 4.6178 12.9400 39.1444 1.5777 4.9703 22.6567 4.2827 12.5273 37.6240 0.0000 0.0000 0.0000 17.0234 17.0230 -48.6632 -3.7196 -11.7776 34.9495 -0.8116 -3.3247 16.2235 -0.0003 -0.1164 0.3197 12.4614 6.1761 -22.8171 -9.9090 6.2495 -2.6040 -15.9455 3.9700 12.2073 -3.7113 -2.3931 -26.7454 13.5943 -7.6737 36.7677 5.4895 -1.5814 19.6997 0.0000 -0.0000 0.0000 100.0970 -30.9947 -110.7720 9.7627 -16.3675 -1.4073 -0.0000 -0.0000 4.6603 38.4996 -21.5348 -16.2764 -7.1250 0.0000 -0.0000 6.0206 3.3490 -5.6906 0.0000 -0.0000 0.0000 -60.0274 26.6079 -69.3997 -18.3293 28.5767 -4.7057 0.0000 -0.0000 -20.9049 -15.7732 0.0165 -0.0047 7.1250 -0.0000 -0.0000 8.4834 -29.9078 3.1549
-0.6158 14.8849 9.6648 -3.3101 -18.8740 103.1990 0.0000 0.0000 0.0000 -17.3076 -16.7558 -52.9560 4.6496 12.9779 39.2860 1.5813 4.1464 22.7950 3.9237 12.0581 35.9380 0.0000 0.0000 0.0000 17.3051 16.7615 -48.7931 -3.7530 -11.8242 35.1129 -0.7408 -3.4635 15.4573 -0.0011 0.2152 -0.5914 12.3654 6.1432 -22.7644 -9.8533 6.2300 -2.5295 -15.8330 3.9600 12.2382 -4.0201 -2.4407 -26.7095 13.9425 -7.6303 35.9939 5.6498 -1.5675 19.2553 0.0000 -0.0000 0.0000 100.0535 -31.3562 -111.4514 9.6046 -16.1187 -1.3631 -0.0000 -0.0000 5.6493 38.5650 -21.6023 -16.3586 -7.1250 0.0000 -0.0000 6.0467 3.2503 -5.7267 0.0000 -0.0000 0.0000 -59.7143 26.6158 -68.5950 -17.9537 28.0979 -4.5274 0.0000 -0.0000 -17.5460 -16.5225 0.7288 -0.2162 7.1250 -0.0000 -0.0000 7.8408 -29.1792 3.0490
-0.6153 14.8802 9.6839 -3.1857 -18.8673 102.9290 0.0000 0.0000 0.0000 -17.3346 -16.7428 -53.2271 4.7129 13.0530 39.5673 1.5858 3.2835 22.9772 3.5972 11.6041 34.3456 0.0000 0.0000 0.0000 17.5286 16.5384 -48.9696 -3.8209 -11.9182 35.4432 -0.6866 -3.6500 14.8423 -0.0105 0.6614 -1.8175 12.2692 6.1106 -22.6880 -9.7999 6.2138 -2.4501 -15.7234 3.9519 12.2647 -4.2148 -2.5212 -26.7379 14.1564 -7.6525 35.3431 5.7189 -1.5766 18.9073 0.0000 0.0000 0.0000 100.0429 -31.7346 -112.3610 9.4204 -15.8279 -1.3124 -0.0000 -0.0000 6.7698 38.6184 -21.6929 -16.4501 -7.1250 0.0000 -0.0000 6.0610 3.1277 -5.7540 0.0000 0.0000 0.0000 -59.3704 26.5855 -67.7539 -17.6203 27.6683 -4.3715 0.0000 -0.0000 -14.3618 -17.1644 1.3272 -0.4099 7.1250 -0.0000 -0.0000 7.3002 -28.5605 2.9436
-0.6141 14.8760 9.7032 -3.0596 -18.8572 102.6400 0.0000 0.0000 0.0000 -17.3560 -16.7160 -53.4810 4.8092 13.1656 39.9916 1.5886 2.5421 23.1503 3.3620 11.2593 33.1593 0.0000 0.0000 0.0000 17.6851 16.3691 -49.2100 -3.9250 -12.0599 35.9443 -0.6523 -3.7978 14.4409 -0.0372 1.2452 -3.4236 12.1667 6.0851 -22.6020 -9.7453 6.2098 -2.3698 -15.6043 3.9494 12.2910 -4.4226 -2.6250 -26.7538 14.3908 -7.7099 34.6896 5.7922 -1.5995 18.5722 -0.0000 -0.0000 0.0000 100.0845 -32.1299 -113.5836 9.1988 -15.4767 -1.2526 -0.0000 -0.0000 8.0330 38.6733 -21.8263 -16.5719 -7.1250 0.0000 -0.0000 6.0674 2.9542 -5.7796 -0.0000 -0.0000 0.0000 -58.9973 26.5219 -66.8753 -17.3380 27.3012 -4.2412 0.0000 -0.0000 -11.2855 -17.7235 1.7349 -0.5544 7.1250 -0.0000 -0.0000 6.8430 -28.1349 2.8261
-0.6121 14.8718 9.7216 -2.9376 -18.8372 102.3440 0.0000 0.0000 0.0000 -17.3708 -16.6651 -53.7303 4.9411 13.3171 40.5675 1.5887 2.0273 23.2710 3.2414 11.0759 32.5363 0.0000 0.0000 0.0000 17.7746 16.2648 -49.5219 -4.0682 -12.2506 36.6245 -0.6395 -3.8483 14.2909 -0.0801 1.8257 -5.0243 12.0610 6.0716 -22.5140 -9.6875 6.2227 -2.2904 -15.4728 3.9547 12.3203 -4.6289 -2.7495 -26.7633 14.6077 -7.7915 34.0477 5.8522 -1.6344 18.2530 0.0000 -0.0000 0.0000 100.1833 -32.5361 -115.1318 8.9400 -15.0648 -1.1845 -0.0000 -0.0000 9.4159 38.7519 -22.0184 -16.7472 -7.1250 0.0000 -0.0000 6.0762 2.7044 -5.8160 0.0000 -0.0000 0.0000 -58.5904 26.3685 -65.8470 -17.1182 27.0134 -4.1409 0.0000 -0.0000 -8.3928 -18.2149 1.9670 -0.6471 7.1250 -0.0000 -0.0000 6.4514 -27.8897 2.7001
-0.6090 14.8672 9.7384 -2.8223 -18.7975 102.0490 0.0000 0.0000 0.0000 -17.3805 -16.5751 -53.9973 5.1118 13.5086 41.3033 1.5878 1.7846 23.3248 3.2267 11.0534 32.4601 0.0000 0.0000 0.0000 17.8122 16.2235 -49.9147 -4.2530 -12.4897 37.4872 -0.6488 -3.7660 14.4044 -0.1330 2.3510 -6.4766 11.9738 6.0688 -22.4258 -9.6262 6.2449 -2.2172 -15.3441 3.9646 12.3468 -4.7942 -2.8670 -26.7702 14.7376 -7.8502 33.4390 5.8705 -1.6661 17.9453 0.0000 0.0000 0.0000 100.3057 -32.9539 -116.9071 8.6525 -14.6049 -1.1109 -0.0000 -0.0000 10.8695 38.8745 -22.2414 -16.9690 -7.1250 0.0000 -0.0000 6.1047 2.4050 -5.8770 0.0000 0.0000 0.0000 -58.1490 26.1176 -64.6125 -16.9405 26.7793 -4.0605 0.0000 -0.0000 -5.6760 -18.7250 2.2393 -0.7588 7.1250 -0.0000 -0.0000 6.0456 -27.6001 2.5699
-0.6045 14.8618 9.7523 -2.7137 -18.7397 101.7650 0.0000 0.0000 0.0000 -17.3982 -16.4330 -54.2969 5.3226 13.7381 42.1985 1.5852 1.7940 23.3028 3.3005 11.1662 32.8426 0.0000 0.0000 0.0000 17.8005 16.2398 -50.3930 -4.4811 -12.7745 38.5301 -0.6763 -3.5717 14.7349 -0.1741 2.6879 -7.4110 11.9089 6.0735 -22.3436 -9.5612 6.2700 -2.1545 -15.2226 3.9756 12.3668 -4.9154 -2.9639 -26.7701 14.7745 -7.8659 32.8614 5.8484 -1.6873 17.6418 -0.0000 -0.0000 0.0000 100.4259 -33.3835 -118.8676 8.3419 -14.1056 -1.0339 -0.0000 -0.0000 12.4018 39.0469 -22.4822 -17.2327 -7.1250 0.0000 -0.0000 6.1586 2.0688 -5.9672 -0.0000 -0.0000 0.0000 -57.6792 25.8720 -63.3248 -16.7777 26.5638 -3.9874 0.0000 -0.0000 -2.9483 -19.3459 2.6754 -0.9389 7.1250 -0.0000 -0.0000 5.5507 -27.1337 2.4189
-0.5987 14.8554 9.7630 -2.6079 -18.6628 101.4930 0.0000 0.0000 0.0000 -17.4247 -16.2339 -54.6401 5.5727 14.0010 43.2415 1.5795 1.9804 23.2131 3.4317 11.3630 33.5143 0.0000 0.0000 0.0000 17.7461 16.3060 -50.9454 -4.7514 -13.0983 39.7374 -0.7168 -3.2990 15.2167 -0.1878 2.7911 -7.6977 11.8924 6.0746 -22.2616 -9.4915 6.2766 -2.1045 -15.1316 3.9781 12.3697 -4.9948 -3.0228 -26.7516 14.7080 -7.8053 32.2873 5.7871 -1.6873 17.3181 0.0000 0.0000 0.0000 100.2125 -33.9713 -119.8237 8.2808 -14.0070 -1.0190 -0.0000 -0.0000 13.0808 39.1321 -22.4995 -17.2939 -7.1250 0.0000 -0.0000 6.2059 2.0221 -6.0189 0.0000 0.0000 0.0000 -57.2537 25.6446 -62.0241 -16.6042 26.3330 -3.9101 0.0000 -0.0000 -0.2530 -20.1183 3.2521 -1.1905 7.1250 -0.0000 -0.0000 4.9415 -26.5106 2.2239
-0.5915 14.8481 9.7710 -2.5008 -18.5824 101.2310 0.0000 0.0000 0.0000 -17.4783 -15.9790 -55.0198 5.8577 14.2890 44.4078 1.5689 2.2860 23.0592 3.6061 11.6170 34.3901 0.0000 0.0000 0.0000 17.6428 16.4004 -51.5625 -5.0616 -13.4528 41.0882 -0.7650 -2.9630 15.7865 -0.1803 2.7350 -7.5418 11.9194 6.0646 -22.1759 -9.4225 6.2569 -2.0693 -15.0778 3.9678 12.3491 -5.0635 -3.0424 -26.6865 14.5918 -7.6662 31.6531 5.7134 -1.6639 16.9417 0.0000 -0.0000 0.0000 99.9037 -34.5680 -120.6241 8.1987 -13.8744 -0.9992 -0.0000 -0.0000 13.6807 39.2614 -22.4835 -17.3580 -7.1250 0.0000 -0.0000 6.2865 2.0010 -6.1004 0.0000 -0.0000 0.0000 -56.8997 25.5163 -60.9046 -16.4206 26.0876 -3.8290 0.0000 0.0000 2.4328 -20.9002 3.8300 -1.4611 7.1250 -0.0000 -0.0000 4.3340 -25.8779 2.0133
-0.5832 14.8403 9.7773 -2.3830 -18.5109 100.9750 0.0000 0.0000 0.0000 -17.5733 -15.6738 -55.4208 6.1714 14.5924 45.6658 1.5542 2.6387 22.8687 3.7971 11.8854 35.3279 0.0000 0.0000 0.0000 17.4892 16.5019 -52.2290 -5.4071 -13.8281 42.5531 -0.8167 -2.5844 16.3966 -0.1633 2.6032 -7.1758 11.9825 6.0375 -22.0788 -9.3610 6.2063 -2.0474 -15.0674 3.9426 12.3018 -5.1361 -3.0387 -26.5662 14.4675 -7.4768 30.9131 5.6403 -1.6258 16.5005 0.0000 -0.0000 0.0000 99.5030 -35.1565 -121.2710 8.0841 -13.6891 -0.9719 -0.0000 -0.0000 14.2458 39.4094 -22.4639 -17.4305 -7.1250 0.0000 -0.0000 6.3790 1.9783 -6.1938 0.0000 -0.0000 0.0000 -56.6154 25.5231 -60.0500 -16.2268 25.8272 -3.7442 0.0000 0.0000 5.0844 -21.6315 4.3564 -1.7254 7.1250 -0.0000 -0.0000 3.7741 -25.2937 1.8035
-0.5743 14.8324 9.7825 -2.2533 -18.4556 100.7250 0.0000 0.0000 0.0000 -17.7196 -15.3170 -55.8323 6.5064 14.9017 46.9816 1.5397 3.0038 22.6813 3.9830 12.1377 36.2209 0.0000 0.0000 0.0000 17.2866 16.6007 -52.9276 -5.7831 -14.2148 44.1047 -0.8707 -2.2030 17.0260 -0.1279 2.3054 -6.3505 12.0594 6.0006 -21.9704 -9.3154 6.1415 -2.0423 -15.0903 3.9094 12.2288 -5.2112 -3.0337 -26.3987 14.3683 -7.2866 30.0875 5.5753 -1.5876 16.0213 0.0000 0.0000 0.0000 99.0566 -35.7475 -121.9154 7.9361 -13.4493 -0.9372 -0.0000 -0.0000 14.9137 39.5441 -22.4488 -17.4987 -7.1250 0.0000 -0.0000 6.4626 1.9540 -6.2789 0.0000 0.0000 0.0000 -56.3325 25.5839 -59.2804 -16.0593 25.6010 -3.6715 0.0000 0.0000 7.4571 -22.2646 4.7923 -1.9590 7.1250 -0.0000 -0.0000 3.2958 -24.8034 1.6117
-0.5649 14.8248 9.7876 -2.1016 -18.4154 100.4800 0.0000 0.0000 0.0000 -17.9134 -14.9205 -56.2493 6.8562 15.2096 48.3282 1.5280 3.3293 22.5294 4.1351 12.3380 36.9385 0.0000 0.0000 0.0000 17.0466 16.6829 -53.6453 -6.1839 -14.6042 45.7155 -0.9265 -1.8576 17.6593 -0.0858 1.8895 -5.2003 12.1459 5.9601 -21.8535 -9.2944 6.0732 -2.0565 -15.1504 3.8737 12.1338 -5.2889 -3.0399 -26.1930 14.3286 -7.1280 29.1898 5.5288 -1.5579 15.5230 0.0000 -0.0000 0.0000 98.6036 -36.3363 -122.5946 7.7487 -13.1446 -0.8941 -0.0000 -0.0000 15.7253 39.6538 -22.4011 -17.5296 -7.1250 0.0000 -0.0000 6.5379 1.9760 -6.3505 0.0000 -0.0000 0.0000 -55.9885 25.6818 -58.5629 -15.9284 25.4235 -3.6152 0.0000 0.0000 9.5146 -22.7842 5.1366 -2.1537 7.1250 -0.0000 -0.0000 2.9071 -24.4116 1.4475
-0.5551 14.8180 9.7935 -1.9229 -18.3857 100.2420 0.0000 0.0000 0.0000 -18.1506 -14.4880 -56.6656 7.2149 15.5102 49.6824 1.5210 3.5838 22.4294 4.2347 12.4663 37.4021 0.0000 0.0000 0.0000 16.7848 16.7404 -54.3700 -6.6048 -14.9898 47.3632 -0.9835 -1.5671 18.2831 -0.0440 1.3535 -3.7220 12.2326 5.9240 -21.7331 -9.3009 6.0148 -2.0874 -15.2396 3.8424 12.0264 -5.3479 -3.0612 -25.9696 14.3384 -7.0151 28.2561 5.4923 -1.5405 15.0284 0.0000 0.0000 0.0000 98.1927 -36.9323 -123.4989 7.5300 -12.7882 -0.8450 -0.0000 -0.0000 16.8577 39.7159 -22.3502 -17.5303 -7.1250 0.0000 -0.0000 6.5856 2.0169 -6.3926 0.0000 0.0000 0.0000 -55.5389 25.7326 -57.7413 -15.8545 25.3230 -3.5835 0.0000 0.0000 11.0054 -23.1410 5.4001 -2.3033 7.1250 -0.0000 -0.0000 2.6425 -24.1111 1.3338
-0.5450 14.8123 9.8010 -1.7181 -18.3501 100.0130 0.0000 0.0000 0.0000 -18.4117 -14.0221 -57.0892 7.5784 15.8002 51.0294 1.5191 3.7242 22.3914 4.2561 12.4936 37.5013 0.0000 0.0000 0.0000 16.5181 16.7904 -55.0853 -7.0400 -15.3654 49.0253 -1.0421 -1.3925 18.8801 -0.0125 0.7227 -1.9860 12.3350 5.9000 -21.6166 -9.3336 5.9720 -2.1337 -15.3634 3.8196 11.9153 -5.3520 -3.0788 -25.7546 14.3425 -6.9231 27.3473 5.4447 -1.5268 14.5615 0.0000 -0.0000 0.0000 97.8364 -37.5335 -124.6936 7.2822 -12.3827 -0.7910 -0.0000 -0.0000 18.4103 39.7409 -22.3198 -17.5237 -7.1250 0.0000 -0.0000 6.6069 2.0450 -6.4101 0.0000 -0.0000 0.0000 -54.9514 25.6852 -56.6985 -15.8288 25.2880 -3.5725 0.0000 0.0000 11.8749 -23.4735 5.6338 -2.4412 7.1250 -0.0000 -0.0000 2.3975 -23.8422 1.2248
-0.5345 14.8082 9.8101 -1.4930 -18.3076 99.7960 0.0000 0.0000 0.0000 -18.6937 -13.5262 -57.5111 7.9411 16.0758 52.3504 1.5221 3.7897 22.4032 4.2181 12.4450 37.3251 0.0000 0.0000 0.0000 16.2557 16.8281 -55.7849 -7.4844 -15.7266 50.6836 -1.1025 -1.3354 19.4489 -0.0000 0.0312 -0.0857 12.4419 5.8933 -21.5062 -9.3899 5.9543 -2.1966 -15.5080 3.8091 11.8022 -5.2998 -3.0962 -25.5699 14.3422 -6.8639 26.5220 5.3881 -1.5199 14.1516 -0.0000 -0.0000 0.0000 97.5448 -38.1604 -126.2764 7.0228 -11.9568 -0.7364 -0.0000 -0.0000 20.4747 39.7436 -22.3108 -17.5190 -7.1250 0.0000 -0.0000 6.6104 2.0548 -6.4124 -0.0000 -0.0000 0.0000 -54.1969 25.6212 -55.6292 -15.8425 25.3066 -3.5784 0.0000 0.0000 12.3757 -23.7612 5.8002 -2.5474 7.1250 -0.0000 -0.0000 2.1863 -23.6475 1.1265
-0.5238 14.8063 9.8218 -1.2552 -18.2570 99.5850 0.0000 0.0000 0.0000 -18.9944 -12.9990 -57.9211 8.2986 16.3345 53.6312 1.5293 3.7951 22.4575 4.1249 12.3248 36.8909 0.0000 0.0000 0.0000 16.0065 16.8528 -56.4512 -7.9318 -16.0688 52.3165 -1.1641 -1.3778 19.9871 -0.0115 -0.6936 1.9061 12.5612 5.8975 -21.3944 -9.4616 5.9508 -2.2691 -15.6733 3.8061 11.6867 -5.2076 -3.1057 -25.4167 14.3381 -6.8184 25.7765 5.3286 -1.5137 13.7916 0.0000 0.0000 0.0000 97.2739 -38.8138 -128.1908 6.7682 -11.5372 -0.6845 -0.0000 -0.0000 23.0075 39.7482 -22.3445 -17.5453 -7.1250 0.0000 -0.0000 6.6060 2.0134 -6.4131 0.0000 0.0000 0.0000 -53.3368 25.5321 -54.5257 -15.8760 25.3523 -3.5927 0.0000 0.0000 12.3986 -24.0435 5.8844 -2.6188 7.1250 -0.0000 -0.0000 1.9784 -23.5415 1.0241
-0.5132 14.8071 9.8372 -1.0130 -18.2070 99.3778 0.0000 0.0000 0.0000 -19.3222 -12.4443 -58.3032 8.6441 16.5732 54.8511 1.5406 3.7765 22.5470 3.9935 12.1518 36.2710 0.0000 0.0000 0.0000 15.7698 16.8503 -57.0751 -8.3758 -16.3888 53.9053 -1.2264 -1.4782 20.5009 -0.0472 -1.4022 3.8563 12.6878 5.9073 -21.2784 -9.5431 5.9553 -2.3471 -15.8524 3.8071 11.5682 -5.0895 -3.1030 -25.2814 14.3278 -6.7709 25.0873 5.2682 -1.5042 13.4641 -0.0000 -0.0000 0.0000 96.9809 -39.4948 -130.3150 6.5362 -11.1535 -0.6389 -0.0000 -0.0000 25.8515 39.7808 -22.4012 -17.6040 -7.1250 0.0000 -0.0000 6.6137 1.9360 -6.4299 -0.0000 -0.0000 0.0000 -52.3934 25.4514 -53.4486 -15.9170 25.4079 -3.6103 0.0000 0.0000 11.9977 -24.3716 5.8932 -2.6631 7.1250 -0.0000 -0.0000 1.7356 -23.5153 0.8994
-0.5025 14.8108 9.8566 -0.7802 -18.1523 99.1875 0.0000 0.0000 0.0000 -19.6649 -11.8646 -58.6642 8.9732 16.7904 55.9973 1.5559 3.7478 22.6679 3.8352 11.9378 35.5123 0.0000 0.0000 0.0000 15.5520 16.8279 -57.6596 -8.8103 -16.6841 55.4318 -1.2882 -1.5914 20.9947 -0.1009 -2.0489 5.6408 12.8314 5.9263 -21.1635 -9.6295 5.9689 -2.4294 -16.0444 3.8134 11.4516 -4.9644 -3.0933 -25.1522 14.3280 -6.7212 24.4162 5.2146 -1.4924 13.1511 0.0000 -0.0000 0.0000 96.6354 -40.1922 -132.5000 6.3384 -10.8254 -0.6012 -0.0000 -0.0000 28.7523 39.8207 -22.5218 -17.7118 -7.1250 0.0000 -0.0000 6.6121 1.7806 -6.4469 0.0000 -0.0000 0.0000 -51.3801 25.4165 -52.4663 -15.9537 25.4579 -3.6261 0.0000 0.0000 11.3019 -24.7709 5.7855 -2.6633 7.1250 -0.0000 -0.0000 1.4375 -23.6129 0.7416
-0.4918 14.8176 9.8801 -0.5650 -18.1121 99.0118 0.0000 0.0000 0.0000 -20.0395 -11.2685 -58.9889 9.2810 16.9852 57.0570 1.5751 3.7324 22.8155 3.6660 11.7022 34.6864 0.0000 0.0000 0.0000 15.3332 16.7835 -58.1985 -9.2304 -16.9537 56.8837 -1.3484 -1.6727 21.4723 -0.1689 -2.6478 7.2997 12.9674 5.9508 -21.0477 -9.7197 5.9929 -2.5127 -16.2332 3.8245 11.3375 -4.8467 -3.0799 -25.0196 14.3442 -6.6685 23.7524 5.1715 -1.4791 12.8461 -0.0000 -0.0000 0.0000 96.2176 -40.9054 -134.5820 6.1850 -10.5704 -0.5727 -0.0000 -0.0000 31.4378 39.8487 -22.7122 -17.8612 -7.1250 0.0000 -0.0000 6.5885 1.5465 -6.4514 -0.0000 -0.0000 0.0000 -50.3011 25.3927 -51.4802 -15.9946 25.5133 -3.6436 0.0000 0.0000 10.2893 -25.2543 5.5542 -2.6141 7.1250 -0.0000 -0.0000 1.0733 -23.8431 0.5479
-0.4806 14.8268 9.9069 -0.3736 -18.0846 98.8645 0.0000 0.0000 0.0000 -20.4301 -10.6749 -59.2869 9.5658 17.1584 58.0271 1.5986 3.7587 22.9872 3.5088 11.4763 33.9037 0.0000 0.0000 0.0000 15.1070 16.7334 -58.6983 -9.6330 -17.1982 58.2544 -1.4032 -1.7704 21.8911 -0.2371 -3.1335 8.6508 13.0967 5.9856 -20.9493 -9.8118 6.0313 -2.5968 -16.4140 3.8429 11.2367 -4.7484 -3.0688 -24.8817 14.3873 -6.6194 23.0942 5.1437 -1.4670 12.5495 0.0000 0.0000 0.0000 95.7119 -41.6178 -136.3042 6.0653 -10.3710 -0.5509 -0.0000 -0.0000 33.5696 39.8534 -22.9170 -18.0067 -7.1250 0.0000 -0.0000 6.5479 1.3028 -6.4398 0.0000 0.0000 0.0000 -49.1587 25.3856 -50.5187 -16.0345 25.5674 -3.6609 0.0000 0.0000 9.1417 -25.8023 5.2127 -2.5151 7.1250 -0.0000 -0.0000 0.6568 -24.1935 0.3300
-0.4684 14.8382 9.9362 -0.2035 -18.0539 98.7439 0.0000 0.0000 0.0000 -20.8100 -10.0965 -59.5575 9.8264 17.3111 58.9067 1.6246 3.7905 23.1762 3.3580 11.2532 33.1387 0.0000 0.0000 0.0000 14.8931 16.6818 -59.1573 -10.0148 -17.4182 59.5378 -1.4489 -1.8481 22.2358 -0.2924 -3.4772 9.6103 13.2283 6.0274 -20.8657 -9.8963 6.0767 -2.6744 -16.5838 3.8659 11.1528 -4.6609 -3.0596 -24.7357 14.4483 -6.5674 22.3925 5.1243 -1.4552 12.2395 -0.0000 0.0000 0.0000 95.1151 -42.3229 -137.5467 5.9773 -10.2243 -0.5352 -0.0000 -0.0000 34.9898 39.8253 -23.0626 -18.0910 -7.1250 0.0000 -0.0000 6.5002 1.1401 -6.4113 -0.0000 0.0000 0.0000 -47.9689 25.4250 -49.6954 -16.0565 25.5972 -3.6704 0.0000 0.0000 8.1342 -26.3537 4.7807 -2.3643 7.1250 -0.0000 -0.0000 0.2330 -24.6475 0.1146
-0.4547 14.8508 9.9674 -0.0590 -18.0344 98.6547 0.0000 0.0000 0.0000 -21.1865 -9.5500 -59.7976 10.0619 17.4445 59.6951 1.6502 3.8044 23.3631 3.2128 11.0319 32.3875 0.0000 0.0000 0.0000 14.6697 16.6437 -59.5780 -10.3743 -17.6150 60.7321 -1.4827 -1.9355 22.4796 -0.3324 -3.7055 10.2495 13.3415 6.0667 -20.8075 -9.9663 6.1188 -2.7375 -16.7248 3.8879 11.0925 -4.5756 -3.0376 -24.5539 14.4905 -6.4749 21.5694 5.1002 -1.4343 11.8745 0.0000 -0.0000 0.0000 94.3995 -43.0158 -138.1663 5.9124 -10.1160 -0.5238 -0.0000 -0.0000 35.6328 39.7804 -22.9643 -17.9959 -7.1250 0.0000 -0.0000 6.4946 1.2704 -6.3904 0.0000 -0.0000 0.0000 -46.7836 25.4902 -48.9974 -16.0575 25.5986 -3.6708 0.0000 0.0000 7.3463 -26.8506 4.2869 -2.1672 7.1250 -0.0000 -0.0000 -0.1543 -25.1771 -0.0740
-0.4393 14.8642 10.0001 0.0658 -18.0200 98.5841 0.0000 0.0000 0.0000 -21.5471 -9.0463 -59.9897 10.2707 17.5593 60.3894 1.6730 3.7928 23.5324 3.0761 10.8173 31.6661 0.0000 0.0000 0.0000 14.4518 16.6106 -59.9460 -10.7081 -17.7892 61.8298 -1.5036 -2.0378 22.6170 -0.3614 -3.8621 10.6890 13.4391 6.1003 -20.7642 -10.0180 6.1532 -2.7856 -16.8364 3.9065 11.0491 -4.4774 -3.0001 -24.3317 14.4987 -6.3394 20.6209 5.0636 -1.4041 11.4531 0.0000 0.0000 0.0000 93.5720 -43.7082 -138.1786 5.8675 -10.0409 -0.5159 -0.0000 -0.0000 35.5645 39.7271 -22.5675 -17.6885 -7.1250 0.0000 -0.0000 6.5467 1.7561 -6.3852 0.0000 0.0000 0.0000 -45.6051 25.5672 -48.4217 -16.0453 25.5820 -3.6655 0.0000 0.0000 6.9121 -27.2116 3.7376 -1.9197 7.1250 -0.0000 -0.0000 -0.4429 -25.7786 -0.2062
-0.4221 14.8782 10.0348 0.1747 -18.0182 98.5258 0.0000 0.0000 0.0000 -21.8961 -8.5949 -60.1211 10.4509 17.6557 60.9850 1.6909 3.7434 23.6716 2.9453 10.6061 30.9625 0.0000 0.0000 0.0000 14.2431 16.5614 -60.2579 -11.0126 -17.9413 62.8226 -1.5137 -2.1363 22.6721 -0.3863 -3.9915 11.0528 13.5129 6.1235 -20.7309 -10.0509 6.1755 -2.8202 -16.9146 3.9184 11.0154 -4.3607 -2.9429 -24.0647 14.4611 -6.1562 19.5558 5.0115 -1.3632 10.9795 0.0000 0.0000 0.0000 92.6275 -44.4138 -137.6437 5.8443 -10.0022 -0.5119 -0.0000 -0.0000 34.9138 39.6595 -21.8999 -17.1823 -7.1250 0.0000 -0.0000 6.6455 2.5684 -6.3847 0.0000 0.0000 0.0000 -44.4411 25.6450 -47.9079 -16.0270 25.5573 -3.6576 0.0000 0.0000 6.7679 -27.4146 3.1857 -1.6510 7.1250 -0.0000 -0.0000 -0.6127 -26.3919 -0.2765
-0.4031 14.8924 10.0715 0.2729 -18.0381 98.4709 0.0000 0.0000 0.0000 -22.2397 -8.2061 -60.1780 10.6013 17.7344 61.4798 1.7028 3.6633 23.7728 2.8218 10.4008 30.2845 0.0000 0.0000 0.0000 14.0386 16.4855 -60.5028 -11.2845 -18.0715 63.7021 -1.5148 -2.2149 22.6613 -0.4214 -4.1665 11.5455 13.5599 6.1323 -20.7084 -10.0653 6.1810 -2.8411 -16.9598 3.9210 10.9899 -4.2317 -2.8622 -23.7418 14.3686 -5.9175 18.3747 4.9439 -1.3095 10.4535 -0.0000 0.0000 0.0000 91.5524 -45.1305 -136.6414 5.8397 -9.9946 -0.5111 -0.0000 -0.0000 33.8546 39.5832 -21.0560 -16.5438 -7.1250 0.0000 -0.0000 6.7720 3.5960 -6.3794 -0.0000 0.0000 0.0000 -43.3020 25.6994 -47.3405 -16.0132 25.5386 -3.6517 0.0000 0.0000 6.7097 -27.4912 2.7394 -1.4247 7.1250 -0.0000 -0.0000 -0.6831 -26.8921 -0.3003
-0.3818 14.9061 10.1099 0.3551 -18.0618 98.4378 0.0000 0.0000 0.0000 -22.5511 -7.8858 -60.1837 10.7227 17.7967 61.8778 1.7095 3.5717 23.8379 2.7120 10.2136 29.6712 0.0000 0.0000 0.0000 13.8528 16.4012 -60.6941 -11.5211 -18.1808 64.4626 -1.5078 -2.2725 22.5944 -0.4680 -4.3877 12.1701 13.6050 6.1435 -20.7122 -10.0667 6.1855 -2.8604 -16.9862 3.9230 10.9766 -4.1071 -2.7835 -23.3843 14.2762 -5.6748 17.1331 4.8789 -1.2581 9.9106 0.0000 -0.0000 0.0000 90.3685 -45.8629 -135.3335 5.8559 -10.0216 -0.5139 -0.0000 -0.0000 32.5792 39.4802 -20.2139 -15.8879 -7.1250 0.0000 -0.0000 6.8778 4.6332 -6.3465 0.0000 -0.0000 0.0000 -42.1498 25.7283 -46.6663 -16.0201 25.5479 -3.6546 0.0000 0.0000 6.6620 -27.4428 2.3580 -1.2240 7.1250 -0.0000 -0.0000 -0.6553 -27.3230 -0.2814
-0.3584 14.9192 10.1493 0.4193 -18.0850 98.4283 0.0000 0.0000 0.0000 -22.8210 -7.6363 -60.1491 10.8173 17.8445 62.1868 1.7118 3.4689 23.8730 2.6119 10.0385 29.1015 0.0000 0.0000 0.0000 13.6884 16.3198 -60.8303 -11.7202 -18.2698 65.0990 -1.4938 -2.2749 22.4852 -0.5326 -4.6765 12.9883 13.6582 6.1648 -20.7407 -10.0621 6.1983 -2.8845 -17.0050 3.9292 10.9733 -4.1589 -2.7850 -22.7951 14.4608 -5.5122 15.6012 4.9246 -1.2455 9.2620 -0.0000 -0.0000 0.0000 89.0961 -46.6117 -133.8353 5.8894 -10.0776 -0.5197 -0.0000 -0.0000 31.2408 39.3539 -19.4913 -15.3030 -7.1250 0.0000 -0.0000 6.9418 5.5365 -6.2871 -0.0000 -0.0000 0.0000 -40.9557 25.7453 -45.8690 -16.0523 25.5915 -3.6685 0.0000 0.0000 6.5149 -27.2836 2.0637 -1.0640 7.1250 -0.0000 -0.0000 -0.5392 -27.6579 -0.2273
-0.3329 14.9313 10.1888 0.4627 -18.1131 98.4502 0.0000 0.0000 0.0000 -23.0501 -7.4655 -60.0848 10.8864 17.8791 62.4123 1.7122 3.4058 23.8877 2.5372 9.9052 28.6704 0.0000 0.0000 0.0000 13.5305 16.2619 -60.9182 -11.8808 -18.3398 65.6104 -1.4729 -2.2796 22.3206 -0.6038 -4.9740 13.8343 13.7102 6.2016 -20.7991 -10.0602 6.2293 -2.9208 -17.0168 3.9439 10.9789 -4.3533 -2.8586 -22.0435 14.8864 -5.4299 13.9003 5.0652 -1.2695 8.5642 -0.0000 0.0000 0.0000 87.7610 -47.3691 -132.1688 5.9277 -10.1415 -0.5264 -0.0000 -0.0000 29.8984 39.2277 -18.8999 -14.8123 -7.1250 0.0000 -0.0000 6.9774 6.2833 -6.2193 -0.0000 0.0000 0.0000 -39.6904 25.7668 -44.9619 -16.1144 25.6755 -3.6954 0.0000 0.0000 6.2306 -27.0408 1.8227 -0.9301 7.1250 -0.0000 -0.0000 -0.3563 -27.9335 -0.1479
-0.3055 14.9420 10.2282 0.4910 -18.1186 98.5001 0.0000 0.0000 0.0000 -23.2062 -7.3721 -59.9977 10.9319 17.9016 62.5602 1.7136 3.4063 23.8978 2.4921 9.8235 28.4069 0.0000 0.0000 0.0000 13.4092 16.2376 -60.9480 -11.9998 -18.3906 65.9882 -1.4461 -2.2730 22.1112 -0.6706 -5.2368 14.5852 13.7861 6.2570 -20.8799 -10.0591 6.2774 -2.9694 -17.0353 3.9677 10.9914 -4.6772 -3.0056 -21.2910 15.5673 -5.4572 12.2573 5.3057 -1.3306 7.9270 0.0000 -0.0000 0.0000 86.3805 -48.1316 -130.2926 5.9647 -10.2032 -0.5330 -0.0000 -0.0000 28.5186 39.1578 -18.3803 -14.4015 -7.1250 0.0000 -0.0000 7.0323 6.9291 -6.1805 0.0000 -0.0000 0.0000 -38.3326 25.8653 -44.1085 -16.1853 25.7713 -3.7262 0.0000 0.0000 5.9259 -26.7499 1.6302 -0.8215 7.1250 -0.0000 -0.0000 -0.1341 -28.1543 -0.0550
-0.2766 14.9511 10.2676 0.5016 -18.1172 98.5787 0.0000 0.0000 0.0000 -23.3071 -7.3575 -59.8872 10.9525 17.9118 62.6272 1.7184 3.4910 23.9170 2.4775 9.7969 28.3214 0.0000 0.0000 0.0000 13.3039 16.2492 -60.9205 -12.0749 -18.4221 66.2259 -1.4176 -2.2603 21.8880 -0.7358 -5.4802 15.2835 13.8650 6.3198 -20.9807 -10.0577 6.3322 -3.0288 -17.0505 3.9937 11.0045 -5.0511 -3.1711 -20.4706 16.3466 -5.4933 10.5530 5.5872 -1.4025 7.2784 0.0000 0.0000 0.0000 84.9282 -48.8977 -128.0335 6.0014 -10.2646 -0.5395 -0.0000 -0.0000 26.9530 39.1804 -17.7677 -13.9665 -7.1250 0.0000 -0.0000 7.1607 7.6643 -6.1915 0.0000 0.0000 0.0000 -36.9174 26.0739 -43.3572 -16.2567 25.8674 -3.7572 0.0000 0.0000 5.5830 -26.4415 1.4312 -0.7116 7.1250 -0.0000 -0.0000 0.1028 -28.3814 0.0416
-0.2466 14.9584 10.3073 0.4999 -18.1118 98.6699 0.0000 0.0000 0.0000 -23.3613 -7.4135 -59.7371 10.9471 17.9091 62.6095 1.7265 3.6702 23.9428 2.4953 9.8293 28.4257 0.0000 0.0000 0.0000 13.2149 16.2895 -60.8179 -12.1025 -18.4337 66.3134 -1.3911 -2.2394 21.6807 -0.7996 -5.7072 15.9373 13.9434 6.3824 -21.0914 -10.0541 6.3849 -3.0939 -17.0625 4.0177 11.0149 -4.7489 -3.2861 -19.3472 16.2107 -5.4219 8.3148 5.4457 -1.5151 6.3519 0.0000 -0.0000 0.0000 83.3856 -49.6730 -125.2234 6.0465 -10.3397 -0.5476 -0.0000 -0.0000 24.9895 39.2952 -16.9804 -13.4413 -7.1250 0.0000 -0.0000 7.3779 8.5916 -6.2463 0.0000 -0.0000 0.0000 -35.4602 26.4033 -42.7202 -16.3273 25.9624 -3.7881 0.0000 0.0000 5.1844 -26.1546 1.1992 -0.5888 7.1250 -0.0000 -0.0000 0.3243 -28.6437 0.1291
-0.2160 14.9641 10.3479 0.4902 -18.1097 98.7659 0.0000 0.0000 0.0000 -23.3822 -7.5358 -59.5378 10.9133 17.8924 62.4997 1.7364 3.9458 23.9668 2.5469 9.9227 28.7267 0.0000 0.0000 0.0000 13.1400 16.3376 -60.6396 -12.0801 -18.4243 66.2425 -1.3709 -2.1922 21.5287 -0.8503 -5.8812 16.4402 14.0091 6.4395 -21.2034 -10.0485 6.4322 -3.1662 -17.0661 4.0366 11.0137 -3.7540 -3.3214 -18.0334 15.1337 -5.2433 5.6808 4.9036 -1.6514 5.2206 0.0000 0.0000 0.0000 81.7366 -50.4718 -121.7382 6.1187 -10.4600 -0.5606 -0.0000 -0.0000 22.4045 39.4795 -16.0473 -12.8279 -7.1250 0.0000 -0.0000 7.6643 9.6865 -6.3239 0.0000 0.0000 0.0000 -33.9628 26.8624 -42.1927 -16.3985 26.0580 -3.8193 0.0000 0.0000 4.6954 -25.9083 0.9273 -0.4504 7.1250 -0.0000 -0.0000 0.5154 -28.9487 0.2015
-0.1849 14.9683 10.3897 0.4692 -18.1185 98.8665 0.0000 0.0000 0.0000 -23.3828 -7.7148 -59.2919 10.8510 17.8614 62.2968 1.7457 4.3040 23.9761 2.6279 10.0668 29.1934 0.0000 0.0000 0.0000 13.0697 16.3914 -60.3897 -12.0061 -18.3932 66.0081 -1.3597 -2.1203 21.4542 -0.8823 -5.9880 16.7497 14.0554 6.4930 -21.3199 -10.0441 6.4784 -3.2443 -17.0592 4.0529 11.0059 -1.9765 -3.2564 -16.5522 13.0183 -4.9746 2.6406 3.9496 -1.8091 3.8938 -0.0000 0.0000 0.0000 79.9725 -51.2976 -117.4928 6.2416 -10.6645 -0.5831 -0.0000 -0.0000 18.9905 39.6725 -15.0362 -12.1433 -7.1250 0.0000 -0.0000 7.9692 10.8850 -6.3846 -0.0000 0.0000 0.0000 -32.4164 27.4296 -41.7416 -16.4823 26.1703 -3.8562 0.0000 0.0000 4.0496 -25.6273 0.5619 -0.2696 7.1250 -0.0000 -0.0000 0.7358 -29.3562 0.2806
-0.1535 14.9709 10.4321 0.4281 -18.1460 98.9787 0.0000 0.0000 0.0000 -23.3760 -7.9399 -59.0111 10.7608 17.8160 62.0023 1.7502 4.7163 23.9489 2.7324 10.2487 29.7858 0.0000 0.0000 0.0000 12.9909 16.4594 -60.0818 -11.8809 -18.3399 65.6109 -1.3584 -2.0302 21.4652 -0.8892 -6.0106 16.8153 14.0727 6.5526 -21.4441 -10.0478 6.5392 -3.3339 -17.0383 4.0741 10.9934 0.2570 -3.0965 -15.0202 10.0385 -4.6555 -0.6992 2.9751 -1.9775 2.7090 0.0000 0.0000 0.0000 78.1033 -52.1692 -112.5319 6.4480 -11.0073 -0.6219 -0.0000 -0.0000 14.6813 39.8447 -14.0197 -11.4289 -7.1250 0.0000 -0.0000 8.2602 12.1053 -6.4129 0.0000 0.0000 0.0000 -30.7906 28.0785 -41.3206 -16.5974 26.3240 -3.9071 0.0000 0.0000 3.2283 -25.2798 0.0221 -0.0104 7.1250 -0.0000 -0.0000 1.0130 -29.9545 0.3719
-0.1219 14.9719 10.4752 0.3612 -18.1800 99.1046 0.0000 0.0000 0.0000 -23.3508 -8.1960 -58.7084 10.6448 17.7568 61.6224 1.7477 5.1471 23.8758 2.8487 10.4461 30.4336 0.0000 0.0000 0.0000 12.9185 16.5480 -59.7190 -11.7052 -18.2632 65.0512 -1.3666 -1.9319 21.5558 -0.8647 -5.9294 16.5797 14.0706 6.6255 -21.5751 -10.0609 6.6230 -3.4356 -17.0070 4.1050 10.9793 2.5684 -2.9037 -13.7866 7.4861 -4.4329 -3.3847 1.7128 -2.0958 1.3946 -0.0000 0.0000 0.0000 76.1401 -53.0950 -107.0515 6.7695 -11.5393 -0.6848 -0.0000 -0.0000 9.5917 39.9809 -13.0886 -10.7520 -7.1250 0.0000 -0.0000 8.5116 13.2365 -6.4092 -0.0000 0.0000 0.0000 -29.0644 28.7746 -40.8851 -16.7609 26.5415 -3.9799 0.0000 0.0000 2.1654 -24.8506 -0.6932 0.3210 7.1250 -0.0000 -0.0000 1.3638 -30.7421 0.4751
-0.0906 14.9714 10.5189 0.2596 -18.2177 99.2520 0.0000 0.0000 0.0000 -23.3050 -8.4709 -58.4031 10.5046 17.6840 61.1619 1.7378 5.5627 23.7588 2.9626 10.6342 31.0560 0.0000 0.0000 0.0000 12.8530 16.6731 -59.3123 -11.4805 -18.1623 64.3324 -1.3838 -1.8647 21.7115 -0.8171 -5.7680 16.1128 14.0467 6.7203 -21.7174 -10.0864 6.7420 -3.5498 -16.9622 4.1522 10.9707 4.3581 -2.7498 -12.8518 5.5365 -4.2854 -5.5768 0.8239 -2.1928 0.4088 0.0000 -0.0000 0.0000 74.1084 -54.0689 -101.3213 7.2263 -12.2910 -0.7791 -0.0000 -0.0000 3.9383 40.0612 -12.3145 -10.1679 -7.1250 0.0000 -0.0000 8.6979 14.1894 -6.3757 0.0000 -0.0000 0.0000 -27.2095 29.4902 -40.4215 -16.9886 26.8428 -4.0822 0.0000 0.0000 0.8483 -24.3738 -1.5414 0.6983 7.1250 -0.0000 -0.0000 1.7657 -31.6689 0.5760
-0.0593 14.9693 10.5629 0.1240 -18.2535 99.4214 0.0000 0.0000 0.0000 -23.2361 -8.7566 -58.1058 10.3413 17.5974 60.6232 1.7221 5.9387 23.6116 3.0614 10.7938 31.5876 0.0000 0.0000 0.0000 12.7964 16.8477 -58.8643 -11.2096 -18.0361 63.4604 -1.4073 -1.8580 21.9019 -0.7591 -5.5643 15.5252 14.0096 6.8366 -21.8732 -10.1198 6.8931 -3.6713 -16.9044 4.2153 10.9729 5.5167 -2.6526 -12.3080 4.3307 -4.2110 -7.0844 0.2968 -2.2621 -0.2159 0.0000 -0.0000 0.0000 72.0093 -55.0829 -95.6863 7.8328 -13.2815 -0.9133 -0.0000 0.0000 -1.9052 40.0909 -11.7376 -9.7176 -7.1250 0.0000 -0.0000 8.8160 14.9086 -6.3277 0.0000 -0.0000 0.0000 -25.2391 30.2148 -39.9377 -17.2895 27.2379 -4.2190 0.0000 -0.0000 -0.7251 -23.9209 -2.4439 1.0836 7.1250 -0.0000 -0.0000 2.1632 -32.6478 0.6548
-0.0282 14.9658 10.6076 -0.0377 -18.2848 99.6079 0.0000 0.0000 0.0000 -23.1433 -9.0528 -57.8151 10.1542 17.4957 60.0025 1.7026 6.2702 23.4458 3.1411 10.9201 32.0108 0.0000 0.0000 0.0000 12.7568 17.0560 -58.3818 -10.8957 -17.8837 62.4424 -1.4358 -1.9225 22.1139 -0.6971 -5.3371 14.8724 13.9620 6.9727 -22.0382 -10.1625 7.0737 -3.7988 -16.8381 4.2931 10.9850 5.8783 -2.6362 -12.0276 4.0797 -4.1774 -7.9993 0.1820 -2.2962 -0.5596 0.0000 -0.0000 0.0000 69.8667 -56.1362 -90.4269 8.5897 -14.5042 -1.0951 -0.0000 0.0000 -7.6016 40.0700 -11.3870 -9.4296 -7.1250 0.0000 -0.0000 8.8614 15.3538 -6.2755 0.0000 -0.0000 0.0000 -23.1348 30.9392 -39.4311 -17.6788 27.7439 -4.3987 0.0000 -0.0000 -2.5394 -23.6353 -3.2610 1.4260 7.1250 -0.0000 -0.0000 2.4332 -33.5314 0.6847
0.0030 14.9609 10.6529 -0.2164 -18.3225 99.8004 0.0000 0.0000 0.0000 -23.0452 -9.3565 -57.5197 9.9414 17.3768 59.2922 1.6801 6.5513 23.2661 3.1987 11.0100 32.3137 0.0000 0.0000 0.0000 12.7276 17.2789 -57.8662 -10.5436 -17.7044 61.2904 -1.4664 -2.0516 22.3238 -0.6362 -5.1034 14.2037 13.9005 7.1275 -22.2119 -10.2230 7.2848 -3.9270 -16.7712 4.3877 11.0141 6.2684 -2.6437 -11.7434 3.8241 -4.1817 -8.8779 0.0586 -2.3491 -0.8934 0.0000 -0.0000 0.0000 67.7192 -57.2283 -85.6883 9.4852 -15.9303 -1.3302 -0.0000 0.0000 -12.9114 39.9938 -11.2377 -9.2850 -7.1250 0.0000 -0.0000 8.8354 15.5560 -6.2177 0.0000 -0.0000 0.0000 -20.8547 31.6457 -38.8861 -18.1802 28.3873 -4.6346 0.0000 -0.0000 -4.5690 -23.5158 -3.9265 1.7067 7.1250 -0.0000 -0.0000 2.5674 -34.2521 0.6777
0.0345 14.9550 10.6988 -0.3990 -18.3701 99.9897 0.0000 0.0000 0.0000 -22.9493 -9.6713 -57.2120 9.7023 17.2390 58.4886 1.6530 6.7931 23.0578 3.2409 11.0752 32.5338 0.0000 0.0000 0.0000 12.7108 17.4918 -57.3256 -10.1593 -17.4984 60.0194 -1.4952 -2.2074 22.5118 -0.5747 -4.8549 13.4951 13.8206 7.2960 -22.3843 -10.3039 7.5218 -4.0608 -16.7063 4.4953 11.0481 6.7077 -2.6701 -11.4500 3.5454 -4.2189 -9.7181 -0.0830 -2.4192 -1.2233 0.0000 -0.0000 0.0000 65.5802 -58.3818 -81.5096 10.5021 -17.5211 -1.6229 -0.0000 0.0000 -17.6258 39.9051 -11.2491 -9.2655 -7.1250 0.0000 -0.0000 8.7741 15.5579 -6.1731 0.0000 -0.0000 0.0000 -18.3460 32.3180 -38.2370 -18.8256 29.2015 -4.9455 0.0000 -0.0000 -6.8098 -23.5733 -4.3698 1.9041 7.1250 -0.0000 -0.0000 2.5464 -34.7368 0.6421
0.0668 14.9485 10.7456 -0.5427 -18.4305 100.1350 0.0000 0.0000 0.0000 -22.8659 -10.0211 -56.8520 9.4372 17.0810 57.5901 1.6214 6.9816 22.8209 3.2660 11.1137 32.6644 0.0000 0.0000 0.0000 12.7181 17.6348 -56.7442 -9.7493 -17.2665 58.6472 -1.5184 -2.3567 22.6570 -0.5112 -4.5829 12.7228 13.7327 7.4645 -22.5322 -10.4102 7.7675 -4.1936 -16.6651 4.6087 11.0790 7.2020 -2.7164 -11.1489 3.2535 -4.2902 -10.5124 -0.2404 -2.5071 -1.5486 0.0000 -0.0000 0.0000 63.5456 -59.6041 -77.9436 11.5734 -19.1618 -1.9600 -0.0000 0.0000 -21.6035 39.8398 -11.4112 -9.3735 -7.1250 0.0000 -0.0000 8.7034 15.3662 -6.1585 0.0000 -0.0000 0.0000 -15.5198 32.9089 -37.3830 -19.6745 30.2482 -5.3664 0.0000 -0.0000 -9.2592 -23.7216 -4.6776 2.0523 7.1250 -0.0000 -0.0000 2.4425 -35.0785 0.5956
0.0996 14.9410 10.7924 -0.6848 -18.4953 100.2730 0.0000 0.0000 0.0000 -22.7830 -10.3730 -56.4890 9.1506 16.9036 56.6093 1.5809 7.1270 22.5214 3.2808 11.1363 32.7410 0.0000 0.0000 0.0000 12.7526 17.7435 -56.1567 -9.3211 -17.0099 57.1939 -1.5338 -2.4324 22.7583 -0.4522 -4.3143 11.9625 13.6400 7.6515 -22.6806 -10.5452 8.0432 -4.3362 -16.6420 4.7383 11.1163 7.7736 -2.7700 -10.8291 2.9185 -4.3804 -11.2675 -0.4262 -2.6063 -1.8752 -0.0000 -0.0000 0.0000 61.6231 -60.9008 -74.8190 12.6865 -20.8262 -2.3407 -0.0000 0.0000 -24.8920 39.8442 -11.6594 -9.5725 -7.1250 0.0000 -0.0000 8.6648 15.0537 -6.1893 -0.0000 -0.0000 0.0000 -12.0620 33.3625 -36.2305 -20.8916 31.7016 -5.9929 0.0000 -0.0000 -11.7574 -23.8755 -4.9827 2.2016 7.1250 -0.0000 -0.0000 2.3339 -35.4181 0.5498
0.1330 14.9327 10.8386 -0.8067 -18.5509 100.3900 0.0000 0.0000 0.0000 -22.6846 -10.7356 -56.1202 8.8475 16.7085 55.5611 1.5324 7.2108 22.1617 3.2815 11.1374 32.7446 0.0000 0.0000 0.0000 12.8304 17.8056 -55.5555 -8.8811 -16.7306 55.6780 -1.5388 -2.4479 22.7931 -0.3993 -4.0571 11.2374 13.5662 7.8232 -22.8202 -10.6717 8.2934 -4.4770 -16.6300 4.8550 11.1417 8.3303 -2.8137 -10.5630 2.5601 -4.4653 -11.9204 -0.6214 -2.6978 -2.1664 -0.0000 0.0000 0.0000 59.5943 -62.2107 -71.7901 13.8507 -22.5209 -2.7707 -0.0000 0.0000 -27.5715 39.9335 -11.9138 -9.8048 -7.1250 0.0000 -0.0000 8.6815 14.7174 -6.2647 -0.0000 0.0000 0.0000 -8.0757 33.6816 -34.6786 -22.5287 33.5694 -6.8759 0.0000 -0.0000 -14.2981 -24.0320 -5.3331 2.3732 7.1250 -0.0000 -0.0000 2.2260 -35.8083 0.5032
0.1665 14.9238 10.8846 -0.9177 -18.5805 100.5010 0.0000 0.0000 0.0000 -22.5471 -11.0961 -55.7755 8.5338 16.4982 54.4634 1.4774 7.2131 21.7508 3.2558 11.0980 32.6111 0.0000 0.0000 0.0000 12.9684 17.8333 -54.9627 -8.4357 -16.4305 54.1172 -1.5346 -2.4004 22.7716 -0.3408 -3.7515 10.3786 13.5241 7.9686 -22.9656 -10.7714 8.4955 -4.6007 -16.6231 4.9491 11.1685 8.7656 -2.8440 -10.3248 2.2834 -4.5184 -12.5633 -0.7721 -2.7691 -2.4482 -0.0000 0.0000 0.0000 57.3308 -63.4759 -68.6319 15.0792 -24.2564 -3.2584 -0.0000 0.0000 -29.7180 40.1359 -12.1185 -10.0377 -7.1250 0.0000 -0.0000 8.7809 14.4207 -6.3944 -0.0000 0.0000 0.0000 -3.8255 33.8820 -32.7570 -24.5350 35.7250 -8.0168 0.0000 -0.0000 -16.8542 -24.2401 -5.6890 2.5556 7.1250 -0.0000 -0.0000 2.0751 -36.2082 0.4488
0.1999 14.9143 10.9299 -1.0167 -18.5768 100.6020 0.0000 0.0000 0.0000 -22.3586 -11.4535 -55.4617 8.2151 16.2752 53.3339 1.4196 7.1230 21.3134 3.1962 11.0061 32.3006 0.0000 0.0000 0.0000 13.1635 17.8459 -54.3790 -7.9904 -16.1122 52.5281 -1.5215 -2.3395 22.6845 -0.2767 -3.3835 9.3485 13.5266 8.0719 -23.1150 -10.8184 8.6219 -4.6982 -16.6105 5.0059 11.1903 9.0474 -2.8458 -10.1926 2.0623 -4.5304 -13.1199 -0.8829 -2.8098 -2.6786 -0.0000 0.0000 0.0000 54.6849 -64.6226 -65.1211 16.3795 -26.0326 -3.8110 -0.0000 0.0000 -31.4546 40.4110 -12.2140 -10.2109 -7.1250 0.0000 -0.0000 8.9466 14.2457 -6.5518 -0.0000 0.0000 0.0000 0.3234 34.0714 -30.5900 -26.7648 37.9540 -9.3541 0.0000 -0.0000 -19.3383 -24.4908 -6.0491 2.7484 7.1250 -0.0000 -0.0000 1.8884 -36.6163 0.3895
0.2332 14.9047 10.9752 -1.0926 -18.5494 100.6890 0.0000 0.0000 0.0000 -22.1304 -11.8111 -55.1785 7.8961 16.0423 52.1877 1.3632 6.9290 20.8807 3.0885 10.8370 31.7321 0.0000 0.0000 0.0000 13.4036 17.8298 -53.8207 -7.5509 -15.7788 50.9283 -1.5042 -2.3043 22.5589 -0.1994 -2.8753 7.9317 13.5558 8.1184 -23.2598 -10.8106 8.6575 -4.7612 -16.5872 5.0177 11.2038 9.1306 -2.8172 -10.1203 1.9520 -4.4830 -13.6857 -0.9250 -2.8133 -2.8919 -0.0000 0.0000 0.0000 51.6159 -65.6205 -61.2123 17.7556 -27.8431 -4.4345 -0.0000 0.0000 -32.8546 40.7246 -12.1933 -10.3053 -7.1250 0.0000 -0.0000 9.1574 14.2083 -6.7176 -0.0000 0.0000 0.0000 4.0460 34.3833 -28.3436 -28.9971 40.0181 -10.7589 0.0000 -0.0000 -21.6352 -24.8463 -6.2436 2.8829 7.1250 -0.0000 -0.0000 1.6011 -36.8503 0.3211
0.2664 14.8952 11.0201 -1.1318 -18.5073 100.7450 0.0000 0.0000 0.0000 -21.8748 -12.1779 -54.9105 7.5814 15.8026 51.0404 1.3122 6.6513 20.4834 2.9363 10.5912 30.9132 0.0000 0.0000 0.0000 13.6745 17.7731 -53.2839 -7.1216 -15.4334 49.3326 -1.4858 -2.3346 22.4091 -0.1157 -2.1932 6.0398 13.6026 8.1166 -23.3957 -10.7614 8.6184 -4.7936 -16.5580 4.9929 11.2106 9.0754 -2.7733 -10.0965 1.9127 -4.4045 -14.2323 -0.9215 -2.7945 -3.0839 0.0000 0.0000 0.0000 48.2012 -66.4590 -56.9081 19.2064 -29.6744 -5.1326 -0.0000 0.0000 -34.0962 40.9972 -12.0842 -10.3131 -7.1250 0.0000 -0.0000 9.3567 14.2907 -6.8512 0.0000 0.0000 0.0000 7.2148 34.8878 -26.0980 -31.0570 41.7823 -12.1078 0.0000 -0.0000 -23.6593 -25.2696 -6.2741 2.9532 7.1250 -0.0000 -0.0000 1.2447 -36.9092 0.2478
0.2992 14.8858 11.0644 -1.1433 -18.4520 100.7760 0.0000 0.0000 0.0000 -21.5990 -12.5352 -54.6688 7.2760 15.5599 49.9105 1.2674 6.3244 20.1324 2.7447 10.2698 29.8551 0.0000 0.0000 0.0000 13.9664 17.6919 -52.7778 -6.7065 -15.0797 47.7553 -1.4689 -2.4274 22.2561 -0.0428 -1.3360 3.6738 13.6463 8.0807 -23.5149 -10.6910 8.5328 -4.8033 -16.5240 4.9453 11.2116 8.9216 -2.7256 -10.0859 1.9644 -4.3056 -14.8128 -0.8708 -2.7636 -3.2805 0.0000 -0.0000 0.0000 44.5455 -67.1686 -52.2798 20.7334 -31.5159 -5.9100 -0.0000 0.0000 -35.2714 41.2286 -11.9290 -10.2669 -7.1250 0.0000 -0.0000 9.5371 14.4409 -6.9562 0.0000 -0.0000 0.0000 9.9156 35.5668 -23.8625 -32.8930 43.2477 -13.3487 0.0000 -0.0000 -25.3167 -25.7165 -6.1362 2.9471 7.1250 -0.0000 -0.0000 0.8583 -36.7833 0.1735
0.3319 14.8769 11.1084 -1.0953 -18.3878 100.7500 0.0000 0.0000 0.0000 -21.3174 -12.9021 -54.4230 6.9844 15.3188 48.8154 1.2313 5.9642 19.8510 2.5201 9.8743 28.5706 0.0000 0.0000 0.0000 14.2822 17.5389 -52.2905 -6.3099 -14.7221 46.2131 -1.4554 -2.5716 22.1183 -0.0040 -0.4097 1.1258 13.6871 8.0141 -23.5950 -10.6155 8.4106 -4.7964 -16.5027 4.8802 11.1972 8.7221 -2.6872 -10.0447 2.0828 -4.2041 -15.4448 -0.7888 -2.7325 -3.4998 0.0000 -0.0000 0.0000 40.7406 -67.7732 -47.3719 22.3291 -33.3470 -6.7659 -0.0000 0.0000 -36.4673 41.3844 -11.7434 -10.1672 -7.1250 0.0000 -0.0000 9.6733 14.6457 -7.0156 0.0000 -0.0000 0.0000 12.2526 36.3705 -21.6024 -34.4833 44.4396 -14.4504 0.0000 -0.0000 -26.5420 -26.1603 -5.8167 2.8499 7.1250 -0.0000 -0.0000 0.4666 -36.4546 0.0981
0.3638 14.8688 11.1523 -1.0247 -18.3113 100.7040 0.0000 0.0000 0.0000 -21.0298 -13.2407 -54.2156 6.7133 15.0856 47.7814 1.2014 5.6242 19.6194 2.2884 9.4426 27.1897 0.0000 0.0000 0.0000 14.6149 17.3543 -51.8468 -5.9378 -14.3678 44.7315 -1.4465 -2.7118 22.0178 -0.0057 0.4872 -1.3386 13.7122 7.9513 -23.6561 -10.5608 8.3027 -4.7897 -16.4930 4.8232 11.1823 8.5513 -2.6728 -9.9374 2.2474 -4.1227 -16.1493 -0.6934 -2.7177 -3.7610 0.0000 0.0000 0.0000 36.9095 -68.3153 -42.2576 23.9891 -35.1527 -7.7003 -0.0000 0.0000 -37.7543 41.4854 -11.5842 -10.0690 -7.1250 0.0000 -0.0000 9.7688 14.8287 -7.0482 0.0000 0.0000 0.0000 14.5784 37.1000 -19.2020 -36.0614 45.5554 -15.5663 0.0000 -0.0000 -27.2860 -26.5750 -5.4114 2.7008 7.1250 -0.0000 -0.0000 0.0994 -36.0259 0.0219
0.3950 14.8612 11.1946 -0.9283 -18.2391 100.6300 0.0000 0.0000 0.0000 -20.7634 -13.5490 -54.0454 6.4690 14.8679 46.8361 1.1767 5.3219 19.4303 2.0667 9.0037 25.8068 0.0000 0.0000 0.0000 14.9332 17.1496 -51.4472 -5.5987 -14.0279 43.3492 -1.4403 -2.8568 21.9386 -0.0370 1.2424 -3.4161 13.7138 7.8853 -23.6979 -10.5219 8.2011 -4.7851 -16.4880 4.7689 11.1592 8.4296 -2.6751 -9.7992 2.3932 -4.0658 -16.8479 -0.6113 -2.7174 -4.0329 -0.0000 0.0000 0.0000 33.0441 -68.7621 -36.8982 25.7043 -36.9153 -8.7095 -0.0000 0.0000 -39.1992 41.5371 -11.4519 -9.9755 -7.1250 0.0000 -0.0000 9.8268 14.9877 -7.0574 -0.0000 0.0000 0.0000 17.0218 37.6851 -16.5954 -37.7459 46.6762 -16.7805 0.0000 -0.0000 -27.5551 -26.9040 -4.9864 2.5253 7.1250 -0.0000 -0.0000 -0.1922 -35.5677 -0.0446
0.4262 14.8537 11.2337 -0.8160 -18.1715 100.5440 0.0000 0.0000 0.0000 -20.5214 -13.8178 -53.9382 6.2587 14.6744 46.0112 1.1565 5.0815 19.2759 1.8662 8.5815 24.4948 0.0000 0.0000 0.0000 15.2151 16.9661 -51.1151 -5.3028 -13.7169 42.1151 -1.4351 -3.0039 21.8683 -0.0797 1.8212 -5.0117 13.6934 7.8214 -23.7307 -10.5031 8.1118 -4.7815 -16.4901 4.7212 11.1377 8.3362 -2.6930 -9.5979 2.5433 -4.0227 -17.5865 -0.5294 -2.7280 -4.3372 0.0000 -0.0000 0.0000 29.1583 -69.1115 -31.3222 27.4716 -38.6252 -9.7921 -0.0000 0.0000 -40.7955 41.5729 -11.3723 -9.9207 -7.1250 0.0000 -0.0000 9.8650 15.0825 -7.0653 0.0000 -0.0000 0.0000 19.5729 38.1257 -13.8212 -39.4979 47.7696 -18.0666 0.0000 -0.0000 -27.4035 -27.0748 -4.4972 2.2952 7.1250 -0.0000 -0.0000 -0.3500 -35.0275 -0.0857
0.4577 14.8459 11.2686 -0.6881 -18.1034 100.4440 0.0000 0.0000 0.0000 -20.2997 -14.0511 -53.8943 6.0876 14.5127 45.3324 1.1393 4.9261 19.1404 1.7040 8.2202 23.3851 0.0000 0.0000 0.0000 15.4429 16.8388 -50.8549 -5.0587 -13.4496 41.0756 -1.4280 -3.1733 21.7797 -0.1110 2.1479 -5.9147 13.6719 7.7709 -23.7586 -10.5034 8.0442 -4.7904 -16.5057 4.6843 11.1124 8.3246 -2.7235 -9.3506 2.6124 -4.0080 -18.2763 -0.4876 -2.7534 -4.6427 0.0000 -0.0000 0.0000 25.3078 -69.3497 -25.5509 29.2792 -40.2675 -10.9407 -0.0000 0.0000 -42.5583 41.5917 -11.3466 -9.9055 -7.1250 0.0000 -0.0000 9.8820 15.1116 -7.0717 0.0000 -0.0000 0.0000 22.2158 38.4179 -10.8894 -41.2654 48.8020 -19.3860 0.0000 -0.0000 -26.9104 -27.0330 -4.0278 2.0526 7.1250 -0.0000 -0.0000 -0.3280 -34.4995 -0.0845
0.4897 14.8379 11.2992 -0.5530 -18.0490 100.3290 0.0000 0.0000 0.0000 -20.1230 -14.2326 -53.9139 5.9594 14.3888 44.8184 1.1243 4.8485 19.0168 1.5700 7.9062 22.4296 0.0000 0.0000 0.0000 15.5934 16.7851 -50.6791 -4.8722 -13.2384 40.2675 -1.4201 -3.3473 21.6844 -0.1229 2.2599 -6.2244 13.6349 7.7286 -23.7730 -10.5280 7.9966 -4.8059 -16.5343 4.6575 11.0846 8.3079 -2.7846 -8.8511 2.6983 -3.9901 -19.4809 -0.4649 -2.7951 -4.6118 -0.0000 0.0000 0.0000 21.4869 -69.4742 -19.6299 31.1282 -41.8410 -12.1553 -0.0000 0.0000 -44.3992 41.6033 -11.4066 -9.9601 -7.1250 0.0000 -0.0000 9.8789 15.0324 -7.0864 -0.0000 0.0000 0.0000 24.9287 38.5916 -7.8670 -42.9841 49.7418 -20.6886 0.0000 -0.0000 -26.1702 -26.7966 -3.4784 1.7552 7.1250 -0.0000 -0.0000 -0.1466 -33.8753 -0.0400
0.5223 14.8297 11.3257 -0.4158 -18.0062 100.2020 0.0000 0.0000 0.0000 -19.9916 -14.3594 -53.9919 5.8746 14.3057 44.4764 1.1115 4.8437 18.9051 1.4631 7.6445 21.6393 0.0000 0.0000 0.0000 15.6670 16.8091 -50.5860 -4.7442 -13.0898 39.7057 -1.4114 -3.5434 21.5809 -0.1070 2.1097 -5.8089 13.5951 7.7018 -23.7792 -10.5733 7.9744 -4.8359 -16.5759 4.6429 11.0509 8.3913 -2.8415 -8.5671 2.6748 -4.0279 -20.0726 -0.4730 -2.8451 -4.8470 -0.0000 -0.0000 0.0000 17.7322 -69.4817 -13.6367 32.9985 -43.3289 -13.4211 -0.0000 0.0000 -46.2711 41.5376 -11.5838 -10.0867 -7.1250 0.0000 -0.0000 9.8033 14.8187 -7.0761 -0.0000 -0.0000 0.0000 27.6862 38.6663 -4.7770 -44.5782 50.5602 -21.9125 0.0000 -0.0000 -25.3067 -26.4113 -2.8452 1.4122 7.1250 -0.0000 -0.0000 0.1541 -33.1560 0.0447
0.5556 14.8213 11.3494 -0.2760 -17.9573 100.0550 0.0000 0.0000 0.0000 -19.8930 -14.4215 -54.1167 5.8327 14.2642 44.3065 1.1003 4.8907 18.8018 1.3765 7.4245 20.9793 0.0000 0.0000 0.0000 15.6987 16.8914 -50.5667 -4.6727 -13.0055 39.3890 -1.4041 -3.7514 21.4885 -0.0736 1.7504 -4.8164 13.5773 7.6883 -23.7693 -10.6331 7.9686 -4.8722 -16.6427 4.6378 11.0148 8.4933 -2.9073 -8.3070 2.6285 -4.0875 -20.5733 -0.4919 -2.9020 -5.0525 -0.0000 0.0000 0.0000 14.0352 -69.3591 -7.6008 34.8818 -44.7275 -14.7301 -0.0000 0.0000 -48.0727 41.4226 -11.9029 -10.3139 -7.1250 0.0000 -0.0000 9.6699 14.4343 -7.0573 -0.0000 0.0000 0.0000 30.4716 38.6641 -1.6571 -46.0081 51.2529 -23.0223 0.0000 -0.0000 -24.4466 -25.9944 -2.1315 1.0390 7.1250 -0.0000 -0.0000 0.4770 -32.3507 0.1477
0.5897 14.8132 11.3711 -0.1396 -17.9083 99.8915 0.0000 0.0000 0.0000 -19.8376 -14.4144 -54.2805 5.8313 14.2628 44.3009 1.0905 4.9470 18.7107 1.2976 7.2170 20.3599 0.0000 0.0000 0.0000 15.7119 16.9846 -50.6256 -4.6534 -12.9825 39.3029 -1.4017 -3.9210 21.4425 -0.0349 1.2053 -3.3139 13.5829 7.6822 -23.7370 -10.7028 7.9708 -4.9156 -16.7338 4.6373 10.9681 8.5855 -2.9753 -8.0763 2.5733 -4.1565 -21.0025 -0.5129 -2.9591 -5.2318 0.0000 0.0000 0.0000 10.4104 -69.0844 -1.5644 36.7582 -46.0276 -16.0658 -0.0000 0.0000 -49.7064 41.2676 -12.3272 -10.6110 -7.1250 0.0000 -0.0000 9.4912 13.9260 -7.0270 0.0000 0.0000 0.0000 33.2668 38.6075 1.4565 -47.2630 51.8302 -24.0050 0.0000 -0.0000 -23.7030 -25.6354 -1.3932 0.6685 7.1250 -0.0000 -0.0000 0.7513 -31.5244 0.2476
0.6245 14.8055 11.3912 -0.0007 -17.8630 99.7019 0.0000 0.0000 0.0000 -19.8306 -14.3432 -54.4659 5.8688 14.3000 44.4528 1.0818 4.9944 18.6301 1.2290 7.0307 19.8065 0.0000 0.0000 0.0000 15.7192 17.0571 -50.7444 -4.6825 -13.0170 39.4322 -1.4042 -4.0708 21.4395 -0.0058 0.4898 -1.3459 13.6063 7.6746 -23.6731 -10.7755 7.9703 -4.9641 -16.8435 4.6350 10.9026 8.6730 -3.0377 -7.9045 2.4891 -4.2314 -21.3439 -0.5441 -3.0129 -5.3749 0.0000 -0.0000 0.0000 6.9207 -68.6456 4.4000 38.5988 -47.2175 -17.4038 -0.0000 0.0000 -51.1180 41.1100 -12.8194 -10.9583 -7.1250 0.0000 -0.0000 9.2990 13.3348 -6.9983 0.0000 -0.0000 0.0000 36.0652 38.4886 4.5630 -48.3087 52.2902 -24.8297 0.0000 -0.0000 -23.1847 -25.3903 -0.5968 0.2832 7.1250 -0.0000 -0.0000 0.9336 -30.6396 0.3275
0.6595 14.7986 11.4106 0.1468 -17.8249 99.4767 0.0000 0.0000 0.0000 -19.8710 -14.2169 -54.6593 5.9439 14.3737 44.7560 1.0757 5.0132 18.5737 1.1667 6.8568 19.2917 0.0000 0.0000 0.0000 15.7354 17.0798 -50.9177 -4.7579 -13.1059 39.7661 -1.4129 -4.1586 21.4957 -0.0018 -0.2721 0.7476 13.6398 7.6567 -23.5734 -10.8473 7.9574 -5.0098 -16.9670 4.6263 10.8193 8.7333 -3.0934 -7.7526 2.3997 -4.3000 -21.6641 -0.5732 -3.0599 -5.5075 0.0000 0.0000 0.0000 3.6306 -68.0345 10.2265 40.3837 -48.2956 -18.7252 -0.0000 0.0000 -52.2712 40.9962 -13.3325 -11.3337 -7.1250 0.0000 -0.0000 9.1319 12.7109 -6.9902 0.0000 0.0000 0.0000 38.8253 38.2703 7.6394 -49.1793 52.6591 -25.5202 0.0000 -0.0000 -23.0029 -25.2754 0.0861 -0.0407 7.1250 -0.0000 -0.0000 1.0158 -29.8838 0.3747
0.6951 14.7921 11.4280 0.3085 -17.7991 99.2112 0.0000 0.0000 0.0000 -19.9579 -14.0473 -54.8543 6.0560 14.4824 45.2059 1.0741 5.0078 18.5599 1.1126 6.7013 18.8333 0.0000 0.0000 0.0000 15.7514 17.0537 -51.1372 -4.8789 -13.2462 40.2970 -1.4271 -4.1850 21.6040 -0.0234 -0.9871 2.7133 13.6748 7.6229 -23.4370 -10.9170 7.9264 -5.0490 -17.1005 4.6082 10.7186 8.7729 -3.1362 -7.6288 2.2949 -4.3564 -21.9705 -0.6049 -3.0972 -5.6308 -0.0000 0.0000 0.0000 0.6055 -67.2511 15.8630 42.0969 -49.2643 -20.0139 -0.0000 0.0000 -53.1954 40.9747 -13.8479 -11.7431 -7.1250 0.0000 -0.0000 9.0239 12.0659 -7.0281 -0.0000 0.0000 0.0000 41.5218 37.9171 10.6785 -49.8277 52.9258 -26.0366 0.0000 -0.0000 -23.1936 -25.2823 0.8497 -0.4013 7.1250 -0.0000 -0.0000 1.0044 -29.0394 0.3906
0.7317 14.7856 11.4420 0.4894 -17.7772 98.9093 0.0000 0.0000 0.0000 -20.0704 -13.8531 -55.0529 6.2042 14.6234 45.7959 1.0794 5.0011 18.6076 1.0747 6.5896 18.5052 0.0000 0.0000 0.0000 15.7564 17.0005 -51.4001 -5.0458 -13.4352 41.0203 -1.4449 -4.2000 21.7419 -0.0679 -1.6815 4.6261 13.7214 7.5766 -23.2718 -10.9809 7.8782 -5.0864 -17.2440 4.5807 10.5991 8.7763 -3.1721 -7.4638 2.1877 -4.3975 -22.3198 -0.6308 -3.1249 -5.7732 0.0000 0.0000 0.0000 -2.0906 -66.3065 21.2560 43.7240 -50.1279 -21.2549 -0.0000 0.0000 -53.9481 41.0382 -14.3146 -12.1458 -7.1250 0.0000 -0.0000 8.9791 11.4639 -7.1054 0.0000 0.0000 0.0000 44.1356 37.3885 13.6751 -50.2439 53.0934 -26.3690 0.0000 -0.0000 -23.7057 -25.3151 1.6462 -0.7785 7.1250 -0.0000 -0.0000 0.9769 -28.1583 0.4003
0.7688 14.7796 11.4540 0.6863 -17.7561 98.5812 0.0000 0.0000 0.0000 -20.1941 -13.6394 -55.2595 6.3867 14.7929 46.5146 1.0938 5.0289 18.7330 1.0554 6.5321 18.3363 0.0000 0.0000 0.0000 15.7583 16.9125 -51.7209 -5.2582 -13.6688 41.9265 -1.4712 -4.1581 21.9530 -0.1177 -2.2117 6.0911 13.7686 7.5108 -23.0810 -11.0283 7.8042 -5.1179 -17.3814 4.5383 10.4595 8.7264 -3.1969 -7.2986 2.0868 -4.4208 -22.6934 -0.6463 -3.1403 -5.9212 0.0000 -0.0000 0.0000 -4.5007 -65.1961 26.4080 45.2601 -50.8953 -22.4404 -0.0000 0.0000 -54.5495 41.1877 -14.7293 -12.5431 -7.1250 0.0000 -0.0000 8.9979 10.9070 -7.2248 0.0000 -0.0000 0.0000 46.6477 36.6874 16.6059 -50.4244 53.1652 -26.5135 0.0000 -0.0000 -24.4113 -25.3975 2.5317 -1.2014 7.1250 -0.0000 -0.0000 0.9167 -27.1773 0.3968
0.8066 14.7740 11.4640 0.9006 -17.7419 98.2260 0.0000 0.0000 0.0000 -20.3349 -13.4099 -55.4626 6.6003 14.9858 47.3457 1.1178 5.1030 18.9384 1.0537 6.5272 18.3221 0.0000 0.0000 0.0000 15.7389 16.8009 -52.0905 -5.5150 -13.9413 43.0029 -1.5056 -4.0816 22.2304 -0.1654 -2.6198 7.2221 13.8156 7.4255 -22.8709 -11.0600 7.7040 -5.1426 -17.5120 4.4811 10.3038 8.6050 -3.2159 -7.1389 2.0192 -4.4301 -23.0808 -0.6401 -3.1447 -6.0699 0.0000 -0.0000 0.0000 -6.6483 -63.9329 31.3085 46.6838 -51.5672 -23.5505 -0.0000 0.0000 -55.0292 41.3890 -15.0591 -12.8967 -7.1250 0.0000 -0.0000 9.0642 10.4429 -7.3664 0.0000 -0.0000 0.0000 49.0650 35.8231 19.4522 -50.3695 53.1434 -26.4695 0.0000 -0.0000 -25.1448 -25.5148 3.4974 -1.6678 7.1250 -0.0000 -0.0000 0.8374 -26.1054 0.3835
0.8450 14.7686 11.4725 1.1294 -17.7165 97.8504 0.0000 0.0000 0.0000 -20.4708 -13.1617 -55.6644 6.8416 15.1971 48.2728 1.1497 5.2332 19.2060 1.0705 6.5773 18.4690 0.0000 0.0000 0.0000 15.7141 16.6757 -52.5035 -5.8147 -14.2463 44.2333 -1.5483 -3.9986 22.5694 -0.2148 -2.9834 8.2325 13.8761 7.3231 -22.6460 -11.0665 7.5756 -5.1617 -17.6322 4.4078 10.1312 8.4056 -3.2292 -6.9998 1.9847 -4.4281 -23.4631 -0.6114 -3.1381 -6.2102 -0.0000 -0.0000 0.0000 -8.5709 -62.5176 35.9739 47.9915 -52.1526 -24.5790 -0.0000 0.0000 -55.4300 41.6686 -15.2929 -13.2103 -7.1250 0.0000 -0.0000 9.1974 10.0780 -7.5465 -0.0000 -0.0000 0.0000 51.3894 34.8195 22.2044 -50.0870 53.0305 -26.2436 0.0000 -0.0000 -25.7518 -25.6537 4.3889 -2.1049 7.1250 -0.0000 -0.0000 0.7482 -25.1130 0.3600
0.8840 14.7636 11.4806 1.3582 -17.6801 97.4808 0.0000 0.0000 0.0000 -20.6000 -12.8872 -55.8855 7.1081 15.4222 49.2819 1.1865 5.4071 19.5078 1.1000 6.6645 18.7252 0.0000 0.0000 0.0000 15.6804 16.5499 -52.9779 -6.1555 -14.5774 45.6027 -1.5985 -3.8928 22.9644 -0.2707 -3.3469 9.2462 13.9537 7.2109 -22.4282 -11.0503 7.4261 -5.1810 -17.7421 4.3217 9.9495 8.1314 -3.2365 -6.8820 1.9858 -4.4139 -23.8422 -0.5600 -3.1204 -6.3429 -0.0000 0.0000 0.0000 -10.3121 -60.9551 40.4193 49.1671 -52.6540 -25.5105 -0.0000 0.0000 -55.7748 42.0395 -15.4275 -13.4880 -7.1250 0.0000 -0.0000 9.4063 9.8123 -7.7739 -0.0000 0.0000 0.0000 53.6214 33.7149 24.8387 -49.6586 52.8569 -25.9018 0.0000 -0.0000 -26.1075 -25.8294 4.8918 -2.3637 7.1250 -0.0000 -0.0000 0.6282 -24.5481 0.3104
0.9238 14.7590 11.4875 1.5864 -17.6518 97.1154 0.0000 0.0000 0.0000 -20.7517 -12.5811 -56.1204 7.3975 15.6577 50.3622 1.2232 5.6037 19.8037 1.1388 6.7769 19.0562 0.0000 0.0000 0.0000 15.6114 16.4296 -53.4983 -6.5351 -14.9275 47.0931 -1.6517 -3.7926 23.3760 -0.3500 -3.8012 10.5182 14.0308 7.0836 -22.2101 -11.0164 7.2540 -5.2012 -17.8380 4.2214 9.7528 7.8188 -3.2312 -6.8353 1.9849 -4.3918 -24.1678 -0.5052 -3.0926 -6.4455 -0.0000 0.0000 0.0000 -11.8846 -59.2587 44.6274 50.1827 -53.0689 -26.3202 -0.0000 0.0000 -56.1773 42.4154 -15.5233 -13.7399 -7.1250 0.0000 -0.0000 9.6248 9.5918 -8.0033 -0.0000 0.0000 0.0000 55.7672 32.5454 27.3574 -49.0506 52.6053 -25.4179 0.0000 -0.0000 -26.2186 -26.0533 5.0984 -2.4877 7.1250 -0.0000 -0.0000 0.4666 -24.3083 0.2331
0.9644 14.7548 11.4933 1.8036 -17.6266 96.7705 0.0000 0.0000 0.0000 -20.9171 -12.2372 -56.3869 7.7085 15.9006 51.5056 1.2566 5.8171 20.0671 1.1846 6.9071 19.4404 0.0000 0.0000 0.0000 15.5059 16.3419 -54.0666 -6.9504 -15.2899 48.6863 -1.7033 -3.6984 23.7699 -0.4639 -4.3688 12.1165 14.1114 6.9496 -22.0029 -10.9676 7.0688 -5.2244 -17.9206 4.1122 9.5494 7.4638 -3.2129 -6.8255 1.9935 -4.3541 -24.4793 -0.4418 -3.0527 -6.5356 0.0000 -0.0000 0.0000 -13.3085 -57.4470 48.6025 51.0293 -53.4023 -26.9983 -0.0000 0.0000 -56.7022 42.8139 -15.6062 -13.9953 -7.1250 0.0000 -0.0000 9.8590 9.3789 -8.2469 0.0000 -0.0000 0.0000 57.7907 31.3261 29.7405 -48.2932 52.2835 -24.8175 0.0000 -0.0000 -26.1620 -26.3182 4.8629 -2.4010 7.1250 -0.0000 -0.0000 0.2619 -24.5577 0.1294
1.0057 14.7513 11.4990 2.0008 -17.5967 96.4602 0.0000 0.0000 0.0000 -21.0879 -11.8478 -56.6949 8.0379 16.1471 52.6991 1.2847 6.0305 20.2858 1.2315 7.0377 19.8271 0.0000 0.0000 0.0000 15.3787 16.2850 -54.6786 -7.3959 -15.6564 50.3561 -1.7514 -3.6033 24.1344 -0.6114 -5.0045 13.9215 14.2031 6.8167 -21.8193 -10.9057 6.8784 -5.2511 -17.9921 3.9992 9.3495 7.0834 -3.1795 -6.8523 1.9988 -4.2995 -24.7829 -0.3765 -3.0006 -6.6164 0.0000 -0.0000 0.0000 -14.5928 -55.5328 52.3552 51.6967 -53.6573 -27.5351 -0.0000 0.0000 -57.4116 43.2348 -15.7359 -14.3049 -7.1250 0.0000 -0.0000 10.0967 9.0975 -8.5101 0.0000 -0.0000 0.0000 59.6653 30.0750 31.9813 -47.3634 51.8751 -24.0840 0.0000 -0.0000 -26.0751 -26.6316 4.4237 -2.2150 7.1250 -0.0000 -0.0000 0.0143 -25.0335 0.0069
1.0476 14.7487 11.5037 2.1850 -17.5623 96.1733 0.0000 0.0000 0.0000 -21.2684 -11.4182 -57.0281 8.3817 16.3929 53.9262 1.3090 6.2261 20.4730 1.2719 7.1480 20.1546 0.0000 0.0000 0.0000 15.2271 16.2602 -55.3096 -7.8659 -16.0197 52.0781 -1.7926 -3.5219 24.4434 -0.7945 -5.6895 15.8862 14.3393 6.5542 -21.6545 -10.6603 6.4751 -5.2676 -17.9427 3.7615 9.0509 6.1252 -3.0651 -6.8759 2.1913 -4.0890 -25.0731 -0.1615 -2.8305 -6.6672 0.0000 -0.0000 0.0000 -15.9707 -53.1489 55.7447 52.1333 -53.8205 -27.8871 -0.0000 0.0000 -58.3187 43.6621 -15.9347 -14.6820 -7.1250 0.0000 -0.0000 10.3226 8.7221 -8.7855 0.0000 -0.0000 0.0000 61.1936 29.0298 34.4766 -46.2423 51.3628 -23.2051 0.0000 -0.0000 -26.1288 -26.9523 3.9565 -2.0094 7.1250 -0.0000 -0.0000 -0.2406 -25.5429 -0.1133
1.0897 14.7477 11.5089 2.3513 -17.5162 95.9223 0.0000 0.0000 0.0000 -21.4458 -10.9514 -57.3866 8.7325 16.6324 55.1602 1.3325 6.4127 20.6528 1.3046 7.2357 20.4156 0.0000 0.0000 0.0000 15.0770 16.2407 -55.9651 -8.3526 -16.3726 53.8231 -1.8304 -3.4325 24.7270 -0.9940 -6.3450 17.7889 14.5072 6.2012 -21.5050 -10.2794 5.9234 -5.2850 -17.7949 3.4360 8.6788 4.7489 -2.8925 -6.9142 2.5276 -3.7649 -25.3642 0.1666 -2.5739 -6.7021 -0.0000 0.0000 0.0000 -17.4005 -50.4079 58.8184 52.3493 -53.9001 -28.0615 -0.0000 0.0000 -59.4213 44.1272 -16.2285 -15.1673 -7.1250 0.0000 -0.0000 10.5498 8.2090 -9.0950 -0.0000 0.0000 0.0000 62.4150 28.1118 37.1180 -44.9204 50.7294 -22.1771 0.0000 -0.0000 -26.3881 -27.2402 3.7834 -1.9456 7.1250 -0.0000 -0.0000 -0.4631 -25.7261 -0.2162
1.1317 14.7487 11.5155 2.5177 -17.4627 95.6834 0.0000 0.0000 0.0000 -21.6297 -10.4622 -57.7307 9.0819 16.8602 56.3731 1.3590 6.5720 20.8569 1.3212 7.2797 20.5467 0.0000 0.0000 0.0000 14.9334 16.1987 -56.6163 -8.8499 -16.7102 55.5697 -1.8629 -3.3589 24.9686 -1.1799 -6.8940 19.4017 14.7079 5.7673 -21.3565 -9.7887 5.2434 -5.3008 -17.5714 3.0363 8.2472 3.0326 -2.6753 -7.0109 2.9922 -3.3512 -25.6338 0.5915 -2.2474 -6.7164 -0.0000 0.0000 0.0000 -18.8654 -47.3596 61.6086 52.3448 -53.8985 -28.0579 -0.0000 0.0000 -60.6384 44.7234 -16.6164 -15.8129 -7.1250 0.0000 -0.0000 10.8345 7.5283 -9.4974 -0.0000 0.0000 0.0000 63.3482 27.2944 39.8766 -43.4492 49.9857 -21.0442 0.0000 -0.0000 -26.8766 -27.5182 3.9022 -2.0305 7.1250 -0.0000 -0.0000 -0.6693 -25.5816 -0.3147
1.1735 14.7519 11.5240 2.6981 -17.4127 95.4402 0.0000 0.0000 0.0000 -21.8334 -9.9644 -58.0338 9.4219 17.0717 57.5381 1.3924 6.6708 21.1145 1.3099 7.2498 20.4576 0.0000 0.0000 0.0000 14.7930 16.1134 -57.2428 -9.3516 -17.0287 57.2983 -1.8875 -3.3135 25.1482 -1.3468 -7.3473 20.7483 14.9124 5.3049 -21.1883 -9.2715 4.5274 -5.3220 -17.3226 2.6157 7.7912 1.2224 -2.4571 -7.1714 3.5184 -2.9211 -25.8868 1.0545 -1.9050 -6.7236 -0.0000 -0.0000 0.0000 -20.2963 -44.1831 64.2073 52.1414 -53.8235 -27.8936 -0.0000 0.0000 -61.9364 45.4188 -17.0944 -16.6086 -7.1250 0.0000 -0.0000 11.1548 6.6889 -9.9752 -0.0000 -0.0000 0.0000 64.0786 26.4692 42.5735 -41.8719 49.1406 -19.8436 0.0000 -0.0000 -27.5646 -27.7798 4.4027 -2.3158 7.1250 -0.0000 -0.0000 -0.8483 -25.0063 -0.4102
1.2152 14.7570 11.5342 2.8957 -17.3730 95.1987 0.0000 0.0000 0.0000 -22.0637 -9.4656 -58.2982 9.7470 17.2651 58.6392 1.4339 6.6547 21.4357 1.2561 7.1050 20.0269 0.0000 0.0000 0.0000 14.6463 15.9909 -57.8421 -9.8535 -17.3266 58.9975 -1.8983 -3.3222 25.2213 -1.4829 -7.6938 21.7878 15.0976 4.8960 -21.0148 -8.8363 3.9029 -5.3569 -17.1224 2.2470 7.3728 -0.3459 -2.2828 -7.3504 3.9883 -2.5608 -26.1444 1.4641 -1.6133 -6.7463 0.0000 -0.0000 0.0000 -21.5837 -41.1119 66.7479 51.7711 -53.6853 -27.5950 -0.0000 0.0000 -63.2505 46.2144 -17.6003 -17.5090 -7.1250 0.0000 -0.0000 11.5223 5.7650 -10.5268 0.0000 -0.0000 0.0000 64.7285 25.5011 44.9783 -40.2775 48.2334 -18.6460 0.0000 -0.0000 -28.3339 -28.0465 5.0209 -2.6695 7.1250 -0.0000 -0.0000 -1.0223 -24.2950 -0.5112
1.2570 14.7638 11.5463 3.1209 -17.3417 94.9509 0.0000 0.0000 0.0000 -22.3198 -8.9780 -58.5141 10.0536 17.4399 59.6674 1.4830 6.4542 21.8196 1.1473 6.8014 19.1284 0.0000 0.0000 0.0000 14.4985 15.8247 -58.3980 -10.3507 -17.6024 60.6542 -1.8890 -3.3686 25.1483 -1.5778 -7.9249 22.4861 15.2567 4.5847 -20.8353 -8.5436 3.4364 -5.4070 -17.0215 1.9676 7.0190 -1.4721 -2.1721 -7.4924 4.3244 -2.3177 -26.4192 1.7619 -1.4103 -6.7962 0.0000 0.0000 0.0000 -22.6520 -38.2807 69.3115 51.2445 -53.4853 -27.1712 -0.0000 0.0000 -64.5747 46.9690 -18.1291 -18.4340 -7.1250 0.0000 -0.0000 11.8520 4.8080 -11.0611 0.0000 0.0000 0.0000 65.3843 24.3148 46.9504 -38.7165 47.2908 -17.4902 0.0000 -0.0000 -29.0918 -28.2652 5.5598 -2.9819 7.1250 -0.0000 -0.0000 -1.1598 -23.6732 -0.5966
1.2996 14.7719 11.5596 3.3748 -17.3211 94.6944 0.0000 0.0000 0.0000 -22.6026 -8.5112 -58.6804 10.3416 17.5975 60.6239 1.5353 6.0392 22.2389 0.9883 6.3275 17.7375 0.0000 0.0000 0.0000 14.3386 15.6355 -58.8980 -10.8404 -17.8561 62.2622 -1.8546 -3.4649 24.8903 -1.6391 -8.0701 22.9272 15.3910 4.3698 -20.6522 -8.3901 3.1238 -5.4700 -17.0217 1.7744 6.7262 -2.1684 -2.1147 -7.5573 4.5198 -2.1820 -26.7153 1.9463 -1.2910 -6.8755 0.0000 -0.0000 0.0000 -23.4852 -35.6954 71.9075 50.5774 -53.2257 -26.6359 -0.0000 0.0000 -65.8848 47.6089 -18.6085 -19.2680 -7.1250 0.0000 -0.0000 12.1181 3.9430 -11.5216 0.0000 -0.0000 0.0000 66.0743 22.9128 48.4933 -37.2106 46.3277 -16.3922 0.0000 -0.0000 -29.7620 -28.3566 5.8215 -3.1335 7.1250 -0.0000 -0.0000 -1.2142 -23.3714 -0.6331
1.3434 14.7809 11.5739 3.6451 -17.2951 94.4443 0.0000 0.0000 0.0000 -22.8914 -8.0646 -58.8121 10.6110 17.7394 61.5118 1.5815 5.4267 22.6358 0.8011 5.7125 15.9525 0.0000 0.0000 0.0000 14.1844 15.4346 -59.3404 -11.3173 -18.0869 63.8078 -1.7950 -3.5953 24.4468 -1.6738 -8.1507 23.1728 15.5132 4.2829 -20.4787 -8.4003 3.0045 -5.5473 -17.1507 1.6898 6.5156 -2.3176 -2.1125 -7.5457 4.5060 -2.1757 -27.0117 1.9736 -1.2736 -6.9757 -0.0000 0.0000 0.0000 -24.0330 -33.4303 74.5955 49.7847 -52.9083 -26.0023 -0.0000 0.0000 -67.1410 48.1187 -19.0040 -19.9592 -7.1250 0.0000 -0.0000 12.3227 3.2271 -11.8921 -0.0000 0.0000 0.0000 66.8518 21.2704 49.5219 -35.7685 45.3531 -15.3576 0.0000 -0.0000 -30.3341 -28.2594 5.7678 -3.0921 7.1250 -0.0000 -0.0000 -1.1452 -23.4382 -0.5953
1.3889 14.7910 11.5893 3.9251 -17.2601 94.2041 0.0000 0.0000 0.0000 -23.1801 -7.6399 -58.9118 10.8627 17.8672 62.3349 1.6156 4.6585 22.9784 0.6082 4.9919 13.8854 0.0000 0.0000 0.0000 14.0371 15.2326 -59.7234 -11.7780 -18.2952 65.2834 -1.7135 -3.7763 23.8303 -1.6716 -8.1457 23.1576 15.6598 4.1955 -20.3158 -8.4018 2.8774 -5.6218 -17.2851 1.6012 6.3092 -2.4603 -2.1027 -7.5989 4.4730 -2.1630 -27.2303 1.9907 -1.2508 -7.0404 0.0000 -0.0000 0.0000 -24.5181 -31.1334 77.1647 48.8089 -52.5037 -25.2260 -0.0000 0.0000 -68.2629 48.4890 -19.3046 -20.4817 -7.1250 0.0000 -0.0000 12.4657 2.6847 -12.1635 0.0000 -0.0000 0.0000 67.5068 19.6260 50.4470 -34.4048 44.3824 -14.3954 0.0000 -0.0000 -30.9191 -27.9102 5.3443 -2.8245 7.1250 -0.0000 -0.0000 -0.9066 -23.9370 -0.4609
1.4362 14.8022 11.6057 4.1943 -17.2155 93.9892 0.0000 0.0000 0.0000 -23.4631 -7.2318 -58.9874 11.0961 17.9818 63.0931 1.6353 3.8347 23.2481 0.4365 4.2394 11.7512 0.0000 0.0000 0.0000 13.8988 15.0376 -60.0542 -12.2181 -18.4813 66.6784 -1.6213 -3.9035 23.1325 -1.6930 -8.1950 23.3080 15.8339 4.1182 -20.1675 -8.3954 2.7561 -5.6996 -17.4228 1.5152 6.1080 -2.6030 -2.0891 -7.6909 4.4289 -2.1476 -27.3879 2.0023 -1.2249 -7.0786 -0.0000 0.0000 0.0000 -24.9360 -28.8306 79.6321 47.6656 -52.0095 -24.3220 -0.0000 0.0000 -69.2744 48.7038 -19.5116 -20.8185 -7.1250 0.0000 -0.0000 12.5396 2.3253 -12.3229 -0.0000 0.0000 0.0000 68.0340 17.9726 51.2563 -33.0962 43.4038 -13.4881 0.0000 -0.0000 -31.5612 -27.3628 4.9197 -2.5413 7.1250 -0.0000 -0.0000 -0.5166 -24.4439 -0.2565
1.4853 14.8145 11.6235 4.4516 -17.1687 93.8029 0.0000 0.0000 0.0000 -23.7427 -6.8514 -59.0337 11.3107 18.0838 63.7865 1.6441 3.0530 23.4577 0.3014 3.5299 9.7578 0.0000 0.0000 0.0000 13.7581 14.8543 -60.3328 -12.6342 -18.6461 67.9855 -1.5281 -4.0269 22.4111 -1.7299 -8.2793 23.5657 16.0288 4.0546 -20.0404 -8.3866 2.6463 -5.7812 -17.5651 1.4350 5.9172 -2.7337 -2.0705 -7.8112 4.3643 -2.1295 -27.4912 2.0034 -1.1968 -7.0946 -0.0000 -0.0000 0.0000 -25.2830 -26.5398 82.0174 46.3886 -51.4309 -23.3195 -0.0000 0.0000 -70.1820 48.8563 -19.6320 -21.0341 -7.1250 0.0000 -0.0000 12.5983 2.1042 -12.4349 -0.0000 -0.0000 0.0000 68.4357 16.3156 51.9401 -31.8460 42.4240 -12.6368 0.0000 -0.0000 -32.3301 -26.6605 4.4991 -2.2554 7.1250 -0.0000 -0.0000 -0.0052 -24.9480 -0.0025
1.5366 14.8278 11.6423 4.7189 -17.1307 93.6247 0.0000 0.0000 0.0000 -24.0286 -6.5258 -59.0229 11.5061 18.1740 64.4143 1.6494 2.3764 23.6426 0.2040 2.9080 8.0228 0.0000 0.0000 0.0000 13.6008 14.6633 -60.5460 -13.0237 -18.7907 69.1991 -1.4413 -4.1268 21.7241 -1.7995 -8.4353 24.0444 16.2318 3.9941 -19.9211 -8.3796 2.5388 -5.8640 -17.7131 1.3555 5.7295 -2.8625 -2.0497 -7.9317 4.2937 -2.1096 -27.5598 2.0014 -1.1672 -7.0992 -0.0000 -0.0000 0.0000 -25.5773 -24.2636 84.3122 44.9884 -50.7628 -22.2298 -0.0000 0.0000 -71.0040 48.9134 -19.6687 -21.1072 -7.1250 0.0000 -0.0000 12.6222 2.0322 -12.4765 -0.0000 -0.0000 0.0000 68.7227 14.6514 52.5047 -30.6675 41.4587 -11.8491 0.0000 -0.0000 -33.2184 -25.9217 4.0993 -1.9899 7.1250 -0.0000 -0.0000 0.5403 -25.4237 0.2560
1.5897 14.8418 11.6617 4.9980 -17.1055 93.4605 0.0000 0.0000 0.0000 -24.3203 -6.2608 -58.9591 11.6831 18.2534 64.9807 1.6576 1.8324 23.8344 0.1375 2.3896 6.5836 0.0000 0.0000 0.0000 13.4196 14.4721 -60.6976 -13.3828 -18.9160 70.3104 -1.3658 -4.2180 21.1123 -1.8943 -8.6424 24.6830 16.4365 3.9377 -19.8239 -8.3793 2.4341 -5.9475 -17.8682 1.2777 5.5530 -2.9879 -2.0270 -8.0298 4.2233 -2.0872 -27.6121 1.9987 -1.1368 -7.1020 0.0000 -0.0000 0.0000 -25.8197 -22.0066 86.4913 43.4923 -50.0081 -21.0772 -0.0000 0.0000 -71.7827 48.8566 -19.6338 -21.0359 -7.1250 0.0000 -0.0000 12.5980 2.1018 -12.4352 0.0000 -0.0000 0.0000 68.9139 12.9909 52.9349 -29.5567 40.5104 -11.1206 0.0000 -0.0000 -34.2059 -25.2164 3.7313 -1.7553 7.1250 -0.0000 -0.0000 1.0669 -25.8565 0.4949
1.6445 14.8561 11.6814 5.3014 -17.0855 93.3051 0.0000 0.0000 0.0000 -24.6057 -6.0666 -58.8382 11.8432 18.3236 65.4909 1.6719 1.4215 24.0476 0.0943 1.9801 5.4506 0.0000 0.0000 0.0000 13.2257 14.2744 -60.7821 -13.7072 -19.0228 71.3083 -1.3035 -4.3149 20.5929 -1.9880 -8.8411 25.2994 16.6457 3.8832 -19.7539 -8.3862 2.3276 -6.0301 -18.0343 1.1997 5.3901 -3.1108 -2.0024 -8.1033 4.1570 -2.0617 -27.6441 1.9967 -1.1054 -7.1021 0.0000 -0.0000 0.0000 -26.0063 -19.7709 88.5336 41.9286 -49.1719 -19.8865 -0.0000 0.0000 -72.5408 48.6794 -19.5480 -20.8362 -7.1250 0.0000 -0.0000 12.5164 2.2876 -12.3076 0.0000 -0.0000 0.0000 69.0240 11.3461 53.1997 -28.4727 39.5478 -10.4233 0.0000 -0.0000 -35.4608 -24.5217 3.6854 -1.6796 7.1250 -0.0000 -0.0000 1.5926 -25.9297 0.7361
1.7001 14.8704 11.7015 5.6248 -17.0626 93.1633 0.0000 0.0000 0.0000 -24.8689 -5.9414 -58.6688 11.9887 18.3859 65.9530 1.6943 1.1156 24.2974 0.0660 1.6578 4.5608 0.0000 0.0000 0.0000 13.0326 14.0812 -60.7952 -13.9924 -19.1117 72.1814 -1.2544 -4.4532 20.1694 -2.0602 -8.9903 25.7651 16.8592 3.8341 -19.7201 -8.3971 2.2223 -6.1113 -18.2060 1.1235 5.2467 -3.2403 -1.9795 -8.1374 4.1025 -2.0367 -27.6681 2.0001 -1.0747 -7.1054 0.0000 -0.0000 0.0000 -26.1230 -17.5695 90.4251 40.3266 -48.2622 -18.6825 -0.0000 0.0000 -73.2850 48.3753 -19.4125 -20.5072 -7.1250 0.0000 -0.0000 12.3728 2.5891 -12.0903 0.0000 -0.0000 0.0000 69.0759 9.7304 53.2652 -27.3834 38.5423 -9.7370 0.0000 -0.0000 -36.9048 -23.7749 3.9028 -1.7175 7.1250 -0.0000 -0.0000 2.1590 -25.7157 1.0090
1.7560 14.8843 11.7220 5.9584 -17.0212 93.0369 0.0000 0.0000 0.0000 -25.0864 -5.8712 -58.4579 12.1227 18.4420 66.3771 1.7247 0.9325 24.5719 0.0494 1.4350 3.9465 0.0000 0.0000 0.0000 12.8669 13.9055 -60.7283 -14.2345 -19.1836 72.9193 -1.2199 -4.6212 19.8601 -2.1057 -9.0829 26.0549 17.0820 3.7941 -19.7247 -8.4081 2.1212 -6.1885 -18.3808 1.0515 5.1276 -3.3547 -1.9577 -8.1648 4.0458 -2.0142 -27.6568 1.9996 -1.0465 -7.0981 -0.0000 0.0000 0.0000 -26.1678 -15.4117 92.1561 38.6955 -47.2778 -17.4748 -0.0000 0.0000 -73.9954 47.9627 -19.2345 -20.0721 -7.1250 0.0000 -0.0000 12.1752 2.9867 -11.7977 -0.0000 0.0000 0.0000 69.0864 8.1615 53.0488 -26.2842 37.4880 -9.0601 0.0000 -0.0000 -38.3917 -22.8367 4.2331 -1.7804 7.1250 -0.0000 -0.0000 2.8673 -25.3874 1.3627
1.8118 14.8974 11.7419 6.2941 -16.9838 92.9339 0.0000 0.0000 0.0000 -25.2755 -5.8516 -58.2191 12.2476 18.4934 66.7715 1.7622 0.8691 24.8610 0.0410 1.3072 3.5944 0.0000 0.0000 0.0000 12.7085 13.7543 -60.5956 -14.4339 -19.2404 73.5253 -1.1995 -4.9064 19.6587 -2.1055 -9.0825 26.0537 17.2839 3.7593 -19.7665 -8.4247 2.0254 -6.2646 -18.5471 0.9840 5.0298 -3.4569 -1.9394 -8.1979 3.9992 -1.9948 -27.6081 1.9996 -1.0220 -7.0768 0.0000 -0.0000 0.0000 -26.1331 -13.3043 93.7282 37.0455 -46.2187 -16.2729 -0.0000 0.0000 -74.6543 47.4735 -19.0046 -19.5473 -7.1250 0.0000 -0.0000 11.9433 3.4769 -11.4528 0.0000 -0.0000 0.0000 69.0691 6.6486 52.5196 -25.1647 36.3719 -8.3874 0.0000 -0.0000 -39.7930 -21.6419 4.5770 -1.8135 7.1250 -0.0000 -0.0000 3.7642 -25.0569 1.8195
1.8664 14.9091 11.7609 6.6064 -16.9088 92.8663 0.0000 0.0000 0.0000 -25.3799 -5.8556 -57.9783 12.3666 18.5414 67.1463 1.8059 0.9251 25.1566 0.0386 1.2673 3.4847 0.0000 0.0000 0.0000 12.6143 13.6657 -60.3921 -14.5901 -19.2833 73.9989 -1.1928 -5.2078 19.5763 -2.1111 -9.0937 26.0888 17.4892 3.7400 -19.8475 -8.4337 1.9429 -6.3400 -18.7008 0.9252 4.9561 -3.5506 -1.9285 -8.2371 3.9755 -1.9809 -27.5267 2.0052 -1.0028 -7.0430 -0.0000 -0.0000 0.0000 -26.0038 -11.2637 95.1631 35.4031 -45.0978 -15.0982 -0.0000 0.0000 -75.2501 46.9141 -18.6558 -18.8808 -7.1250 0.0000 -0.0000 11.6956 4.1417 -11.0576 -0.0000 -0.0000 0.0000 69.0284 5.1928 51.6564 -24.0384 35.2048 -7.7287 0.0000 -0.0000 -40.8963 -20.2205 4.8351 -1.7782 7.1250 -0.0000 -0.0000 4.8264 -24.8287 2.3616
1.9194 14.9196 11.7791 6.8886 -16.8036 92.8318 0.0000 0.0000 0.0000 -25.4024 -5.8770 -57.7326 12.4790 18.5859 67.4993 1.8559 1.1087 25.4563 0.0419 1.3216 3.6342 0.0000 0.0000 0.0000 12.5871 13.6382 -60.1174 -14.7056 -19.3142 74.3484 -1.2001 -5.5226 19.6150 -2.1413 -9.1544 26.2794 17.6867 3.7332 -19.9574 -8.4378 1.8736 -6.4155 -18.8388 0.8747 4.9012 -3.6456 -1.9260 -8.2684 3.9954 -1.9697 -27.4346 2.0255 -0.9884 -7.0058 0.0000 0.0000 0.0000 -25.7734 -9.2942 96.4755 33.7913 -43.9295 -13.9680 -0.0000 0.0000 -75.7766 46.3215 -18.1346 -18.0533 -7.1250 0.0000 -0.0000 11.4640 5.0330 -10.6337 0.0000 0.0000 0.0000 68.9707 3.8092 50.4242 -22.9115 33.9919 -7.0887 0.0000 -0.0000 -41.5762 -18.5812 4.8852 -1.6398 7.1250 -0.0000 -0.0000 6.0518 -24.8270 2.9672
1.9721 14.9292 11.7967 7.1588 -16.6978 92.8221 0.0000 0.0000 0.0000 -25.3781 -5.9450 -57.4665 12.5816 18.6259 67.8209 1.9111 1.4258 25.7527 0.0524 1.4766 4.0613 0.0000 0.0000 0.0000 12.5948 13.6323 -59.7917 -14.7869 -19.3356 74.5939 -1.2205 -5.8212 19.7684 -2.2142 -9.2986 26.7339 17.8691 3.7303 -20.0799 -8.4509 1.8105 -6.4924 -18.9770 0.8279 4.8535 -3.7361 -1.9325 -8.3047 4.0616 -1.9612 -27.3328 2.0602 -0.9795 -6.9635 -0.0000 -0.0000 0.0000 -25.4512 -7.3805 97.6594 32.2212 -42.7228 -12.8907 -0.0000 0.0000 -76.2023 45.7038 -17.4193 -17.0565 -7.1250 0.0000 -0.0000 11.2551 6.1736 -10.1827 -0.0000 -0.0000 0.0000 68.8997 2.5032 48.8319 -21.7948 32.7443 -6.4745 0.0000 -0.0000 -41.7729 -16.8559 4.7172 -1.4273 7.1250 -0.0000 -0.0000 7.3481 -25.0492 3.5738
2.0246 14.9380 11.8133 7.4180 -16.6023 92.8384 0.0000 0.0000 0.0000 -25.3198 -6.0624 -57.1821 12.6719 18.6605 68.1034 1.9687 1.8399 26.0389 0.0708 1.7164 4.7226 0.0000 0.0000 0.0000 12.6298 13.6351 -59.4335 -14.8401 -19.3493 74.7545 -1.2500 -6.0692 20.0005 -2.3299 -9.5218 27.4417 18.0309 3.7300 -20.2127 -8.4771 1.7540 -6.5727 -19.1174 0.7844 4.8104 -3.8236 -1.9481 -8.3310 4.1735 -1.9565 -27.2371 2.1097 -0.9763 -6.9238 0.0000 -0.0000 0.0000 -25.0212 -5.5252 98.7268 30.7229 -41.5050 -11.8858 -0.0000 0.0000 -76.5537 45.0917 -16.5564 -15.9538 -7.1250 0.0000 -0.0000 11.0735 7.4910 -9.7235 0.0000 -0.0000 0.0000 68.8064 1.2839 46.8922 -20.7021 31.4789 -5.8936 0.0000 -0.0000 -41.4629 -15.1973 4.3207 -1.1724 7.1250 -0.0000 -0.0000 8.6099 -25.4939 4.1097
2.0777 14.9464 11.8283 7.6717 -16.5413 92.8755 0.0000 0.0000 0.0000 -25.2587 -6.2345 -56.8701 12.7466 18.6887 68.3366 2.0262 2.3257 26.3087 0.0991 2.0306 5.5902 0.0000 0.0000 0.0000 12.6665 13.6249 -59.0635 -14.8720 -19.3575 74.8510 -1.2842 -6.2340 20.2727 -2.4763 -9.7947 28.3143 18.1587 3.7267 -20.3405 -8.5244 1.7024 -6.6580 -19.2632 0.7424 4.7626 -3.9012 -1.9700 -8.3570 4.3174 -1.9542 -27.1430 2.1683 -0.9777 -6.8842 0.0000 0.0000 0.0000 -24.4873 -3.7154 99.6586 29.2992 -40.2851 -10.9537 -0.0000 0.0000 -76.8303 44.4920 -15.6518 -14.8448 -7.1250 0.0000 -0.0000 10.8983 8.8457 -9.2665 0.0000 0.0000 0.0000 68.6880 0.1731 44.5688 -19.5992 30.1564 -5.3285 0.0000 -0.0000 -40.7925 -13.6294 4.0037 -0.9699 7.1250 -0.0000 -0.0000 9.8057 -25.8426 4.6147
2.1312 14.9546 11.8416 7.9300 -16.5085 92.9347 0.0000 0.0000 0.0000 -25.1871 -6.4745 -56.5437 12.8055 18.7108 68.5203 2.0797 2.8386 26.5485 0.1388 2.4010 6.6152 0.0000 0.0000 0.0000 12.7112 13.5870 -58.6992 -14.8860 -19.3610 74.8930 -1.3163 -6.3679 20.5251 -2.6131 -10.0407 29.1085 18.2546 3.7190 -20.4666 -8.5877 1.6527 -6.7480 -19.4098 0.7004 4.7106 -3.9675 -1.9941 -8.3776 4.4674 -1.9540 -27.0574 2.2271 -0.9818 -6.8481 0.0000 -0.0000 0.0000 -23.8367 -1.9640 100.4565 27.9660 -39.0849 -10.1023 -0.0000 0.0000 -77.0601 43.9019 -14.8056 -13.8165 -7.1250 0.0000 -0.0000 10.7063 10.1089 -8.8204 0.0000 -0.0000 0.0000 68.5254 -0.8146 41.8606 -18.4815 28.7694 -4.7787 0.0000 -0.0000 -39.8394 -12.2498 3.8501 -0.8352 7.1250 -0.0000 -0.0000 10.8514 -26.0144 5.0787
2.1846 14.9624 11.8530 8.1846 -16.4830 93.0162 0.0000 0.0000 0.0000 -25.0819 -6.7706 -56.2130 12.8488 18.7269 68.6551 2.1257 3.3284 26.7492 0.1865 2.7811 7.6700 0.0000 0.0000 0.0000 12.7927 13.5263 -58.3453 -14.8826 -19.3602 74.8827 -1.3430 -6.4557 20.7344 -2.7270 -10.2395 29.7557 18.3292 3.7129 -20.5893 -8.6567 1.6105 -6.8406 -19.5493 0.6618 4.6574 -3.9997 -2.0181 -8.4149 4.5843 -1.9612 -26.9581 2.2688 -0.9901 -6.8054 0.0000 0.0000 0.0000 -23.0607 -0.2916 101.1289 26.7296 -37.9202 -9.3325 -0.0000 0.0000 -77.2601 43.3155 -14.1242 -12.9572 -7.1250 0.0000 -0.0000 10.4736 11.1452 -8.3967 0.0000 0.0000 0.0000 68.3058 -1.6699 38.6944 -17.3605 27.3306 -4.2515 0.0000 -0.0000 -38.5560 -11.0178 3.7347 -0.7266 7.1250 -0.0000 -0.0000 11.7834 -26.1408 5.4965
2.2380 14.9699 11.8620 8.4380 -16.4781 93.1085 0.0000 0.0000 0.0000 -24.9595 -7.1184 -55.8765 12.8759 18.7369 68.7397 2.1650 3.7406 26.9259 0.2351 3.1207 8.6150 0.0000 0.0000 0.0000 12.8960 13.4288 -58.0022 -14.8627 -19.3551 74.8227 -1.3607 -6.5432 20.8715 -2.8127 -10.3855 30.2342 18.3670 3.6978 -20.6937 -8.7300 1.5674 -6.9304 -19.6734 0.6225 4.5979 -4.0118 -2.0354 -8.4674 4.6673 -1.9658 -26.8508 2.2953 -0.9963 -6.7588 0.0000 0.0000 0.0000 -22.1811 1.3034 101.6404 25.5690 -36.7799 -8.6283 -0.0000 0.0000 -77.4251 42.7317 -13.6312 -12.2824 -7.1250 0.0000 -0.0000 10.1978 11.9263 -8.0011 0.0000 0.0000 0.0000 68.0136 -2.3733 35.0234 -16.2461 25.8532 -3.7526 0.0000 -0.0000 -36.9580 -9.9365 3.6810 -0.6444 7.1250 -0.0000 -0.0000 12.5963 -26.2009 5.8748
2.2912 14.9769 11.8688 8.6711 -16.4700 93.2272 0.0000 0.0000 0.0000 -24.7909 -7.5025 -55.5561 12.8850 18.7402 68.7680 2.1994 4.0498 27.0922 0.2796 3.4008 9.3968 0.0000 0.0000 0.0000 13.0465 13.3182 -57.6847 -14.8253 -19.3455 74.7099 -1.3680 -6.6502 20.9252 -2.8701 -10.4818 30.5515 18.3873 3.6838 -20.7927 -8.7973 1.5301 -7.0160 -19.7783 0.5870 4.5422 -4.0054 -2.0442 -8.5595 4.7105 -1.9657 -26.7176 2.3043 -0.9986 -6.6984 -0.0000 -0.0000 0.0000 -21.2001 2.8071 102.0043 24.4867 -35.6748 -7.9887 -0.0000 0.0000 -77.5646 42.1463 -13.2828 -11.7466 -7.1250 0.0000 -0.0000 9.8873 12.5124 -7.6275 -0.0000 -0.0000 0.0000 67.6268 -2.9178 30.8018 -15.1607 24.3696 -3.2920 0.0000 -0.0000 -35.0758 -8.9561 3.6624 -0.5768 7.1250 -0.0000 -0.0000 13.3290 -26.2233 6.2270
2.3442 14.9831 11.8734 8.8744 -16.4540 93.3644 0.0000 0.0000 0.0000 -24.5719 -7.9045 -55.2451 12.8723 18.7356 68.7285 2.2278 4.2218 27.2443 0.3110 3.5851 9.9122 0.0000 0.0000 0.0000 13.2527 13.1981 -57.3785 -14.7693 -19.3310 74.5407 -1.3624 -6.7916 20.8774 -2.9134 -10.5534 30.7882 18.3945 3.6700 -20.8761 -8.8537 1.4980 -7.0959 -19.8603 0.5549 4.4863 -4.0000 -2.0474 -8.6910 4.7336 -1.9609 -26.5479 2.3055 -0.9963 -6.6204 -0.0000 0.0000 0.0000 -20.1294 4.2159 102.2444 23.4763 -34.6055 -7.4070 -0.0000 0.0000 -77.6988 41.5776 -12.9931 -11.2802 -7.1250 0.0000 -0.0000 9.5724 13.0116 -7.2760 -0.0000 0.0000 0.0000 67.1178 -3.3004 25.9767 -14.1222 22.9091 -2.8755 0.0000 -0.0000 -32.8910 -7.9698 3.6464 -0.5101 7.1250 -0.0000 -0.0000 14.0640 -26.2411 6.5842
2.3982 14.9887 11.8765 9.0396 -16.4594 93.5256 0.0000 0.0000 0.0000 -24.3414 -8.3260 -54.9340 12.8304 18.7201 68.5978 2.2486 4.2634 27.3699 0.3257 3.6682 10.1451 0.0000 0.0000 0.0000 13.4747 13.0606 -57.0959 -14.6946 -19.3113 74.3150 -1.3443 -6.9588 20.7317 -2.9512 -10.6157 30.9945 18.3855 3.6609 -20.9486 -8.9107 1.4780 -7.1728 -19.9304 0.5300 4.4338 -4.0138 -2.0495 -8.8718 4.7645 -1.9512 -26.3276 2.3108 -0.9897 -6.5178 0.0000 -0.0000 0.0000 -18.9715 5.5267 102.3843 22.5408 -33.5829 -6.8826 -0.0000 0.0000 -77.8576 41.0300 -12.6662 -10.8028 -7.1250 0.0000 -0.0000 9.2742 13.5460 -6.9373 0.0000 -0.0000 0.0000 66.4557 -3.5348 20.5593 -13.1653 21.5290 -2.5136 0.0000 -0.0000 -30.4292 -6.9260 3.5660 -0.4329 7.1250 -0.0000 -0.0000 14.8477 -26.3194 6.9466
2.4531 14.9933 11.8777 9.1486 -16.4870 93.7248 0.0000 0.0000 0.0000 -24.1008 -8.7495 -54.6367 12.7551 18.6920 68.3632 2.2589 4.1928 27.4476 0.3241 3.6591 10.1195 0.0000 0.0000 0.0000 13.7076 12.9264 -56.8440 -14.5997 -19.2859 74.0280 -1.3133 -7.1480 20.4849 -2.9887 -10.6768 31.1973 18.3624 3.6674 -21.0254 -8.9690 1.4819 -7.2533 -19.9863 0.5184 4.3904 -4.0697 -2.0575 -9.0814 4.8305 -1.9412 -26.0494 2.3332 -0.9810 -6.3906 0.0000 -0.0000 0.0000 -17.6987 6.7206 102.5037 21.7031 -32.6398 -6.4249 -0.0000 0.0000 -78.1315 40.5259 -12.2472 -10.2784 -7.1250 0.0000 -0.0000 9.0167 14.1806 -6.6171 0.0000 -0.0000 0.0000 65.6107 -3.6576 14.6234 -12.3249 20.2902 -2.2137 0.0000 -0.0000 -27.7705 -5.8127 3.4146 -0.3474 7.1250 -0.0000 -0.0000 15.6905 -26.4632 7.3144
2.5087 14.9965 11.8776 9.2086 -16.5425 93.9339 0.0000 0.0000 0.0000 -23.8675 -9.1634 -54.3117 12.6410 18.6487 68.0067 2.2592 4.0301 27.4778 0.3084 3.5702 9.8704 0.0000 0.0000 0.0000 13.9495 12.7818 -56.5846 -14.4810 -19.2535 73.6681 -1.2727 -7.2626 20.1614 -3.0450 -10.7675 31.4997 18.3202 3.6849 -21.0957 -9.0317 1.5066 -7.3329 -20.0305 0.5188 4.3544 -4.1629 -2.0739 -9.3272 4.9332 -1.9346 -25.6844 2.3719 -0.9722 -6.2282 -0.0000 -0.0000 0.0000 -16.2996 7.7953 102.6418 20.9652 -31.7877 -6.0316 -0.0000 0.0000 -78.5687 40.0635 -11.7119 -9.6877 -7.1250 0.0000 -0.0000 8.8022 14.9461 -6.3103 -0.0000 -0.0000 0.0000 64.5719 -3.6965 8.2479 -11.6140 19.2233 -1.9734 0.0000 -0.0000 -24.9880 -4.6114 3.2380 -0.2610 7.1250 -0.0000 -0.0000 16.6010 -26.6263 7.7070
2.5649 14.9979 11.8762 9.2294 -16.6128 94.1437 0.0000 0.0000 0.0000 -23.6344 -9.5624 -53.9544 12.4879 18.5894 67.5271 2.2497 3.8204 27.4553 0.2863 3.4409 9.5089 0.0000 0.0000 0.0000 14.2113 12.6254 -56.2986 -14.3326 -19.2118 73.2177 -1.2256 -7.3197 19.7805 -3.1089 -10.8693 31.8405 18.2686 3.7143 -21.1714 -9.0975 1.5492 -7.4106 -20.0675 0.5305 4.3314 -4.2944 -2.0985 -9.5781 5.0754 -1.9315 -25.2381 2.4282 -0.9640 -6.0378 0.0000 -0.0000 0.0000 -14.7623 8.7460 102.8213 20.3298 -31.0377 -5.7004 -0.0000 0.0000 -79.2149 39.6335 -11.0692 -9.0356 -7.1250 0.0000 -0.0000 8.6216 15.8331 -6.0115 0.0000 -0.0000 0.0000 63.3354 -3.6823 1.6151 -11.0485 18.3625 -1.7912 0.0000 -0.0000 -22.2762 -3.3867 3.0549 -0.1807 7.1250 -0.0000 -0.0000 17.5288 -26.7903 8.1062
2.6214 14.9973 11.8739 9.2120 -16.6963 94.3512 0.0000 0.0000 0.0000 -23.4073 -9.9408 -53.5615 12.2961 18.5130 66.9242 2.2337 3.6102 27.3928 0.2635 3.3022 9.1211 0.0000 0.0000 0.0000 14.4922 12.4583 -55.9755 -14.1489 -19.1586 72.6587 -1.1786 -7.2710 19.3941 -3.1642 -10.9562 32.1323 18.2053 3.7584 -21.2558 -9.1669 1.6133 -7.4906 -20.0950 0.5547 4.3201 -4.4235 -2.1285 -9.8486 5.2135 -1.9386 -24.6841 2.4804 -0.9601 -5.8099 0.0000 -0.0000 0.0000 -13.0752 9.5691 103.0531 19.7977 -30.3979 -5.4286 -0.0000 0.0000 -80.0762 39.2404 -10.3547 -8.3516 -7.1250 0.0000 -0.0000 8.4712 16.7967 -5.7253 0.0000 -0.0000 0.0000 61.9110 -3.6536 -5.0661 -10.6427 17.7386 -1.6654 0.0000 -0.0000 -19.8168 -2.2166 2.8351 -0.1097 7.1250 -0.0000 -0.0000 18.4213 -26.9845 8.4720
2.6784 14.9944 11.8703 9.1758 -16.7808 94.5556 0.0000 0.0000 0.0000 -23.1791 -10.3028 -53.1421 12.0688 18.4196 66.2066 2.2151 3.4202 27.3108 0.2433 3.1740 8.7637 0.0000 0.0000 0.0000 14.7973 12.2749 -55.6118 -13.9244 -19.0909 71.9734 -1.0503 -7.1120 18.3003 -2.8232 -10.4033 30.2928 18.1370 3.8120 -21.3601 -9.2375 1.6882 -7.5738 -20.1170 0.5855 4.3198 -4.5204 -2.1542 -10.1400 5.3118 -1.9503 -24.0198 2.5117 -0.9581 -5.5457 0.0000 0.0000 0.0000 -11.2707 10.2917 103.2624 19.3386 -29.8372 -5.1982 -0.0000 0.0000 -81.1034 38.8734 -9.6029 -7.6590 -7.1250 0.0000 -0.0000 8.3380 17.7960 -5.4489 0.0000 0.0000 0.0000 60.3144 -3.6181 -11.5697 -10.3859 17.3409 -1.5880 0.0000 -0.0000 -17.7787 -1.1724 2.6393 -0.0540 7.1250 -0.0000 -0.0000 19.2172 -27.1531 8.7980
2.7360 14.9893 11.8658 9.1255 -16.8774 94.7603 0.0000 0.0000 0.0000 -22.9666 -10.6500 -52.6988 11.8079 18.3082 65.3785 2.1970 3.2818 27.2225 0.2307 3.0916 8.5337 0.0000 0.0000 0.0000 15.1058 12.0797 -55.2133 -13.6552 -19.0061 71.1486 -0.8853 -7.3146 16.8215 -2.1393 -9.1503 26.2667 18.0534 3.8721 -21.4891 -9.3132 1.7714 -7.6619 -20.1322 0.6214 4.3303 -4.5861 -2.1730 -10.4308 5.3765 -1.9618 -23.2838 2.5256 -0.9563 -5.2616 -0.0000 -0.0000 0.0000 -9.3732 10.9344 103.3855 18.9306 -29.3324 -4.9968 -0.0000 0.0000 -82.2477 38.5430 -8.8424 -6.9817 -7.1250 0.0000 -0.0000 8.2247 18.7943 -5.1900 -0.0000 -0.0000 0.0000 58.5663 -3.5847 -17.6772 -10.2706 17.1617 -1.5538 0.0000 -0.0000 -16.2925 -0.3234 2.3675 -0.0134 7.1250 -0.0000 -0.0000 19.8835 -27.3928 9.0197
2.7942 14.9818 11.8595 9.0586 -16.9902 94.9799 0.0000 0.0000 0.0000 -22.7727 -10.9791 -52.2516 11.5170 18.1789 64.4494 2.1765 3.2081 27.1048 0.2261 3.0609 8.4482 0.0000 0.0000 0.0000 15.4024 11.8958 -54.7877 -13.3388 -18.9011 70.1745 -0.6916 -7.9300 15.0029 -1.2056 -6.9659 19.6144 17.9451 3.9392 -21.6525 -9.3948 1.8639 -7.7607 -20.1356 0.6621 4.3500 -4.6097 -2.1826 -10.7258 5.4025 -1.9712 -22.4883 2.5192 -0.9545 -4.9616 0.0000 -0.0000 0.0000 -7.4060 11.5110 103.3619 18.5534 -28.8599 -4.8134 -0.0000 0.0000 -83.4905 38.2508 -8.1013 -6.3395 -7.1250 0.0000 -0.0000 8.1289 19.7578 -4.9521 0.0000 -0.0000 0.0000 56.6811 -3.5597 -23.2302 -10.2743 17.1675 -1.5549 0.0000 -0.0000 -15.4052 0.3356 2.0518 0.0120 7.1250 -0.0000 -0.0000 20.4206 -27.6746 9.1487
2.8529 14.9717 11.8518 8.9770 -17.1214 95.2165 0.0000 0.0000 0.0000 -22.6002 -11.2896 -51.8063 11.1989 18.0311 63.4259 2.1502 3.1738 26.9411 0.2245 3.0501 8.4183 0.0000 0.0000 0.0000 15.6799 11.7296 -54.3298 -12.9730 -18.7724 69.0415 -0.5044 -9.0825 13.2643 -0.3945 -4.0328 11.1689 17.8097 4.0119 -21.8556 -9.4825 1.9636 -7.8704 -20.1258 0.7066 4.3803 -4.5966 -2.1827 -11.0541 5.4046 -1.9743 -21.6247 2.4980 -0.9503 -4.6387 -0.0000 0.0000 0.0000 -5.3861 12.0340 103.1374 18.1977 -28.4096 -4.6429 -0.0000 0.0000 -84.8258 37.9927 -7.3754 -5.7257 -7.1250 0.0000 -0.0000 8.0495 20.6935 -4.7320 -0.0000 0.0000 0.0000 54.6626 -3.5514 -28.0976 -10.3761 17.3257 -1.5851 0.0000 -0.0000 -15.1141 0.8271 1.6931 0.0244 7.1250 -0.0000 -0.0000 20.8457 -27.9980 9.1928
2.9117 14.9591 11.8418 8.8657 -17.2652 95.4912 0.0000 0.0000 0.0000 -22.4361 -11.5731 -51.3906 10.8581 17.8650 62.3200 2.1170 3.1768 26.7230 0.2239 3.0458 8.4064 0.0000 0.0000 0.0000 15.9387 11.6098 -53.8514 -12.5588 -18.6170 67.7496 -0.3544 -10.6146 12.0973 -0.0343 -1.1947 3.2847 17.6487 4.0964 -22.1115 -9.5726 2.0765 -7.9946 -20.0965 0.7581 4.4254 -4.6125 -2.1937 -11.4329 5.4575 -1.9834 -20.6868 2.4968 -0.9482 -4.2858 0.0000 -0.0000 0.0000 -3.3290 12.5158 102.6362 17.8622 -27.9803 -4.4844 -0.0000 0.0000 -86.2373 37.7761 -6.6440 -5.1240 -7.1250 0.0000 -0.0000 7.9953 21.6273 -4.5289 0.0000 -0.0000 0.0000 52.5067 -3.5583 -32.2586 -10.5404 17.5804 -1.6344 0.0000 -0.0000 -15.3077 1.2122 1.3534 0.0286 7.1250 -0.0000 -0.0000 21.1920 -28.3045 9.2003
2.9703 14.9439 11.8298 8.7323 -17.4177 95.7918 0.0000 0.0000 0.0000 -22.2752 -11.8320 -50.9970 10.4988 17.6810 61.1430 2.0801 3.2193 26.4714 0.2228 3.0387 8.3865 0.0000 0.0000 0.0000 16.1873 11.5273 -53.3377 -12.0988 -18.4321 66.3017 -0.2606 -12.1129 11.7065 -0.0137 0.7565 -2.0789 17.4622 4.1871 -22.4132 -9.6612 2.1960 -8.1288 -20.0444 0.8131 4.4829 -4.6252 -2.2078 -11.8850 5.5299 -1.9948 -19.6675 2.5000 -0.9466 -3.8989 0.0000 0.0000 0.0000 -1.2468 12.9598 101.8110 17.5425 -27.5674 -4.3354 -0.0000 0.0000 -87.7256 37.5835 -5.8869 -4.5135 -7.1250 0.0000 -0.0000 7.9569 22.5874 -4.3311 0.0000 0.0000 0.0000 50.2085 -3.5787 -35.7460 -10.7428 17.8929 -1.6960 0.0000 -0.0000 -15.8310 1.5523 1.0371 0.0281 7.1250 -0.0000 -0.0000 21.5029 -28.5891 9.1972
3.0286 14.9263 11.8157 8.5868 -17.5734 96.1057 0.0000 0.0000 0.0000 -22.1138 -12.0689 -50.6206 10.1265 17.4804 59.9104 2.0407 3.2842 26.1960 0.2190 3.0127 8.3141 0.0000 0.0000 0.0000 16.4361 11.4636 -52.7820 -11.5990 -18.2160 64.7120 -0.2237 -13.2342 11.8802 -0.0771 1.7907 -4.9276 17.2540 4.2793 -22.7535 -9.7464 2.3165 -8.2682 -19.9717 0.8693 4.5518 -4.6418 -2.2442 -12.6429 5.4973 -2.0635 -18.0922 2.6605 -0.9473 -3.7203 -0.0000 -0.0000 0.0000 0.8534 13.3683 100.6255 17.2401 -27.1732 -4.1964 -0.0000 0.0000 -89.2826 37.4395 -5.0958 -3.8905 -7.1250 0.0000 -0.0000 7.9536 23.5827 -4.1459 -0.0000 -0.0000 0.0000 47.7558 -3.6250 -38.5658 -10.9568 18.2220 -1.7624 0.0000 -0.0000 -16.5940 1.8693 0.7727 0.0252 7.1250 -0.0000 -0.0000 21.7880 -28.8249 9.2046
3.0861 14.9067 11.7997 8.4339 -17.7117 96.4321 0.0000 0.0000 0.0000 -21.9279 -12.2873 -50.2738 9.7480 17.2657 58.6429 2.0024 3.3676 25.9228 0.2117 2.9624 8.1742 0.0000 0.0000 0.0000 16.7110 11.4110 -52.1928 -11.0680 -17.9682 63.0024 -0.2609 -13.8623 12.6041 -0.0769 1.7891 -4.9232 17.0483 4.3756 -23.1284 -9.8233 2.4365 -8.4120 -19.8875 0.9251 4.6293 -4.7194 -2.2879 -13.1460 5.6811 -2.0985 -17.0515 2.7018 -0.9568 -3.2517 -0.0000 -0.0000 0.0000 2.9637 13.7388 99.0499 16.9538 -26.7968 -4.0665 -0.0000 0.0000 -90.9081 37.3583 -4.3041 -3.2791 -7.1250 0.0000 -0.0000 7.9923 24.5719 -3.9821 -0.0000 -0.0000 0.0000 45.1518 -3.6926 -40.8390 -11.1672 18.5440 -1.8287 0.0000 -0.0000 -17.4561 2.2172 0.5107 0.0198 7.1250 -0.0000 -0.0000 22.0967 -29.0563 9.2223
3.1427 14.8858 11.7817 8.2975 -17.8218 96.7660 0.0000 0.0000 0.0000 -21.7076 -12.5015 -49.9659 9.3711 17.0407 57.3648 1.9661 3.4515 25.6611 0.2025 2.8977 7.9941 0.0000 0.0000 0.0000 17.0246 11.3446 -51.5900 -10.5180 -17.6910 61.2062 -0.2945 -13.9513 12.9884 -0.0938 1.9756 -5.4382 16.8578 4.4708 -23.5371 -9.8909 2.5462 -8.5612 -19.8012 0.9746 4.7096 -4.8151 -2.3460 -13.6616 5.8879 -2.1524 -15.9966 2.7555 -0.9733 -2.7844 -0.0000 -0.0000 0.0000 5.0747 14.0718 97.0628 16.6862 -26.4422 -3.9466 -0.0000 0.0000 -92.5968 37.4304 -3.5695 -2.7283 -7.1250 0.0000 -0.0000 8.1350 25.4802 -3.8812 -0.0000 -0.0000 0.0000 42.4483 -3.7553 -42.7833 -11.3714 18.8552 -1.8942 0.0000 -0.0000 -18.2343 2.6581 0.3245 0.0151 7.1250 -0.0000 -0.0000 22.4584 -29.2132 9.3053
3.1985 14.8644 11.7616 8.1961 -17.9175 97.0896 0.0000 0.0000 0.0000 -21.4750 -12.7202 -49.6902 9.0037 16.8101 56.1030 1.9292 3.4934 25.4011 0.1880 2.7926 7.7017 0.0000 0.0000 0.0000 17.3614 11.2417 -50.9831 -9.9631 -17.3891 59.3651 -0.3226 -13.9339 13.2563 -0.1183 2.2171 -6.1061 16.6789 4.5587 -23.9672 -9.9565 2.6403 -8.7107 -19.7230 1.0154 4.7906 -4.9244 -2.4147 -14.1212 6.1059 -2.2222 -14.9992 2.8199 -0.9965 -2.3534 -0.0000 -0.0000 0.0000 7.1845 14.3507 94.6799 16.4407 -26.1146 -3.8379 -0.0000 0.0000 -94.4061 37.6725 -3.0084 -2.3205 -7.1250 0.0000 -0.0000 8.3835 26.1654 -3.8666 -0.0000 -0.0000 0.0000 39.6736 -3.8234 -44.4471 -11.5798 19.1715 -1.9621 0.0000 -0.0000 -18.9613 3.1556 0.0929 0.0051 7.1250 -0.0000 -0.0000 22.8718 -29.4087 9.3878
3.2531 14.8431 11.7396 8.1296 -17.9973 97.4031 0.0000 0.0000 0.0000 -21.2314 -12.9371 -49.4594 8.6551 16.5806 54.8896 1.8906 3.4762 25.1388 0.1711 2.6643 7.3456 0.0000 0.0000 0.0000 17.7170 11.1113 -50.3869 -9.4174 -17.0690 57.5229 -0.3405 -13.7742 13.3528 -0.1548 2.5352 -6.9874 16.5239 4.6440 -24.4205 -10.0257 2.7225 -8.8571 -19.6665 1.0502 4.8793 -5.0295 -2.4880 -14.5011 6.3170 -2.3034 -14.0885 2.8861 -1.0255 -1.9700 -0.0000 -0.0000 0.0000 9.2914 14.5588 91.9114 16.2188 -25.8165 -3.7407 -0.0000 0.0000 -96.3595 38.1066 -2.7169 -2.1290 -7.1250 0.0000 -0.0000 8.7449 26.5074 -3.9660 -0.0000 -0.0000 0.0000 36.8804 -3.8799 -45.9611 -11.8004 19.5046 -2.0351 0.0000 -0.0000 -19.6324 3.7205 -0.1777 -0.0116 7.1250 -0.0000 -0.0000 23.3441 -29.6359 9.4754
3.3064 14.8230 11.7155 8.0997 -18.0742 97.7023 0.0000 0.0000 0.0000 -20.9972 -13.1428 -49.2840 8.3350 16.3602 53.7604 1.8504 3.3850 24.8764 0.1519 2.5111 6.9204 0.0000 0.0000 0.0000 18.0709 10.9557 -49.8154 -8.8951 -16.7398 55.7267 -0.3471 -13.5082 13.2894 -0.2004 2.8825 -7.9518 16.3708 4.7160 -24.8541 -10.1012 2.7905 -9.0198 -19.6242 1.0724 4.9339 -5.0729 -2.5523 -14.8557 6.4647 -2.3880 -13.2009 2.9218 -1.0578 -1.6033 -0.0000 -0.0000 0.0000 11.3920 14.6847 88.7943 16.0177 -25.5446 -3.6536 -0.0000 0.0000 -98.4458 38.7161 -2.7591 -2.2098 -7.1250 0.0000 -0.0000 9.1970 26.4228 -4.1944 -0.0000 -0.0000 0.0000 34.0932 -3.9425 -47.3342 -12.0408 19.8657 -2.1161 0.0000 -0.0000 -20.3147 4.3404 -0.4765 -0.0362 7.1250 -0.0000 -0.0000 23.8642 -29.8844 9.5677
3.3584 14.8046 11.6892 8.1082 -18.1480 97.9767 0.0000 0.0000 0.0000 -20.7779 -13.3299 -49.1625 8.0532 16.1582 52.7539 1.8106 3.2370 24.6255 0.1350 2.3678 6.5232 0.0000 0.0000 0.0000 18.4164 10.7809 -49.2728 -8.4096 -16.4124 54.0248 -0.3422 -13.1599 13.0743 -0.2506 3.2210 -8.8946 16.2281 4.7728 -25.2599 -10.1814 2.8403 -9.1902 -19.6016 1.0813 4.9588 -5.1061 -2.6125 -15.1868 6.5904 -2.4725 -12.3331 2.9511 -1.0896 -1.2501 -0.0000 -0.0000 0.0000 13.4971 14.7200 85.4036 15.8491 -25.3156 -3.5812 -0.0000 0.0000 -100.6570 39.4559 -3.1346 -2.5769 -7.1250 0.0000 -0.0000 9.6988 25.9044 -4.5488 -0.0000 -0.0000 0.0000 31.3098 -3.9886 -48.6077 -12.2888 20.2364 -2.2012 0.0000 -0.0000 -21.0397 4.9947 -0.7234 -0.0632 7.1250 -0.0000 -0.0000 24.3983 -30.0814 9.6942
3.4092 14.7885 11.6606 8.1503 -18.2113 98.2239 0.0000 0.0000 0.0000 -20.5693 -13.4880 -49.1041 7.8200 15.9853 51.9118 1.7743 3.0641 24.4017 0.1208 2.2411 6.1724 0.0000 0.0000 0.0000 18.7516 10.6078 -48.7666 -7.9724 -16.0989 52.4632 -0.3267 -12.7867 12.7393 -0.2954 3.4947 -9.6593 16.1001 4.8145 -25.6197 -10.2647 2.8740 -9.3662 -19.5996 1.0779 4.9494 -5.0812 -2.6588 -15.5352 6.6547 -2.5509 -11.4639 2.9509 -1.1194 -0.8975 0.0000 -0.0000 0.0000 15.6153 14.6485 81.8459 15.7178 -25.1365 -3.5252 -0.0000 0.0000 -102.9880 40.2731 -3.8021 -3.2156 -7.1250 0.0000 -0.0000 10.2068 24.9955 -5.0140 0.0000 -0.0000 0.0000 28.5398 -4.0062 -49.8191 -12.5395 20.6088 -2.2886 0.0000 -0.0000 -21.7740 5.6291 -0.9102 -0.0897 7.1250 -0.0000 -0.0000 24.9039 -30.2223 9.8407
3.4590 14.7753 11.6291 8.2199 -18.2765 98.4327 0.0000 0.0000 0.0000 -20.3933 -13.6039 -49.1024 7.6445 15.8515 51.2719 1.7393 2.8751 24.1902 0.1091 2.1294 5.8635 0.0000 0.0000 0.0000 19.0529 10.4541 -48.2960 -7.5947 -15.8129 51.0895 -0.3047 -12.4058 12.3287 -0.3267 3.6738 -10.1606 15.9747 4.8374 -25.9216 -10.3524 2.8915 -9.5376 -19.6133 1.0643 4.9119 -5.0052 -2.6863 -15.9171 6.6679 -2.6146 -10.5854 2.9265 -1.1421 -0.5402 -0.0000 -0.0000 0.0000 17.7661 14.4651 78.2750 15.6290 -25.0151 -3.4876 -0.0000 0.0000 -105.4440 41.1238 -4.6901 -4.0834 -7.1250 0.0000 -0.0000 10.6897 23.7783 -5.5659 -0.0000 -0.0000 0.0000 25.7765 -3.9965 -50.9142 -12.7878 20.9755 -2.3768 0.0000 -0.0000 -22.5423 6.1871 -1.0234 -0.1109 7.1250 -0.0000 -0.0000 25.3354 -30.2981 9.9945
3.5078 14.7653 11.5952 8.3098 -18.3247 98.6015 0.0000 0.0000 0.0000 -20.2317 -13.6696 -49.1614 7.5347 15.7661 50.8686 1.7094 2.7258 24.0049 0.1005 2.0448 5.6295 0.0000 0.0000 0.0000 19.3336 10.3368 -47.8691 -7.2854 -15.5676 49.9457 -0.2789 -12.0384 11.8732 -0.3392 3.7426 -10.3536 15.8738 4.8493 -26.1707 -10.4389 2.8967 -9.6920 -19.6476 1.0452 4.8641 -4.9253 -2.6982 -16.2768 6.6835 -2.6581 -9.7584 2.9067 -1.1544 -0.2053 0.0000 0.0000 0.0000 19.9522 14.1733 74.7810 15.5752 -24.9413 -3.4649 -0.0000 0.0000 -108.0030 41.9279 -5.6706 -5.0713 -7.1250 0.0000 -0.0000 11.1046 22.4190 -6.1433 0.0000 0.0000 0.0000 23.0067 -3.9604 -51.8654 -13.0254 21.3244 -2.4625 0.0000 -0.0000 -23.3410 6.6244 -1.0532 -0.1223 7.1250 -0.0000 -0.0000 25.6582 -30.3031 10.1452
3.5561 14.7589 11.5589 8.4090 -18.3561 98.7317 0.0000 0.0000 0.0000 -20.0887 -13.6757 -49.2807 7.4957 15.7355 50.7250 1.6842 2.6027 23.8477 0.0932 1.9687 5.4190 0.0000 0.0000 0.0000 19.5884 10.2646 -47.4982 -7.0527 -15.3761 49.0734 -0.2544 -11.6566 11.4143 -0.3353 3.7213 -10.2938 15.8020 4.8524 -26.3737 -10.5201 2.8899 -9.8215 -19.6999 1.0224 4.8175 -4.8662 -2.6949 -16.5999 6.7347 -2.6773 -8.9943 2.9073 -1.1536 0.1030 0.0000 -0.0000 0.0000 22.1580 13.8002 71.4502 15.5479 -24.9039 -3.4534 -0.0000 0.0000 -110.6100 42.6776 -6.6969 -6.1372 -7.1250 0.0000 -0.0000 11.4539 20.9793 -6.7271 0.0000 -0.0000 0.0000 20.2679 -3.8751 -52.7161 -13.2627 21.6709 -2.5495 0.0000 -0.0000 -24.0879 6.9575 -0.9253 -0.1129 7.1250 -0.0000 -0.0000 25.8653 -30.1702 10.3375
3.6036 14.7566 11.5199 8.4981 -18.3897 98.8435 0.0000 0.0000 0.0000 -19.9785 -13.6259 -49.4737 7.5311 15.7633 50.8557 1.6613 2.5470 23.6920 0.0849 1.8794 5.1726 0.0000 0.0000 0.0000 19.7903 10.2537 -47.2152 -6.9022 -15.2490 48.5033 -0.2338 -11.2410 10.9739 -0.3157 3.6117 -9.9868 15.7300 4.8503 -26.5435 -10.6019 2.8821 -9.9294 -19.7551 1.0026 4.7795 -4.8272 -2.6783 -16.8693 6.8350 -2.6754 -8.2984 2.9323 -1.1413 0.3811 -0.0000 0.0000 0.0000 24.3842 13.3452 68.3364 15.5360 -24.8874 -3.4483 -0.0000 0.0000 -113.2420 43.3489 -7.7042 -7.2122 -7.1250 0.0000 -0.0000 11.7346 19.5507 -7.2843 -0.0000 0.0000 0.0000 17.5693 -3.7836 -53.3544 -13.5045 22.0219 -2.6395 0.0000 -0.0000 -24.8603 7.1870 -0.6553 -0.0826 7.1250 -0.0000 -0.0000 25.9611 -29.9137 10.5639
3.6508 14.7581 11.4791 8.5674 -18.4412 98.9313 0.0000 0.0000 0.0000 -19.9170 -13.5264 -49.7172 7.6409 15.8487 51.2586 1.6422 2.5619 23.5472 0.0785 1.8076 4.9742 0.0000 0.0000 0.0000 19.9257 10.2838 -47.0224 -6.8382 -15.1941 48.2596 -0.2203 -10.7383 10.5676 -0.2909 3.4687 -9.5864 15.6570 4.8427 -26.6957 -10.6794 2.8706 -9.9998 -19.8070 0.9879 4.7724 -4.8377 -2.6503 -17.0981 7.0004 -2.6503 -7.6500 2.9926 -1.1150 0.6393 0.0000 0.0000 0.0000 26.5608 12.8641 65.3307 15.5149 -24.8586 -3.4395 -0.0000 0.0000 -115.7310 43.8988 -8.6352 -8.2212 -7.1250 0.0000 -0.0000 11.9324 18.2224 -7.7731 0.0000 0.0000 0.0000 14.9026 -3.6756 -53.7692 -13.7645 22.3970 -2.7377 0.0000 -0.0000 -25.6388 7.3462 -0.3375 -0.0435 7.1250 -0.0000 -0.0000 25.9945 -29.6176 10.7883
3.6972 14.7634 11.4377 8.6222 -18.4791 98.9941 0.0000 0.0000 0.0000 -19.8601 -13.3849 -50.0051 7.8240 15.9883 51.9262 1.6266 2.6562 23.4102 0.0747 1.7636 4.8529 0.0000 0.0000 0.0000 20.0417 10.3257 -46.9245 -6.8621 -15.2147 48.3508 -0.2141 -10.1478 10.2102 -0.2579 3.2671 -9.0233 15.5951 4.8256 -26.8014 -10.7422 2.8499 -10.0528 -19.8526 0.9697 4.7584 -4.8859 -2.6193 -17.3651 7.2291 -2.6179 -6.9327 3.0846 -1.0806 0.9307 -0.0000 -0.0000 0.0000 28.6749 12.3718 62.3810 15.4797 -24.8101 -3.4247 -0.0000 0.0000 -117.9560 44.3427 -9.4912 -9.1548 -7.1250 0.0000 -0.0000 12.0631 16.9988 -8.1944 -0.0000 -0.0000 0.0000 12.2834 -3.5838 -53.8966 -14.0508 22.8073 -2.8478 0.0000 -0.0000 -26.4820 7.4866 -0.0372 -0.0049 7.1250 -0.0000 -0.0000 26.0193 -29.3384 10.9968
3.7433 14.7719 11.3955 8.6537 -18.5184 99.0349 0.0000 0.0000 0.0000 -19.8174 -13.2078 -50.3170 8.0762 16.1750 52.8367 1.6136 2.8181 23.2789 0.0759 1.7773 4.8906 0.0000 0.0000 0.0000 20.1257 10.3640 -46.9292 -6.9767 -15.3123 48.7862 -0.2155 -9.4754 9.9250 -0.2199 3.0188 -8.3310 15.5402 4.8003 -26.8667 -10.7920 2.8216 -10.0852 -19.8908 0.9499 4.7448 -4.9772 -2.5827 -17.6655 7.5144 -2.5758 -6.1370 3.2084 -1.0365 1.2586 -0.0000 -0.0000 0.0000 30.6995 11.9019 59.3678 15.4318 -24.7442 -3.4046 -0.0000 0.0000 -119.7490 44.6636 -10.2391 -9.9641 -7.1250 0.0000 -0.0000 12.1262 15.9346 -8.5266 -0.0000 -0.0000 0.0000 9.7178 -3.4922 -53.8034 -14.3673 23.2574 -2.9716 0.0000 -0.0000 -27.3578 7.6730 0.1604 0.0216 7.1250 -0.0000 -0.0000 26.1021 -29.1500 11.1724
3.7893 14.7829 11.3528 8.6646 -18.5483 99.0506 0.0000 0.0000 0.0000 -19.7673 -13.0082 -50.6303 8.3924 16.4004 53.9639 1.6039 3.0322 23.1617 0.0825 1.8533 5.1004 0.0000 0.0000 0.0000 20.1954 10.3816 -47.0324 -7.1835 -15.4845 49.5649 -0.2214 -8.7872 9.7136 -0.1763 2.7045 -7.4571 15.5001 4.7677 -26.8839 -10.8257 2.7861 -10.0993 -19.9223 0.9278 4.7255 -5.0629 -2.5369 -18.0042 7.8101 -2.5292 -5.2608 3.3392 -0.9870 1.6235 0.0000 -0.0000 0.0000 32.6114 11.4754 56.1521 15.3855 -24.6803 -3.3853 -0.0000 0.0000 -120.9280 44.8583 -10.8207 -10.5814 -7.1250 0.0000 -0.0000 12.1359 15.1149 -8.7532 0.0000 -0.0000 0.0000 7.1223 -3.4151 -53.4571 -14.6823 23.7017 -3.0971 0.0000 -0.0000 -28.3397 7.9367 0.1797 0.0251 7.1250 -0.0000 -0.0000 26.2834 -29.1194 11.2895
3.8358 14.7958 11.3094 8.6493 -18.5768 99.0500 0.0000 0.0000 0.0000 -19.7135 -12.7891 -50.9360 8.7655 16.6544 55.2755 1.5945 3.2576 23.0473 0.0938 1.9749 5.4364 0.0000 0.0000 0.0000 20.2359 10.3991 -47.2337 -7.4854 -15.7273 50.6870 -0.2292 -8.1502 9.5735 -0.1337 2.3566 -6.4923 15.4750 4.7337 -26.8613 -10.8485 2.7502 -10.0989 -19.9511 0.9070 4.7034 -5.0213 -2.4777 -18.6324 8.2647 -2.4904 -3.9315 3.1795 -0.9163 1.9292 -0.0000 -0.0000 0.0000 34.4053 11.1008 52.6655 15.3606 -24.6460 -3.3749 -0.0000 0.0000 -121.3700 44.9461 -11.2459 -11.0151 -7.1250 0.0000 -0.0000 12.1059 14.5269 -8.8865 -0.0000 -0.0000 0.0000 4.5141 -3.3415 -52.9359 -14.9944 24.1383 -3.2236 0.0000 -0.0000 -29.3937 8.3067 0.0613 0.0089 7.1250 -0.0000 -0.0000 26.5736 -29.2077 11.3797
3.8832 14.8102 11.2653 8.6046 -18.6157 99.0432 0.0000 0.0000 0.0000 -19.6643 -12.5569 -51.2256 9.1870 16.9266 56.7346 1.5877 3.4770 22.9551 0.1087 2.1262 5.8545 0.0000 0.0000 0.0000 20.2335 10.4205 -47.5391 -7.8831 -16.0326 52.1406 -0.2364 -7.6369 9.4948 -0.0945 1.9826 -5.4575 15.4540 4.7059 -26.8114 -10.8715 2.7264 -10.0863 -19.9793 0.8948 4.6880 -5.0251 -2.4161 -18.9989 8.5133 -2.4617 -2.8207 3.2555 -0.8669 2.3240 0.0000 0.0000 0.0000 36.0764 10.7703 48.8240 15.3766 -24.6681 -3.3815 -0.0000 0.0000 -120.9450 44.9648 -11.4753 -11.2383 -7.1250 0.0000 -0.0000 12.0708 14.2162 -8.9412 0.0000 0.0000 0.0000 1.8832 -3.2724 -52.3049 -15.2835 24.5396 -3.3428 0.0000 -0.0000 -30.4851 8.7695 -0.1726 -0.0266 7.1250 -0.0000 -0.0000 26.9585 -29.3945 11.4471
3.9318 14.8255 11.2209 8.5297 -18.6768 99.0316 0.0000 0.0000 0.0000 -19.6359 -12.3104 -51.4856 9.6471 17.2065 58.3021 1.5840 3.6282 22.9005 0.1250 2.2787 6.2766 0.0000 0.0000 0.0000 20.1801 10.4392 -47.9412 -8.3755 -16.3886 53.9041 -0.2428 -7.2712 9.4688 -0.0632 1.6221 -4.4623 15.4293 4.6817 -26.7320 -10.8925 2.7132 -10.0671 -20.0000 0.8891 4.6711 -4.9890 -2.3465 -19.3385 8.7041 -2.4401 -1.6358 3.3086 -0.8208 2.7375 -0.0000 -0.0000 0.0000 37.5985 10.4838 44.6114 15.4456 -24.7632 -3.4104 -0.0000 0.0000 -119.5850 44.9174 -11.5188 -11.2612 -7.1250 0.0000 -0.0000 12.0310 14.1693 -8.9226 -0.0000 -0.0000 0.0000 -0.7712 -3.1805 -51.6266 -15.5467 24.9021 -3.4528 0.0000 -0.0000 -31.5637 9.2813 -0.4652 -0.0760 7.1250 -0.0000 -0.0000 27.3939 -29.6298 11.5015
3.9810 14.8418 11.1767 8.4228 -18.7737 99.0306 0.0000 0.0000 0.0000 -19.6389 -12.0526 -51.7224 10.1356 17.4854 59.9406 1.5836 3.7428 22.8775 0.1421 2.4296 6.6946 0.0000 0.0000 0.0000 20.0669 10.4511 -48.4445 -8.9550 -16.7787 55.9344 -0.2478 -7.0591 9.4766 -0.0390 1.2741 -3.5033 15.3740 4.6627 -26.6355 -10.9215 2.7187 -10.0481 -20.0059 0.8942 4.6546 -4.8862 -2.2650 -19.6602 8.8096 -2.4246 -0.3635 3.3258 -0.7788 3.1745 0.0000 0.0000 0.0000 39.0119 10.1962 40.1575 15.5744 -24.9402 -3.4645 -0.0000 0.0000 -117.3930 44.8278 -11.4338 -11.1472 -7.1250 0.0000 -0.0000 11.9904 14.3033 -8.8561 0.0000 0.0000 0.0000 -3.4028 -3.0677 -50.9433 -15.7964 25.2438 -3.5587 0.0000 -0.0000 -32.6075 9.7773 -0.7977 -0.1375 7.1250 -0.0000 -0.0000 27.8302 -29.9002 11.5248
4.0315 14.8587 11.1334 8.2856 -18.9337 99.0422 0.0000 0.0000 0.0000 -19.7136 -11.7885 -51.9207 10.6412 17.7550 61.6107 1.5878 3.7721 22.9046 0.1572 2.5544 7.0404 0.0000 0.0000 0.0000 19.8662 10.4398 -49.0329 -9.6108 -17.1851 58.1795 -0.2517 -7.0144 9.5216 -0.0205 0.9244 -2.5408 15.2748 4.6476 -26.5331 -10.9609 2.7428 -10.0237 -19.9916 0.9117 4.6495 -4.7465 -2.1793 -19.9968 8.8395 -2.4179 1.0101 3.3150 -0.7412 3.6456 -0.0000 0.0000 0.0000 40.2803 9.9064 35.4634 15.7511 -25.1821 -3.5394 -0.0000 0.0000 -114.4050 44.6508 -11.2202 -10.8808 -7.1250 0.0000 -0.0000 11.9189 14.6284 -8.7164 -0.0000 0.0000 0.0000 -5.9934 -2.9105 -50.3498 -16.0512 25.5900 -3.6680 0.0000 -0.0000 -33.5059 10.2225 -1.2288 -0.2216 7.1250 -0.0000 -0.0000 28.2598 -30.2597 11.4687
4.0819 14.8755 11.0931 8.1439 -19.0994 99.0404 0.0000 0.0000 0.0000 -19.7993 -11.5155 -52.0604 11.1547 18.0099 63.2828 1.5979 3.7463 22.9841 0.1726 2.6759 7.3778 0.0000 0.0000 0.0000 19.6593 10.3771 -49.6491 -10.3233 -17.5877 60.5636 -0.2542 -7.1173 9.5892 -0.0073 0.5533 -1.5205 15.1789 4.6344 -26.4117 -10.9919 2.7712 -9.9885 -19.9676 0.9331 4.6486 -4.5842 -2.0894 -20.3788 8.8134 -2.4166 2.5038 3.2851 -0.7048 4.1627 -0.0000 -0.0000 0.0000 41.4099 9.5866 30.5781 15.9624 -25.4696 -3.6298 -0.0000 0.0000 -110.6890 44.3724 -10.8105 -10.3979 -7.1250 0.0000 -0.0000 11.8196 15.2347 -8.4835 -0.0000 -0.0000 0.0000 -8.5355 -2.7038 -49.8680 -16.3130 25.9432 -3.7819 0.0000 -0.0000 -34.2205 10.6181 -1.7076 -0.3201 7.1250 -0.0000 -0.0000 28.6715 -30.6630 11.3594
4.1322 14.8922 11.0561 8.0034 -19.2706 99.0333 0.0000 0.0000 0.0000 -19.8988 -11.2377 -52.1419 11.6654 18.2456 64.9242 1.6144 3.6496 23.1244 0.1863 2.7798 7.6663 0.0000 0.0000 0.0000 19.4478 10.2627 -50.2772 -11.0738 -17.9710 63.0212 -0.2559 -7.3355 9.6804 -0.0006 0.1641 -0.4508 15.0881 4.6256 -26.2858 -11.0174 2.8049 -9.9375 -19.9381 0.9606 4.6643 -4.4327 -2.0041 -20.8149 8.7687 -2.4257 4.1097 3.2533 -0.6707 4.7279 -0.0000 -0.0000 0.0000 41.9561 9.0644 23.6931 16.0624 -25.6052 -3.6729 -0.0000 0.0000 -104.5660 43.7344 -9.8367 -9.2832 -7.1250 0.0000 -0.0000 11.5894 16.6571 -7.9468 -0.0000 -0.0000 0.0000 -10.9791 -2.4602 -49.5567 -16.5998 26.3272 -3.9082 0.0000 -0.0000 -34.6821 11.0202 -2.1627 -0.4211 7.1250 -0.0000 -0.0000 29.0846 -31.0425 11.2600
4.1819 14.9083 11.0229 7.8744 -19.4253 99.0229 0.0000 0.0000 0.0000 -19.9861 -10.9640 -52.1619 12.1637 18.4590 66.5067 1.6389 3.4234 23.3475 0.1899 2.8064 7.7401 0.0000 0.0000 0.0000 19.2601 10.0950 -50.8932 -11.8419 -18.3230 65.4869 -0.2562 -7.6485 9.7838 -0.0013 -0.2369 0.6508 15.0202 4.6230 -26.1590 -11.0329 2.8412 -9.8707 -19.9091 0.9923 4.6969 -4.2634 -1.9165 -21.3091 8.6869 -2.4391 5.8017 3.2098 -0.6374 5.3341 0.0000 0.0000 0.0000 42.5150 8.3970 17.0563 16.1768 -25.7598 -3.7225 -0.0000 0.0000 -98.3130 42.9067 -8.6578 -7.9650 -7.1250 0.0000 -0.0000 11.2551 18.3619 -7.2782 0.0000 0.0000 0.0000 -13.3913 -2.2106 -49.3481 -16.8766 26.6948 -4.0317 0.0000 -0.0000 -34.9218 11.5016 -2.4846 -0.5054 7.1250 -0.0000 -0.0000 29.5166 -31.2961 11.2650
4.2303 14.9238 10.9934 7.7651 -19.5490 99.0104 0.0000 0.0000 0.0000 -20.0427 -10.7002 -52.1233 12.6410 18.6487 68.0068 1.6708 3.0999 23.6453 0.1882 2.7938 7.7051 0.0000 0.0000 0.0000 19.1148 9.8898 -51.4776 -12.6101 -18.6368 67.9100 -0.2552 -8.1426 9.9374 -0.0108 -0.6722 1.8472 14.9842 4.6239 -26.0252 -11.0342 2.8743 -9.7951 -19.8831 1.0231 4.7334 -4.1302 -1.8363 -21.8010 8.6247 -2.4596 7.5309 3.1810 -0.6061 5.9601 0.0000 -0.0000 0.0000 43.1083 7.5942 10.6753 16.2994 -25.9249 -3.7759 -0.0000 0.0000 -92.0553 41.8670 -7.3471 -6.5380 -7.1250 0.0000 -0.0000 10.7741 20.2368 -6.4967 0.0000 -0.0000 0.0000 -15.7513 -1.9629 -49.2306 -17.1598 27.0680 -4.1598 0.0000 -0.0000 -34.9736 12.0914 -2.6325 -0.5637 7.1250 -0.0000 -0.0000 29.9723 -31.3858 11.4151
4.2773 14.9389 10.9674 7.6810 -19.6474 99.0024 0.0000 0.0000 0.0000 -20.0718 -10.4562 -52.0334 13.0894 18.8142 69.4029 1.7119 2.6483 24.0404 0.1753 2.6970 7.4364 0.0000 0.0000 0.0000 19.0099 9.6509 -52.0295 -13.3635 -18.9095 70.2508 -0.2506 -8.7840 10.1112 -0.0297 -1.1132 3.0604 14.9753 4.6294 -25.8924 -11.0322 2.9067 -9.7126 -19.8699 1.0546 4.7775 -4.0161 -1.7638 -22.3046 8.5818 -2.4923 9.2988 3.1639 -0.5786 6.6102 -0.0000 -0.0000 0.0000 43.7600 6.6619 4.5023 16.4278 -26.0973 -3.8322 -0.0000 0.0000 -85.8846 40.5821 -5.9946 -5.1118 -7.1250 0.0000 -0.0000 10.0931 22.1469 -5.6291 -0.0000 -0.0000 0.0000 -18.0470 -1.7344 -49.1921 -17.4527 27.4507 -4.2940 0.0000 -0.0000 -34.8947 12.8263 -2.6936 -0.6130 7.1250 -0.0000 -0.0000 30.5002 -31.3863 11.6790
4.3229 14.9536 10.9442 7.6245 -19.7212 99.0195 0.0000 0.0000 0.0000 -20.0703 -10.2460 -51.9226 13.5042 18.9567 70.6845 1.7605 2.0605 24.5283 0.1518 2.5110 6.9200 0.0000 0.0000 0.0000 18.9467 9.3847 -52.5629 -14.0893 -19.1409 72.4771 -0.2390 -9.5922 10.2855 -0.0589 -1.5662 4.3082 15.0017 4.6461 -25.7784 -11.0354 2.9431 -9.6327 -19.8831 1.0882 4.8302 -3.9301 -1.7117 -22.7930 8.5823 -2.5542 11.0708 3.1657 -0.5624 7.2719 0.0000 0.0000 0.0000 44.4914 5.6114 -1.4847 16.5709 -26.2887 -3.8954 -0.0000 0.0000 -79.9330 39.1051 -4.7044 -3.8139 -7.1250 0.0000 -0.0000 9.2208 23.9357 -4.7461 0.0000 0.0000 0.0000 -20.2625 -1.5279 -49.2211 -17.7638 27.8537 -4.4383 0.0000 -0.0000 -34.7523 13.6792 -2.6597 -0.6471 7.1250 -0.0000 -0.0000 31.0753 -31.2917 12.0565
4.3666 14.9680 10.9229 7.6044 -19.7687 99.0519 0.0000 0.0000 0.0000 -20.0318 -10.0730 -51.7907 13.8818 19.0778 71.8431 1.8159 1.3992 25.0940 0.1285 2.3106 6.3650 0.0000 0.0000 0.0000 18.9411 9.0819 -53.0675 -14.7756 -19.3326 74.5599 -0.2166 -10.5367 10.4252 -0.0974 -2.0123 5.5396 15.0561 4.6694 -25.6767 -11.0497 2.9806 -9.5570 -19.9269 1.1220 4.8862 -3.8493 -1.6718 -23.2649 8.6274 -2.6444 12.8586 3.1836 -0.5549 7.9502 -0.0000 -0.0000 0.0000 45.3389 4.4413 -7.2861 16.7240 -26.4925 -3.9635 -0.0000 0.0000 -74.2983 37.3979 -3.6266 -2.7685 -7.1250 0.0000 -0.0000 8.1039 25.4112 -3.8792 -0.0000 -0.0000 0.0000 -22.3697 -1.3515 -49.2882 -18.1101 28.2980 -4.6013 0.0000 -0.0000 -34.6408 14.6201 -2.6477 -0.6904 7.1250 -0.0000 -0.0000 31.7108 -31.2067 12.4672
4.4089 14.9821 10.9029 7.6207 -19.8022 99.1199 0.0000 0.0000 0.0000 -19.9710 -9.9490 -51.6682 14.2208 19.1796 72.8777 1.8754 0.6614 25.7232 0.1058 2.0975 5.7753 0.0000 0.0000 0.0000 18.9790 8.7508 -53.5621 -15.4129 -19.4879 76.4773 -0.1814 -11.5863 10.5187 -0.1438 -2.4436 6.7334 15.1334 4.7076 -25.6086 -11.0884 3.0300 -9.4909 -20.0105 1.1620 4.9554 -3.7580 -1.6492 -23.7303 8.7130 -2.7775 14.6838 3.2126 -0.5611 8.6566 0.0000 -0.0000 0.0000 46.3229 3.1566 -12.9184 16.8848 -26.7056 -4.0354 -0.0000 0.0000 -69.0468 35.4789 -2.8532 -2.0319 -7.1250 0.0000 -0.0000 6.7504 26.4656 -3.0545 0.0000 -0.0000 0.0000 -24.3555 -1.1845 -49.4305 -18.4899 28.7800 -4.7828 0.0000 -0.0000 -34.5423 15.6177 -2.6940 -0.7528 7.1250 -0.0000 -0.0000 32.3955 -31.1648 12.8756
4.4494 14.9957 10.8839 7.6748 -19.8008 99.2169 0.0000 0.0000 0.0000 -19.8634 -9.8683 -51.5579 14.5208 19.2644 73.7888 1.9384 -0.0690 26.3885 0.0901 1.9365 5.3302 0.0000 0.0000 0.0000 19.0876 8.4055 -54.0263 -15.9892 -19.6099 78.1996 -0.1340 -12.6973 10.5727 -0.1966 -2.8555 7.8766 15.2453 4.7641 -25.5699 -11.1478 3.0932 -9.4356 -20.1359 1.2092 5.0356 -3.6565 -1.6418 -24.1853 8.8613 -2.9589 16.5418 3.2601 -0.5795 9.3928 -0.0000 -0.0000 0.0000 47.4644 1.7612 -18.3619 17.0409 -26.9116 -4.1058 -0.0000 0.0000 -64.1783 33.3972 -2.4457 -1.6115 -7.1250 0.0000 -0.0000 5.2073 27.0421 -2.2793 -0.0000 -0.0000 0.0000 -26.2429 -1.0546 -49.5746 -18.8938 29.2865 -4.9788 0.0000 -0.0000 -34.5304 16.6472 -2.7983 -0.8363 7.1250 -0.0000 -0.0000 33.1125 -31.1663 13.2707
4.4880 15.0088 10.8654 7.7603 -19.7794 99.3462 0.0000 0.0000 0.0000 -19.7261 -9.8280 -51.4647 14.7803 19.3338 74.5740 2.0042 -0.7327 27.0612 0.0824 1.8511 5.0942 0.0000 0.0000 0.0000 19.2495 8.0659 -54.4582 -16.4967 -19.7032 79.7081 -0.0792 -13.8129 10.6245 -0.2546 -3.2466 8.9660 15.3623 4.8355 -25.5592 -11.2300 3.1736 -9.3956 -20.2865 1.2649 5.1226 -3.5416 -1.6429 -24.6072 9.0682 -3.1828 18.4103 3.3255 -0.6069 10.1500 -0.0000 -0.0000 0.0000 48.7938 0.2586 -23.5882 17.1625 -27.0715 -4.1610 -0.0000 0.0000 -59.6396 31.1754 -2.4132 -1.4593 -7.1250 0.0000 -0.0000 3.5136 27.1555 -1.5253 -0.0000 -0.0000 0.0000 -27.9780 -0.9155 -49.7949 -19.3411 29.8403 -5.1995 0.0000 -0.0000 -34.5002 17.7139 -2.9505 -0.9419 7.1250 -0.0000 -0.0000 33.8617 -31.2011 13.6606
4.5245 15.0213 10.8469 7.8743 -19.7497 99.4988 0.0000 0.0000 0.0000 -19.5725 -9.8263 -51.3776 14.9977 19.3892 75.2299 2.0711 -1.3238 27.7203 0.0758 1.7766 4.8887 0.0000 0.0000 0.0000 19.4440 7.7464 -54.8375 -16.9268 -19.7720 80.9818 -0.0237 -14.8443 10.6882 -0.3114 -3.5873 9.9184 15.4645 4.9087 -25.5650 -11.3263 3.2591 -9.3667 -20.4436 1.3228 5.2090 -3.4297 -1.6415 -24.9662 9.3377 -3.4288 20.2338 3.4161 -0.6350 10.9042 -0.0000 -0.0000 0.0000 50.3287 -1.3177 -28.5743 17.2122 -27.1367 -4.1837 -0.0000 0.0000 -55.3234 28.8536 -2.7203 -1.4979 -7.1250 0.0000 -0.0000 1.7248 26.8737 -0.7592 -0.0000 -0.0000 0.0000 -29.6451 -0.7630 -50.0395 -19.7940 30.3934 -5.4268 0.0000 -0.0000 -34.4960 18.8291 -3.1381 -1.0694 7.1250 -0.0000 -0.0000 34.6451 -31.2554 14.0594
4.5590 15.0335 10.8273 8.0077 -19.7203 99.6744 0.0000 0.0000 0.0000 -19.4107 -9.8574 -51.2972 15.1720 19.4317 75.7542 2.1412 -1.7634 28.3449 0.0720 1.7310 4.7629 0.0000 0.0000 0.0000 19.6504 7.4756 -55.1507 -17.2725 -19.8207 82.0023 0.0261 -15.7984 10.8210 -0.3676 -3.8944 10.7798 15.5335 4.9719 -25.5780 -11.4260 3.3383 -9.3518 -20.5866 1.3749 5.2808 -3.3289 -1.6279 -25.2169 9.6584 -3.6750 21.9517 3.5317 -0.6580 11.6237 -0.0000 0.0000 0.0000 52.0632 -2.8395 -33.0307 17.2275 -27.1568 -4.1907 -0.0000 0.0000 -51.3955 26.5539 -3.2753 -1.6355 -7.1250 0.0000 -0.0000 -0.0442 26.3192 0.0200 -0.0000 0.0000 0.0000 -31.2395 -0.5345 -50.3666 -20.2555 30.9489 -5.6621 0.0000 -0.0000 -34.4804 19.9325 -3.3393 -1.2101 7.1250 -0.0000 -0.0000 35.4160 -31.3158 14.4537
4.5914 15.0454 10.8060 8.1568 -19.6960 99.8601 0.0000 0.0000 0.0000 -19.2469 -9.9156 -51.2132 15.3012 19.4622 76.1423 2.2139 -2.0327 28.9162 0.0680 1.6823 4.6285 0.0000 0.0000 0.0000 19.8540 7.2688 -55.3730 -17.5257 -19.8526 82.7485 0.0629 -16.6287 11.0456 -0.4145 -4.1326 11.4500 15.5608 5.0122 -25.5856 -11.5196 3.3965 -9.3469 -20.7041 1.4130 5.3282 -3.2479 -1.5924 -25.3365 10.0349 -3.9035 23.5362 3.6785 -0.6697 12.2902 0.0000 -0.0000 0.0000 53.9373 -4.1938 -36.7712 17.2625 -27.2026 -4.2067 -0.0000 0.0000 -47.9182 24.3404 -3.9271 -1.7746 -7.1250 0.0000 -0.0000 -1.7316 25.6704 0.8109 0.0000 -0.0000 0.0000 -32.7069 -0.1907 -50.8171 -20.7580 31.5448 -5.9228 0.0000 -0.0000 -34.4543 21.0282 -3.5967 -1.3815 7.1250 -0.0000 -0.0000 36.1925 -31.4183 14.8134
4.6221 15.0572 10.7831 8.3136 -19.6816 100.0600 0.0000 0.0000 0.0000 -19.0873 -10.0027 -51.1304 15.3825 19.4810 76.3864 2.2877 -2.1075 29.4108 0.0664 1.6629 4.5751 0.0000 0.0000 0.0000 20.0365 7.1398 -55.4935 -17.6783 -19.8703 83.1977 0.0840 -17.3034 11.3392 -0.4480 -4.2945 11.9066 15.5544 5.0275 -25.6003 -11.5994 3.4259 -9.3472 -20.7933 1.4334 5.3581 -3.1969 -1.5340 -25.3266 10.4444 -4.1011 24.9976 3.8528 -0.6694 12.9026 -0.0000 0.0000 0.0000 55.8896 -5.3644 -39.8414 17.3189 -27.2763 -4.2324 -0.0000 0.0000 -44.7835 22.3009 -4.5161 -1.8497 -7.1250 0.0000 -0.0000 -3.2695 25.0997 1.5763 -0.0000 0.0000 0.0000 -34.1359 0.3066 -51.3999 -21.2456 32.1139 -6.1800 0.0000 -0.0000 -34.4478 22.0744 -3.8231 -1.5489 7.1250 -0.0000 -0.0000 36.9171 -31.4920 15.1812
4.6512 15.0686 10.7585 8.4667 -19.6631 100.2690 0.0000 0.0000 0.0000 -18.9192 -10.1055 -51.0432 15.4106 19.4873 76.4704 2.3537 -2.0196 29.7863 0.0662 1.6599 4.5667 0.0000 0.0000 0.0000 20.2103 7.0995 -55.4915 -17.7230 -19.8752 83.3291 0.0834 -17.6818 11.6314 -0.4535 -4.3203 11.9797 15.5373 5.0168 -25.6226 -11.6527 3.4181 -9.3432 -20.8550 1.4327 5.3758 -3.1610 -1.4318 -25.2128 10.8425 -4.2313 26.3750 4.0432 -0.6464 13.4728 0.0000 0.0000 0.0000 57.8619 -6.3406 -42.3115 17.4013 -27.3837 -4.2703 -0.0000 0.0000 -41.9517 20.3744 -4.9571 -1.8381 -7.1250 0.0000 -0.0000 -4.7091 24.6940 2.3186 0.0000 0.0000 0.0000 -35.5749 0.9690 -52.1155 -21.6916 32.6267 -6.4188 0.0000 -0.0000 -34.5275 23.0324 -3.9990 -1.6983 7.1250 -0.0000 -0.0000 37.5594 -31.5257 15.5524
4.6787 15.0793 10.7332 8.6204 -19.6373 100.4770 0.0000 0.0000 0.0000 -18.7445 -10.2256 -50.9335 15.3754 19.4793 76.3650 2.4009 -1.8195 29.9999 0.0635 1.6263 4.4739 0.0000 0.0000 0.0000 20.3855 7.1258 -55.3601 -17.6551 -19.8677 83.1295 0.0627 -17.8203 11.9362 -0.4293 -4.2047 11.6533 15.5201 4.9823 -25.6562 -11.6780 3.3731 -9.3246 -20.8939 1.4130 5.3944 -3.1129 -1.2877 -25.0390 11.1800 -4.2948 27.7350 4.2281 -0.6040 14.0324 -0.0000 0.0000 0.0000 59.8191 -7.1489 -44.3148 17.5121 -27.5279 -4.3214 -0.0000 0.0000 -39.4270 18.4748 -5.2254 -1.7429 -7.1250 0.0000 -0.0000 -6.1212 24.4738 3.0520 -0.0000 0.0000 0.0000 -37.0688 1.8131 -52.9997 -22.0527 33.0366 -6.6146 0.0000 -0.0000 -34.6652 23.8880 -4.0935 -1.8108 7.1250 -0.0000 -0.0000 38.1000 -31.4961 15.9439
4.7051 15.0889 10.7079 8.7732 -19.6012 100.6810 0.0000 0.0000 0.0000 -18.5637 -10.3658 -50.7820 15.2645 19.4536 76.0320 2.2966 -1.7971 29.3460 0.0052 0.4639 1.2747 0.0000 0.0000 0.0000 20.5660 7.2054 -55.0988 -17.4732 -19.8462 82.5938 0.0293 -17.7894 12.2322 -0.3877 -3.9983 11.0719 15.5119 4.9315 -25.7064 -11.6772 3.2986 -9.2851 -20.9151 1.3804 5.4272 -3.0665 -1.1183 -24.8158 11.4831 -4.3141 29.0682 4.4157 -0.5511 14.5825 -0.0000 -0.0000 0.0000 61.7345 -7.8242 -45.9894 17.6608 -27.7206 -4.3903 -0.0000 0.0000 -37.2922 16.5097 -5.3816 -1.5924 -7.1250 0.0000 -0.0000 -7.5777 24.3713 3.8074 -0.0000 -0.0000 0.0000 -38.7157 2.7752 -53.9911 -22.2685 33.2791 -6.7326 0.0000 -0.0000 -34.9381 24.6998 -4.1446 -1.9039 7.1250 -0.0000 -0.0000 38.5889 -31.4295 16.3579
4.7306 15.0970 10.6835 8.9184 -19.5559 100.8890 0.0000 0.0000 0.0000 -18.3829 -10.5263 -50.5843 15.0647 19.4057 75.4315 2.2240 -1.6524 28.8335 0.0024 -0.3134 -0.8611 0.0000 0.0000 0.0000 20.7606 7.3259 -54.7274 -17.1798 -19.8082 81.7290 -0.0070 -17.7030 12.5121 -0.3330 -3.7084 10.2577 15.5101 4.8762 -25.7796 -11.6614 3.2119 -9.2277 -20.9246 1.3448 5.4828 -3.0146 -0.9471 -24.5500 11.7712 -4.3308 30.3744 4.6049 -0.5025 15.1294 0.0000 0.0000 0.0000 63.6052 -8.4084 -47.4564 17.8646 -27.9834 -4.4855 -0.0000 0.0000 -35.6940 14.3904 -5.5025 -1.4094 -7.1250 0.0000 -0.0000 -9.1431 24.3047 4.6261 0.0000 0.0000 0.0000 -40.4286 3.8285 -55.0746 -22.3845 33.4089 -6.7964 0.0000 -0.0000 -35.3373 25.4596 -4.2001 -1.9971 7.1250 -0.0000 -0.0000 39.0415 -31.3691 16.7501
4.7555 15.1037 10.6600 9.0524 -19.5232 101.1000 0.0000 0.0000 0.0000 -18.2319 -10.7116 -50.3209 14.7644 19.3297 74.5260 2.1607 -1.5041 28.3722 0.0222 -0.9622 -2.6448 0.0000 0.0000 0.0000 20.9481 7.4727 -54.2618 -16.7818 -19.7499 80.5530 -0.0347 -17.7008 12.7680 -0.2788 -3.3962 9.3839 15.4932 4.8205 -25.8769 -11.6457 3.1258 -9.1492 -20.9239 1.3150 5.5722 -2.9596 -0.8008 -24.2497 12.0780 -4.3921 31.6368 4.8002 -0.4737 15.6742 -0.0000 0.0000 0.0000 65.4399 -8.9374 -48.8185 18.1365 -28.3316 -4.6138 -0.0000 0.0000 -34.7715 12.0842 -5.6389 -1.2051 -7.1250 0.0000 -0.0000 -10.8367 24.2202 5.5324 -0.0000 0.0000 0.0000 -42.1671 4.8960 -56.1594 -22.4287 33.4581 -6.8207 0.0000 -0.0000 -35.9308 26.2605 -4.3531 -2.1446 7.1250 -0.0000 -0.0000 39.5483 -31.3819 17.0948
4.7805 15.1090 10.6379 9.1654 -19.5065 101.3210 0.0000 0.0000 0.0000 -18.1177 -10.9230 -49.9845 14.3562 19.2185 73.2895 2.1637 -1.2519 28.2977 0.0239 -0.9981 -2.7436 0.0000 0.0000 0.0000 21.1273 7.6399 -53.7232 -16.2863 -19.6661 79.0835 -0.0480 -17.8279 12.9770 -0.2305 -3.0900 8.5294 15.4626 4.7732 -25.9944 -11.6372 3.0533 -9.0504 -20.9187 1.2985 5.6995 -2.8836 -0.6845 -23.9137 12.3839 -4.5028 32.8234 4.9861 -0.4671 16.2007 0.0000 -0.0000 0.0000 67.2353 -9.4095 -50.0979 18.5000 -28.7926 -4.7876 -0.0000 0.0000 -34.6532 9.6217 -5.7927 -0.9803 -7.1250 0.0000 -0.0000 -12.6313 24.1134 6.5219 0.0000 -0.0000 0.0000 -43.8727 5.9446 -57.2159 -22.4304 33.4601 -6.8216 0.0000 -0.0000 -36.6968 27.1114 -4.6269 -2.3649 7.1250 -0.0000 -0.0000 40.1241 -31.4856 17.3746
4.8058 15.1128 10.6170 9.2444 -19.5180 101.5670 0.0000 0.0000 0.0000 -18.0531 -11.1617 -49.5834 13.8396 19.0647 71.7142 2.2551 -0.8807 28.7488 0.0018 -0.2709 -0.7443 0.0000 0.0000 0.0000 21.2808 7.8338 -53.1373 -15.7014 -19.5511 77.3406 -0.0430 -18.0960 13.1157 -0.1885 -2.7959 7.7111 15.4053 4.7418 -26.1342 -11.6462 3.0093 -8.9386 -20.9086 1.3027 5.8654 -2.7627 -0.5973 -23.5460 12.6711 -4.6647 33.9354 5.1484 -0.4816 16.7081 0.0000 -0.0000 0.0000 68.9968 -9.8259 -51.2864 18.9649 -29.3751 -5.0136 -0.0000 0.0000 -35.3484 7.0885 -5.8970 -0.7320 -7.1250 0.0000 -0.0000 -14.4665 24.0465 7.5498 0.0000 -0.0000 0.0000 -45.4266 6.9670 -58.2188 -22.4510 33.4829 -6.8330 0.0000 -0.0000 -37.5780 28.0060 -4.9879 -2.6475 7.1250 -0.0000 -0.0000 40.7521 -31.6509 17.6115
4.8317 15.1154 10.5974 9.2867 -19.5544 101.8410 0.0000 0.0000 0.0000 -18.0320 -11.4321 -49.1186 13.2202 18.8602 69.8081 2.4108 -0.4221 29.5637 0.0239 0.9977 2.7424 0.0000 0.0000 0.0000 21.4130 8.0498 -52.5173 -15.0345 -19.3983 75.3407 -0.0195 -18.5080 13.1910 -0.1574 -2.5561 7.0453 15.3332 4.7282 -26.2889 -11.6700 2.9943 -8.8167 -20.8977 1.3266 6.0633 -2.5800 -0.5177 -23.1340 12.8983 -4.8333 34.9513 5.2691 -0.5017 17.1706 -0.0000 0.0000 0.0000 70.7200 -10.1891 -52.3895 19.5155 -30.0541 -5.2865 -0.0000 0.0000 -36.6652 4.5904 -5.8581 -0.4695 -7.1250 0.0000 -0.0000 -16.2758 24.1051 8.5450 -0.0000 0.0000 0.0000 -46.8568 7.9644 -59.1556 -22.4696 33.5037 -6.8433 0.0000 -0.0000 -38.4964 28.9348 -5.4387 -2.9994 7.1250 -0.0000 -0.0000 41.4285 -31.8805 17.7930
4.8582 15.1163 10.5792 9.2789 -19.6100 102.1520 0.0000 0.0000 0.0000 -18.0428 -11.7300 -48.6038 12.5100 18.5980 67.5964 2.5753 0.0208 30.4165 0.1274 2.3006 6.3371 0.0000 0.0000 0.0000 21.5233 8.3051 -51.8741 -14.2939 -19.2008 73.1002 0.0158 -18.8890 13.1483 -0.1344 -2.3629 6.5098 15.2575 4.7309 -26.4537 -11.6968 3.0024 -8.6879 -20.8796 1.3656 6.2836 -2.3248 -0.4175 -22.6894 13.0113 -4.9459 35.8663 5.3292 -0.5065 17.5710 0.0000 0.0000 0.0000 72.3808 -10.4765 -53.3789 20.1250 -30.7926 -5.5952 -0.0000 0.0000 -38.3303 2.2458 -5.6346 -0.2206 -7.1250 0.0000 -0.0000 -17.9856 24.3233 9.4344 0.0000 0.0000 0.0000 -48.2093 8.9453 -60.0261 -22.4705 33.5046 -6.8437 0.0000 -0.0000 -39.3995 29.8814 -5.9813 -3.4265 7.1250 -0.0000 -0.0000 42.1473 -32.1781 17.9018
4.8852 15.1155 10.5625 9.2261 -19.6823 102.5010 0.0000 0.0000 0.0000 -18.0746 -12.0622 -48.0509 11.7253 18.2721 65.1153 2.7636 0.5290 31.3669 0.3396 3.7450 10.3604 0.0000 0.0000 0.0000 21.6149 8.5881 -51.2184 -13.4881 -18.9514 70.6348 0.0559 -19.2318 13.0435 -0.1180 -2.2143 6.0983 15.1871 4.7440 -26.6292 -11.7179 3.0220 -8.5522 -20.8529 1.4125 6.5208 -1.9974 -0.2861 -22.2298 12.9705 -4.9676 36.6844 5.3134 -0.4855 17.9022 0.0000 0.0000 0.0000 73.9657 -10.6905 -54.2630 20.7418 -31.5257 -5.9144 -0.0000 0.0000 -39.9363 0.1419 -5.2986 -0.0131 -7.1250 0.0000 -0.0000 -19.5322 24.6306 10.1926 0.0000 0.0000 0.0000 -49.5211 9.9170 -60.8516 -22.4399 33.4706 -6.8269 0.0000 -0.0000 -40.2011 30.8028 -6.5694 -3.9020 7.1250 -0.0000 -0.0000 42.8683 -32.5114 17.9474
4.9125 15.1126 10.5472 9.1355 -19.7589 102.8870 0.0000 0.0000 0.0000 -18.1030 -12.4345 -47.4750 10.8862 17.8790 62.4116 2.7998 0.7544 31.5097 0.3765 3.9410 10.9108 0.0000 0.0000 0.0000 21.6959 8.9004 -50.5521 -12.6266 -18.6432 67.9617 0.1000 -19.5372 12.8820 -0.1095 -2.1332 5.8740 15.1359 4.7665 -26.8209 -11.7269 3.0463 -8.4105 -20.8204 1.4633 6.7729 -1.6509 -0.1268 -21.7604 12.8428 -4.9021 37.3848 5.2581 -0.4386 18.1545 -0.0000 0.0000 0.0000 75.4649 -10.8524 -55.0584 21.3110 -32.1896 -6.2148 -0.0000 0.0000 -41.1149 -1.6443 -4.9878 0.1430 -7.1250 0.0000 -0.0000 -20.8450 24.9014 10.8301 -0.0000 0.0000 0.0000 -50.8199 10.8813 -61.6477 -22.3634 33.3853 -6.7847 0.0000 -0.0000 -40.8153 31.7076 -7.1410 -4.3916 7.1250 -0.0000 -0.0000 43.5679 -32.8257 17.9935
4.9395 15.1077 10.5335 9.0180 -19.8254 103.2940 0.0000 0.0000 0.0000 -18.1026 -12.8494 -46.8816 10.0147 17.4181 59.5376 2.8331 1.0231 31.6244 0.4152 4.1360 11.4596 0.0000 0.0000 0.0000 21.7852 9.2311 -49.8619 -11.7202 -18.2699 65.0992 0.1441 -19.8049 12.6980 -0.1029 -2.0682 5.6943 15.1099 4.7896 -27.0133 -11.7170 3.0624 -8.2644 -20.7824 1.5095 7.0248 -1.3231 0.0567 -21.2837 12.6838 -4.7597 37.9599 5.1930 -0.3683 18.3256 -0.0000 -0.0000 0.0000 76.8846 -10.9970 -55.7897 21.7791 -32.7264 -6.4660 -0.0000 0.0000 -41.5918 -3.0954 -4.8811 0.2636 -7.1250 0.0000 -0.0000 -21.8822 24.9760 11.4108 -0.0000 -0.0000 0.0000 -52.1029 11.8471 -62.4187 -22.2494 33.2577 -6.7221 0.0000 -0.0000 -41.2206 32.5358 -7.6916 -4.8803 7.1250 -0.0000 -0.0000 44.2166 -33.1304 18.0034
4.9656 15.1007 10.5216 8.8773 -19.8754 103.7160 0.0000 0.0000 0.0000 -18.0597 -13.2997 -46.2847 9.1329 16.8925 56.5485 2.8600 1.3175 31.6970 0.4480 4.2944 11.9064 0.0000 0.0000 0.0000 21.8862 9.5811 -49.1411 -10.7818 -17.8266 62.0709 0.1879 -20.0443 12.4994 -0.0965 -2.0036 5.5156 15.1068 4.8121 -27.2144 -11.6894 3.0682 -8.1156 -20.7397 1.5499 7.2773 -1.0358 0.2490 -20.8121 12.5424 -4.5785 38.4329 5.1408 -0.2866 18.4383 0.0000 0.0000 0.0000 78.2440 -11.1762 -56.5166 22.0967 -33.0862 -6.6386 -0.0000 0.0000 -41.2429 -4.2141 -5.0593 0.3723 -7.1250 0.0000 -0.0000 -22.6292 24.7875 11.9751 0.0000 0.0000 0.0000 -53.3566 12.8261 -63.1755 -22.1044 33.0948 -6.6428 0.0000 -0.0000 -41.4382 33.2474 -8.2067 -5.3461 7.1250 -0.0000 -0.0000 44.7916 -33.4236 17.9625
4.9902 15.0920 10.5119 8.7239 -19.9040 104.1330 0.0000 0.0000 0.0000 -17.9645 -13.7831 -45.6829 8.2619 16.3086 53.5008 2.8755 1.6881 31.6882 0.4837 4.4597 12.3737 0.0000 0.0000 0.0000 22.0065 9.9345 -48.3796 -9.8264 -17.3110 58.9064 0.2238 -20.2337 12.3331 -0.0867 -1.8997 5.2285 15.1266 4.8304 -27.4134 -11.6452 3.0597 -7.9630 -20.6960 1.5825 7.5254 -0.8297 0.4482 -20.3446 12.4871 -4.3741 38.8038 5.1397 -0.1976 18.4974 0.0000 0.0000 0.0000 79.5636 -11.4281 -57.2999 22.2409 -33.2483 -6.7175 -0.0000 0.0000 -40.1579 -5.0638 -5.5517 0.4912 -7.1250 0.0000 -0.0000 -23.1250 24.3132 12.5658 0.0000 0.0000 0.0000 -54.5664 13.8275 -63.9420 -21.9303 32.8981 -6.5479 0.0000 -0.0000 -41.5061 33.7627 -8.6665 -5.7521 7.1250 -0.0000 -0.0000 45.2519 -33.7085 17.8335
5.0127 15.0820 10.5049 8.5594 -19.9084 104.5400 0.0000 0.0000 0.0000 -17.8031 -14.3104 -45.0860 7.4225 15.6776 50.4547 2.8755 2.1643 31.5691 0.5215 4.6282 12.8510 0.0000 0.0000 0.0000 22.1445 10.2952 -47.5750 -8.8700 -16.7233 55.6395 0.2522 -20.3845 12.2033 -0.0729 -1.7422 4.7939 15.1595 4.8451 -27.6097 -11.5879 3.0411 -7.8104 -20.6478 1.6089 7.7665 -0.7047 0.6582 -19.8819 12.5516 -4.1591 39.0913 5.2057 -0.1021 18.5156 -0.0000 -0.0000 0.0000 80.8691 -11.7998 -58.2142 22.2047 -33.2076 -6.6976 -0.0000 0.0000 -38.5772 -5.7154 -6.2790 0.6272 -7.1250 0.0000 -0.0000 -23.4365 23.6272 13.1790 -0.0000 -0.0000 0.0000 -55.7233 14.8713 -64.7633 -21.7183 32.6572 -6.4332 0.0000 -0.0000 -41.4587 34.0180 -9.0749 -6.0768 7.1250 -0.0000 -0.0000 45.5766 -34.0058 17.5654
5.0328 15.0712 10.5006 8.3884 -19.8933 104.9240 0.0000 0.0000 0.0000 -17.5743 -14.8860 -44.4991 6.6328 15.0147 47.4715 2.8563 2.7304 31.3276 0.5521 4.7597 13.2245 0.0000 0.0000 0.0000 22.2950 10.6544 -46.7309 -7.9308 -16.0681 52.3132 0.2676 -20.4652 12.1336 -0.0542 -1.5017 4.1304 15.1963 4.8555 -27.7983 -11.5227 3.0152 -7.6584 -20.5956 1.6305 7.9993 -0.6245 0.8931 -19.3938 12.6909 -3.9038 39.2612 5.3100 0.0105 18.4554 -0.0000 0.0000 0.0000 82.1899 -12.3294 -59.3391 22.0052 -32.9829 -6.5887 -0.0000 0.0000 -36.8114 -6.2385 -7.0628 0.7701 -7.1250 0.0000 -0.0000 -23.6477 22.8930 13.7651 -0.0000 0.0000 0.0000 -56.8329 15.9777 -65.7118 -21.4525 32.3527 -6.2903 0.0000 -0.0000 -41.2924 34.0280 -9.4679 -6.3379 7.1250 -0.0000 -0.0000 45.7929 -34.3446 17.1315
5.0503 15.0602 10.4989 8.2104 -19.8693 105.2760 0.0000 0.0000 0.0000 -17.2824 -15.5166 -43.9292 5.9082 14.3388 44.6121 2.8110 3.3966 30.9256 0.5692 4.8318 13.4296 0.0000 0.0000 0.0000 22.4435 11.0124 -45.8585 -7.0276 -15.3551 48.9787 0.2659 -20.4421 12.1293 -0.0305 -1.1272 3.0990 15.2202 4.8603 -27.9698 -11.4556 2.9872 -7.5090 -20.5345 1.6497 8.2204 -0.5742 1.1542 -18.8721 12.8903 -3.6040 39.2935 5.4394 0.1428 18.3003 0.0000 -0.0000 0.0000 83.5466 -13.0296 -60.7068 21.6892 -32.6240 -6.4175 -0.0000 0.0000 -35.2460 -6.7203 -7.5671 0.8890 -7.1250 0.0000 -0.0000 -23.8795 22.4177 14.2170 0.0000 -0.0000 0.0000 -57.8901 17.1539 -66.8210 -21.1314 31.9814 -6.1194 0.0000 -0.0000 -41.0276 33.7630 -9.9559 -6.5929 7.1250 -0.0000 -0.0000 45.9465 -34.8249 16.3926
5.0652 15.0495 10.4986 8.0207 -19.8443 105.5940 0.0000 0.0000 0.0000 -16.9316 -16.1982 -43.3912 5.2600 13.6707 41.9342 2.7372 4.1601 30.3528 0.5695 4.8330 13.4330 0.0000 0.0000 0.0000 22.5787 11.3686 -44.9756 -6.1793 -14.5998 45.6970 0.2483 -20.3293 12.1932 -0.0110 -0.6768 1.8598 15.2206 4.8616 -28.1229 -11.3903 2.9642 -7.3592 -20.4603 1.6710 8.4357 -0.5221 1.4330 -18.3162 13.0756 -3.2516 39.1692 5.5490 0.2948 18.0352 0.0000 -0.0000 0.0000 84.9484 -13.8963 -62.3279 21.3015 -32.1786 -6.2097 -0.0000 0.0000 -34.1236 -7.1938 -7.4920 0.9429 -7.1250 0.0000 -0.0000 -24.2078 22.4754 14.4169 0.0000 -0.0000 0.0000 -58.9030 18.3925 -68.1309 -20.7486 31.5337 -5.9179 0.0000 -0.0000 -40.6452 33.1530 -10.5666 -6.8306 7.1250 -0.0000 -0.0000 46.0147 -35.4786 15.2863
5.0778 15.0398 10.4989 7.8215 -19.8233 105.8700 0.0000 0.0000 0.0000 -16.5301 -16.9193 -42.8991 4.6948 13.0317 39.4871 2.6371 4.9872 29.6295 0.5556 4.7749 13.2676 0.0000 0.0000 0.0000 22.7011 11.7056 -44.1138 -5.4032 -13.8240 42.5368 0.2118 -20.1117 12.3406 -0.0006 -0.1529 0.4200 15.1933 4.8600 -28.2523 -11.3298 2.9500 -7.2062 -20.3728 1.6969 8.6481 -0.4612 1.7163 -17.7276 13.2113 -2.8533 38.8765 5.6168 0.4615 17.6582 -0.0000 0.0000 0.0000 86.3886 -14.9083 -64.1753 20.8696 -31.6758 -5.9813 -0.0000 0.0000 -33.5079 -7.6738 -6.5715 0.8834 -7.1250 0.0000 -0.0000 -24.6992 23.3069 14.2420 -0.0000 0.0000 0.0000 -59.8693 19.6739 -69.6570 -20.2991 31.0010 -5.6846 0.0000 -0.0000 -40.1163 32.1531 -11.2880 -7.0145 7.1250 -0.0000 -0.0000 45.9513 -36.2914 13.8336
5.0884 15.0318 10.4978 7.6112 -19.8159 106.0950 0.0000 0.0000 0.0000 -16.0974 -17.6594 -42.4638 4.2156 12.4419 37.3138 2.5163 5.8285 28.7945 0.5368 4.6946 13.0394 0.0000 0.0000 0.0000 22.8013 12.0183 -43.2952 -4.7138 -13.0541 39.5713 0.1624 -19.7994 12.5317 -0.0037 0.3950 -1.0852 15.1236 4.8505 -28.3389 -11.2751 2.9453 -7.0472 -20.2645 1.7273 8.8522 -0.4112 1.9865 -17.1089 13.3034 -2.4309 38.4135 5.6462 0.6322 17.1800 0.0000 0.0000 0.0000 87.8368 -16.0191 -66.1065 20.4158 -31.1401 -5.7448 -0.0000 0.0000 -33.3877 -7.9817 -4.7473 0.6648 -7.1250 0.0000 -0.0000 -25.2711 24.9651 13.5485 0.0000 0.0000 0.0000 -60.7859 20.9680 -71.3863 -19.7817 30.3784 -5.4205 0.0000 -0.0000 -39.4163 30.7606 -12.0975 -7.1102 7.1250 -0.0000 -0.0000 45.7117 -37.2284 12.1140
5.0975 15.0256 10.4939 7.3993 -19.8194 106.2660 0.0000 0.0000 0.0000 -15.6493 -18.3887 -42.1057 3.8217 11.9193 35.4472 2.3783 6.6310 27.8706 0.5151 4.6003 12.7719 0.0000 0.0000 0.0000 22.8863 12.2892 -42.5556 -4.1208 -12.3195 36.8717 0.1035 -19.4063 12.7524 -0.0201 0.9152 -2.5155 15.0188 4.8325 -28.3874 -11.2252 2.9470 -6.8775 -20.1403 1.7617 9.0543 -0.3474 2.2181 -16.4860 13.3045 -2.0207 37.8274 5.6127 0.7905 16.6456 0.0000 0.0000 0.0000 89.2556 -17.1875 -68.0006 19.9210 -30.5470 -5.4911 -0.0000 0.0000 -33.5223 -7.8624 -2.3232 0.3207 -7.1250 0.0000 -0.0000 -25.7193 27.1781 12.3313 0.0000 0.0000 0.0000 -61.6562 22.2416 -73.2977 -19.1993 29.6655 -5.1291 0.0000 -0.0000 -38.5315 28.9229 -12.8885 -7.0262 7.1250 -0.0000 -0.0000 45.1670 -38.1959 10.2836
5.1060 15.0213 10.4861 7.1944 -19.8331 106.3890 0.0000 0.0000 0.0000 -15.2096 -19.0712 -41.8541 3.5110 11.4795 33.9147 2.2284 7.3693 26.8831 0.4957 4.5139 12.5272 0.0000 0.0000 0.0000 22.9549 12.5114 -41.9341 -3.6284 -11.6487 34.5004 0.0383 -18.9733 13.0096 -0.0447 1.3642 -3.7515 14.8912 4.8089 -28.4048 -11.1787 2.9538 -6.6938 -20.0063 1.8002 9.2605 -0.3299 2.3917 -15.9062 13.2769 -1.6636 37.1743 5.5613 0.9193 16.1090 0.0000 -0.0000 0.0000 90.5802 -18.3603 -69.7025 19.3813 -29.8898 -5.2195 -0.0000 0.0000 -33.6776 -7.1279 0.2024 -0.0253 -7.1250 0.0000 -0.0000 -25.8056 29.5059 10.7703 0.0000 -0.0000 0.0000 -62.4800 23.4639 -75.3577 -18.5683 28.8787 -4.8206 0.0000 -0.0000 -37.4497 26.7229 -13.5826 -6.7430 7.1250 -0.0000 -0.0000 44.2751 -39.1075 8.5322
5.1148 15.0191 10.4732 7.0061 -19.8517 106.4710 0.0000 0.0000 0.0000 -14.7944 -19.6800 -41.7296 3.2791 11.1336 32.7319 2.0767 8.0406 25.8865 0.4822 4.4530 12.3547 0.0000 0.0000 0.0000 23.0073 12.6877 -41.4611 -3.2359 -11.0674 32.5076 -0.0271 -18.5314 13.2751 -0.0698 1.7045 -4.6898 14.7488 4.7811 -28.3952 -11.1353 2.9644 -6.5008 -19.8673 1.8412 9.4671 -0.3362 2.5038 -15.3846 13.2256 -1.3837 36.5249 5.4959 1.0122 15.6134 0.0000 -0.0000 0.0000 91.7643 -19.5265 -71.0935 18.8045 -29.1751 -4.9352 -0.0000 0.0000 -33.6244 -5.6951 2.3153 -0.2308 -7.1250 0.0000 -0.0000 -25.3071 31.4977 9.1655 0.0000 -0.0000 0.0000 -63.2489 24.6206 -77.5052 -17.9139 28.0468 -4.5087 0.0000 -0.0000 -36.1967 24.2204 -14.0887 -6.2492 7.1250 -0.0000 -0.0000 42.9900 -39.8795 7.0153
5.1243 15.0186 10.4547 6.8527 -19.8562 106.4980 0.0000 0.0000 0.0000 -14.4178 -20.1724 -41.7306 3.1211 10.8885 31.9049 1.9400 8.5863 24.9853 0.4636 4.3672 12.1121 0.0000 0.0000 0.0000 23.0630 12.8133 -41.1378 -2.9393 -10.5962 30.9297 -0.0879 -18.0934 13.5155 -0.0887 1.9212 -5.2881 14.6202 4.7511 -28.3535 -11.0898 2.9730 -6.2918 -19.7371 1.8833 9.6771 -0.3402 2.5634 -14.9164 13.1220 -1.1682 35.8972 5.4042 1.0742 15.1621 0.0000 -0.0000 0.0000 92.7671 -20.6817 -72.1282 18.2137 -28.4299 -4.6505 -0.0000 0.0000 -33.1999 -3.6884 3.5908 -0.2313 -7.1250 0.0000 -0.0000 -24.1495 32.7686 7.8517 0.0000 -0.0000 0.0000 -63.9645 25.6988 -79.6949 -17.2642 27.2048 -4.2074 0.0000 -0.0000 -34.8251 21.6007 -14.3889 -5.6194 7.1250 -0.0000 -0.0000 41.4117 -40.4754 5.8166
5.1349 15.0196 10.4305 6.7379 -19.8476 106.4810 0.0000 0.0000 0.0000 -14.1090 -20.5099 -41.8662 3.0310 10.7451 31.4251 1.8259 8.9949 24.2281 0.4489 4.2986 11.9184 0.0000 0.0000 0.0000 23.1116 12.9039 -40.9804 -2.7339 -10.2514 29.7946 -0.1426 -17.6475 13.7085 -0.1017 2.0568 -5.6627 14.5111 4.7192 -28.2862 -11.0425 2.9770 -6.0722 -19.6202 1.9243 9.8861 -0.3097 2.5832 -14.5001 12.9428 -1.0039 35.3241 5.2762 1.1120 14.7661 0.0000 -0.0000 0.0000 93.5688 -21.8326 -72.7917 17.6483 -27.7045 -4.3845 -0.0000 0.0000 -32.3949 -1.2874 3.9505 -0.0887 -7.1250 0.0000 -0.0000 -22.4203 33.2278 6.9322 0.0000 -0.0000 0.0000 -64.6326 26.7027 -81.8848 -16.6440 26.3860 -3.9278 0.0000 -0.0000 -33.4319 19.0185 -14.5578 -4.9517 7.1250 -0.0000 -0.0000 39.6984 -40.9407 4.8807
5.1467 15.0216 10.4006 6.6615 -19.8243 106.4180 0.0000 0.0000 0.0000 -13.8925 -20.6577 -42.1243 3.0019 10.6981 31.2682 1.7402 9.2394 23.6528 0.4400 4.2563 11.7989 0.0000 0.0000 0.0000 23.1435 12.9860 -40.9807 -2.6149 -10.0438 29.1188 -0.1827 -17.2239 13.7990 -0.1064 2.1038 -5.7926 14.4289 4.6865 -28.1915 -10.9946 2.9754 -5.8452 -19.5231 1.9634 10.0901 -0.2344 2.5776 -14.1355 12.6971 -0.8796 34.8335 5.1190 1.1326 14.4342 0.0000 -0.0000 0.0000 94.1689 -22.9886 -73.0915 17.1588 -27.0667 -4.1593 -0.0000 0.0000 -31.3211 1.3673 3.5177 0.0839 -7.1250 0.0000 -0.0000 -20.2768 32.9566 6.3293 0.0000 -0.0000 0.0000 -65.2649 27.6428 -84.0592 -16.0636 25.6068 -3.6734 0.0000 -0.0000 -32.1053 16.5194 -14.5490 -4.2609 7.1250 -0.0000 -0.0000 37.8809 -41.2357 4.2219
5.1602 15.0243 10.3652 6.6166 -19.7898 106.3340 0.0000 0.0000 0.0000 -13.7791 -20.6062 -42.5123 3.0262 10.7374 31.3993 1.6890 9.2960 23.3023 0.4478 4.2933 11.9033 0.0000 0.0000 0.0000 23.1496 13.0768 -41.1638 -2.5794 -9.9809 28.9149 -0.2088 -16.8390 13.7976 -0.1046 2.0855 -5.7421 14.3823 4.6592 -28.0854 -10.9525 2.9721 -5.6223 -19.4569 2.0016 10.2859 -0.1177 2.5475 -13.9044 12.4179 -0.8208 34.5583 4.9571 1.1315 14.2455 0.0000 -0.0000 0.0000 94.5979 -24.1623 -73.1296 16.7656 -26.5478 -3.9820 -0.0000 0.0000 -30.0744 4.0521 2.5426 0.1801 -7.1250 0.0000 -0.0000 -17.9933 32.1492 5.9166 0.0000 -0.0000 0.0000 -65.8769 28.5274 -86.2241 -15.5203 24.8659 -3.4418 0.0000 -0.0000 -30.9246 14.2971 -14.4754 -3.6449 7.1250 -0.0000 -0.0000 36.1840 -41.4332 3.7493
5.1750 15.0267 10.3253 6.6103 -19.7589 106.2060 0.0000 0.0000 0.0000 -13.7877 -20.3792 -42.9766 3.0979 10.8519 31.7820 1.6750 9.1050 23.1975 0.4666 4.3812 12.1518 0.0000 0.0000 0.0000 23.1189 13.1677 -41.4993 -2.6251 -10.0620 29.1776 -0.2169 -16.5161 13.6776 -0.0958 1.9961 -5.4950 14.3641 4.6253 -27.9512 -10.9169 2.9549 -5.4010 -19.4234 2.0322 10.4636 -0.0051 2.5276 -13.7011 12.1767 -0.7677 34.3450 4.8190 1.1329 14.0948 0.0000 0.0000 0.0000 94.8570 -25.3342 -72.8879 16.5080 -26.2047 -3.8676 -0.0000 0.0000 -28.9679 6.6597 1.3007 0.1519 -7.1250 0.0000 -0.0000 -15.7484 31.0433 5.5591 0.0000 0.0000 0.0000 -66.4968 29.3747 -88.4452 -14.9975 24.1427 -3.2249 0.0000 -0.0000 -29.8628 12.5016 -14.3768 -3.1512 7.1250 -0.0000 -0.0000 34.7660 -41.5535 3.4305
5.1915 15.0282 10.2815 6.6237 -19.7478 106.0610 0.0000 0.0000 0.0000 -13.9117 -20.0158 -43.5171 3.2126 11.0315 32.3861 1.6924 8.6514 23.3073 0.4876 4.4775 12.4240 0.0000 0.0000 0.0000 23.0356 13.2607 -42.0002 -2.7505 -10.2797 29.8874 -0.2082 -16.2461 13.4371 -0.0827 1.8553 -5.1060 14.3674 4.5894 -27.8017 -10.8974 2.9312 -5.1920 -19.4271 2.0579 10.6209 0.1415 2.5207 -13.5479 11.9393 -0.7207 34.2318 4.6864 1.1382 14.0036 -0.0000 0.0000 0.0000 94.9811 -26.5075 -72.4380 16.3923 -26.0497 -3.8166 -0.0000 0.0000 -28.1487 9.1413 -0.0729 -0.0117 -7.1250 0.0000 -0.0000 -13.6251 29.7594 5.1984 -0.0000 0.0000 0.0000 -67.1362 30.1825 -90.7452 -14.4788 23.4150 -3.0158 0.0000 -0.0000 -28.8786 11.2297 -14.2197 -2.7921 7.1250 -0.0000 -0.0000 33.7077 -41.5610 3.2860
5.2096 15.0282 10.2346 6.6638 -19.7560 105.8920 0.0000 0.0000 0.0000 -14.1191 -19.5833 -44.1064 3.3687 11.2692 33.1933 1.7308 7.9851 23.5730 0.5038 4.5503 12.6302 0.0000 0.0000 0.0000 22.9147 13.3269 -42.6443 -2.9522 -10.6173 30.9998 -0.1866 -16.0571 13.1226 -0.0665 1.6643 -4.5789 14.4066 4.5495 -27.6390 -10.8914 2.8936 -4.9856 -19.4769 2.0773 10.7666 0.2704 2.5393 -13.4354 11.7590 -0.6570 34.1492 4.5874 1.1560 13.9351 0.0000 0.0000 0.0000 94.9729 -27.6307 -71.7706 16.4322 -26.1032 -3.8342 -0.0000 0.0000 -27.7790 11.4584 -1.5047 -0.3050 -7.1250 0.0000 -0.0000 -11.6731 28.3665 4.8175 0.0000 0.0000 0.0000 -67.7955 30.9408 -93.1058 -13.9680 22.6889 -2.8157 0.0000 -0.0000 -27.8908 10.5404 -14.0335 -2.5834 7.1250 -0.0000 -0.0000 33.0844 -41.4769 3.2865
5.2293 15.0262 10.1851 6.7270 -19.7782 105.7030 0.0000 0.0000 0.0000 -14.3712 -19.1359 -44.7355 3.5681 11.5624 34.2010 1.7799 7.1719 23.9374 0.5136 4.5937 12.7531 0.0000 0.0000 0.0000 22.7714 13.3516 -43.4124 -3.2266 -11.0532 32.4595 -0.1574 -15.9212 12.7624 -0.0492 1.4318 -3.9376 14.4835 4.5055 -27.4628 -10.8969 2.8415 -4.7801 -19.5723 2.0908 10.9021 0.3991 2.5890 -13.3162 11.6250 -0.5603 34.0180 4.5088 1.1921 13.8413 -0.0000 0.0000 0.0000 94.8652 -28.6867 -70.9495 16.6169 -26.3499 -3.9158 -0.0000 0.0000 -27.8212 13.5975 -2.9117 -0.7039 -7.1250 0.0000 -0.0000 -9.9132 26.9498 4.4055 -0.0000 0.0000 0.0000 -68.4290 31.6386 -95.3745 -13.4937 22.0063 -2.6354 0.0000 -0.0000 -26.8945 10.3873 -13.8356 -2.5100 7.1250 -0.0000 -0.0000 32.8753 -41.3237 3.4031
5.2503 15.0228 10.1337 6.8119 -19.7966 105.4840 0.0000 0.0000 0.0000 -14.6242 -18.7101 -45.3908 3.8149 11.9099 35.4141 1.8285 6.3050 24.3275 0.5154 4.6016 12.7756 0.0000 0.0000 0.0000 22.6367 13.3167 -44.2661 -3.5676 -11.5617 34.1984 -0.1272 -15.7956 12.3898 -0.0336 1.1832 -3.2530 14.6086 4.4577 -27.2612 -10.9067 2.7735 -4.5629 -19.7117 2.1001 11.0345 0.5447 2.6636 -13.1713 11.5069 -0.4276 33.7853 4.4310 1.2451 13.6950 0.0000 0.0000 0.0000 94.6854 -29.6480 -70.0458 16.9167 -26.7478 -4.0498 -0.0000 0.0000 -28.1313 15.5025 -4.2219 -1.1698 -7.1250 0.0000 -0.0000 -8.3869 25.5895 3.9822 0.0000 0.0000 0.0000 -68.9630 32.2563 -97.3025 -13.1042 21.4398 -2.4913 0.0000 -0.0000 -25.9792 10.6686 -13.6774 -2.5505 7.1250 -0.0000 -0.0000 33.0237 -41.1577 3.5795
5.2722 15.0186 10.0801 6.8919 -19.7941 105.2680 0.0000 0.0000 0.0000 -14.8344 -18.3160 -46.1034 4.1141 12.3108 36.8403 1.8667 5.4659 24.6722 0.5087 4.5720 12.6918 0.0000 0.0000 0.0000 22.5190 13.2574 -45.2006 -3.9696 -12.1198 36.1570 -0.1027 -15.6232 12.0367 -0.0211 0.9377 -2.5773 14.7862 4.4170 -27.0487 -10.9149 2.7009 -4.3336 -19.8856 2.1121 11.1747 0.7091 2.7492 -13.0014 11.3934 -0.2740 33.4377 4.3464 1.3075 13.4929 0.0000 0.0000 0.0000 94.4655 -30.4909 -69.1265 17.2756 -27.2196 -4.2126 -0.0000 0.0000 -28.4890 17.1492 -5.3794 -1.6571 -7.1250 0.0000 -0.0000 -7.1027 24.3546 3.5679 0.0000 0.0000 0.0000 -69.3207 32.7854 -98.6011 -12.8554 21.0750 -2.4011 0.0000 -0.0000 -25.3119 11.2080 -13.6533 -2.6779 7.1250 -0.0000 -0.0000 33.4317 -41.0791 3.7125
5.2944 15.0144 10.0251 6.9785 -19.7614 105.0240 0.0000 0.0000 0.0000 -14.9929 -17.9585 -46.8431 4.4696 12.7603 38.4779 1.8886 4.7180 24.9186 0.4930 4.5018 12.4930 0.0000 0.0000 0.0000 22.4251 13.1751 -46.1613 -4.4255 -12.7060 38.2777 -0.0863 -15.3724 11.7083 -0.0114 0.6902 -1.8967 15.0107 4.3716 -26.7968 -10.9121 2.6126 -4.0795 -20.0840 2.1220 11.3175 0.8735 2.8378 -12.7583 11.2866 -0.0966 32.9036 4.2538 1.3763 13.1952 -0.0000 -0.0000 0.0000 94.2208 -31.2020 -68.2180 17.6357 -27.6881 -4.3786 -0.0000 0.0000 -28.6889 18.5707 -6.2929 -2.1090 -7.1250 0.0000 -0.0000 -6.0241 23.3522 3.1597 -0.0000 -0.0000 0.0000 -69.4616 33.2317 -99.1163 -12.7761 20.9583 -2.3726 0.0000 -0.0000 -24.9391 11.7525 -13.6723 -2.8153 7.1250 -0.0000 -0.0000 33.8611 -41.0366 3.8167
5.3162 15.0116 9.9686 7.0386 -19.6956 104.7950 0.0000 0.0000 0.0000 -15.0924 -17.6098 -47.6517 4.8830 13.2508 40.3147 1.8937 4.1145 25.0465 0.4704 4.3990 12.2020 0.0000 0.0000 0.0000 22.3342 13.1322 -47.1637 -4.9298 -13.3043 40.5185 -0.0844 -15.0050 11.4501 -0.0051 0.4623 -1.2702 15.2698 4.3319 -26.5177 -10.8980 2.5249 -3.8131 -20.2909 2.1360 11.4603 1.0170 2.8998 -12.5382 11.1996 0.0459 32.3273 4.1678 1.4295 12.8925 0.0000 -0.0000 0.0000 93.9675 -31.7846 -67.3302 17.9429 -28.0840 -4.5223 -0.0000 0.0000 -28.5707 19.8678 -6.8744 -2.4766 -7.1250 0.0000 -0.0000 -5.0620 22.6833 2.7287 0.0000 -0.0000 0.0000 -69.3744 33.5962 -98.8062 -12.8702 21.0967 -2.4064 0.0000 -0.0000 -24.8503 12.1726 -13.7463 -2.9342 7.1250 -0.0000 -0.0000 34.2183 -41.0541 3.8528
5.3361 15.0104 9.9117 7.0867 -19.6017 104.5500 0.0000 0.0000 0.0000 -15.1578 -17.2472 -48.4872 5.3519 13.7695 42.3218 1.8824 3.6611 25.0472 0.4434 4.2723 11.8440 0.0000 0.0000 0.0000 22.2363 13.1349 -48.1627 -5.4763 -13.9009 42.8421 -0.0973 -14.5231 11.2777 -0.0015 0.2539 -0.6977 15.5416 4.2805 -26.1896 -10.8649 2.4229 -3.5272 -20.4890 2.1449 11.5925 1.1014 2.9461 -12.2440 11.1530 0.1891 31.5883 4.0975 1.4760 12.5104 -0.0000 -0.0000 0.0000 93.7072 -32.2513 -66.4852 18.1564 -28.3570 -4.6233 -0.0000 0.0000 -28.0969 21.1082 -7.1283 -2.7426 -7.1250 0.0000 -0.0000 -4.1527 22.3512 2.2673 -0.0000 -0.0000 0.0000 -69.1077 33.8880 -97.8291 -13.1078 21.4449 -2.4925 0.0000 -0.0000 -24.9227 12.3531 -13.7691 -2.9839 7.1250 -0.0000 -0.0000 34.3674 -41.0538 3.8754
5.3532 15.0114 9.8553 7.1055 -19.4923 104.3020 0.0000 0.0000 0.0000 -15.2122 -16.8371 -49.3530 5.8711 14.3022 44.4622 1.8564 3.3446 24.9260 0.4129 4.1248 11.4280 0.0000 0.0000 0.0000 22.1083 13.2131 -49.1591 -6.0598 -14.4860 45.2213 -0.1249 -13.9351 11.2111 -0.0000 0.0317 -0.0870 15.8037 4.2173 -25.8187 -10.8148 2.3125 -3.2292 -20.6630 2.1493 11.7098 1.1192 2.9747 -11.8978 11.1411 0.3275 30.7398 4.0456 1.5133 12.0798 -0.0000 0.0000 0.0000 93.4535 -32.6312 -65.7473 18.2512 -28.4776 -4.6684 -0.0000 0.0000 -27.2862 22.3401 -7.0993 -2.9075 -7.1250 0.0000 -0.0000 -3.2507 22.3150 1.7758 -0.0000 0.0000 0.0000 -68.7338 34.1114 -96.4497 -13.4364 21.9233 -2.6140 0.0000 -0.0000 -25.0229 12.2392 -13.6262 -2.9255 7.1250 -0.0000 -0.0000 34.2142 -40.9445 3.9607
5.3666 15.0145 9.8000 7.0963 -19.3851 104.0520 0.0000 0.0000 0.0000 -15.2886 -16.3494 -50.2392 6.4314 14.8337 46.6894 1.8175 3.1314 24.6952 0.3801 3.9593 10.9623 0.0000 0.0000 0.0000 21.9331 13.3670 -50.1470 -6.6739 -15.0510 47.6299 -0.1635 -13.2971 11.2588 -0.0008 -0.1828 0.5022 16.0323 4.1392 -25.4210 -10.7510 2.1945 -2.9196 -20.8014 2.1488 11.8192 1.0513 2.9952 -11.5200 11.1798 0.4685 29.8255 4.0256 1.5455 11.6238 -0.0000 -0.0000 0.0000 93.2097 -32.9440 -65.1605 18.2316 -28.4527 -4.6590 -0.0000 0.0000 -26.2989 23.5811 -6.8753 -2.9911 -7.1250 0.0000 -0.0000 -2.3379 22.4869 1.2670 -0.0000 -0.0000 0.0000 -68.3353 34.2777 -94.9663 -13.7971 22.4439 -2.7502 0.0000 -0.0000 -25.0733 11.8349 -13.2564 -2.7510 7.1250 -0.0000 -0.0000 33.7361 -40.6725 4.1523
5.3763 15.0192 9.7465 7.0709 -19.2855 103.7990 0.0000 0.0000 0.0000 -15.3861 -15.8001 -51.1304 7.0229 15.3511 48.9608 1.7662 2.9865 24.3599 0.3355 3.7226 10.2975 0.0000 0.0000 0.0000 21.7142 13.5801 -51.1239 -7.3120 -15.5891 50.0446 -0.2071 -12.6648 11.3928 -0.0035 -0.3812 1.0474 16.2201 4.0438 -25.0120 -10.6738 2.0651 -2.6006 -20.9003 2.1407 11.9238 0.9116 3.0225 -11.1113 11.2610 0.6276 28.8760 4.0349 1.5811 11.1550 -0.0000 -0.0000 0.0000 92.9844 -33.2204 -64.7916 18.1116 -28.2999 -4.6020 -0.0000 0.0000 -25.3076 24.8150 -6.5857 -3.0356 -7.1250 0.0000 -0.0000 -1.4251 22.7316 0.7639 -0.0000 -0.0000 0.0000 -67.9797 34.4136 -93.6096 -14.1462 22.9433 -2.8848 0.0000 -0.0000 -25.1115 11.1536 -12.6726 -2.4767 7.1250 -0.0000 -0.0000 32.9546 -40.2435 4.4319
5.3821 15.0252 9.6954 7.0446 -19.2046 103.5380 0.0000 0.0000 0.0000 -15.5110 -15.2092 -52.0109 7.6347 15.8439 51.2361 1.7198 2.8902 24.0455 0.3115 3.5880 9.9204 0.0000 0.0000 0.0000 21.4580 13.8155 -52.0808 -7.9655 -16.0938 52.4382 -0.2497 -12.0843 11.5711 -0.0072 -0.5471 1.5034 16.3620 3.9306 -24.6144 -10.5870 1.9216 -2.2674 -20.9629 2.1255 12.0393 0.7581 3.0678 -10.6832 11.3103 0.8226 27.9277 4.0392 1.6272 10.6898 -0.0000 0.0000 0.0000 92.7813 -33.4722 -64.6740 17.9226 -28.0580 -4.5128 -0.0000 0.0000 -24.5386 26.0190 -6.3676 -3.0989 -7.1250 0.0000 -0.0000 -0.5327 22.9010 0.2834 -0.0000 0.0000 0.0000 -67.7112 34.5342 -92.5187 -14.4581 23.3858 -3.0075 0.0000 -0.0000 -25.2614 10.2342 -11.9654 -2.1436 7.1250 -0.0000 -0.0000 31.9458 -39.7265 4.7269
5.3847 15.0324 9.6463 7.0151 -19.1312 103.2900 0.0000 0.0000 0.0000 -15.6347 -14.5981 -52.8969 8.2572 16.3052 53.4838 1.6803 2.8137 23.7735 0.3014 3.5297 9.7572 0.0000 0.0000 0.0000 21.1897 14.0643 -53.0271 -8.6251 -16.5603 54.7843 -0.2866 -11.5938 11.7509 -0.0098 -0.6400 1.7587 16.4760 3.8118 -24.2527 -10.4906 1.7716 -1.9247 -20.9968 2.1084 12.1770 0.6211 3.1353 -10.2664 11.2939 1.0535 27.0309 4.0243 1.6859 10.2535 -0.0000 0.0000 0.0000 92.6016 -33.7026 -64.8320 17.6905 -27.7590 -4.4041 -0.0000 0.0000 -24.1207 27.1662 -6.3748 -3.2612 -7.1250 0.0000 -0.0000 0.3108 22.8223 -0.1659 -0.0000 0.0000 0.0000 -67.5417 34.6539 -91.7276 -14.7310 23.7700 -3.1167 0.0000 -0.0000 -25.6623 9.1140 -11.2058 -1.7857 7.1250 -0.0000 -0.0000 30.7725 -39.1748 4.9849
5.3848 15.0409 9.5995 7.0109 -19.0542 103.0330 0.0000 0.0000 0.0000 -15.7366 -14.0073 -53.7662 8.8807 16.7303 55.6767 1.6530 2.7243 23.5916 0.3101 3.5801 9.8982 0.0000 0.0000 0.0000 20.9445 14.2730 -53.9325 -9.2792 -16.9841 57.0507 -0.3125 -11.2253 11.8775 -0.0103 -0.6550 1.8000 16.5879 3.6873 -23.9265 -10.3856 1.6076 -1.5649 -21.0236 2.0891 12.3437 0.5222 3.2233 -9.8544 11.1900 1.3187 26.1787 3.9783 1.7567 9.8415 -0.0000 0.0000 0.0000 92.4481 -33.9121 -65.2195 17.4619 -27.4626 -4.2982 -0.0000 0.0000 -24.1966 28.2861 -6.5794 -3.5283 -7.1250 0.0000 -0.0000 1.1224 22.5181 -0.6071 -0.0000 0.0000 0.0000 -67.4638 34.7765 -91.2164 -14.9716 24.1065 -3.2143 0.0000 -0.0000 -26.3427 7.7675 -10.4153 -1.4126 7.1250 -0.0000 -0.0000 29.4245 -38.6058 5.1793
5.3829 15.0508 9.5550 7.0377 -18.9677 102.7670 0.0000 0.0000 0.0000 -15.8048 -13.4581 -54.6159 9.4965 17.1168 57.7917 1.6390 2.6031 23.5140 0.3348 3.7183 10.2853 0.0000 0.0000 0.0000 20.7420 14.4226 -54.7858 -9.9165 -17.3626 59.2089 -0.3265 -10.9837 11.9314 -0.0082 -0.5865 1.6116 16.7154 3.5636 -23.6335 -10.2768 1.4341 -1.1887 -21.0597 2.0718 12.5410 0.4486 3.3230 -9.4381 11.0243 1.6040 25.3449 3.9101 1.8345 9.4424 0.0000 0.0000 0.0000 92.3208 -34.0872 -65.7827 17.2626 -27.2027 -4.2067 -0.0000 0.0000 -24.7517 29.3877 -6.9764 -3.9132 -7.1250 0.0000 -0.0000 1.9029 21.9871 -1.0526 0.0000 0.0000 0.0000 -67.4539 34.9007 -90.9421 -15.1888 24.4084 -3.3036 0.0000 -0.0000 -27.1826 6.2053 -9.5436 -1.0328 7.1250 -0.0000 -0.0000 27.8926 -37.9694 5.3382
5.3793 15.0625 9.5133 7.1004 -18.8676 102.4860 0.0000 0.0000 0.0000 -15.8332 -12.9669 -55.4349 10.0950 17.4629 59.8054 1.6345 2.4273 23.5203 0.3668 3.8904 10.7684 0.0000 0.0000 0.0000 20.5973 14.4982 -55.5682 -10.5256 -17.6950 61.2312 -0.3283 -10.8575 11.8993 -0.0044 -0.4276 1.1750 16.8722 3.4449 -23.3652 -10.1705 1.2552 -0.7960 -21.1211 2.0602 12.7680 0.3913 3.4208 -8.9951 10.8231 1.8902 24.4893 3.8266 1.9114 9.0384 -0.0000 0.0000 0.0000 92.2277 -34.2197 -66.4640 17.1090 -27.0012 -4.1367 -0.0000 0.0000 -25.6832 30.4845 -7.5416 -4.4180 -7.1250 0.0000 -0.0000 2.6578 21.2498 -1.5154 -0.0000 0.0000 0.0000 -67.4791 35.0149 -90.8201 -15.3920 24.6894 -3.3880 0.0000 -0.0000 -28.0155 4.4616 -8.6046 -0.6688 7.1250 -0.0000 -0.0000 26.2125 -37.2698 5.4514
5.3741 15.0763 9.4745 7.1942 -18.7467 102.1950 0.0000 0.0000 0.0000 -15.8137 -12.5403 -56.2199 10.6670 17.7683 61.6955 1.6350 2.1801 23.5814 0.3930 4.0255 11.1483 0.0000 0.0000 0.0000 20.5211 14.5037 -56.2694 -11.0962 -17.9818 63.0936 -0.3185 -10.8330 11.7779 -0.0014 -0.2383 0.6547 17.0727 3.3372 -23.1125 -10.0724 1.0773 -0.3911 -21.2225 2.0582 13.0196 0.3300 3.5059 -8.4887 10.6294 2.1629 23.5477 3.7414 1.9813 8.6006 -0.0000 -0.0000 0.0000 92.1742 -34.3036 -67.2020 17.0027 -26.8613 -4.0885 -0.0000 0.0000 -26.8141 31.5778 -8.2360 -5.0320 -7.1250 0.0000 -0.0000 3.3855 20.3454 -2.0007 -0.0000 -0.0000 0.0000 -67.5168 35.1158 -90.8159 -15.5816 24.9501 -3.4676 0.0000 -0.0000 -28.6256 2.6118 -7.6794 -0.3493 7.1250 -0.0000 -0.0000 24.4722 -36.5698 5.4862
5.3671 15.0922 9.4387 7.3080 -18.6228 101.8970 0.0000 0.0000 0.0000 -15.7720 -12.1698 -56.9615 11.2024 18.0327 63.4370 1.6376 1.8563 23.6804 0.4090 4.1055 11.3737 0.0000 0.0000 0.0000 20.4917 14.4521 -56.8847 -11.6201 -18.2254 64.7796 -0.3000 -10.9174 11.6006 -0.0001 -0.0498 0.1367 17.2971 3.2414 -22.8669 -9.9928 0.9096 0.0221 -21.3622 2.0697 13.2921 0.2414 3.5701 -7.8970 10.4978 2.4076 22.4782 3.6742 2.0391 8.1116 0.0000 0.0000 0.0000 92.1703 -34.3340 -67.9545 16.9344 -26.7712 -4.0577 -0.0000 0.0000 -27.9326 32.6583 -8.9960 -5.7233 -7.1250 0.0000 -0.0000 4.0810 19.3447 -2.5051 0.0000 0.0000 0.0000 -67.5542 35.1942 -90.9157 -15.7486 25.1786 -3.5383 0.0000 -0.0000 -28.8668 0.7170 -6.7893 -0.0848 7.1250 -0.0000 -0.0000 22.7249 -35.8836 5.4487
5.3583 15.1102 9.4059 7.4338 -18.5046 101.6050 0.0000 0.0000 0.0000 -15.7146 -11.8686 -57.6539 11.6914 18.2571 65.0073 1.6343 1.4688 23.7567 0.3933 4.0269 11.1522 0.0000 0.0000 0.0000 20.4930 14.3583 -57.4229 -12.0909 -18.4288 66.2766 -0.2746 -11.0913 11.3838 -0.0004 0.1273 -0.3497 17.5334 3.1567 -22.6220 -9.9352 0.7561 0.4337 -21.5349 2.0937 13.5727 0.1525 3.5997 -7.2907 10.4257 2.5912 21.3892 3.6228 2.0744 7.6246 0.0000 -0.0000 0.0000 92.2128 -34.3197 -68.6880 16.8856 -26.7067 -4.0358 -0.0000 0.0000 -28.8122 33.7288 -9.7324 -6.4393 -7.1250 0.0000 -0.0000 4.7546 18.3503 -3.0264 0.0000 -0.0000 0.0000 -67.5960 35.2530 -91.1371 -15.8817 25.3600 -3.5951 0.0000 -0.0000 -28.6960 -1.1116 -5.9644 0.1155 7.1250 -0.0000 -0.0000 21.0646 -35.2326 5.3580
5.3477 15.1301 9.3762 7.5596 -18.4051 101.3280 0.0000 0.0000 0.0000 -15.6563 -11.6394 -58.2884 12.1247 18.4429 66.3835 1.6369 1.0634 23.8880 0.3800 3.9591 10.9617 0.0000 0.0000 0.0000 20.5046 14.2402 -57.8900 -12.5031 -18.5953 67.5749 -0.2456 -11.3321 11.1566 -0.0018 0.2775 -0.7626 17.7646 3.0812 -22.3760 -9.9005 0.6195 0.8394 -21.7306 2.1292 13.8568 0.0963 3.5989 -6.6418 10.3676 2.7302 20.2380 3.5660 2.0910 7.1206 0.0000 0.0000 0.0000 92.2859 -34.2572 -69.3405 16.8523 -26.6626 -4.0208 -0.0000 0.0000 -29.3599 34.8102 -10.3439 -7.1161 -7.1250 0.0000 -0.0000 5.4341 17.4810 -3.5669 0.0000 0.0000 0.0000 -67.6536 35.2891 -91.4986 -15.9768 25.4892 -3.6360 0.0000 -0.0000 -28.1999 -2.7751 -5.2280 0.2531 7.1250 -0.0000 -0.0000 19.5716 -34.6364 5.2380
5.3356 15.1515 9.3487 7.6665 -18.3302 101.0850 0.0000 0.0000 0.0000 -15.6035 -11.4749 -58.8700 12.4948 18.5921 67.5487 1.6414 0.6693 24.0376 0.3629 3.8697 10.7104 0.0000 0.0000 0.0000 20.5104 14.1313 -58.3030 -12.8534 -18.7286 68.6695 -0.2158 -11.6126 10.9435 -0.0037 0.3923 -1.0780 17.9780 3.0174 -22.1301 -9.8873 0.5063 1.2306 -21.9360 2.1766 14.1379 0.0920 3.5700 -5.9779 10.3033 2.8266 19.0605 3.4968 2.0897 6.6170 -0.0000 0.0000 0.0000 92.3754 -34.1554 -69.9029 16.8178 -26.6169 -4.0054 -0.0000 0.0000 -29.4557 35.8941 -10.8046 -7.7261 -7.1250 0.0000 -0.0000 6.1210 16.7719 -4.1181 -0.0000 0.0000 0.0000 -67.7292 35.2991 -91.9825 -16.0393 25.5739 -3.6629 0.0000 -0.0000 -27.5602 -4.2198 -4.5381 0.3345 7.1250 -0.0000 -0.0000 18.2751 -34.0575 5.1287
5.3218 15.1738 9.3234 7.7390 -18.3037 100.8880 0.0000 0.0000 0.0000 -15.5837 -11.3689 -59.3929 12.7944 18.7067 68.4858 1.6490 0.3170 24.2040 0.3468 3.7839 10.4695 0.0000 0.0000 0.0000 20.4803 14.0463 -58.6707 -13.1380 -18.8314 69.5536 -0.1891 -11.8720 10.7617 -0.0057 0.4856 -1.3343 18.1407 2.9602 -21.8889 -9.8965 0.4187 1.6027 -22.1305 2.2329 14.4140 0.1283 3.5236 -5.3329 10.2420 2.8911 17.9018 3.4239 2.0767 6.1324 0.0000 -0.0000 0.0000 92.4613 -34.0233 -70.3386 16.7927 -26.5837 -3.9941 -0.0000 0.0000 -29.1685 36.9926 -11.0585 -8.2224 -7.1250 0.0000 -0.0000 6.8362 16.2938 -4.6774 0.0000 -0.0000 0.0000 -67.8256 35.2849 -92.5503 -16.0837 25.6340 -3.6821 0.0000 -0.0000 -26.9734 -5.4532 -3.8852 0.3706 7.1250 -0.0000 -0.0000 17.1654 -33.4913 5.0379
5.3067 15.1965 9.2996 7.7611 -18.3188 100.7480 0.0000 0.0000 0.0000 -15.5891 -11.3060 -59.8601 13.0197 18.7893 69.1868 1.6602 0.0387 24.3765 0.3331 3.7091 10.2596 0.0000 0.0000 0.0000 20.4152 14.0145 -58.9997 -13.3534 -18.9061 70.2197 -0.1667 -12.1207 10.6305 -0.0069 0.5374 -1.4766 18.2571 2.9126 -21.6577 -9.9226 0.3579 1.9529 -22.3084 2.2978 14.6848 0.1732 3.4767 -4.5941 10.1981 2.9679 16.5889 3.3522 2.0641 5.5883 0.0000 0.0000 0.0000 92.5283 -33.8731 -70.6579 16.7804 -26.5673 -3.9886 -0.0000 0.0000 -28.5652 38.0697 -11.1024 -8.5769 -7.1250 0.0000 -0.0000 7.5610 16.0633 -5.2199 0.0000 0.0000 0.0000 -67.9375 35.2558 -93.1570 -16.1238 25.6882 -3.6995 0.0000 -0.0000 -26.5640 -6.5165 -3.2114 0.3666 7.1250 -0.0000 -0.0000 16.1971 -32.8872 4.9792
5.2904 15.2190 9.2770 7.7295 -18.3889 100.6640 0.0000 0.0000 0.0000 -15.6329 -11.2864 -60.2616 13.1665 18.8414 69.6418 1.6752 -0.1426 24.5480 0.3261 3.6703 10.1510 0.0000 0.0000 0.0000 20.2980 14.0425 -59.2939 -13.4963 -18.9541 70.6601 -0.1525 -12.5380 10.6968 -0.0048 0.4483 -1.2317 18.3079 2.8689 -21.4435 -9.9638 0.3198 2.2806 -22.4563 2.3669 14.9512 0.1958 3.4378 -3.7693 10.1922 3.0691 15.1262 3.2948 2.0569 4.9872 -0.0000 -0.0000 0.0000 92.5655 -33.7173 -70.8887 16.7862 -26.5751 -3.9912 -0.0000 0.0000 -27.7627 39.0656 -10.9839 -8.7913 -7.1250 0.0000 -0.0000 8.2528 16.0400 -5.7114 -0.0000 -0.0000 0.0000 -68.0552 35.2199 -93.7229 -16.1740 25.7561 -3.7213 0.0000 -0.0000 -26.4115 -7.5305 -2.4803 0.3278 7.1250 -0.0000 -0.0000 15.2696 -32.2161 4.9317
5.2730 15.2405 9.2553 7.6379 -18.5002 100.6400 0.0000 0.0000 0.0000 -15.6980 -11.3002 -60.5975 13.2334 18.8648 69.8490 1.6942 -0.2138 24.7110 0.3270 3.6752 10.1647 0.0000 0.0000 0.0000 20.1438 14.1406 -59.5491 -13.5618 -18.9757 70.8617 -0.1475 -13.1144 10.9725 -0.0010 0.2027 -0.5568 18.3071 2.8303 -21.2563 -10.0131 0.2996 2.5875 -22.5753 2.4387 15.2178 0.1200 3.4195 -2.8818 10.3031 3.2085 13.5159 3.2898 2.0618 4.3307 -0.0000 -0.0000 0.0000 92.5627 -33.5588 -71.0393 16.8179 -26.6171 -4.0054 -0.0000 0.0000 -26.9154 39.9396 -10.7547 -8.8803 -7.1250 0.0000 -0.0000 8.8795 16.1742 -6.1294 -0.0000 -0.0000 0.0000 -68.1739 35.1899 -94.1894 -16.2438 25.8500 -3.7516 0.0000 -0.0000 -26.5036 -8.5860 -1.7672 0.2668 7.1250 -0.0000 -0.0000 14.3258 -31.5536 4.8449
5.2546 15.2608 9.2342 7.4833 -18.6478 100.6740 0.0000 0.0000 0.0000 -15.7751 -11.3434 -60.8596 13.2194 18.8599 69.8054 1.7206 -0.1513 24.8819 0.3443 3.7702 10.4310 0.0000 0.0000 0.0000 19.9592 14.3119 -59.7600 -13.5466 -18.9707 70.8148 -0.1542 -13.8614 11.4853 -0.0014 -0.2401 0.6598 18.2512 2.7959 -21.0963 -10.0669 0.2967 2.8720 -22.6576 2.5111 15.4819 -0.0538 3.4249 -1.9309 10.5147 3.3931 11.7632 3.3309 2.0806 3.6204 0.0000 0.0000 0.0000 92.5261 -33.4152 -71.1838 16.8701 -26.6862 -4.0288 -0.0000 0.0000 -26.1752 40.5992 -10.5750 -8.9390 -7.1250 0.0000 -0.0000 9.3539 16.2841 -6.4432 0.0000 0.0000 0.0000 -68.2822 35.1806 -94.5015 -16.3540 25.9982 -3.7998 0.0000 -0.0000 -26.7996 -9.8030 -1.1765 0.2033 7.1250 -0.0000 -0.0000 13.2865 -31.0051 4.6554
5.2354 15.2791 9.2132 7.2611 -18.8214 100.7760 0.0000 0.0000 0.0000 -15.8465 -11.4151 -61.0606 13.1252 18.8269 69.5140 1.7506 0.0426 25.0344 0.3716 3.9152 10.8383 0.0000 0.0000 0.0000 19.7547 14.5613 -59.9329 -13.4483 -18.9381 70.5123 -0.1728 -14.5662 12.0978 -0.0133 -0.7446 2.0464 18.1462 2.7709 -20.9766 -10.1225 0.3141 3.1295 -22.7016 2.5853 15.7467 -0.2885 3.4429 -1.0489 10.5444 3.6312 9.8333 3.6880 2.0910 3.1820 0.0000 -0.0000 0.0000 92.4650 -33.2962 -71.3632 16.9340 -26.7707 -4.0576 -0.0000 0.0000 -25.6355 41.0302 -10.5413 -9.0456 -7.1250 0.0000 -0.0000 9.6495 16.2493 -6.6601 0.0000 -0.0000 0.0000 -68.3677 35.1951 -94.5995 -16.5121 26.2101 -3.8694 0.0000 -0.0000 -27.2736 -11.2329 -0.7091 0.1408 7.1250 -0.0000 -0.0000 12.1078 -30.5732 4.3530
5.2153 15.2953 9.1923 6.9649 -19.0092 100.9610 0.0000 0.0000 0.0000 -15.8905 -11.5149 -61.2174 12.9525 18.7650 68.9780 1.7853 0.3731 25.1772 0.4153 4.1365 11.4609 0.0000 0.0000 0.0000 19.5460 14.8888 -60.0761 -13.2663 -18.8762 69.9507 -0.2004 -15.0104 12.6363 -0.0302 -1.1214 3.0830 17.9988 2.7621 -20.9113 -10.1772 0.3574 3.3543 -22.7046 2.6636 16.0159 -0.5802 3.4705 -0.3179 10.9024 3.8102 8.3914 3.7945 2.1226 2.5320 0.0000 -0.0000 0.0000 92.3846 -33.2095 -71.6006 17.0036 -26.8625 -4.0890 -0.0000 0.0000 -25.3748 41.2476 -10.7484 -9.2879 -7.1250 0.0000 -0.0000 9.7591 15.9442 -6.8035 0.0000 -0.0000 0.0000 -68.4215 35.2387 -94.4628 -16.7264 26.4956 -3.9645 0.0000 -0.0000 -27.8915 -12.8837 -0.3883 0.0888 7.1250 -0.0000 -0.0000 10.7812 -30.2815 3.9362
5.1948 15.3090 9.1710 6.5987 -19.1869 101.2350 0.0000 0.0000 0.0000 -15.8737 -11.6439 -61.3446 12.7051 18.6731 68.2070 1.8196 0.8131 25.2867 0.4669 4.3828 12.1560 0.0000 0.0000 0.0000 19.3601 15.2904 -60.1971 -13.0037 -18.7835 69.1369 -0.2290 -15.0243 12.9247 -0.0363 -1.2300 3.3819 17.8328 2.7772 -20.9074 -10.2259 0.4292 3.5413 -22.6734 2.7481 16.2884 -0.8425 3.4988 0.2950 11.2130 3.9782 7.1096 3.8937 2.1531 1.9712 0.0000 -0.0000 0.0000 92.2885 -33.1674 -71.8951 17.0730 -26.9539 -4.1204 -0.0000 0.0000 -25.3591 41.3343 -11.2003 -9.6954 -7.1250 0.0000 -0.0000 9.7372 15.3495 -6.9144 0.0000 -0.0000 0.0000 -68.4484 35.3044 -94.1198 -16.9809 26.8326 -4.0787 0.0000 -0.0000 -28.5930 -14.6218 -0.1854 0.0484 7.1250 -0.0000 -0.0000 9.4022 -30.1011 3.4606
5.1741 15.3198 9.1500 6.1846 -19.3649 101.5760 0.0000 0.0000 0.0000 -15.8076 -11.8156 -61.4215 12.3851 18.5487 67.2043 1.8512 1.3293 25.3623 0.5198 4.6207 12.8298 0.0000 0.0000 0.0000 19.1980 15.7224 -60.2840 -12.6652 -18.6579 68.0823 -0.2546 -14.6298 12.9549 -0.0267 -1.0549 2.8999 17.6361 2.8064 -20.9603 -10.2702 0.5207 3.6942 -22.6051 2.8329 16.5607 -1.0332 3.5211 0.7262 11.4343 4.1128 6.1049 3.9665 2.1781 1.5460 -0.0000 -0.0000 0.0000 92.1727 -33.1776 -72.2302 17.1390 -27.0406 -4.1503 -0.0000 0.0000 -25.5166 41.3740 -11.8517 -10.2540 -7.1250 0.0000 -0.0000 9.6470 14.5096 -7.0244 -0.0000 -0.0000 0.0000 -68.4718 35.3951 -93.6554 -17.2544 27.1920 -4.2030 0.0000 -0.0000 -29.2975 -16.3170 -0.0519 0.0152 7.1250 -0.0000 -0.0000 8.0639 -29.9838 2.9812
5.1534 15.3272 9.1293 5.7340 -19.5231 101.9760 0.0000 0.0000 0.0000 -15.6681 -12.0281 -61.4550 11.9991 18.3903 65.9860 1.8807 1.9133 25.4145 0.5745 4.8539 13.4922 0.0000 0.0000 0.0000 19.0858 16.1698 -60.3369 -12.2583 -18.4977 66.8054 -0.2743 -13.9081 12.7639 -0.0104 -0.6585 1.8096 17.4374 2.8492 -21.0674 -10.3040 0.6230 3.8143 -22.5127 2.9157 16.8280 -1.1508 3.5397 1.0447 11.5458 4.2270 5.2791 3.9979 2.2006 1.2073 -0.0000 -0.0000 0.0000 92.0184 -33.2417 -72.5801 17.1977 -27.1177 -4.1771 -0.0000 0.0000 -25.7197 41.4369 -12.5980 -10.8983 -7.1250 0.0000 -0.0000 9.5531 13.5454 -7.1521 -0.0000 -0.0000 0.0000 -68.5265 35.5050 -93.1626 -17.5150 27.5317 -4.3227 0.0000 -0.0000 -29.9437 -17.8028 0.0492 -0.0158 7.1250 -0.0000 -0.0000 6.8922 -29.8924 2.5570
5.1331 15.3313 9.1094 5.2756 -19.6611 102.3990 0.0000 0.0000 0.0000 -15.4572 -12.2964 -61.4181 11.5525 18.1950 64.5631 1.9020 2.5189 25.4174 0.6092 4.9957 13.8962 0.0000 0.0000 0.0000 19.0332 16.5939 -60.3301 -11.7913 -18.3010 65.3259 -0.2923 -13.1790 12.5742 -0.0029 -0.3460 0.9507 17.2447 2.8939 -21.2091 -10.3240 0.7199 3.9117 -22.4028 2.9894 17.0821 -1.1960 3.5515 1.2579 11.5362 4.3162 4.6227 3.9818 2.2186 0.9496 0.0000 0.0000 0.0000 91.8140 -33.3544 -72.9231 17.2453 -27.1800 -4.1988 -0.0000 0.0000 -25.8508 41.5567 -13.3421 -11.5615 -7.1250 0.0000 -0.0000 9.4943 12.5726 -7.3032 0.0000 0.0000 0.0000 -68.6405 35.6290 -92.7194 -17.7347 27.8162 -4.4248 0.0000 -0.0000 -30.4722 -18.9798 0.1386 -0.0477 7.1250 -0.0000 -0.0000 5.9636 -29.8071 2.2211
5.1130 15.3318 9.0910 4.8245 -19.7788 102.8160 0.0000 0.0000 0.0000 -15.1820 -12.6169 -61.2902 11.0533 17.9611 62.9546 1.9163 3.1083 25.3889 0.6234 5.0524 14.0582 0.0000 0.0000 0.0000 19.0491 16.9718 -60.2387 -11.2731 -18.0661 63.6652 -0.3106 -12.5913 12.4792 -0.0011 -0.2186 0.6007 17.0671 2.9330 -21.3672 -10.3281 0.8006 3.9974 -22.2835 3.0509 17.3209 -1.2458 3.5627 1.3601 11.4885 4.3877 4.1149 3.9605 2.2354 0.7625 0.0000 0.0000 0.0000 91.5439 -33.5027 -73.2218 17.2795 -27.2247 -4.2144 -0.0000 0.0000 -25.8139 41.7733 -13.9722 -12.1711 -7.1250 0.0000 -0.0000 9.5162 11.7220 -7.4910 0.0000 0.0000 0.0000 -68.8222 35.7560 -92.3401 -17.8982 28.0266 -4.5013 0.0000 -0.0000 -30.8628 -19.8751 0.2945 -0.1065 7.1250 -0.0000 -0.0000 5.2527 -29.6470 1.9743
5.0924 15.3290 9.0755 4.3964 -19.8808 103.1910 0.0000 0.0000 0.0000 -14.8576 -12.9865 -61.0440 10.5095 17.6865 61.1779 1.9259 3.6350 25.3518 0.6207 5.0417 14.0274 0.0000 0.0000 0.0000 19.1418 17.2726 -60.0425 -10.7137 -17.7921 61.8482 -0.3310 -12.2212 12.5221 -0.0016 -0.2623 0.7207 16.9087 2.9616 -21.5186 -10.3189 0.8610 4.0808 -22.1642 3.0998 17.5409 -1.3203 3.5724 1.3778 11.4282 4.4445 3.7140 3.9447 2.2505 0.6260 0.0000 -0.0000 0.0000 91.2161 -33.6754 -73.4890 17.2921 -27.2412 -4.2202 -0.0000 0.0000 -25.5886 42.0281 -14.5107 -12.7256 -7.1250 0.0000 -0.0000 9.5768 10.9764 -7.6892 0.0000 -0.0000 0.0000 -69.0479 35.8775 -91.9993 -18.0198 28.1825 -4.5586 0.0000 -0.0000 -31.1023 -20.5600 0.4183 -0.1569 7.1250 -0.0000 -0.0000 4.7100 -29.5177 1.7835
5.0709 15.3231 9.0628 3.9986 -19.9656 103.5060 0.0000 0.0000 0.0000 -14.4895 -13.3965 -60.6807 9.9337 17.3724 59.2664 1.9325 4.0760 25.3190 0.6044 4.9764 13.8412 0.0000 0.0000 0.0000 19.3123 17.4979 -59.7285 -10.1245 -17.4793 59.9036 -0.3488 -12.0177 12.6201 -0.0039 -0.4049 1.1125 16.7757 2.9793 -21.6478 -10.2981 0.9006 4.1661 -22.0516 3.1372 17.7391 -1.4411 3.5810 1.3469 11.3834 4.4927 3.3671 3.9459 2.2644 0.5148 -0.0000 -0.0000 0.0000 90.8466 -33.8658 -73.7333 17.2729 -27.2161 -4.2114 -0.0000 0.0000 -25.1603 42.2928 -14.9626 -13.2177 -7.1250 0.0000 -0.0000 9.6577 10.3355 -7.8841 -0.0000 -0.0000 0.0000 -69.2833 35.9813 -91.6326 -18.1140 28.3029 -4.6032 0.0000 -0.0000 -31.2085 -21.1517 0.5514 -0.2134 7.1250 -0.0000 -0.0000 4.2409 -29.3765 1.6192
5.0482 15.3144 9.0525 3.6231 -20.0448 103.7770 0.0000 0.0000 0.0000 -14.0947 -13.8348 -60.2347 9.3402 17.0217 57.2592 1.9359 4.4312 25.2851 0.5848 4.8964 13.6132 0.0000 0.0000 0.0000 19.5370 17.6629 -59.3242 -9.5169 -17.1291 57.8613 -0.3647 -11.9202 12.7453 -0.0061 -0.5039 1.3847 16.6578 2.9937 -21.7681 -10.2751 0.9325 4.2466 -21.9473 3.1696 17.9221 -1.6128 3.5881 1.3016 11.3743 4.5367 3.0335 3.9705 2.2771 0.4087 -0.0000 -0.0000 0.0000 90.4532 -34.0634 -73.9398 17.2231 -27.1510 -4.1886 -0.0000 0.0000 -24.5925 42.5472 -15.3596 -13.6645 -7.1250 0.0000 -0.0000 9.7405 9.7643 -8.0680 -0.0000 -0.0000 0.0000 -69.4858 36.0709 -91.1888 -18.2027 28.4159 -4.6453 0.0000 -0.0000 -31.1951 -21.7822 0.7583 -0.3030 7.1250 -0.0000 -0.0000 3.7402 -29.1543 1.4471
5.0241 15.3031 9.0436 3.2693 -20.1283 104.0100 0.0000 0.0000 0.0000 -13.6914 -14.2915 -59.7332 8.7455 16.6411 55.2058 1.9371 4.7373 25.2479 0.5724 4.8450 13.4671 0.0000 0.0000 0.0000 19.7921 17.7774 -58.8518 -8.9034 -16.7451 55.7553 -0.3803 -11.8121 12.8631 -0.0061 -0.5063 1.3913 16.5451 3.0061 -21.8816 -10.2559 0.9623 4.3168 -21.8508 3.1981 18.0878 -1.8380 3.5929 1.2727 11.4074 4.5810 2.6646 4.0198 2.2886 0.2858 0.0000 -0.0000 0.0000 90.0517 -34.2634 -74.0949 17.1446 -27.0480 -4.1529 -0.0000 0.0000 -23.9302 42.7925 -15.7160 -14.0773 -7.1250 0.0000 -0.0000 9.8235 9.2452 -8.2430 0.0000 -0.0000 0.0000 -69.6379 36.1456 -90.6629 -18.2973 28.5361 -4.6904 0.0000 -0.0000 -31.0636 -22.4768 1.0485 -0.4338 7.1250 -0.0000 -0.0000 3.1894 -28.8392 1.2572
4.9984 15.2895 9.0357 2.9535 -20.1916 104.1800 0.0000 0.0000 0.0000 -13.2634 -14.7549 -59.1775 8.1665 16.2404 53.1602 1.9341 5.0325 25.1868 0.5606 4.7957 13.3269 0.0000 0.0000 0.0000 20.1002 17.8394 -58.2955 -8.2937 -16.3311 53.6137 -0.3977 -11.7292 13.0114 -0.0041 -0.4149 1.1400 16.4573 3.0141 -21.9677 -10.2348 0.9826 4.3800 -21.7692 3.2199 18.2243 -2.1036 3.5961 1.3017 11.4741 4.6313 2.2183 4.0870 2.2995 0.1252 -0.0000 -0.0000 0.0000 89.6606 -34.4795 -74.2154 17.0399 -26.9104 -4.1054 -0.0000 0.0000 -23.1999 43.0109 -16.0555 -14.4670 -7.1250 0.0000 -0.0000 9.8915 8.7527 -8.4007 -0.0000 -0.0000 0.0000 -69.7381 36.2221 -90.0927 -18.4018 28.6686 -4.7404 0.0000 -0.0000 -30.8120 -23.2471 1.4389 -0.6180 7.1250 -0.0000 -0.0000 2.5817 -28.4103 1.0434
4.9714 15.2738 9.0272 2.6582 -20.2788 104.3370 0.0000 0.0000 0.0000 -12.8622 -15.2162 -58.6353 7.6181 15.8311 51.1753 1.9266 5.3890 25.0908 0.5658 4.8177 13.3893 0.0000 0.0000 0.0000 20.3832 17.8694 -57.7224 -7.6996 -15.8938 51.4732 -0.4217 -11.6686 13.2364 -0.0011 -0.2094 0.5754 16.3473 3.0192 -22.0654 -10.2255 1.0061 4.4221 -21.6856 3.2368 18.3427 -2.3914 3.5940 1.2948 11.5748 4.6673 1.8346 4.1734 2.3066 -0.0098 0.0000 -0.0000 0.0000 89.2831 -34.7012 -74.2837 16.9182 -26.7499 -4.0505 -0.0000 0.0000 -22.4288 43.2693 -16.3193 -14.8159 -7.1250 0.0000 -0.0000 9.9985 8.3436 -8.5769 0.0000 -0.0000 0.0000 -69.8051 36.3008 -89.5175 -18.5177 28.8150 -4.7962 0.0000 -0.0000 -30.5043 -24.0829 1.8868 -0.8431 7.1250 -0.0000 -0.0000 1.9288 -27.9114 0.8020
4.9433 15.2562 9.0177 2.3930 -20.3859 104.4720 0.0000 0.0000 0.0000 -12.4929 -15.6704 -58.1184 7.1128 15.4262 49.2997 1.9069 5.8148 24.9096 0.5643 4.8112 13.3710 0.0000 0.0000 0.0000 20.6336 17.8685 -57.1415 -7.1309 -15.4411 49.3677 -0.4535 -11.6416 13.5504 -0.0000 0.0121 -0.0331 16.2185 3.0167 -22.1698 -10.2260 1.0257 4.4452 -21.6021 3.2451 18.4387 -2.6844 3.5889 1.3354 11.6748 4.7063 1.3884 4.2597 2.3126 -0.1743 0.0000 -0.0000 0.0000 88.9265 -34.9325 -74.3326 16.7869 -26.5760 -3.9915 -0.0000 0.0000 -21.6396 43.5120 -16.5441 -15.1274 -7.1250 0.0000 -0.0000 10.1024 7.9867 -8.7414 0.0000 -0.0000 0.0000 -69.8546 36.3832 -88.9677 -18.6407 28.9698 -4.8556 0.0000 -0.0000 -30.1911 -24.9197 2.3178 -1.0764 7.1250 -0.0000 -0.0000 1.2826 -27.4237 0.5479
4.9141 15.2371 9.0065 2.1528 -20.5156 104.6010 0.0000 0.0000 0.0000 -12.1663 -16.1031 -57.6622 6.6604 15.0391 47.5779 1.8745 6.3311 24.6418 0.5631 4.8062 13.3567 0.0000 0.0000 0.0000 20.8295 17.8581 -56.5824 -6.5974 -14.9833 47.3348 -0.4934 -11.6395 13.9501 -0.0012 0.2204 -0.6056 16.0643 3.0072 -22.2901 -10.2351 1.0429 4.4477 -21.5121 3.2451 18.5161 -2.9888 3.5802 1.3810 11.7879 4.7413 0.9318 4.3541 2.3168 -0.3442 -0.0000 -0.0000 0.0000 88.5909 -35.1661 -74.3882 16.6554 -26.4013 -3.9329 -0.0000 0.0000 -20.8546 43.7495 -16.7284 -15.4049 -7.1250 0.0000 -0.0000 10.2107 7.6813 -8.9005 -0.0000 -0.0000 0.0000 -69.9059 36.4620 -88.4673 -18.7651 29.1258 -4.9160 0.0000 -0.0000 -29.9360 -25.7515 2.6946 -1.2991 7.1250 -0.0000 -0.0000 0.6470 -26.9884 0.2829
4.8837 15.2172 8.9937 1.9399 -20.6617 104.7260 0.0000 0.0000 0.0000 -11.8945 -16.4920 -57.2882 6.2678 14.6829 46.0473 1.8280 6.8972 24.2837 0.5624 4.8033 13.3484 0.0000 0.0000 0.0000 20.9730 17.8396 -56.0717 -6.1067 -14.5309 45.4084 -0.5444 -11.5943 14.4354 -0.0053 0.4706 -1.2932 15.8930 2.9925 -22.4272 -10.2506 1.0572 4.4313 -21.4184 3.2377 18.5769 -3.2890 3.5655 1.4211 11.8971 4.7687 0.4707 4.4477 2.3179 -0.5144 -0.0000 0.0000 0.0000 88.2706 -35.3894 -74.4403 16.5401 -26.2475 -3.8818 -0.0000 0.0000 -20.1357 43.9732 -16.8798 -15.6496 -7.1250 0.0000 -0.0000 10.3166 7.4205 -9.0495 -0.0000 0.0000 0.0000 -69.9624 36.5303 -88.0204 -18.8870 29.2781 -4.9755 0.0000 -0.0000 -29.7720 -26.5043 2.9710 -1.4806 7.1250 -0.0000 -0.0000 0.0757 -26.6605 0.0337
4.8524 15.1968 8.9788 1.7615 -20.8039 104.8410 0.0000 0.0000 0.0000 -11.6748 -16.8124 -57.0156 5.9403 14.3703 44.7419 1.7710 7.4741 23.8638 0.5660 4.8186 13.3920 0.0000 0.0000 0.0000 21.0772 17.8283 -55.6108 -5.6644 -14.0950 43.6194 -0.6011 -11.4964 14.9458 -0.0135 0.7512 -2.0643 15.7267 2.9723 -22.5721 -10.2651 1.0617 4.4004 -21.3280 3.2219 18.6182 -3.5958 3.5506 1.4975 11.9990 4.8036 -0.0709 4.5399 2.3205 -0.7188 -0.0000 -0.0000 0.0000 87.9656 -35.5945 -74.5041 16.4483 -26.1248 -3.8413 -0.0000 0.0000 -19.5268 44.1665 -17.0399 -15.8881 -7.1250 0.0000 -0.0000 10.4012 7.1565 -9.1809 -0.0000 -0.0000 0.0000 -70.0369 36.5793 -87.6372 -18.9972 29.4152 -5.0295 0.0000 -0.0000 -29.7020 -27.1344 3.1634 -1.6199 7.1250 -0.0000 -0.0000 -0.4001 -26.4261 -0.1803
4.8202 15.1766 8.9610 1.6289 -20.8903 104.9250 0.0000 0.0000 0.0000 -11.4728 -17.0297 -56.8532 5.6807 14.1116 43.6865 1.7059 7.9934 23.3992 0.5699 4.8346 13.4374 0.0000 0.0000 0.0000 21.1958 17.8419 -55.1815 -5.2743 -13.6861 41.9945 -0.6570 -11.3481 15.4243 -0.0289 1.0967 -3.0150 15.6175 2.9518 -22.7026 -10.2637 1.0480 4.3612 -21.2573 3.1981 18.6309 -3.9111 3.5350 1.6007 12.0975 4.8431 -0.6715 4.6334 2.3239 -0.9489 0.0000 0.0000 0.0000 87.6741 -35.7742 -74.5708 16.3872 -26.0428 -3.8144 -0.0000 0.0000 -19.0666 44.3406 -17.2280 -16.1423 -7.1250 0.0000 -0.0000 10.4675 6.8617 -9.3025 0.0000 0.0000 0.0000 -70.1295 36.6088 -87.3139 -19.0885 29.5285 -5.0744 0.0000 -0.0000 -29.7004 -27.6201 3.3165 -1.7338 7.1250 -0.0000 -0.0000 -0.7651 -26.2377 -0.3480
4.7874 15.1570 8.9396 1.5576 -20.9111 104.9550 0.0000 0.0000 0.0000 -11.3048 -17.1241 -56.7893 5.4879 13.9131 42.8903 1.6398 8.3936 22.9339 0.5728 4.8467 13.4720 0.0000 0.0000 0.0000 21.3399 17.8713 -54.7723 -4.9404 -13.3163 40.5644 -0.7057 -11.1408 15.8132 -0.0531 1.4874 -4.0909 15.5777 2.9272 -22.7963 -10.2435 1.0095 4.3191 -21.2128 3.1641 18.6060 -4.2422 3.5189 1.7144 12.2102 4.8839 -1.2970 4.7370 2.3280 -1.1918 -0.0000 -0.0000 0.0000 87.4020 -35.9303 -74.6325 16.3587 -26.0046 -3.8019 -0.0000 0.0000 -18.7688 44.5227 -17.4569 -16.4377 -7.1250 0.0000 -0.0000 10.5291 6.5110 -9.4318 -0.0000 -0.0000 0.0000 -70.2329 36.6272 -87.0508 -19.1615 29.6188 -5.1104 0.0000 -0.0000 -29.7113 -27.9401 3.4257 -1.8152 7.1250 -0.0000 -0.0000 -1.0045 -26.1031 -0.4601
4.7543 15.1383 8.9142 1.5449 -20.8842 104.9470 0.0000 0.0000 0.0000 -11.2005 -17.0892 -56.8406 5.3586 13.7766 42.3497 1.5803 8.6150 22.5136 0.5632 4.8065 13.3575 0.0000 0.0000 0.0000 21.4807 17.9180 -54.4117 -4.6665 -12.9981 39.3615 -0.7415 -10.9198 16.0811 -0.0867 1.8994 -5.2277 15.5967 2.8998 -22.8628 -10.2133 0.9509 4.2687 -21.1981 3.1214 18.5452 -4.5600 3.5024 1.7841 12.7293 4.9329 -1.9227 4.4671 2.3208 -1.2978 -0.0000 0.0000 0.0000 87.1613 -36.0604 -74.7057 16.3535 -25.9976 -3.7996 -0.0000 0.0000 -18.5986 44.7020 -17.7682 -16.8048 -7.1250 0.0000 -0.0000 10.5700 6.0548 -9.5643 -0.0000 0.0000 0.0000 -70.3393 36.6293 -86.8196 -19.2154 29.6855 -5.1371 0.0000 -0.0000 -29.7010 -28.1395 3.5200 -1.8808 7.1250 -0.0000 -0.0000 -1.1523 -25.9891 -0.5309
4.7213 15.1205 8.8852 1.5898 -20.8618 104.9130 0.0000 0.0000 0.0000 -11.2207 -16.9372 -57.0050 5.2870 13.6999 42.0482 1.5330 8.6334 22.1722 0.5437 4.7242 13.1235 0.0000 0.0000 0.0000 21.5551 17.9674 -54.1357 -4.4567 -12.7445 38.4194 -0.7628 -10.7193 16.2235 -0.1282 2.3082 -6.3581 15.6281 2.8620 -22.9160 -10.1892 0.8767 4.2074 -21.2039 3.0690 18.4558 -4.9368 3.4860 1.7941 12.9596 4.9638 -2.4013 4.5957 2.3238 -1.4570 -0.0000 -0.0000 0.0000 86.9611 -36.1520 -74.7713 16.3608 -26.0075 -3.8028 -0.0000 0.0000 -18.4987 44.9431 -18.0831 -17.2120 -7.1250 0.0000 -0.0000 10.6464 5.5723 -9.7357 -0.0000 -0.0000 0.0000 -70.4492 36.6191 -86.6293 -19.2496 29.7277 -5.1541 0.0000 -0.0000 -29.6008 -28.2899 3.5997 -1.9354 7.1250 -0.0000 -0.0000 -1.2632 -25.8930 -0.5849
4.6884 15.1034 8.8526 1.6919 -20.8670 104.8510 0.0000 0.0000 0.0000 -11.3927 -16.6739 -57.2681 5.2689 13.6803 41.9717 1.5028 8.4380 21.9457 0.5153 4.6011 12.7743 0.0000 0.0000 0.0000 21.5393 18.0078 -53.9585 -4.3126 -12.5651 37.7616 -0.7692 -10.5838 16.2491 -0.1707 2.6619 -7.3389 15.6553 2.8097 -22.9577 -10.1808 0.7875 4.1348 -21.2328 3.0063 18.3398 -5.3199 3.4705 1.7948 13.2228 4.9955 -2.8558 4.7366 2.3279 -1.6087 0.0000 0.0000 0.0000 86.8114 -36.2045 -74.8402 16.3661 -26.0145 -3.8051 -0.0000 0.0000 -18.4103 45.2206 -18.3999 -17.6452 -7.1250 0.0000 -0.0000 10.7428 5.0733 -9.9307 0.0000 0.0000 0.0000 -70.5497 36.5989 -86.4483 -19.2685 29.7509 -5.1634 0.0000 -0.0000 -29.3691 -28.4730 3.6824 -1.9950 7.1250 -0.0000 -0.0000 -1.3985 -25.7920 -0.6509
4.6559 15.0872 8.8164 1.8382 -20.9135 104.7800 0.0000 0.0000 0.0000 -11.7041 -16.3291 -57.6312 5.3015 13.7155 42.1095 1.4878 8.0839 21.8275 0.4827 4.4553 12.3614 0.0000 0.0000 0.0000 21.4183 18.0422 -53.8978 -4.2343 -12.4658 37.4004 -0.7621 -10.5235 16.1709 -0.2099 2.9495 -8.1383 15.6658 2.7467 -23.0008 -10.1947 0.6916 4.0484 -21.2832 2.9373 18.2060 -5.7208 3.4584 1.7194 13.5543 5.0248 -3.1920 4.9043 2.3359 -1.7152 -0.0000 0.0000 0.0000 86.7292 -36.2162 -74.9559 16.3503 -25.9933 -3.7982 -0.0000 0.0000 -18.2578 45.5111 -18.7017 -18.0774 -7.1250 0.0000 -0.0000 10.8488 4.5863 -10.1337 -0.0000 0.0000 0.0000 -70.6457 36.5624 -86.2856 -19.2694 29.7520 -5.1639 0.0000 -0.0000 -28.9555 -28.7852 3.7494 -2.0576 7.1250 -0.0000 -0.0000 -1.6315 -25.7032 -0.7628
4.6234 15.0721 8.7770 2.0187 -20.9811 104.6920 0.0000 0.0000 0.0000 -12.1097 -15.9208 -58.0699 5.3851 13.8048 42.4610 1.4847 7.6261 21.8013 0.4488 4.2981 11.9168 0.0000 0.0000 0.0000 21.2268 18.0725 -53.9389 -4.2191 -12.4464 37.3299 -0.7485 -10.5108 16.0443 -0.2449 3.1848 -8.7937 15.6757 2.6804 -23.0332 -10.2274 0.5958 3.9517 -21.3578 2.8671 18.0555 -6.1035 3.4416 1.5468 13.9247 5.0373 -3.3762 5.0849 2.3422 -1.7599 0.0000 0.0000 0.0000 86.7228 -36.1893 -75.1212 16.3076 -25.9359 -3.7795 -0.0000 0.0000 -18.0209 45.8100 -18.9408 -18.4642 -7.1250 0.0000 -0.0000 10.9726 4.1745 -10.3398 0.0000 0.0000 0.0000 -70.7172 36.5125 -86.1161 -19.2585 29.7386 -5.1584 0.0000 -0.0000 -28.3834 -29.2756 3.8182 -2.1380 7.1250 -0.0000 -0.0000 -1.9984 -25.6040 -0.9391
4.5907 15.0583 8.7354 2.2252 -21.0547 104.5740 0.0000 0.0000 0.0000 -12.5666 -15.4723 -58.5557 5.5212 13.9478 43.0286 1.4886 7.1209 21.8372 0.4180 4.1501 11.4992 0.0000 0.0000 0.0000 20.9955 18.0962 -54.0612 -4.2637 -12.5032 37.5363 -0.7343 -10.4968 15.9106 -0.2772 3.3865 -9.3568 15.6926 2.6122 -23.0426 -10.2711 0.4998 3.8509 -21.4509 2.7960 17.8884 -6.4479 3.4241 1.3498 14.2808 5.0471 -3.5189 5.2560 2.3492 -1.7867 -0.0000 0.0000 0.0000 86.7821 -36.1290 -75.3465 16.2365 -25.8402 -3.7484 -0.0000 0.0000 -17.7018 46.1004 -19.1076 -18.7865 -7.1250 0.0000 -0.0000 11.1068 3.8559 -10.5383 -0.0000 0.0000 0.0000 -70.7960 36.4542 -86.0140 -19.2264 29.6990 -5.1425 0.0000 -0.0000 -27.6388 -29.9046 3.8683 -2.2220 7.1250 -0.0000 -0.0000 -2.4700 -25.5189 -1.1659
4.5577 15.0460 8.6917 2.4426 -21.1103 104.4250 0.0000 0.0000 0.0000 -13.0155 -15.0046 -59.0731 5.7115 14.1428 43.8124 1.4942 6.6289 21.8955 0.3902 4.0113 11.1086 0.0000 0.0000 0.0000 20.7624 18.1217 -54.2446 -4.3656 -12.6316 38.0047 -0.7225 -10.4494 15.7898 -0.3059 3.5562 -9.8312 15.7359 2.5493 -23.0215 -10.3176 0.4077 3.7502 -21.5625 2.7281 17.7073 -6.7406 3.3987 1.0725 14.6095 5.0359 -3.5397 5.4131 2.3523 -1.7601 -0.0000 -0.0000 0.0000 86.8970 -36.0380 -75.6240 16.1440 -25.7155 -3.7082 -0.0000 0.0000 -17.3420 46.3836 -19.2064 -19.0475 -7.1250 0.0000 -0.0000 11.2517 3.6253 -10.7303 -0.0000 -0.0000 0.0000 -70.8903 36.3823 -85.9947 -19.1725 29.6324 -5.1158 0.0000 -0.0000 -26.8018 -30.6457 3.9117 -2.3145 7.1250 -0.0000 -0.0000 -3.0252 -25.4347 -1.4346
4.5242 15.0356 8.6463 2.6793 -21.1040 104.2050 0.0000 0.0000 0.0000 -13.3924 -14.5304 -59.5710 5.9556 14.3851 44.8031 1.4988 6.2097 21.9527 0.3681 3.8972 10.7878 0.0000 0.0000 0.0000 20.5981 18.1355 -54.4479 -4.5242 -12.8271 38.7247 -0.7142 -10.3235 15.6820 -0.3344 3.7162 -10.2797 15.8388 2.4943 -22.9359 -10.3514 0.3155 3.6589 -21.6936 2.6631 17.5017 -6.9808 3.3655 0.7925 14.9034 5.0108 -3.5285 5.5515 2.3497 -1.7198 -0.0000 0.0000 0.0000 87.0643 -35.9387 -75.9839 16.0406 -25.5756 -3.6635 -0.0000 0.0000 -16.9946 46.6207 -19.3008 -19.2786 -7.1250 0.0000 -0.0000 11.3698 3.4158 -10.8924 -0.0000 0.0000 0.0000 -70.9989 36.3154 -86.0951 -19.0979 29.5401 -5.0790 0.0000 -0.0000 -25.9295 -31.4189 3.9305 -2.3977 7.1250 -0.0000 -0.0000 -3.6049 -25.3756 -1.7154
4.4906 15.0268 8.5993 2.8894 -21.0979 103.9860 0.0000 0.0000 0.0000 -13.7456 -14.0572 -60.0919 6.2520 14.6682 45.9850 1.4990 5.8934 21.9752 0.3479 3.7900 10.4867 0.0000 0.0000 0.0000 20.4264 18.1565 -54.7259 -4.7394 -13.0842 39.6845 -0.7117 -10.0987 15.6055 -0.3608 3.8586 -10.6793 15.9376 2.4547 -22.8376 -10.3889 0.2490 3.5641 -21.8160 2.6091 17.2979 -7.2124 3.3215 0.4131 15.2336 4.9576 -3.3537 5.7034 2.3411 -1.6125 -0.0000 0.0000 0.0000 87.2681 -35.8152 -76.4093 15.9376 -25.4359 -3.6191 -0.0000 0.0000 -16.7193 46.8203 -19.4351 -19.5236 -7.1250 0.0000 -0.0000 11.4558 3.1675 -11.0315 -0.0000 0.0000 0.0000 -71.1301 36.2367 -86.2988 -19.0126 29.4344 -5.0371 0.0000 -0.0000 -25.1485 -32.1751 3.8980 -2.4490 7.1250 -0.0000 -0.0000 -4.1747 -25.3758 -1.9878
4.4567 15.0197 8.5514 3.0614 -21.1081 103.7810 0.0000 0.0000 0.0000 -14.0844 -13.5923 -60.6318 6.5975 14.9834 47.3353 1.4942 5.7079 21.9534 0.3319 3.7023 10.2407 0.0000 0.0000 0.0000 20.2336 18.1822 -55.0886 -5.0104 -13.3955 40.8678 -0.7153 -9.7659 15.5655 -0.3823 3.9707 -10.9941 16.0137 2.4302 -22.7391 -10.4306 0.2116 3.4653 -21.9180 2.5670 17.1041 -7.4009 3.2401 -0.0455 15.5651 4.8404 -3.0481 5.8526 2.3075 -1.4452 0.0000 0.0000 0.0000 87.4955 -35.6603 -76.8951 15.8413 -25.3050 -3.5779 -0.0000 0.0000 -16.5443 46.9788 -19.6418 -19.8089 -7.1250 0.0000 -0.0000 11.4998 2.8405 -11.1458 0.0000 0.0000 0.0000 -71.2943 36.1445 -86.6157 -18.9180 29.3167 -4.9906 0.0000 -0.0000 -24.4858 -32.8858 3.8278 -2.4716 7.1250 -0.0000 -0.0000 -4.7131 -25.4223 -2.2406
4.4222 15.0146 8.5031 3.1848 -21.1251 103.5960 0.0000 0.0000 0.0000 -14.4064 -13.1125 -61.1871 6.9886 15.3223 48.8314 1.4850 5.6340 21.8890 0.3187 3.6286 10.0341 0.0000 0.0000 0.0000 20.0357 18.2201 -55.5216 -5.3346 -13.7510 42.2489 -0.7249 -9.3406 15.5692 -0.3978 4.0495 -11.2160 16.0715 2.4218 -22.6393 -10.4705 0.2026 3.3649 -21.9946 2.5369 16.9220 -7.4142 3.0899 -0.5689 15.7604 4.6074 -2.6025 5.9337 2.2235 -1.2048 -0.0000 -0.0000 0.0000 87.7313 -35.4718 -77.4248 15.7547 -25.1869 -3.5409 -0.0000 0.0000 -16.4585 47.1170 -19.9417 -20.1656 -7.1250 0.0000 -0.0000 11.5088 2.4007 -11.2488 -0.0000 -0.0000 0.0000 -71.4828 36.0318 -86.9864 -18.8213 29.1960 -4.9434 0.0000 -0.0000 -23.9749 -33.5376 3.7276 -2.4675 7.1250 -0.0000 -0.0000 -5.2100 -25.5075 -2.4682
4.3869 15.0116 8.4548 3.2471 -21.1486 103.4530 0.0000 0.0000 0.0000 -14.7061 -12.6144 -61.7683 7.4200 15.6756 50.4456 1.4713 5.6684 21.7820 0.3108 3.5842 9.9096 0.0000 0.0000 0.0000 19.8291 18.2832 -56.0207 -5.7077 -14.1390 43.7972 -0.7387 -8.8525 15.6120 -0.4032 4.0764 -11.2917 16.1086 2.4324 -22.5516 -10.5071 0.2247 3.2613 -22.0415 2.5205 16.7582 -7.2558 2.8730 -1.1862 15.8051 4.2571 -1.9933 5.9420 2.0905 -0.8803 0.0000 0.0000 0.0000 87.9751 -35.2415 -78.0077 15.6713 -25.0729 -3.5055 -0.0000 0.0000 -16.4159 47.2528 -20.3523 -20.6201 -7.1250 0.0000 -0.0000 11.4887 1.8191 -11.3510 0.0000 0.0000 0.0000 -71.7066 35.8929 -87.4224 -18.7114 29.0585 -4.8899 0.0000 -0.0000 -23.5044 -34.1476 3.5963 -2.4362 7.1250 -0.0000 -0.0000 -5.6788 -25.6327 -2.6757
4.3507 15.0110 8.4066 3.2574 -21.1520 103.3390 0.0000 0.0000 0.0000 -14.9546 -12.0973 -62.3554 7.8854 16.0343 52.1487 1.4558 5.7821 21.6538 0.3085 3.5709 9.8726 0.0000 0.0000 0.0000 19.6482 18.3708 -56.5601 -6.1252 -14.5485 45.4820 -0.7552 -8.3492 15.6927 -0.4004 4.0629 -11.2536 16.1536 2.4625 -22.4636 -10.5352 0.2706 3.1556 -22.0724 2.5163 16.6037 -6.5697 2.5398 -2.0262 15.3664 3.6817 -0.9838 5.7158 1.8656 -0.3588 0.0000 -0.0000 0.0000 88.2278 -34.9779 -78.6298 15.5836 -24.9527 -3.4684 -0.0000 0.0000 -16.3601 47.4175 -20.8665 -21.1860 -7.1250 0.0000 -0.0000 11.4587 1.0936 -11.4711 0.0000 -0.0000 0.0000 -71.9434 35.7352 -87.8739 -18.5859 28.9009 -4.8291 0.0000 -0.0000 -22.9984 -34.7568 3.4512 -2.3920 7.1250 -0.0000 -0.0000 -6.1492 -25.7757 -2.8790
4.3129 15.0131 8.3606 3.2205 -21.1554 103.2510 0.0000 0.0000 0.0000 -15.1805 -11.5625 -62.9238 8.3745 16.3879 53.9005 1.4383 5.9208 21.5083 0.3115 3.5878 9.9198 0.0000 0.0000 0.0000 19.4722 18.4743 -57.1355 -6.5843 -14.9716 47.2838 -0.7749 -7.8445 15.8185 -0.3919 4.0199 -11.1328 16.1884 2.5049 -22.3733 -10.5583 0.3368 3.0474 -22.0819 2.5203 16.4547 -6.1411 2.1403 -4.5424 15.7025 2.7767 2.3621 5.8217 1.6193 1.1352 0.0000 0.0000 0.0000 88.4848 -34.6822 -79.2832 15.4803 -24.8110 -3.4250 -0.0000 0.0000 -16.2301 47.6423 -21.4546 -21.8586 -7.1250 0.0000 -0.0000 11.4428 0.2498 -11.6274 0.0000 0.0000 0.0000 -72.2092 35.5636 -88.3850 -18.4304 28.7048 -4.7542 0.0000 -0.0000 -22.3061 -35.3612 3.2863 -2.3295 7.1250 -0.0000 -0.0000 -6.6189 -25.9444 -3.0754
4.2735 15.0178 8.3179 3.1441 -21.1888 103.1940 0.0000 0.0000 0.0000 -15.4166 -11.0278 -63.4586 8.8763 16.7274 55.6612 1.4206 6.0468 21.3632 0.3189 3.6300 10.0378 0.0000 0.0000 0.0000 19.2691 18.5774 -57.7527 -7.0827 -15.4011 49.1863 -0.7948 -7.3746 15.9646 -0.3773 3.9448 -10.9214 16.1920 2.5521 -22.2872 -10.5864 0.4191 2.9326 -22.0715 2.5287 16.3085 -5.5267 1.5564 -7.9966 15.9059 1.3986 7.1280 5.8858 1.2405 3.2731 0.0000 0.0000 0.0000 88.7456 -34.3639 -79.9803 15.3479 -24.6285 -3.3696 -0.0000 0.0000 -15.9294 47.9405 -22.0984 -22.6332 -7.1250 0.0000 -0.0000 11.4519 -0.6956 -11.8278 0.0000 0.0000 0.0000 -72.5007 35.3851 -88.9479 -18.2417 28.4656 -4.6639 0.0000 -0.0000 -21.3594 -35.9932 3.1077 -2.2550 7.1250 -0.0000 -0.0000 -7.1119 -26.1301 -3.2766
4.2329 15.0251 8.2782 3.0509 -21.2639 103.1540 0.0000 0.0000 0.0000 -15.6734 -10.5198 -63.9337 9.3795 17.0458 57.3936 1.4063 6.1363 21.2466 0.3314 3.7000 10.2342 0.0000 0.0000 0.0000 19.0302 18.6549 -58.4032 -7.6189 -15.8317 51.1780 -0.8089 -7.0002 16.0724 -0.3567 3.8371 -10.6187 16.1591 2.5974 -22.2007 -10.6251 0.5105 2.8103 -22.0478 2.5375 16.1583 -5.0909 0.8337 -12.2386 16.2172 -0.3656 12.9919 6.0472 0.7686 5.9867 -0.0000 -0.0000 0.0000 89.0016 -34.0471 -80.6684 15.1939 -24.4155 -3.3057 -0.0000 0.0000 -15.3913 48.3868 -22.5762 -23.3745 -7.1250 0.0000 -0.0000 11.5839 -1.4961 -12.1306 -0.0000 -0.0000 0.0000 -72.8023 35.2190 -89.5595 -18.0217 28.1850 -4.5595 0.0000 -0.0000 -20.1066 -36.6797 2.9412 -2.1887 7.1250 -0.0000 -0.0000 -7.6459 -26.3002 -3.4960
4.1910 15.0347 8.2426 2.9430 -21.3828 103.1410 0.0000 0.0000 0.0000 -15.9533 -10.0440 -64.3537 9.8751 17.3390 59.0702 1.3965 6.1450 21.1697 0.3430 3.7635 10.4124 0.0000 0.0000 0.0000 18.7566 18.7037 -59.0838 -8.1883 -16.2560 53.2380 -0.8153 -6.7502 16.1202 -0.3303 3.6939 -10.2170 16.0917 2.6407 -22.1272 -10.6753 0.6088 2.6823 -22.0155 2.5473 16.0128 -4.8694 0.0422 -16.2926 16.3936 -2.2203 18.5727 6.2040 0.2475 8.7557 -0.0000 -0.0000 0.0000 89.2583 -33.7280 -81.3873 15.0109 -24.1613 -3.2304 -0.0000 0.0000 -14.6114 48.9456 -22.9033 -24.0770 -7.1250 0.0000 -0.0000 11.8150 -2.1616 -12.5175 -0.0000 -0.0000 0.0000 -73.0804 35.0201 -90.1025 -17.7839 27.8795 -4.4477 0.0000 -0.0000 -18.6563 -37.4080 2.8569 -2.1830 7.1250 -0.0000 -0.0000 -8.2030 -26.3679 -3.7424
4.1480 15.0465 8.2111 2.8309 -21.5415 103.1430 0.0000 0.0000 0.0000 -16.2507 -9.6108 -64.7034 10.3554 17.6049 60.6698 1.3937 6.0516 21.1537 0.3534 3.8193 10.5689 0.0000 0.0000 0.0000 18.4615 18.7127 -59.7729 -8.7848 -16.6672 55.3429 -0.8110 -6.6272 16.0726 -0.2992 3.5170 -9.7215 15.9951 2.6803 -22.0628 -10.7375 0.7101 2.5549 -21.9808 2.5584 15.8757 -4.8053 -0.6829 -19.2270 16.3913 -3.7623 22.5595 6.2787 -0.2284 10.9303 0.0000 0.0000 0.0000 89.5374 -33.4213 -82.2345 14.7912 -23.8544 -3.1410 -0.0000 0.0000 -13.6160 49.5436 -23.1598 -24.7592 -7.1250 0.0000 -0.0000 12.0836 -2.7636 -12.9378 0.0000 0.0000 0.0000 -73.2924 34.7242 -90.4479 -17.5693 27.6022 -4.3478 0.0000 -0.0000 -17.2392 -38.1481 2.7118 -2.1283 7.1250 -0.0000 -0.0000 -8.7767 -26.5116 -3.9798
4.1039 15.0603 8.1837 2.7235 -21.7141 103.1470 0.0000 0.0000 0.0000 -16.5388 -9.2197 -64.9774 10.8159 17.8438 62.1824 1.3994 5.8340 21.2121 0.3582 3.8447 10.6401 0.0000 0.0000 0.0000 18.1824 18.6792 -60.4399 -9.3994 -17.0580 57.4614 -0.7948 -6.6416 15.9139 -0.2646 3.3094 -9.1412 15.8939 2.7146 -22.0016 -10.8034 0.8048 2.4333 -21.9520 2.5681 15.7448 -4.7431 -1.2371 -20.9116 16.1863 -4.7965 24.7386 6.2104 -0.5851 12.2369 0.0000 0.0000 0.0000 89.8404 -33.1341 -83.2495 14.5355 -23.4951 -3.0384 -0.0000 0.0000 -12.4767 50.1254 -23.4567 -25.4778 -7.1250 0.0000 -0.0000 12.3293 -3.4180 -13.3478 0.0000 0.0000 0.0000 -73.4304 34.3345 -90.5672 -17.3942 27.3744 -4.2670 0.0000 -0.0000 -15.9652 -38.8362 2.5398 -2.0431 7.1250 -0.0000 -0.0000 -9.3159 -26.6938 -4.1900
4.0586 15.0757 8.1605 2.6206 -21.8869 103.1550 0.0000 0.0000 0.0000 -16.8045 -8.8642 -65.1798 11.2528 18.0566 63.5998 1.4149 5.4942 21.3590 0.3583 3.8456 10.6426 0.0000 0.0000 0.0000 17.9355 18.6121 -61.0676 -10.0220 -17.4222 59.5620 -0.7686 -6.7790 15.6610 -0.2269 3.0661 -8.4629 15.7971 2.7463 -21.9470 -10.8690 0.8929 2.3185 -21.9297 2.5775 15.6230 -4.9003 -1.5891 -21.5115 16.2045 -5.3063 25.2034 6.2093 -0.7861 12.6226 -0.0000 -0.0000 0.0000 90.1685 -32.8718 -84.4494 14.2511 -23.0926 -2.9259 -0.0000 0.0000 -11.2743 50.6820 -23.8691 -26.2924 -7.1250 0.0000 -0.0000 12.5265 -4.2152 -13.7356 -0.0000 -0.0000 0.0000 -73.4897 33.8674 -90.4760 -17.2685 27.2104 -4.2094 0.0000 -0.0000 -14.9306 -39.4193 2.4683 -2.0274 7.1250 -0.0000 -0.0000 -9.7637 -26.7554 -4.3825
4.0124 15.0926 8.1409 2.5269 -22.0305 103.1660 0.0000 0.0000 0.0000 -17.0122 -8.5483 -65.3151 11.6635 18.2448 64.9182 1.4404 5.0603 21.5999 0.3531 3.8179 10.5649 0.0000 0.0000 0.0000 17.7559 18.5168 -61.6459 -10.6419 -17.7553 61.6130 -0.7351 -7.0220 15.3413 -0.1909 2.8139 -7.7609 15.7276 2.7802 -21.8998 -10.9271 0.9738 2.2058 -21.9183 2.5865 15.5044 -4.7653 -1.7433 -21.1687 15.9025 -5.3516 24.2451 5.9831 -0.8628 12.1622 0.0000 -0.0000 0.0000 90.5265 -32.6516 -85.8513 13.9437 -22.6542 -2.8064 -0.0000 0.0000 -10.0809 51.1866 -24.5223 -27.2923 -7.1250 0.0000 -0.0000 12.6241 -5.2991 -14.0681 0.0000 -0.0000 0.0000 -73.4713 33.3703 -90.2189 -17.2029 27.1245 -4.1794 0.0000 -0.0000 -14.1429 -39.8758 2.5019 -2.0885 7.1250 -0.0000 -0.0000 -10.1017 -26.6892 -4.5546
3.9653 15.1104 8.1253 2.4479 -22.1537 103.1640 0.0000 0.0000 0.0000 -17.1778 -8.2717 -65.3619 12.0452 18.4097 66.1319 1.4742 4.5597 21.9211 0.3453 3.7755 10.4460 0.0000 0.0000 0.0000 17.6355 18.3887 -62.1454 -11.2488 -18.0547 63.5869 -0.6970 -7.3549 14.9861 -0.1556 2.5416 -7.0049 15.6779 2.8097 -21.8524 -10.9765 1.0417 2.0990 -21.9132 2.5912 15.3861 -4.9970 -1.8228 -20.9173 16.1657 -5.3190 23.2151 6.0658 -0.8761 11.7255 -0.0000 -0.0000 0.0000 90.8859 -32.4725 -87.3616 13.6341 -22.2093 -2.6883 -0.0000 0.0000 -8.9640 51.6665 -25.3375 -28.4235 -7.1250 0.0000 -0.0000 12.6565 -6.5774 -14.3593 -0.0000 -0.0000 0.0000 -73.4069 32.9149 -89.8950 -17.2013 27.1223 -4.1787 0.0000 -0.0000 -13.5687 -40.2270 2.7156 -2.2950 7.1250 -0.0000 -0.0000 -10.3336 -26.3958 -4.7347
3.9172 15.1287 8.1141 2.3814 -22.2748 103.1660 0.0000 0.0000 0.0000 -17.3219 -8.0445 -65.3315 12.3954 18.5529 67.2368 1.5187 4.0167 22.3404 0.3437 3.7673 10.4228 0.0000 0.0000 0.0000 17.5478 18.2289 -62.5794 -11.8329 -18.3191 65.4582 -0.6589 -7.7501 14.6426 -0.1231 2.2622 -6.2309 15.6288 2.8359 -21.8201 -11.0208 1.1015 1.9901 -21.9045 2.5917 15.2691 -5.1993 -1.8994 -20.6904 16.3682 -5.2833 22.2512 6.1254 -0.8906 11.3237 0.0000 0.0000 0.0000 91.2288 -32.3337 -88.9303 13.3306 -21.7697 -2.5746 -0.0000 0.0000 -7.9243 52.1204 -26.3065 -29.6701 -7.1250 0.0000 -0.0000 12.6225 -8.0320 -14.5972 0.0000 0.0000 0.0000 -73.3022 32.5209 -89.5142 -17.2627 27.2027 -4.2067 0.0000 -0.0000 -13.1432 -40.4874 3.0579 -2.6075 7.1250 -0.0000 -0.0000 -10.4767 -25.9394 -4.9162
3.8685 15.1470 8.1061 2.3357 -22.3925 103.1590 0.0000 0.0000 0.0000 -17.4419 -7.8738 -65.2135 12.7145 18.6767 68.2365 1.5729 3.4803 22.8430 0.3504 3.8032 10.5235 0.0000 0.0000 0.0000 17.4917 18.0388 -62.9287 -12.3859 -18.5491 67.2069 -0.6203 -8.2131 14.3142 -0.0939 1.9758 -5.4388 15.5750 2.8515 -21.7921 -11.0523 1.1452 1.8778 -21.8799 2.5809 15.1408 -5.3891 -1.9611 -20.4388 16.5288 -5.2208 21.2973 6.1721 -0.8981 10.9223 0.0000 0.0000 0.0000 91.5076 -32.2510 -90.4318 13.0520 -21.3634 -2.4722 -0.0000 0.0000 -6.9221 52.5960 -27.2028 -30.8723 -7.1250 0.0000 -0.0000 12.6124 -9.4031 -14.8379 0.0000 0.0000 0.0000 -73.2568 32.3639 -89.4205 -17.3618 27.3322 -4.2521 0.0000 -0.0000 -12.4585 -40.7062 3.4424 -2.9572 7.1250 -0.0000 -0.0000 -10.5802 -25.4283 -5.0949
3.8191 15.1651 8.1014 2.3067 -22.4882 103.1510 0.0000 0.0000 0.0000 -17.5194 -7.7493 -65.0289 13.0045 18.7838 69.1396 1.6328 2.9446 23.3957 0.3554 3.8300 10.5988 0.0000 0.0000 0.0000 17.4838 17.8362 -63.1815 -12.8984 -18.7452 68.8096 -0.5822 -8.7294 14.0145 -0.0682 1.6854 -4.6371 15.5388 2.8621 -21.7737 -11.0647 1.1728 1.7662 -21.8461 2.5620 15.0090 -5.5889 -2.0101 -20.1538 16.6735 -5.1296 20.3111 6.2182 -0.8982 10.5052 -0.0000 0.0000 0.0000 91.7107 -32.1968 -91.8173 12.7943 -20.9851 -2.3791 -0.0000 0.0000 -5.9359 53.0967 -27.9815 -31.9980 -7.1250 0.0000 -0.0000 12.6429 -10.6404 -15.0964 -0.0000 0.0000 0.0000 -73.2609 32.3814 -89.5111 -17.4909 27.5004 -4.3116 0.0000 -0.0000 -11.4657 -40.9218 3.7391 -3.2357 7.1250 -0.0000 -0.0000 -10.6930 -25.0286 -5.2524
3.7689 15.1825 8.0991 2.2846 -22.5578 103.1500 0.0000 0.0000 0.0000 -17.5514 -7.6618 -64.7927 13.2672 18.8765 69.9535 1.6955 2.4430 23.9663 0.3609 3.8592 10.6810 0.0000 0.0000 0.0000 17.5226 17.6409 -63.3391 -13.3644 -18.9098 70.2535 -0.5448 -9.2741 13.7468 -0.0429 1.3361 -3.6741 15.5200 2.8729 -21.7647 -11.0571 1.1918 1.6520 -21.7986 2.5379 14.8733 -5.8616 -2.0622 -19.7605 16.9350 -5.0275 19.1597 6.3146 -0.8970 10.0208 -0.0000 -0.0000 0.0000 91.8667 -32.1734 -93.2111 12.5278 -20.5914 -2.2845 -0.0000 0.0000 -4.8482 53.6313 -28.7440 -33.1453 -7.1250 0.0000 -0.0000 12.6886 -11.8762 -15.3675 -0.0000 -0.0000 0.0000 -73.3370 32.5441 -89.7714 -17.6402 27.6941 -4.3808 0.0000 -0.0000 -10.1304 -41.1658 3.7880 -3.3060 7.1250 -0.0000 -0.0000 -10.8642 -24.9468 -5.3605
3.7180 15.1990 8.0986 2.2618 -22.6106 103.1710 0.0000 0.0000 0.0000 -17.5488 -7.6112 -64.5259 13.5033 18.9564 70.6815 1.7561 1.9940 24.5131 0.3605 3.8571 10.6750 0.0000 0.0000 0.0000 17.5907 17.4628 -63.4141 -13.7795 -19.0458 71.5300 -0.5077 -9.8343 13.5063 -0.0214 0.9442 -2.5952 15.5122 2.8893 -21.7789 -11.0383 1.2110 1.5377 -21.7432 2.5154 14.7496 -6.1305 -2.1341 -19.3806 17.1931 -4.9514 17.9971 6.4065 -0.9085 9.5474 0.0000 -0.0000 0.0000 92.0141 -32.1594 -94.7155 12.2250 -20.1412 -2.1791 -0.0000 0.0000 -3.5705 54.2019 -29.5542 -34.3703 -7.1250 0.0000 -0.0000 12.7299 -13.1885 -15.6396 0.0000 -0.0000 0.0000 -73.3338 32.6111 -89.7082 -17.8465 27.9601 -4.4770 0.0000 -0.0000 -8.8215 -41.4321 3.4845 -3.0706 7.1250 -0.0000 -0.0000 -11.1083 -25.3221 -5.3864
3.6665 15.2145 8.0994 2.2359 -22.6484 103.2160 0.0000 0.0000 0.0000 -17.5190 -7.5898 -64.2352 13.7117 19.0243 71.3222 1.8147 1.6466 25.0193 0.3637 3.8740 10.7224 0.0000 0.0000 0.0000 17.6836 17.3054 -63.4075 -14.1409 -19.1562 72.6344 -0.4715 -10.4208 13.3045 -0.0057 0.4893 -1.3445 15.5148 2.9115 -21.8158 -11.0107 1.2312 1.4216 -21.6825 2.4948 14.6362 -6.3930 -2.2159 -19.0175 17.4245 -4.8864 16.8485 6.4888 -0.9270 9.0907 -0.0000 -0.0000 0.0000 92.1610 -32.1501 -96.3588 11.8724 -19.6130 -2.0593 -0.0000 0.0000 -2.0360 54.8886 -30.3814 -35.7278 -7.1250 0.0000 -0.0000 12.8167 -14.5895 -15.9773 -0.0000 -0.0000 0.0000 -73.2708 32.6105 -89.3969 -18.0720 28.2493 -4.5833 0.0000 -0.0000 -7.3968 -41.7278 3.0170 -2.6875 7.1250 -0.0000 -0.0000 -11.4022 -25.9130 -5.3738
3.6145 15.2289 8.1011 2.1972 -22.6843 103.3080 0.0000 0.0000 0.0000 -17.4746 -7.6022 -63.9422 13.8898 19.0803 71.8676 1.8687 1.4161 25.4607 0.3680 3.8966 10.7861 0.0000 0.0000 0.0000 17.7793 17.1733 -63.3523 -14.4469 -19.2440 73.5648 -0.4374 -11.0186 13.1520 -0.0000 0.0084 -0.0232 15.5104 2.9462 -21.8920 -10.9830 1.2657 1.2965 -21.6117 2.4816 14.5403 -6.5864 -2.3063 -18.7410 17.5489 -4.8466 15.8274 6.5251 -0.9554 8.6982 -0.0000 -0.0000 0.0000 92.3220 -32.1338 -98.1785 11.4657 -18.9985 -1.9248 -0.0000 0.0000 -0.2515 55.7144 -31.3030 -37.3097 -7.1250 0.0000 -0.0000 12.9320 -16.1872 -16.3755 -0.0000 -0.0000 0.0000 -73.1463 32.3851 -88.6419 -18.2711 28.5029 -4.6779 0.0000 -0.0000 -5.9789 -42.0314 2.4452 -2.2024 7.1250 -0.0000 -0.0000 -11.7217 -26.6451 -5.3249
3.5620 15.2419 8.1036 2.1554 -22.7251 103.4220 0.0000 0.0000 0.0000 -17.4273 -7.6490 -63.6185 14.0342 19.1244 72.3089 1.9178 1.3693 25.8144 0.3866 3.9929 11.0568 0.0000 0.0000 0.0000 17.8779 17.0475 -63.2275 -14.6948 -19.3114 74.3156 -0.4067 -11.6022 13.0542 -0.0051 -0.4590 1.2612 15.4916 2.9856 -21.9922 -10.9578 1.3077 1.1682 -21.5325 2.4724 14.4574 -6.7272 -2.3860 -18.5102 17.6007 -4.8022 14.8796 6.5322 -0.9809 8.3392 -0.0000 -0.0000 0.0000 92.4766 -32.1119 -100.0868 11.0277 -18.3307 -1.7846 -0.0000 -0.0000 1.7198 56.6889 -32.1841 -39.0256 -7.1250 0.0000 -0.0000 13.1231 -17.8344 -16.8733 -0.0000 -0.0000 0.0000 -73.0216 31.9433 -87.5227 -18.4017 28.6685 -4.7404 0.0000 -0.0000 -4.5707 -42.3232 1.9383 -1.7642 7.1250 -0.0000 -0.0000 -12.0247 -27.2981 -5.2792
3.5089 15.2535 8.1072 2.1055 -22.7841 103.5590 0.0000 0.0000 0.0000 -17.3940 -7.7265 -63.2618 14.1416 19.1564 72.6365 1.9643 1.4896 26.1008 0.4222 4.1703 11.5563 0.0000 0.0000 0.0000 17.9644 16.9251 -63.0376 -14.8819 -19.3600 74.8806 -0.3826 -12.1266 13.0201 -0.0176 -0.8567 2.3546 15.4490 3.0301 -22.1155 -10.9421 1.3615 1.0345 -21.4467 2.4687 14.3867 -6.8310 -2.4493 -18.3242 17.6026 -4.7481 14.0220 6.5223 -0.9991 8.0180 -0.0000 -0.0000 0.0000 92.6167 -32.0804 -102.0617 10.5734 -17.6314 -1.6444 -0.0000 -0.0000 3.8370 57.7420 -33.0492 -40.8295 -7.1250 0.0000 -0.0000 13.3449 -19.5195 -17.4103 -0.0000 -0.0000 0.0000 -72.9485 31.2733 -86.0804 -18.4428 28.7205 -4.7601 0.0000 -0.0000 -3.2150 -42.5919 1.5124 -1.3899 7.1250 -0.0000 -0.0000 -12.2992 -27.8496 -5.2410
3.4552 15.2635 8.1111 2.0477 -22.8432 103.7080 0.0000 0.0000 0.0000 -17.3533 -7.8272 -62.8700 14.2114 19.1769 72.8490 2.0085 1.7120 26.3414 0.4634 4.3667 12.1107 0.0000 0.0000 0.0000 18.0587 16.8161 -62.7708 -15.0041 -19.3908 75.2491 -0.3664 -12.5669 13.0459 -0.0320 -1.1548 3.1750 15.3912 3.0780 -22.2495 -10.9263 1.4226 0.8918 -21.3472 2.4659 14.3138 -6.8913 -2.4951 -18.1582 17.5532 -4.6832 13.2389 6.4928 -1.0107 7.7236 -0.0000 0.0000 0.0000 92.7142 -32.0506 -104.0478 10.1240 -16.9333 -1.5109 -0.0000 -0.0000 6.0392 58.7808 -33.8753 -42.6035 -7.1250 0.0000 -0.0000 13.5588 -21.1543 -17.9219 -0.0000 0.0000 0.0000 -73.0278 30.5556 -84.6592 -18.3792 28.6400 -4.7296 0.0000 -0.0000 -1.6973 -42.7995 1.2011 -1.1120 7.1250 -0.0000 -0.0000 -12.5097 -28.2546 -5.2119
3.4010 15.2718 8.1156 1.9684 -22.9250 103.8910 0.0000 0.0000 0.0000 -17.3320 -7.9521 -62.4610 14.2415 19.1857 72.9407 2.0442 2.0273 26.5009 0.5060 4.5598 12.6572 0.0000 0.0000 0.0000 18.1271 16.7276 -62.4479 -15.0591 -19.4043 75.4145 -0.3608 -12.8766 13.1294 -0.0420 -1.3233 3.6389 15.3019 3.1337 -22.4088 -10.9200 1.5012 0.7349 -21.2326 2.4689 14.2459 -6.8879 -2.5321 -18.0442 17.4372 -4.6276 12.5752 6.4338 -1.0223 7.4769 0.0000 0.0000 0.0000 92.7838 -32.0193 -106.1067 9.6832 -16.2425 -1.3850 -0.0000 -0.0000 8.3717 59.7231 -34.6823 -44.2652 -7.1250 0.0000 -0.0000 13.7174 -22.7008 -18.3370 0.0000 0.0000 0.0000 -73.2275 29.7938 -83.2421 -18.2536 28.4807 -4.6696 0.0000 -0.0000 -0.1694 -42.9019 0.9037 -0.8397 7.1250 -0.0000 -0.0000 -12.6392 -28.6468 -5.1477
3.3464 15.2785 8.1204 1.8567 -23.0223 104.1270 0.0000 0.0000 0.0000 -17.3196 -8.0982 -62.0652 14.2318 19.1828 72.9112 2.0694 2.4288 26.5728 0.5522 4.7603 13.2260 0.0000 0.0000 0.0000 18.1707 16.6743 -62.0885 -15.0435 -19.4005 75.3676 -0.3680 -13.1271 13.3169 -0.0488 -1.4264 3.9227 15.1851 3.2037 -22.6068 -10.9185 1.6025 0.5539 -21.0955 2.4786 14.1801 -6.8237 -2.5575 -17.9615 17.2340 -4.5715 12.0136 6.3388 -1.0326 7.2657 0.0000 -0.0000 0.0000 93.4800 -31.7516 -110.3937 8.6555 -14.6097 -1.1116 -0.0000 -0.0000 12.6650 61.1027 -35.8092 -46.6684 -7.1250 0.0000 -0.0000 13.9468 -24.9000 -18.9153 0.0000 -0.0000 0.0000 -73.5924 29.1243 -82.0495 -18.0655 28.2409 -4.5802 0.0000 0.0000 1.4282 -42.8682 0.6805 -0.6316 7.1250 -0.0000 -0.0000 -12.6523 -28.9450 -5.0614
3.2916 15.2835 8.1252 1.7153 -23.1317 104.4020 0.0000 0.0000 0.0000 -17.3131 -8.2644 -61.6694 14.1807 19.1679 72.7555 2.0827 2.8647 26.5629 0.5943 4.9356 13.7249 0.0000 0.0000 0.0000 18.1958 16.6542 -61.6819 -14.9571 -19.3790 75.1075 -0.3879 -13.3201 13.6016 -0.0540 -1.4989 4.1227 15.0466 3.2843 -22.8339 -10.9182 1.7211 0.3649 -20.9388 2.4958 14.1270 -6.7475 -2.6014 -17.8846 17.0557 -4.5446 11.4147 6.2476 -1.0554 7.0495 -0.0000 0.0000 0.0000 94.0832 -31.4203 -115.0786 7.6674 -13.0123 -0.8757 -0.0000 -0.0000 17.4996 62.4625 -36.8568 -49.0007 -7.1250 0.0000 -0.0000 14.1712 -26.9920 -19.4546 -0.0000 0.0000 0.0000 -73.9954 28.3867 -80.7662 -17.8856 28.0104 -4.4954 0.0000 0.0000 2.6910 -42.6303 0.4946 -0.4553 7.1250 -0.0000 -0.0000 -12.5022 -29.1984 -4.9214
3.2366 15.2868 8.1303 1.5434 -23.2484 104.7160 0.0000 0.0000 0.0000 -17.3060 -8.4511 -61.2790 14.0864 19.1400 72.4681 2.0853 3.4033 26.4691 0.6556 5.1788 14.4193 0.0000 0.0000 0.0000 18.2078 16.6664 -61.2326 -14.7999 -19.3389 74.6332 -0.4190 -13.4808 13.9746 -0.0582 -1.5562 4.2807 14.8919 3.3761 -23.0923 -10.9157 1.8556 0.1678 -20.7614 2.5198 14.0862 -6.6890 -2.6461 -17.7796 16.9003 -4.5108 10.7414 6.1676 -1.0778 6.8063 -0.0000 -0.0000 0.0000 94.5841 -31.0332 -120.3101 6.7213 -11.4597 -0.6752 -0.0000 -0.0000 23.0586 63.8374 -37.7594 -51.2620 -7.1250 0.0000 -0.0000 14.4413 -28.9407 -20.0261 -0.0000 -0.0000 0.0000 -74.4320 27.7012 -79.6037 -17.7089 27.7828 -4.4127 0.0000 0.0000 3.8098 -42.1822 0.4351 -0.3943 7.1250 -0.0000 -0.0000 -12.1682 -29.2879 -4.7577
3.1814 15.2886 8.1354 1.3480 -23.3480 105.0480 0.0000 0.0000 0.0000 -17.2708 -8.6506 -60.8817 13.9473 19.0980 72.0436 2.0773 4.0026 26.3045 0.7279 5.4514 15.2007 0.0000 0.0000 0.0000 18.2427 16.7056 -60.7240 -14.5734 -19.2788 73.9483 -0.4572 -13.5956 14.3854 -0.0616 -1.6008 4.4038 14.7435 3.4758 -23.3662 -10.9022 1.9964 -0.0289 -20.5702 2.5476 14.0542 -6.6646 -2.6925 -17.6232 16.7912 -4.4641 9.9394 6.1093 -1.0989 6.5158 -0.0000 -0.0000 0.0000 94.9815 -30.5826 -126.3106 5.8144 -9.9522 -0.5067 -0.0000 -0.0000 29.5617 65.2683 -38.5333 -53.5210 -7.1250 0.0000 -0.0000 14.7771 -30.8036 -20.6684 -0.0000 -0.0000 0.0000 -74.9235 27.0506 -78.5888 -17.5029 27.5160 -4.3171 0.0000 0.0000 4.8435 -41.5578 0.4823 -0.4276 7.1250 -0.0000 -0.0000 -11.6804 -29.2403 -4.5730
3.1260 15.2888 8.1404 1.1352 -23.4329 105.3920 0.0000 0.0000 0.0000 -17.2105 -8.8683 -60.4722 13.7613 19.0400 71.4743 2.0602 4.6605 26.0850 0.8150 5.7609 16.0922 0.0000 0.0000 0.0000 18.2991 16.7624 -60.1640 -14.2823 -19.1974 73.0647 -0.4978 -13.6479 14.7834 -0.0627 -1.6150 4.4429 14.5998 3.5774 -23.6533 -10.8762 2.1351 -0.2209 -20.3661 2.5755 14.0306 -6.6877 -2.7383 -17.3952 16.7491 -4.3944 8.9497 6.0820 -1.1158 6.1569 -0.0000 0.0000 0.0000 95.2754 -30.0575 -141.5702 4.8884 -8.3961 -0.3590 -0.0000 -0.0000 45.3079 67.1942 -39.5622 -56.5679 -7.1250 0.0000 -0.0000 15.2054 -33.2937 -21.4709 -0.0000 0.0000 0.0000 -75.4799 26.4111 -77.6979 -17.2390 27.1718 -4.1959 0.0000 0.0000 5.7986 -40.8293 0.6359 -0.5495 7.1250 -0.0000 -0.0000 -11.0966 -29.0575 -4.3854
3.0706 15.2876 8.1456 0.9080 -23.5077 105.7430 0.0000 0.0000 0.0000 -17.1316 -9.1030 -60.0486 13.5267 18.9641 70.7536 2.0379 5.3471 25.8428 0.9117 6.0842 17.0288 0.0000 0.0000 0.0000 18.3750 16.8277 -59.5613 -13.9325 -19.0934 71.9981 -0.5364 -13.6076 15.1165 -0.0594 -1.5720 4.3242 14.4676 3.6826 -23.9533 -10.8457 2.2736 -0.4100 -20.1634 2.6052 14.0151 -6.7459 -2.7841 -17.1340 16.7522 -4.3145 7.8776 6.0777 -1.1306 5.7707 0.0000 -0.0000 0.0000 95.4768 -29.4533 -156.7711 3.9597 -6.8206 -0.2361 -0.0000 -0.0000 61.3805 70.0090 -40.1613 -60.5739 -7.1250 0.0000 -0.0000 16.2669 -36.1544 -23.1935 0.0000 -0.0000 0.0000 -76.0755 25.7888 -76.8937 -16.9095 26.7383 -4.0465 0.0000 0.0000 6.7121 -40.1016 0.8108 -0.6827 7.1250 -0.0000 -0.0000 -10.5121 -28.8502 -4.1996
3.0153 15.2851 8.1508 0.6780 -23.5645 106.0930 0.0000 0.0000 0.0000 -17.0257 -9.3563 -59.6130 13.2436 18.8684 69.8805 2.0189 5.9546 25.6481 0.9908 6.3351 17.7599 0.0000 0.0000 0.0000 18.4804 16.8957 -58.9222 -13.5307 -18.9655 70.7660 -0.5680 -13.4944 15.3553 -0.0463 -1.3881 3.8174 14.3599 3.7886 -24.2619 -10.8095 2.4045 -0.5945 -19.9718 2.6337 14.0043 -6.8218 -2.8267 -16.8677 16.7661 -4.2253 6.7754 6.0830 -1.1420 5.3771 0.0000 -0.0000 0.0000 95.5916 -28.7746 -171.9107 3.1357 -5.4123 -0.1482 -0.0000 -0.0000 77.5498 72.4541 -40.2431 -63.9220 -7.1250 0.0000 -0.0000 17.4452 -38.3474 -25.0310 0.0000 -0.0000 0.0000 -76.6973 25.1806 -76.1384 -16.5131 26.2114 -3.8698 0.0000 0.0000 7.6185 -39.4220 0.8948 -0.7355 7.1250 -0.0000 -0.0000 -9.9785 -28.7604 -4.0019
2.9605 15.2816 8.1563 0.4471 -23.6310 106.4440 0.0000 0.0000 0.0000 -16.9253 -9.6426 -59.1637 12.9121 18.7502 68.8522 2.0099 6.4224 25.5446 1.0347 6.4698 18.1537 0.0000 0.0000 0.0000 18.5813 16.9541 -58.2713 -13.0861 -18.8130 69.3926 -0.5906 -13.3160 15.4877 -0.0292 -1.1035 3.0337 14.2584 3.8954 -24.5827 -10.7810 2.5341 -0.7791 -19.7950 2.6634 13.9987 -6.8923 -2.8624 -16.6309 16.7567 -4.1324 5.7253 6.0834 -1.1495 5.0059 0.0000 0.0000 0.0000 95.6367 -28.0317 172.9983 2.5230 -4.3602 -0.0961 -0.0000 -0.0000 93.5487 73.6278 -39.9769 -65.4265 -7.1250 0.0000 -0.0000 18.2030 -39.1964 -26.1890 0.0000 0.0000 0.0000 -77.3081 24.5785 -75.3697 -16.0714 25.6174 -3.6768 0.0000 0.0000 8.4669 -38.7311 0.8416 -0.6749 7.1250 -0.0000 -0.0000 -9.4536 -28.8456 -3.7665
2.9058 15.2770 8.1619 0.2195 -23.7033 106.8010 0.0000 0.0000 0.0000 -16.8239 -9.9585 -58.7178 12.5356 18.6080 67.6766 2.0111 6.8214 25.5213 1.0681 6.5701 18.4479 0.0000 0.0000 0.0000 18.6816 17.0021 -57.6232 -12.6051 -18.6349 67.8945 -0.6044 -13.1594 15.5513 -0.0137 -0.7565 2.0792 14.1644 4.0070 -24.9207 -10.7616 2.6669 -0.9701 -19.6326 2.6955 13.9957 -6.9317 -2.8737 -16.4458 16.6492 -4.0194 4.8062 6.0520 -1.1442 4.6786 0.0000 -0.0000 0.0000 95.6180 -27.2571 157.9469 2.2161 -3.8317 -0.0741 -0.0000 -0.0000 109.2190 73.3903 -39.5929 -64.9184 -7.1250 0.0000 -0.0000 18.3006 -38.6818 -26.3240 0.0000 -0.0000 0.0000 -77.8780 23.9900 -74.5078 -15.6045 24.9815 -3.4773 0.0000 0.0000 9.1392 -38.0049 0.6372 -0.4979 7.1250 -0.0000 -0.0000 -8.9177 -29.1190 -3.4894
2.8513 15.2714 8.1677 0.0043 -23.7770 107.1370 0.0000 0.0000 0.0000 -16.7203 -10.2977 -58.2536 12.1180 18.4401 66.3625 2.0242 7.1169 25.5885 1.0843 6.6182 18.5890 0.0000 0.0000 0.0000 18.7910 17.0336 -56.9600 -12.0950 -18.4305 66.2895 -0.6098 -13.0610 15.5632 -0.0045 -0.4348 1.1946 14.0814 4.1190 -25.2530 -10.7466 2.7986 -1.1574 -19.4836 2.7287 13.9927 -6.9677 -2.8746 -16.2693 16.5093 -3.8957 3.9154 6.0126 -1.1329 4.3605 -0.0000 0.0000 0.0000 95.5308 -26.4540 142.9282 2.2688 -3.9225 -0.0777 -0.0000 -0.0000 124.5700 72.3289 -39.2289 -63.2631 -7.1250 0.0000 -0.0000 17.9522 -37.4246 -25.7619 -0.0000 0.0000 0.0000 -78.3879 23.3928 -73.4935 -15.1382 24.3383 -3.2827 0.0000 0.0000 9.5309 -37.1382 0.2682 -0.2031 7.1250 -0.0000 -0.0000 -8.2857 -29.5941 -3.1425
2.7968 15.2648 8.1738 -0.1971 -23.8600 107.4470 0.0000 0.0000 0.0000 -16.6223 -10.6628 -57.7667 11.6647 18.2453 64.9221 2.0477 7.3350 25.7295 1.0931 6.6441 18.6652 0.0000 0.0000 0.0000 18.8985 17.0476 -56.2836 -11.5619 -18.1992 64.5932 -0.6061 -13.0307 15.5189 -0.0007 -0.1693 0.4651 14.0015 4.2312 -25.5739 -10.7354 2.9316 -1.3387 -19.3410 2.7640 13.9908 -7.0166 -2.8688 -16.0939 16.3387 -3.7624 3.0385 5.9681 -1.1167 4.0463 -0.0000 0.0000 0.0000 95.3566 -25.6250 127.9383 2.6773 -4.6254 -0.1081 -0.0000 -0.0000 139.7260 71.3901 -38.9936 -61.8468 -7.1250 0.0000 -0.0000 17.5955 -36.3853 -25.1855 -0.0000 0.0000 0.0000 -78.8207 22.7799 -72.2747 -14.6920 23.7153 -3.1010 0.0000 0.0000 9.5659 -36.1020 -0.2571 0.1875 7.1250 -0.0000 -0.0000 -7.5266 -30.2525 -2.7306
2.7420 15.2571 8.1803 -0.3817 -23.9414 107.7210 0.0000 0.0000 0.0000 -16.5179 -11.0497 -57.2553 11.1827 18.0233 63.3733 2.0766 7.5121 25.9080 1.1050 6.6791 18.7682 0.0000 0.0000 0.0000 19.0163 17.0462 -55.5866 -11.0107 -17.9403 62.8164 -0.5929 -13.0587 15.4113 -0.0000 0.0219 -0.0600 13.9169 4.3192 -25.8690 -10.7202 3.0353 -1.5016 -19.2040 2.7858 13.9824 -7.0310 -2.8453 -15.9077 16.1367 -3.5985 2.0342 5.9106 -1.0901 3.6883 0.0000 -0.0000 0.0000 95.1255 -24.7778 113.0099 3.4087 -5.8799 -0.1751 -0.0000 -0.0000 154.8700 71.3511 -38.8873 -61.7384 -7.1250 0.0000 -0.0000 17.6327 -36.2614 -25.2357 0.0000 -0.0000 0.0000 -79.1983 22.1309 -70.9061 -14.2667 23.1147 -2.9320 0.0000 0.0000 9.2103 -34.9556 -0.9337 0.6526 7.1250 -0.0000 -0.0000 -6.6777 -31.0783 -2.2858
2.6869 15.2482 8.1870 -0.5532 -24.0241 107.9710 0.0000 0.0000 0.0000 -16.4122 -11.4546 -56.7324 10.6792 17.7745 61.7352 2.1074 7.6849 26.0979 1.1241 6.7347 18.9316 0.0000 0.0000 0.0000 19.1344 17.0372 -54.8869 -10.4476 -17.6540 60.9742 -0.5734 -13.1221 15.2591 -0.0007 0.1725 -0.4738 13.8188 4.3870 -26.1476 -10.7018 3.1170 -1.6516 -19.0649 2.7969 13.9693 -7.0174 -2.8070 -15.6786 15.9108 -3.4073 0.8809 5.8440 -1.0562 3.2763 -0.0000 0.0000 0.0000 94.8336 -23.9335 98.1354 4.3404 -7.4680 -0.2834 -0.0000 -0.0000 170.1560 72.4339 -38.7733 -63.1832 -7.1250 0.0000 -0.0000 18.2568 -37.1487 -26.2102 -0.0000 0.0000 0.0000 -79.4911 21.4285 -69.2437 -13.8821 22.5658 -2.7827 0.0000 0.0000 8.3481 -33.7741 -1.7715 1.1844 7.1250 -0.0000 -0.0000 -5.7903 -32.0759 -1.8397
2.6315 15.2381 8.1937 -0.7152 -24.1052 108.1990 0.0000 0.0000 0.0000 -16.3000 -11.8796 -56.2083 10.1637 17.5009 60.0342 2.1366 7.8468 26.2774 1.1389 6.7774 19.0574 0.0000 0.0000 0.0000 19.2519 17.0268 -54.1896 -9.8770 -17.3401 59.0764 -0.5500 -13.1955 15.0753 -0.0018 0.2764 -0.7594 13.7056 4.4363 -26.4122 -10.6800 3.1795 -1.7886 -18.9214 2.7987 13.9540 -6.9768 -2.7610 -15.4054 15.6748 -3.2000 -0.4233 5.7724 -1.0197 2.8121 -0.0000 -0.0000 0.0000 94.4794 -23.0949 83.3138 5.3058 -9.0996 -0.4225 -0.0000 0.0000 -174.4180 74.0296 -38.4502 -65.2867 -7.1250 0.0000 -0.0000 19.2859 -38.3780 -27.8057 -0.0000 -0.0000 0.0000 -79.6816 20.6541 -67.2362 -13.5555 22.0957 -2.6586 0.0000 0.0000 7.0055 -32.6236 -2.8124 1.7989 7.1250 -0.0000 -0.0000 -4.9108 -33.2893 -1.4140
2.5758 15.2266 8.2004 -0.8664 -24.1795 108.4080 0.0000 0.0000 0.0000 -16.1838 -12.3032 -55.6987 9.6453 17.2055 58.2961 2.1581 8.0172 26.4067 1.1473 6.8015 19.1286 0.0000 0.0000 0.0000 19.3729 17.0183 -53.4999 -9.3039 -16.9993 57.1352 -0.5248 -13.2558 14.8691 -0.0039 0.4013 -1.1025 13.5814 4.4724 -26.6672 -10.6560 3.2284 -1.9136 -18.7753 2.7946 13.9405 -6.9096 -2.7134 -15.1122 15.4351 -2.9928 -1.8129 5.6977 -0.9851 2.3214 -0.0000 0.0000 0.0000 94.0629 -22.2686 78.7985 6.2247 -10.6365 -0.5800 -0.0000 0.0000 -169.3600 73.5947 -38.1790 -64.5310 -7.1250 0.0000 -0.0000 19.1994 -37.7478 -27.6564 -0.0000 0.0000 0.0000 -79.7342 19.7818 -64.7109 -13.3119 21.7425 -2.5677 0.0000 0.0000 5.0939 -31.6046 -4.0711 2.5013 7.1250 -0.0000 -0.0000 -4.1125 -34.7338 -1.0388
2.5199 15.2140 8.2064 -1.0134 -24.2386 108.6200 0.0000 0.0000 0.0000 -16.0497 -12.7224 -55.2412 9.1326 16.8923 56.5477 2.1736 8.1511 26.5000 1.1353 6.7669 19.0267 0.0000 0.0000 0.0000 19.5001 17.0225 -52.8430 -8.7322 -16.6323 55.1594 -0.4989 -13.3040 14.6492 -0.0073 0.5502 -1.5120 13.4571 4.5162 -26.9348 -10.6359 3.2874 -2.0418 -18.6295 2.7961 13.9332 -6.8233 -2.6746 -14.8114 15.1984 -2.8089 -3.1910 5.6219 -0.9602 1.8376 0.0000 -0.0000 0.0000 93.5736 -21.4735 75.1500 7.1220 -12.1199 -0.7571 -0.0000 0.0000 -164.9670 72.9914 -37.6956 -63.4228 -7.1250 0.0000 -0.0000 19.1325 -36.7784 -27.5206 0.0000 -0.0000 0.0000 -79.6188 18.7956 -61.5094 -13.1712 21.5375 -2.5158 0.0000 0.0000 2.5411 -30.7347 -5.4852 3.2529 7.1250 -0.0000 -0.0000 -3.4021 -36.3365 -0.7258
2.4635 15.1999 8.2121 -1.1451 -24.2833 108.8060 0.0000 0.0000 0.0000 -15.9065 -13.1237 -54.8120 8.6320 16.5650 54.8085 2.1813 8.2639 26.5450 1.1128 6.7018 18.8349 0.0000 0.0000 0.0000 19.6418 17.0274 -52.1922 -8.1673 -16.2409 53.1630 -0.4722 -13.3524 14.4212 -0.0111 0.6788 -1.8655 13.3373 4.5678 -27.1955 -10.6206 3.3580 -2.1698 -18.4880 2.8041 13.9275 -6.7215 -2.6436 -14.5253 14.9516 -2.6550 -4.4586 5.5406 -0.9447 1.3932 0.0000 -0.0000 0.0000 93.0011 -20.7277 71.9933 7.9789 -13.5187 -0.9472 -0.0000 0.0000 -160.9060 72.2846 -37.0367 -62.0612 -7.1250 0.0000 -0.0000 19.0922 -35.5488 -27.4047 0.0000 -0.0000 0.0000 -79.3409 17.6861 -57.5302 -13.1420 21.4949 -2.5051 0.0000 -0.0000 -0.7205 -30.0768 -6.9606 4.0147 7.1250 -0.0000 -0.0000 -2.8313 -37.9964 -0.4887
2.4063 15.1847 8.2184 -1.2587 -24.3165 108.9650 0.0000 0.0000 0.0000 -15.7623 -13.4977 -54.4149 8.1477 16.2268 53.0930 2.1792 8.3716 26.5285 1.0898 6.6345 18.6368 0.0000 0.0000 0.0000 19.7972 17.0226 -51.5565 -7.6142 -15.8280 51.1609 -0.4469 -13.4051 14.2057 -0.0148 0.7852 -2.1580 13.2253 4.6283 -27.4485 -10.6111 3.4407 -2.2977 -18.3539 2.8194 13.9235 -6.6085 -2.6180 -14.2765 14.6850 -2.5293 -5.5802 5.4510 -0.9357 1.0010 -0.0000 0.0000 0.0000 92.3420 -20.0410 69.1295 8.7897 -14.8247 -1.1457 -0.0000 0.0000 -157.0110 71.5065 -36.1966 -60.4745 -7.1250 0.0000 -0.0000 19.0894 -34.0694 -27.3176 -0.0000 0.0000 0.0000 -78.9406 16.4188 -52.6654 -13.2264 21.6181 -2.5361 0.0000 -0.0000 -4.7999 -29.6746 -8.4396 4.7804 7.1250 -0.0000 -0.0000 -2.4453 -39.6594 -0.3221
2.3484 15.1683 8.2252 -1.3465 -24.3448 109.0860 0.0000 0.0000 0.0000 -15.6223 -13.8515 -54.0399 7.6834 15.8814 51.4141 2.1710 8.4671 26.4745 1.0743 6.5886 18.5023 0.0000 0.0000 0.0000 19.9573 17.0034 -50.9393 -7.0793 -15.3983 49.1736 -0.4222 -13.4774 14.0028 -0.0184 0.8755 -2.4063 13.1246 4.6946 -27.6850 -10.6001 3.5303 -2.4209 -18.2223 2.8394 13.9193 -6.5226 -2.6000 -14.0547 14.3929 -2.4247 -6.5948 5.3579 -0.9307 0.6469 0.0000 0.0000 0.0000 91.5607 -19.4218 66.4460 9.5386 -16.0146 -1.3448 -0.0000 0.0000 -153.2480 70.6501 -35.2036 -58.6517 -7.1250 0.0000 -0.0000 19.0966 -32.3415 -27.2083 0.0000 0.0000 0.0000 -78.4851 14.9013 -46.6046 -13.4661 21.9663 -2.6251 0.0000 -0.0000 -10.0268 -29.5929 -9.9147 5.5849 7.1250 -0.0000 -0.0000 -2.3129 -41.3346 -0.2092
2.2898 15.1510 8.2330 -1.4063 -24.3745 109.1670 0.0000 0.0000 0.0000 -15.4897 -14.1954 -53.6822 7.2432 15.5333 49.7882 2.1576 8.5395 26.3882 1.0650 6.5609 18.4207 0.0000 0.0000 0.0000 20.1098 16.9720 -50.3435 -6.5678 -14.9569 47.2202 -0.3991 -13.5680 13.8231 -0.0219 0.9556 -2.6266 13.0283 4.7439 -27.8928 -10.5846 3.5983 -2.5284 -18.0990 2.8505 13.9099 -6.4257 -2.5740 -13.8767 14.0616 -2.3172 -7.5877 5.2521 -0.9207 0.3047 -0.0000 0.0000 0.0000 90.6873 -18.8435 64.0313 10.2275 -17.0947 -1.5412 -0.0000 0.0000 -149.7590 69.7139 -34.1561 -56.6408 -7.1250 0.0000 -0.0000 19.0616 -30.4436 -26.9938 -0.0000 0.0000 0.0000 -78.1920 13.3035 -40.1605 -13.6836 22.2805 -2.7070 0.0000 -0.0000 -15.6906 -29.7457 -11.2341 6.3525 7.1250 -0.0000 -0.0000 -2.3803 -42.8531 -0.1262
2.2304 15.1330 8.2413 -1.4412 -24.4019 109.2080 0.0000 0.0000 0.0000 -15.3606 -14.5235 -53.3466 6.8320 15.1887 48.2359 2.1363 8.6196 26.2528 1.0675 6.5685 18.4430 0.0000 0.0000 0.0000 20.2524 16.9382 -49.7788 -6.0853 -14.5105 45.3230 -0.3816 -13.6499 13.6927 -0.0263 1.0461 -2.8756 12.9407 4.7823 -28.0706 -10.5670 3.6520 -2.6274 -17.9860 2.8555 13.8901 -6.3086 -2.5317 -13.7091 13.6757 -2.1980 -8.5684 5.1275 -0.9025 -0.0351 -0.0000 -0.0000 0.0000 89.7342 -18.3350 61.8984 10.8348 -18.0347 -1.7244 -0.0000 0.0000 -146.6980 68.7454 -33.3251 -54.7012 -7.1250 0.0000 -0.0000 18.8958 -28.6950 -26.5676 -0.0000 -0.0000 0.0000 -78.0670 11.6663 -33.3011 -13.9053 22.5992 -2.7916 0.0000 -0.0000 -21.8649 -30.1112 -12.4268 7.1137 7.1250 -0.0000 -0.0000 -2.6418 -44.2547 -0.0486
2.1706 15.1147 8.2493 -1.4590 -24.4098 109.2200 0.0000 0.0000 0.0000 -15.2064 -14.8388 -53.0507 6.4563 14.8564 46.7867 2.1068 8.7221 26.0642 1.0773 6.5974 18.5281 0.0000 0.0000 0.0000 20.3964 16.9204 -49.2537 -5.6354 -14.0655 43.5004 -0.3713 -13.6846 13.6097 -0.0317 1.1494 -3.1600 12.8765 4.8212 -28.2203 -10.5453 3.7017 -2.7256 -17.8846 2.8592 13.8565 -6.1793 -2.4810 -13.5268 13.2664 -2.0775 -9.5359 4.9946 -0.8817 -0.3739 -0.0000 0.0000 0.0000 88.7050 -17.9165 59.9797 11.3494 -18.8218 -1.8871 -0.0000 0.0000 -144.0070 67.7268 -32.6776 -52.8155 -7.1250 0.0000 -0.0000 18.6172 -27.0737 -25.9640 -0.0000 0.0000 0.0000 -78.1061 10.0385 -26.1171 -14.1586 22.9610 -2.8897 0.0000 -0.0000 -28.4545 -30.5837 -13.5429 7.8797 7.1250 -0.0000 -0.0000 -3.0073 -45.5895 0.0438
