HIERARCHY
ROOT Hips
{
	OFFSET 0.00000 0.00000 0.00000
	CHANNELS 6 Xposition Yposition Zposition Zrotation Yrotation Xrotation 
	JOINT LHipJoint
	{
		OFFSET 0 0 0
		CHANNELS 3 Zrotation Yrotation Xrotation
		JOINT LeftUpLeg
		{
			OFFSET 1.57338 -1.94743 0.52196
			CHANNELS 3 Zrotation Yrotation Xrotation
			JOINT LeftLeg
			{
				OFFSET 2.60333 -7.15259 0.00000
				CHANNELS 3 Zrotation Yrotation Xrotation
				JOINT LeftFoot
				{
					OFFSET 2.77855 -7.63400 0.00000
					CHANNELS 3 Zrotation Yrotation Xrotation
					JOINT LeftToeBase
					{
						OFFSET 0.19847 -0.54529 2.28466
						CHANNELS 3 Zrotation Yrotation Xrotation
						End Site
						{
							OFFSET 0.00000 -0.00000 1.17993
						}
					}
				}
			}
		}
	}
	JOINT RHipJoint
	{
		OFFSET 0 0 0
		CHANNELS 3 Zrotation Yrotation Xrotation
		JOINT RightUpLeg
		{
			OFFSET -1.61527 -1.94743 0.52196
			CHANNELS 3 Zrotation Yrotation Xrotation
			JOINT RightLeg
			{
				OFFSET -2.53829 -6.97390 0.00000
				CHANNELS 3 Zrotation Yrotation Xrotation
				JOINT RightFoot
				{
					OFFSET -2.80762 -7.71387 0.00000
					CHANNELS 3 Zrotation Yrotation Xrotation
					JOINT RightToeBase
					{
						OFFSET -0.30536 -0.83898 2.28801
						CHANNELS 3 Zrotation Yrotation Xrotation
						End Site
						{
							OFFSET -0.00000 -0.00000 1.21323
						}
					}
				}
			}
		}
	}
	JOINT LowerBack
	{
		OFFSET 0 0 0
		CHANNELS 3 Zrotation Yrotation Xrotation
		JOINT Spine
		{
			OFFSET -0.04381 1.99497 -0.19778
			CHANNELS 3 Zrotation Yrotation Xrotation
			JOINT Spine1
			{
				OFFSET -0.01959 2.01295 -0.04372
				CHANNELS 3 Zrotation Yrotation Xrotation
				JOINT Neck
				{
					OFFSET 0 0 0
					CHANNELS 3 Zrotation Yrotation Xrotation
					JOINT Neck1
					{
						OFFSET -0.05459 1.76913 0.09708
						CHANNELS 3 Zrotation Yrotation Xrotation
						JOINT Head
						{
							OFFSET 0.09461 1.77368 -0.11172
							CHANNELS 3 Zrotation Yrotation Xrotation
							End Site
							{
								OFFSET 0.03812 1.78157 -0.04834
							}
						}
					}
				}
				JOINT LeftShoulder
				{
					OFFSET 0 0 0
					CHANNELS 3 Zrotation Yrotation Xrotation
					JOINT LeftArm
					{
						OFFSET 3.50922 1.24034 -0.28866
						CHANNELS 3 Zrotation Yrotation Xrotation
						JOINT LeftForeArm
						{
							OFFSET 5.40188 -0.00000 0.00000
							CHANNELS 3 Zrotation Yrotation Xrotation
							JOINT LeftHand
							{
								OFFSET 3.68559 -0.00000 0.00000
								CHANNELS 3 Zrotation Yrotation Xrotation
								JOINT LeftFingerBase
								{
									OFFSET 0 0 0
									CHANNELS 3 Zrotation Yrotation Xrotation
									JOINT LFingers
									{
										OFFSET 0.61753 -0.00000 0.00000
										CHANNELS 3 Zrotation Yrotation Xrotation
										End Site
										{
											OFFSET 0.49787 -0.00000 0.00000
										}
									}
								}
								JOINT LThumb
								{
									OFFSET 0 0 0
									CHANNELS 3 Zrotation Yrotation Xrotation
									End Site
									{
										OFFSET 0.50547 -0.00000 0.50547
									}
								}
							}
						}
					}
				}
				JOINT RightShoulder
				{
					OFFSET 0 0 0
					CHANNELS 3 Zrotation Yrotation Xrotation
					JOINT RightArm
					{
						OFFSET -2.95373 1.39649 -0.27346
						CHANNELS 3 Zrotation Yrotation Xrotation
						JOINT RightForeArm
						{
							OFFSET -6.10670 -0.00000 -0.00000
							CHANNELS 3 Zrotation Yrotation Xrotation
							JOINT RightHand
							{
								OFFSET -3.63052 -0.00000 0.00000
								CHANNELS 3 Zrotation Yrotation Xrotation
								JOINT RightFingerBase
								{
									OFFSET 0 0 0
									CHANNELS 3 Zrotation Yrotation Xrotation
									JOINT RFingers
									{
										OFFSET -0.58385 -0.00000 0.00000
										CHANNELS 3 Zrotation Yrotation Xrotation
										End Site
										{
											OFFSET -0.47071 -0.00000 0.00000
										}
									}
								}
								JOINT RThumb
								{
									OFFSET 0 0 0
									CHANNELS 3 Zrotation Yrotation Xrotation
									End Site
									{
										OFFSET -0.47790 -0.00000 0.47790
									}
								}
							}
						}
					}
				}
			}
		}
	}
}
MOTION
Frames: 360
Frame Time: .0083333
-0.0035 15.8971 2.2953 0 0 0 0 0 0 -17 0 0 0 0 0 0 0 0 0 0 0 0 0 0 17 0 0 0 0 0 0 0 0 0 0 0 0 0 0 0 0 0 0 0 0 0 0 0 0 0 0 0 0 0 0 0 0 -5 0 0 0 0 0 0 0 0 0 0 0 0 0 0 0 0 0 0 0 0 5 0 0 0 0 0 0 0 0 0 0 0 0 0 0 0 0 0
-0.0035 15.8971 2.2953 5.3271 -8.2487 -7.9365 0.0000 0.0000 0.0000 -17.2528 0.8208 -22.9800 13.9592 19.1016 72.0799 3.3476 -6.8403 -33.3301 0.7326 -5.4683 -15.2492 0.0000 0.0000 0.0000 9.7727 20.4263 -19.6388 -14.4609 -19.2479 73.6071 -4.3204 0.6820 -39.3497 -0.7542 5.5468 -15.4748 -4.4761 1.3807 15.8313 -1.7406 1.0355 5.3984 0.5111 0.4928 -3.1741 -6.1908 -0.6168 -10.3324 7.3420 -0.5785 5.9523 3.2186 -0.0734 3.4938 -0.0000 -0.0000 0.0000 -61.2071 -1.1639 0.4066 15.4439 -24.7609 -3.4097 -0.0000 -0.0000 7.5701 23.1575 24.7468 10.1512 -7.1250 0.0000 -0.0000 -6.9793 56.4698 -1.9694 -0.0000 -0.0000 0.0000 65.5954 4.8939 -10.3841 -14.3553 23.2404 -2.9669 0.0000 0.0000 7.9762 -28.8420 6.3138 -3.4658 7.1250 -0.0000 -0.0000 -1.5449 -22.7814 -0.8264
0.0003 15.8574 2.3071 5.4474 -8.1127 -8.0421 0.0000 0.0000 0.0000 -17.3513 0.8037 -23.1423 14.1302 19.1530 72.6016 3.3945 -6.8219 -33.5779 0.7509 -5.5349 -15.4408 0.0000 0.0000 0.0000 9.6251 20.2387 -19.6336 -14.5491 -19.2722 73.8746 -4.4420 0.7241 -39.9028 -0.7398 5.4946 -15.3249 -4.5714 1.3619 15.7354 -1.7859 1.0016 5.4197 0.5253 0.4746 -3.0993 -6.2352 -0.5474 -10.3157 7.3420 -0.4800 5.9567 3.2317 -0.0260 3.4856 -0.0000 0.0000 0.0000 -59.8213 -1.2840 0.1237 15.8287 -25.2879 -3.5725 -0.0000 -0.0000 6.9278 23.0109 25.0592 10.1975 -7.1250 0.0000 -0.0000 -7.2663 56.7621 -2.1024 -0.0000 0.0000 0.0000 64.2650 5.1653 -11.5594 -14.3411 23.2203 -2.9613 0.0000 0.0000 7.3930 -29.0919 6.4148 -3.5572 7.1250 -0.0000 -0.0000 -1.7222 -22.6493 -0.9266
0.0049 15.8236 2.3166 5.2868 -8.1618 -7.9807 0.0000 0.0000 0.0000 -17.1078 0.9029 -23.4594 14.2751 19.1953 73.0428 3.4486 -7.0311 -33.8358 0.6970 -5.3368 -14.8718 0.0000 0.0000 0.0000 9.8137 20.2973 -19.7003 -14.5982 -19.2855 74.0233 -4.5801 0.8684 -40.4976 -0.6673 5.2241 -14.5488 -4.3898 1.3642 15.5336 -1.7593 1.0450 5.3865 0.4465 0.4963 -3.0271 -6.2018 -0.5178 -10.4172 7.2365 -0.4391 6.1433 3.1978 -0.0077 3.5553 0.0000 -0.0000 0.0000 -58.3928 -1.3501 0.0668 16.3237 -25.9575 -3.7865 -0.0000 -0.0000 5.8436 22.8633 24.4996 9.9183 -7.1250 0.0000 -0.0000 -7.1918 56.1512 -1.9742 0.0000 -0.0000 0.0000 62.9145 5.4456 -12.7360 -14.3857 23.2835 -2.9789 0.0000 0.0000 7.0986 -29.6136 6.1648 -3.4929 7.1250 -0.0000 -0.0000 -2.1202 -22.8988 -1.1289
0.0100 15.7896 2.3203 4.9627 -8.3005 -7.8996 0.0000 0.0000 0.0000 -16.6837 1.1068 -23.6901 14.3775 19.2246 73.3541 3.5151 -7.5034 -34.1296 0.6266 -5.0653 -14.0949 0.0000 0.0000 0.0000 10.2152 20.4801 -19.7488 -14.6458 -19.2983 74.1674 -4.6768 0.8448 -40.9408 -0.6333 5.0919 -14.1709 -4.0615 1.3854 15.4532 -1.6612 1.1273 5.2860 0.3503 0.5404 -3.0911 -6.2244 -0.5113 -10.4447 7.1389 -0.4246 6.3104 3.1735 -0.0049 3.6090 -0.0000 0.0000 0.0000 -57.0046 -1.2848 0.0433 16.9167 -26.7479 -4.0498 -0.0000 -0.0000 5.0091 23.1231 24.2286 9.9394 -7.1250 0.0000 -0.0000 -6.8075 55.9243 -1.8305 -0.0000 0.0000 0.0000 61.5250 5.6414 -13.8655 -14.5046 23.4514 -3.0260 0.0000 0.0000 6.6557 -30.3604 5.8027 -3.3893 7.1250 -0.0000 -0.0000 -2.6929 -23.2645 -1.4118
0.0155 15.7692 2.3281 4.8618 -8.3210 -7.8735 0.0000 0.0000 0.0000 -16.5685 1.3262 -23.7648 14.4053 19.2324 73.4386 3.5835 -7.6523 -34.4642 0.6473 -5.1468 -14.3278 0.0000 0.0000 0.0000 10.3339 20.5334 -19.7074 -14.6742 -19.3059 74.2534 -4.6593 0.4263 -40.9710 -0.7244 5.4385 -15.1635 -3.9816 1.3842 15.4011 -1.6103 1.1397 5.1835 0.3564 0.5490 -3.1719 -6.3275 -0.4814 -10.5025 7.1381 -0.3717 6.4285 3.1945 0.0199 3.6506 0.0000 -0.0000 0.0000 -55.6142 -1.1884 -0.2335 17.5288 -27.5496 -4.3291 -0.0000 -0.0000 4.5273 23.3543 24.6035 10.1912 -7.1250 0.0000 -0.0000 -6.7108 56.3628 -1.8757 0.0000 -0.0000 0.0000 60.0837 5.7510 -14.7161 -14.7046 23.7329 -3.1061 0.0000 0.0000 5.8348 -30.4475 5.3519 -3.1382 7.1250 -0.0000 -0.0000 -2.7871 -23.7792 -1.4283
0.0210 15.7619 2.3341 4.9077 -8.2427 -7.7712 0.0000 0.0000 0.0000 -16.6455 1.5137 -23.8407 14.3634 19.2206 73.3114 3.6429 -7.7190 -34.7589 0.6622 -5.2044 -14.4926 0.0000 0.0000 0.0000 10.2229 20.5548 -19.7972 -14.6895 -19.3100 74.2997 -4.4926 -0.4071 -40.4454 -0.9344 6.1574 -17.2417 -4.0394 1.3627 15.2088 -1.6266 1.1118 5.1279 0.3798 0.5353 -3.1274 -6.3999 -0.4769 -10.7234 7.1932 -0.3541 6.5651 3.2267 0.0338 3.7272 -0.0000 -0.0000 0.0000 -54.1612 -1.2133 -0.6334 18.2229 -28.4416 -4.6549 -0.0000 -0.0000 3.9795 23.4511 25.2286 10.4756 -7.1250 0.0000 -0.0000 -6.8642 57.0330 -2.0303 -0.0000 -0.0000 0.0000 58.6742 6.0843 -15.9241 -14.8523 23.9400 -3.1658 0.0000 0.0000 5.2735 -30.6633 4.7504 -2.8110 7.1250 -0.0000 -0.0000 -2.9863 -24.4621 -1.4836
0.0279 15.7630 2.3407 4.9953 -8.2207 -7.7318 0.0000 0.0000 0.0000 -16.7806 1.7246 -23.7387 14.2593 19.1908 72.9949 3.6900 -8.0859 -34.9623 0.5774 -4.8660 -13.5269 0.0000 0.0000 0.0000 10.0717 20.6105 -19.8215 -14.6737 -19.3058 74.2518 -4.8213 1.1301 -41.5156 -0.5299 4.6647 -12.9546 -4.1041 1.3599 15.0370 -1.6647 1.1060 5.0889 0.3800 0.5323 -3.0766 -6.4906 -0.4373 -10.8753 7.2786 -0.2918 6.6728 3.2737 0.0696 3.7806 0.0000 -0.0000 0.0000 -52.7192 -1.1039 -0.8988 19.0383 -29.4662 -5.0497 -0.0000 -0.0000 3.3168 23.6852 26.0974 10.9219 -7.1250 0.0000 -0.0000 -6.9872 57.9855 -2.2275 0.0000 -0.0000 0.0000 57.3114 6.5119 -17.4656 -15.0156 24.1679 -3.2323 0.0000 0.0000 5.0717 -31.0473 3.7505 -2.2550 7.1250 -0.0000 -0.0000 -3.3372 -25.6031 -1.5699
0.0337 15.7701 2.3501 5.0210 -8.2690 -7.7681 0.0000 0.0000 0.0000 -16.8639 2.0177 -23.4408 14.1004 19.1442 72.5108 3.7211 -8.3744 -35.0933 0.5029 -4.5463 -12.6189 0.0000 0.0000 0.0000 10.0675 20.7091 -19.6609 -14.6175 -19.2907 74.0817 -4.9011 1.5417 -41.7691 -0.4422 4.2667 -11.8281 -4.1231 1.3875 14.9639 -1.6682 1.1419 5.0333 0.3814 0.5511 -3.0977 -6.5463 -0.3786 -10.9623 7.3132 -0.2059 6.7430 3.3002 0.1140 3.8101 0.0000 -0.0000 0.0000 -51.3194 -0.9283 -1.1073 19.8895 -30.5089 -5.4751 -0.0000 -0.0000 2.7831 23.9585 26.7942 11.3272 -7.1250 0.0000 -0.0000 -7.0053 58.7690 -2.3653 0.0000 -0.0000 0.0000 55.9410 6.7594 -18.6756 -15.3018 24.5648 -3.3504 0.0000 0.0000 4.6274 -31.3376 3.1364 -1.9081 7.1250 -0.0000 -0.0000 -3.5945 -26.3061 -1.6323
0.0396 15.7997 2.3626 4.9707 -8.2391 -7.7386 0.0000 0.0000 0.0000 -16.8780 2.2110 -23.1926 13.9071 19.0856 71.9205 3.7169 -8.4060 -35.0697 0.4805 -4.4453 -12.3328 0.0000 0.0000 0.0000 10.1554 20.7053 -19.3958 -14.4907 -19.2562 73.6976 -4.8725 1.5067 -41.6507 -0.4514 4.3105 -11.9518 -4.0843 1.3805 14.8476 -1.6397 1.1446 4.9721 0.3905 0.5533 -3.1000 -6.5591 -0.3639 -10.9977 7.2736 -0.1774 6.7162 3.2917 0.1262 3.8057 -0.0000 -0.0000 0.0000 -49.9010 -0.8525 -1.3158 20.7756 -31.5655 -5.9320 -0.0000 -0.0000 2.1527 24.3669 27.3979 11.7731 -7.1250 0.0000 -0.0000 -6.8374 59.4892 -2.4263 -0.0000 -0.0000 0.0000 54.5171 6.9515 -19.5405 -15.6668 25.0668 -3.5036 0.0000 0.0000 3.7863 -31.6167 2.9513 -1.8154 7.1250 -0.0000 -0.0000 -3.8177 -26.5115 -1.7157
0.0488 15.8494 2.3768 5.0666 -8.0919 -7.6413 0.0000 0.0000 0.0000 -17.1048 2.2243 -22.9588 13.6670 19.0099 71.1849 3.6827 -8.3825 -34.9008 0.4723 -4.4076 -12.2263 0.0000 0.0000 0.0000 9.9981 20.5142 -19.1717 -14.3057 -19.2041 73.1358 -4.8379 1.6151 -41.4718 -0.4346 4.2302 -11.7252 -4.1819 1.3549 14.6461 -1.6390 1.1061 4.8695 0.4554 0.5355 -3.1001 -6.5546 -0.3648 -10.8604 7.1800 -0.1738 6.6090 3.2603 0.1206 3.7502 -0.0000 0.0000 0.0000 -48.5036 -0.7890 -1.4520 21.6313 -32.5579 -6.3863 -0.0000 -0.0000 1.2702 25.4269 27.3812 12.3334 -7.1250 0.0000 -0.0000 -5.6308 59.7255 -2.0280 -0.0000 0.0000 0.0000 53.0474 6.9949 -20.2128 -16.0638 25.6071 -3.6735 0.0000 0.0000 2.7518 -31.7199 3.1272 -1.9312 7.1250 -0.0000 -0.0000 -3.8847 -26.3015 -1.7651
0.0605 15.9040 2.3907 5.2330 -7.8723 -7.5337 0.0000 0.0000 0.0000 -17.4597 2.2122 -22.5754 13.3741 18.9131 70.2835 3.6259 -8.5795 -34.6001 0.4077 -4.0992 -11.3560 0.0000 0.0000 0.0000 9.7132 20.1914 -18.9678 -14.0719 -19.1357 72.4239 -4.7739 1.6390 -41.1806 -0.4316 4.2160 -11.6852 -4.3008 1.3367 14.4279 -1.6633 1.0746 4.7629 0.5049 0.5214 -3.0951 -6.6463 -0.3743 -10.8809 7.2176 -0.1778 6.6721 3.2874 0.1187 3.7731 0.0000 -0.0000 0.0000 -47.2003 -0.9281 -1.8822 22.3599 -33.3814 -6.7828 -0.0000 -0.0000 0.9607 26.4980 25.7574 12.2239 -7.1250 0.0000 -0.0000 -3.7309 58.2717 -1.2124 0.0000 -0.0000 0.0000 51.6064 6.9498 -21.0398 -16.4745 26.1597 -3.8528 0.0000 0.0000 1.8465 -31.9815 3.2479 -2.0261 7.1250 -0.0000 -0.0000 -4.0747 -26.1489 -1.8664
0.0703 15.9778 2.4065 5.4681 -7.5947 -7.4410 0.0000 0.0000 0.0000 -17.8912 2.1317 -22.1965 13.0563 18.8024 69.3002 3.5328 -8.5037 -34.1341 0.3818 -3.9680 -10.9867 0.0000 0.0000 0.0000 9.3795 19.8319 -18.6356 -13.7792 -19.0457 71.5290 -4.6976 1.6563 -40.8341 -0.4111 4.1161 -11.4034 -4.4775 1.3084 14.2290 -1.7258 1.0194 4.6495 0.5504 0.4959 -3.1063 -6.7564 -0.3989 -11.0763 7.3147 -0.2013 6.8851 3.3373 0.1130 3.8717 -0.0000 0.0000 0.0000 -45.9797 -1.1790 -2.7176 22.9850 -34.0724 -7.1299 -0.0000 -0.0000 1.5059 26.8202 23.9230 11.5860 -7.1250 0.0000 -0.0000 -2.7240 56.3907 -0.7612 -0.0000 0.0000 0.0000 50.2478 7.0147 -22.0591 -16.8863 26.7076 -4.0361 0.0000 0.0000 1.3599 -32.5297 2.5864 -1.6486 7.1250 -0.0000 -0.0000 -4.5362 -26.9064 -1.9982
0.0783 16.0781 2.4263 5.5104 -7.3437 -7.2951 0.0000 0.0000 0.0000 -18.0728 2.0033 -21.9227 12.7285 18.6819 68.2802 3.4051 -8.0818 -33.5099 0.4020 -4.0706 -11.2753 0.0000 0.0000 0.0000 9.3288 19.5266 -18.1621 -13.4199 -18.9286 70.4248 -4.5466 1.4517 -40.1983 -0.4225 4.1718 -11.5606 -4.4951 1.2550 13.9494 -1.7260 0.9614 4.5519 0.5734 0.4681 -3.0561 -6.7715 -0.4297 -11.1335 7.3387 -0.2411 6.9233 3.3455 0.0953 3.8956 -0.0000 0.0000 0.0000 -44.7865 -1.3277 -3.4548 23.7352 -34.8829 -7.5546 -0.0000 -0.0000 1.7903 26.9453 23.4580 11.4394 -7.1250 0.0000 -0.0000 -2.4406 55.9194 -0.6541 -0.0000 0.0000 0.0000 48.9345 7.0996 -22.9523 -17.3826 27.3594 -4.2617 0.0000 0.0000 0.7566 -33.1572 1.9077 -1.2459 7.1250 -0.0000 -0.0000 -5.0639 -27.6904 -2.1385
0.0850 16.1781 2.4445 5.2835 -7.1521 -7.1163 0.0000 0.0000 0.0000 -17.9357 1.9621 -21.5544 12.3873 18.5496 67.2113 3.2615 -7.9527 -32.7678 0.4140 -4.1301 -11.4429 0.0000 0.0000 0.0000 9.6570 19.3443 -17.6527 -13.0346 -18.7946 69.2330 -4.2380 0.4580 -39.0235 -0.5637 4.8088 -13.3640 -4.2959 1.2025 13.6026 -1.6350 0.9431 4.5031 0.5649 0.4580 -2.9186 -6.7990 -0.4426 -11.0716 7.4042 -0.2607 6.8496 3.3681 0.0872 3.8647 0.0000 -0.0000 0.0000 -43.5358 -1.5669 -4.0371 24.5607 -35.7516 -8.0318 -0.0000 -0.0000 1.7066 27.1345 23.3207 11.4686 -7.1250 0.0000 -0.0000 -2.1939 55.8125 -0.5822 0.0000 -0.0000 0.0000 47.6449 7.1030 -23.6135 -17.9520 28.0957 -4.5266 0.0000 -0.0000 -0.1452 -33.7691 1.5367 -1.0273 7.1250 -0.0000 -0.0000 -5.5617 -28.1162 -2.2943
0.0913 16.2869 2.4569 5.0585 -6.9421 -6.8446 0.0000 0.0000 0.0000 -17.7971 1.8849 -21.2208 12.0200 18.3991 66.0520 3.0810 -8.0479 -31.7940 0.3896 -4.0083 -11.0999 0.0000 0.0000 0.0000 9.9620 19.2318 -17.2309 -12.6272 -18.6434 67.9637 -3.9098 -0.5785 -37.7503 -0.7439 5.5094 -15.3675 -4.1270 1.1564 13.2443 -1.5392 0.9267 4.4026 0.5776 0.4502 -2.8293 -6.8267 -0.4458 -11.0137 7.4561 -0.2685 6.8384 3.3879 0.0843 3.8525 0.0000 -0.0000 0.0000 -42.2906 -1.8885 -4.5362 25.3843 -36.5942 -8.5179 -0.0000 -0.0000 1.7312 27.1631 23.2092 11.4318 -7.1250 0.0000 -0.0000 -2.1295 55.6986 -0.5593 0.0000 -0.0000 0.0000 46.3888 7.0663 -24.2782 -18.5277 28.8276 -4.8010 0.0000 -0.0000 -1.1011 -34.2286 1.4155 -0.9628 7.1250 -0.0000 -0.0000 -5.9252 -28.2498 -2.4268
0.0994 16.4150 2.4673 4.8223 -6.8004 -6.5047 0.0000 0.0000 0.0000 -17.6349 1.8312 -20.9928 11.6389 18.2338 64.8396 2.8670 -7.9604 -30.6214 0.3842 -3.9807 -11.0225 0.0000 0.0000 0.0000 10.2846 19.2887 -16.8134 -12.1982 -18.4732 66.6156 -3.6957 -1.1993 -36.8896 -0.7883 5.6678 -15.8236 -3.8962 1.1235 12.9328 -1.4581 0.9273 4.2028 0.5353 0.4541 -2.8685 -6.8443 -0.4980 -10.9940 7.4891 -0.3484 7.0190 3.3976 0.0461 3.9101 -0.0000 0.0000 0.0000 -41.0856 -2.2202 -5.0293 26.1475 -37.3540 -8.9770 -0.0000 -0.0000 1.6879 27.2818 23.3820 11.5672 -7.1250 0.0000 -0.0000 -2.0528 55.9100 -0.5496 -0.0000 0.0000 0.0000 45.1997 7.0058 -25.0188 -19.1104 29.5557 -5.0852 0.0000 -0.0000 -1.7774 -34.1160 1.3355 -0.9046 7.1250 -0.0000 -0.0000 -5.8447 -28.3487 -2.3798
0.1107 16.5620 2.4878 4.7672 -6.6814 -6.2607 0.0000 0.0000 0.0000 -17.6963 1.8034 -20.5664 11.2314 18.0465 63.5309 2.6453 -7.7189 -29.3748 0.3850 -3.9846 -11.0334 0.0000 0.0000 0.0000 10.4360 19.3646 -16.1836 -11.7540 -18.2847 65.2068 -3.5985 -1.0233 -36.3452 -0.6168 5.0263 -13.9837 -3.7958 1.1078 12.5853 -1.4421 0.9335 4.0241 0.4983 0.4596 -2.8662 -6.9156 -0.5600 -10.9393 7.6203 -0.4459 7.2206 3.4456 0.0024 3.9701 0.0000 -0.0000 0.0000 -39.8996 -2.6291 -5.6845 26.7776 -37.9662 -9.3620 -0.0000 -0.0000 1.3489 27.4841 22.8819 11.4353 -7.1250 0.0000 -0.0000 -1.6876 55.4139 -0.4315 0.0000 -0.0000 0.0000 44.0581 6.9083 -25.6593 -19.7222 30.3062 -5.3905 0.0000 -0.0000 -2.4391 -33.9652 1.0705 -0.7210 7.1250 -0.0000 -0.0000 -5.7486 -28.6701 -2.2963
0.1228 16.7143 2.5091 4.7209 -6.5298 -6.0587 0.0000 0.0000 0.0000 -17.7491 1.7131 -20.0420 10.8147 17.8432 62.1785 2.3992 -7.6148 -27.9213 0.3609 -3.8592 -10.6810 0.0000 0.0000 0.0000 10.5953 19.4668 -15.4705 -11.3205 -18.0884 63.8182 -3.1373 -2.1614 -34.3348 -0.8445 5.8614 -16.3827 -3.7235 1.0910 12.2223 -1.4074 0.9377 3.9106 0.4977 0.4622 -2.7872 -7.0940 -0.6200 -10.8227 7.8597 -0.5309 7.2408 3.5440 -0.0337 3.9647 0.0000 -0.0000 0.0000 -38.8411 -3.0488 -6.3473 27.5560 -38.7043 -9.8448 -0.0000 -0.0000 0.9807 27.6822 22.3446 11.2794 -7.1250 0.0000 -0.0000 -1.3265 54.8742 -0.3217 0.0000 -0.0000 0.0000 42.8884 6.9512 -26.5109 -20.2585 30.9526 -5.6637 0.0000 -0.0000 -2.9832 -34.3500 0.7565 -0.5170 7.1250 -0.0000 -0.0000 -6.0713 -29.0403 -2.3729
0.1310 16.8622 2.5183 4.5210 -6.4063 -5.7882 0.0000 0.0000 0.0000 -17.5740 1.6090 -19.6219 10.4011 17.6293 60.8208 2.1280 -7.5664 -26.2355 0.3445 -3.7716 -10.4349 0.0000 0.0000 0.0000 10.9272 19.7417 -14.9213 -10.9145 -17.8930 62.5036 -2.8874 -2.5908 -33.1306 -0.7821 5.6462 -15.7612 -3.5731 1.0658 11.9530 -1.3174 0.9349 3.7463 0.5099 0.4630 -2.8116 -7.1384 -0.6552 -10.7728 7.9441 -0.5882 7.3514 3.5749 -0.0594 3.9949 -0.0000 -0.0000 0.0000 -37.8764 -3.3232 -6.9133 28.4852 -39.5591 -10.4313 -0.0000 -0.0000 0.6855 28.0238 22.1224 11.3339 -7.1250 0.0000 -0.0000 -0.9029 54.7039 -0.2152 -0.0000 -0.0000 0.0000 41.7275 7.1172 -27.4852 -20.7163 31.4957 -5.9010 0.0000 -0.0000 -3.3692 -34.8225 0.5921 -0.4118 7.1250 -0.0000 -0.0000 -6.4520 -29.2313 -2.4939
0.1409 17.0229 2.5279 4.3585 -6.2317 -5.5427 0.0000 0.0000 0.0000 -17.4438 1.4548 -19.1527 9.9858 17.4019 59.4410 1.8480 -7.3888 -24.3962 0.3451 -3.7749 -10.4442 0.0000 0.0000 0.0000 11.2015 19.9434 -14.3846 -10.5126 -17.6882 61.1882 -2.6398 -3.1141 -31.9335 -0.6881 5.3033 -14.7756 -3.4048 1.0267 11.7552 -1.2667 0.9083 3.5144 0.4726 0.4540 -2.9434 -7.1216 -0.6957 -10.6530 7.9884 -0.6691 7.6049 3.5826 -0.0981 4.0585 -0.0000 -0.0000 0.0000 -36.8639 -3.6091 -7.4383 29.3398 -40.3207 -10.9799 -0.0000 -0.0000 0.3836 28.3982 21.9836 11.4416 -7.1250 0.0000 -0.0000 -0.4676 54.6303 -0.1106 -0.0000 -0.0000 0.0000 40.6322 7.1084 -28.1954 -21.2302 32.0960 -6.1718 0.0000 -0.0000 -3.8176 -34.7409 0.9377 -0.6503 7.1250 -0.0000 -0.0000 -6.3601 -28.8145 -2.5213
0.1534 17.1942 2.5387 4.2730 -6.0141 -5.2956 0.0000 0.0000 0.0000 -17.4037 1.2425 -18.6979 9.5710 17.1614 58.0445 1.5529 -7.0664 -22.3172 0.4103 -4.1118 -11.3915 0.0000 0.0000 0.0000 11.3621 20.1521 -13.8545 -10.1146 -17.4738 59.8707 -2.3024 -3.8257 -30.2273 -0.6800 5.2725 -14.6874 -3.2823 0.9655 11.5381 -1.2399 0.8470 3.2842 0.4412 0.4273 -3.0617 -7.2072 -0.7280 -10.4614 8.1301 -0.7379 7.8521 3.6383 -0.1299 4.1081 -0.0000 -0.0000 0.0000 -35.8956 -3.9474 -8.0175 30.1980 -41.0625 -11.5395 -0.0000 -0.0000 0.0962 28.6246 21.9453 11.5283 -7.1250 0.0000 -0.0000 -0.2159 54.6356 -0.0511 -0.0000 -0.0000 0.0000 39.5568 7.0864 -28.7349 -21.8131 32.7652 -6.4844 0.0000 -0.0000 -4.3421 -34.5344 1.1204 -0.7710 7.1250 -0.0000 -0.0000 -6.1852 -28.5981 -2.4832
0.1608 17.3726 2.5537 4.0231 -5.9957 -5.0964 0.0000 0.0000 0.0000 -17.1135 1.1965 -18.2060 9.1641 16.9122 56.6558 1.2546 -6.7603 -20.0172 0.5417 -4.7155 -13.0989 0.0000 0.0000 0.0000 11.8104 20.6672 -13.1964 -9.7217 -17.2504 58.5541 -1.9318 -4.6909 -28.2746 -0.8417 5.8520 -16.3557 -3.0575 0.9554 11.2645 -1.1536 0.8711 3.1366 0.4039 0.4402 -3.0648 -7.3256 -0.7475 -10.3436 8.2858 -0.7810 8.0743 3.7056 -0.1480 4.1604 -0.0000 -0.0000 0.0000 -34.9607 -4.2804 -8.6361 31.1360 -41.8474 -12.1605 -0.0000 0.0000 -0.1980 28.3214 21.6088 11.2255 -7.1250 0.0000 -0.0000 -0.4584 54.2053 -0.1037 -0.0000 -0.0000 0.0000 38.4892 7.1771 -29.2543 -22.3855 33.4100 -6.7969 0.0000 -0.0000 -4.8031 -35.1542 0.7919 -0.5576 7.1250 -0.0000 -0.0000 -6.6929 -28.9833 -2.6279
0.1705 17.5620 2.5695 3.9673 -5.9054 -4.9378 0.0000 0.0000 0.0000 -17.0481 1.0178 -17.6429 8.7518 16.6453 55.2277 0.9911 -6.4483 -17.7633 0.6194 -5.0365 -14.0128 0.0000 0.0000 0.0000 11.9866 21.0579 -12.5049 -9.3294 -17.0151 57.2223 -1.6125 -5.3481 -26.4230 -1.0287 6.4515 -18.1002 -2.9670 0.9329 11.0014 -1.1559 0.8597 3.0132 0.3548 0.4353 -3.0475 -7.3670 -0.7818 -10.2394 8.4067 -0.8482 8.2291 3.7473 -0.1773 4.1963 0.0000 -0.0000 0.0000 -33.9512 -4.6499 -9.2808 32.0926 -42.6208 -12.8035 -0.0000 0.0000 -0.5599 28.0788 21.2586 10.9473 -7.1250 0.0000 -0.0000 -0.6320 53.7738 -0.1363 0.0000 -0.0000 0.0000 37.5117 7.2729 -29.7307 -23.0002 34.0890 -7.1384 0.0000 -0.0000 -5.1780 -35.7210 0.3559 -0.2559 7.1250 -0.0000 -0.0000 -7.1724 -29.5055 -2.7291
0.1792 17.7408 2.5766 3.8096 -5.8275 -4.7590 0.0000 0.0000 0.0000 -16.8250 0.8374 -17.2020 8.3574 16.3759 53.8401 0.7635 -5.9191 -15.5738 0.7228 -5.4325 -15.1463 0.0000 0.0000 0.0000 12.2613 21.4196 -11.9085 -8.9445 -16.7719 55.8981 -1.2801 -6.1647 -24.4104 -1.0980 6.6585 -18.7075 -2.8174 0.9171 10.7751 -1.0932 0.8647 2.9186 0.3374 0.4380 -3.0208 -7.4416 -0.8219 -10.2813 8.5013 -0.9103 8.4525 3.7878 -0.2034 4.2770 0.0000 -0.0000 0.0000 -33.0215 -5.0668 -9.9481 33.1144 -43.4178 -13.5007 -0.0000 0.0000 -1.0009 28.6731 21.5728 11.3692 -7.1250 0.0000 -0.0000 -0.0758 54.2379 -0.0172 0.0000 -0.0000 0.0000 36.4147 7.4373 -30.3350 -23.5675 34.7036 -7.4589 0.0000 -0.0000 -5.3819 -35.9199 0.3049 -0.2209 7.1250 -0.0000 -0.0000 -7.3322 -29.5653 -2.7802
0.1878 17.9164 2.5842 3.6868 -5.6729 -4.5925 0.0000 0.0000 0.0000 -16.6239 0.6704 -16.7514 7.9612 16.0907 52.4229 0.5458 -5.2304 -13.1573 0.8195 -5.7762 -16.1363 0.0000 0.0000 0.0000 12.4819 21.6896 -11.3453 -8.5636 -16.5185 54.5683 -0.9610 -7.0482 -22.3534 -1.0881 6.6296 -18.6224 -2.6991 0.8875 10.5124 -1.0453 0.8495 2.8735 0.3260 0.4295 -2.9219 -7.4983 -0.8526 -10.4067 8.5618 -0.9558 8.7148 3.8166 -0.2207 4.3820 0.0000 -0.0000 0.0000 -32.0811 -5.5587 -10.7167 34.0949 -44.1549 -14.1791 -0.0000 0.0000 -1.3208 29.6852 21.8401 11.9732 -7.1250 0.0000 -0.0000 0.9489 54.7424 0.2271 0.0000 -0.0000 0.0000 35.2739 7.6879 -31.1609 -24.0693 35.2374 -7.7465 0.0000 -0.0000 -5.3922 -36.2730 0.2624 -0.1926 7.1250 -0.0000 -0.0000 -7.6118 -29.6128 -2.8792
0.1982 18.1006 2.5942 3.6578 -5.4215 -4.4534 0.0000 0.0000 0.0000 -16.5448 0.3460 -16.2177 7.5565 15.7832 50.9491 0.3509 -4.5868 -10.5562 0.8347 -5.8283 -16.2870 0.0000 0.0000 0.0000 12.5816 21.8204 -10.7937 -8.1855 -16.2540 53.2282 -0.6669 -7.9232 -20.2873 -1.1061 6.6822 -18.7773 -2.5870 0.8333 10.3057 -1.0876 0.7939 2.7844 0.2284 0.4022 -2.8974 -7.4215 -0.9057 -10.4222 8.5806 -1.0526 8.9441 3.8058 -0.2635 4.4623 -0.0000 0.0000 0.0000 -31.0089 -6.0317 -11.3967 35.0835 -44.8717 -14.8722 -0.0000 0.0000 -1.6727 29.9559 21.8048 12.0831 -7.1250 0.0000 -0.0000 1.2490 54.7607 0.2995 -0.0000 0.0000 0.0000 34.2303 7.8371 -31.8499 -24.6128 35.8056 -8.0623 0.0000 -0.0000 -5.4381 -36.5809 0.0220 -0.0163 7.1250 -0.0000 -0.0000 -7.8756 -29.9053 -2.9253
0.2058 18.2791 2.6031 3.6715 -5.2089 -4.2925 0.0000 0.0000 0.0000 -16.4811 0.0369 -15.7334 7.1515 15.4581 49.4450 0.1971 -4.0636 -7.9630 0.8459 -5.8661 -16.3964 0.0000 0.0000 0.0000 12.6058 21.9974 -10.3126 -7.8144 -15.9810 51.8912 -0.3972 -8.7681 -18.1731 -1.0579 6.5396 -18.3583 -2.5785 0.7976 10.0882 -1.1078 0.7519 2.6349 0.2095 0.3829 -2.9314 -7.4184 -0.9468 -10.2767 8.6312 -1.1337 9.1362 3.8173 -0.3026 4.5035 0.0000 0.0000 0.0000 -29.9375 -6.3800 -11.8730 36.1828 -45.6385 -15.6530 -0.0000 0.0000 -2.2391 29.6957 21.6733 11.8936 -7.1250 0.0000 -0.0000 0.9965 54.5606 0.2341 0.0000 0.0000 0.0000 33.1109 7.9152 -32.2764 -25.1687 36.3759 -8.3898 0.0000 -0.0000 -5.5936 -36.9138 -0.2662 0.2000 7.1250 -0.0000 -0.0000 -8.1653 -30.2588 -2.9652
0.2120 18.4473 2.6137 3.6709 -5.0474 -4.1095 0.0000 0.0000 0.0000 -16.3645 -0.1306 -15.2975 6.7495 15.1173 47.9206 0.0883 -3.4377 -5.4500 0.8704 -5.9485 -16.6350 0.0000 0.0000 0.0000 12.6219 22.2931 -9.8543 -7.4502 -15.6995 50.5571 -0.1785 -9.5413 -16.2887 -0.9538 6.2194 -17.4223 -2.5799 0.7553 9.7988 -1.1069 0.7034 2.4932 0.2195 0.3599 -2.9178 -7.4670 -0.9408 -10.1215 8.6844 -1.1433 9.3064 3.8430 -0.3086 4.5307 -0.0000 0.0000 0.0000 -28.8856 -6.7032 -12.4362 37.2931 -46.3818 -16.4519 -0.0000 0.0000 -2.7421 29.2146 21.7297 11.6971 -7.1250 0.0000 -0.0000 0.4671 54.5221 0.1093 -0.0000 0.0000 0.0000 31.9236 8.0997 -32.8526 -25.6694 36.8804 -8.6885 0.0000 -0.0000 -5.3611 -37.1459 -0.1540 0.1167 7.1250 -0.0000 -0.0000 -8.3358 -30.1181 -3.0566
0.2222 18.6057 2.6256 3.6276 -4.8315 -3.8497 0.0000 0.0000 0.0000 -16.2070 -0.3888 -14.9253 6.3613 14.7696 46.4152 0.0219 -2.7302 -3.0358 0.8272 -5.8026 -16.2129 0.0000 0.0000 0.0000 12.6175 22.4796 -9.5048 -7.0970 -15.4131 49.2404 0.0267 -10.4422 -14.4461 -0.7282 5.4524 -15.2036 -2.4766 0.6635 9.4078 -1.0954 0.6034 2.3485 0.1888 0.3103 -2.8486 -7.5517 -0.9281 -10.0252 8.6986 -1.1345 9.5543 3.8646 -0.3077 4.5898 0.0000 0.0000 0.0000 -27.9043 -6.9832 -13.1016 38.4428 -47.1198 -17.2894 -0.0000 0.0000 -3.2360 28.9282 21.9573 11.6760 -7.1250 0.0000 -0.0000 0.1070 54.7121 0.0255 0.0000 0.0000 0.0000 30.6390 8.3571 -33.5021 -26.1227 37.3297 -8.9620 0.0000 -0.0000 -5.0673 -37.0928 0.0872 -0.0659 7.1250 -0.0000 -0.0000 -8.2692 -29.8192 -3.0913
0.2313 18.7534 2.6358 3.5758 -4.5982 -3.6214 0.0000 0.0000 0.0000 -16.0175 -0.7158 -14.5237 5.9856 14.4144 44.9240 -0.0061 -1.9367 -0.7297 0.6860 -5.2955 -14.7532 0.0000 0.0000 0.0000 12.6268 22.5393 -9.1619 -6.7611 -15.1274 47.9649 0.2106 -11.3716 -12.6597 -0.4218 4.1684 -11.5510 -2.3234 0.6014 9.1023 -1.1319 0.5415 2.1860 0.0742 0.2799 -2.8451 -7.5462 -0.9651 -9.9327 8.6587 -1.2039 9.8697 3.8497 -0.3449 4.6761 0.0000 -0.0000 0.0000 -26.7841 -7.3378 -13.5861 39.6616 -47.8681 -18.1879 -0.0000 0.0000 -4.1852 29.4494 22.0276 11.9562 -7.1250 0.0000 -0.0000 0.6523 54.8991 0.1586 0.0000 -0.0000 0.0000 29.3946 8.4949 -34.1037 -26.6127 37.8073 -9.2607 0.0000 -0.0000 -4.9888 -36.9259 0.4194 -0.3152 7.1250 -0.0000 -0.0000 -8.1046 -29.4098 -3.1085
0.2377 18.8903 2.6469 3.6002 -4.4185 -3.4972 0.0000 0.0000 0.0000 -15.8972 -0.9730 -14.0130 5.6215 14.0512 43.4429 -0.0011 -1.1061 1.3930 0.5386 -4.7023 -13.0615 0.0000 0.0000 0.0000 12.6172 22.5749 -8.6946 -6.4489 -14.8496 46.7576 0.2938 -11.7597 -11.6307 -0.3235 3.6558 -10.1104 -2.2620 0.5962 8.8993 -1.2063 0.5411 2.0164 -0.0364 0.2808 -2.9071 -7.5574 -1.0171 -9.6879 8.6714 -1.3016 10.0900 3.8507 -0.3971 4.7105 -0.0000 0.0000 0.0000 -25.5170 -7.8444 -14.0804 40.8215 -48.5491 -19.0527 -0.0000 0.0000 -5.0617 30.0932 21.5208 12.0019 -7.1250 0.0000 -0.0000 1.4565 54.4756 0.3392 -0.0000 0.0000 0.0000 28.1440 8.4885 -34.5118 -27.1428 38.3150 -9.5875 0.0000 -0.0000 -4.9394 -37.0373 0.5983 -0.4514 7.1250 -0.0000 -0.0000 -8.1724 -29.1862 -3.1789
0.2464 19.0156 2.6614 3.7089 -4.2800 -3.3915 0.0000 0.0000 0.0000 -15.8891 -1.1847 -13.4648 5.2790 13.6913 42.0146 0.0266 -0.5197 3.3189 0.4633 -4.3659 -12.1085 0.0000 0.0000 0.0000 12.4921 22.5213 -8.2328 -6.1686 -14.5897 45.6545 0.2540 -11.3136 -11.6060 -0.4872 4.4755 -12.4183 -2.2912 0.5904 8.6074 -1.2741 0.5358 1.8905 -0.0874 0.2788 -2.8751 -7.5973 -1.0422 -9.5801 8.6249 -1.3464 10.3716 3.8425 -0.4248 4.7821 0.0000 0.0000 0.0000 -24.2368 -8.5762 -14.9734 41.7201 -49.0566 -19.7289 -0.0000 0.0000 -5.3812 30.0462 21.3619 11.8980 -7.1250 0.0000 -0.0000 1.4383 54.2898 0.3284 0.0000 0.0000 0.0000 26.7469 8.5705 -34.9824 -27.6341 38.7772 -9.8937 0.0000 -0.0000 -4.7426 -37.2594 0.2953 -0.2247 7.1250 -0.0000 -0.0000 -8.3772 -29.5587 -3.1850
0.2556 19.1252 2.6730 3.7393 -4.1681 -3.2718 0.0000 0.0000 0.0000 -15.7808 -1.4537 -12.9363 4.9698 13.3497 40.6922 0.0664 -0.1597 4.9261 0.3824 -3.9713 -10.9960 0.0000 0.0000 0.0000 12.4333 22.5026 -7.8531 -5.9293 -14.3594 44.6972 0.1588 -10.4325 -12.0033 -0.6958 5.3322 -14.8585 -2.2363 0.5901 8.3085 -1.3252 0.5464 1.7810 -0.1699 0.2839 -2.8216 -7.5871 -1.0619 -9.6327 8.5340 -1.3810 10.7650 3.8144 -0.4447 4.9138 0.0000 0.0000 0.0000 -22.8434 -9.3190 -15.8641 42.5802 -49.5264 -20.3809 -0.0000 0.0000 -5.8424 29.5364 21.6083 11.7862 -7.1250 0.0000 -0.0000 0.8394 54.4558 0.1950 0.0000 0.0000 0.0000 25.2951 8.7707 -35.7074 -28.0502 39.1624 -10.1554 0.0000 -0.0000 -4.3531 -37.3156 0.4131 -0.3148 7.1250 -0.0000 -0.0000 -8.4082 -29.4114 -3.2269
0.2625 19.2194 2.6806 3.5393 -4.0732 -3.0707 0.0000 0.0000 0.0000 -15.3840 -1.8063 -12.5084 4.7006 13.0385 39.5126 0.1010 0.0399 5.9874 0.3166 -3.6172 -10.0022 0.0000 0.0000 0.0000 12.6285 22.6074 -7.6186 -5.7338 -14.1653 43.9038 0.0591 -9.3901 -12.2886 -0.6870 5.2990 -14.7632 -1.9882 0.5504 7.9546 -1.3073 0.5244 1.6709 -0.2854 0.2713 -2.7365 -7.5751 -1.0218 -9.6863 8.4761 -1.3367 11.1250 3.8018 -0.4241 5.0292 0.0000 -0.0000 0.0000 -21.3379 -9.6876 -16.4553 43.7069 -50.1190 -21.2417 -0.0000 0.0000 -6.9131 29.5676 21.7593 11.8770 -7.1250 0.0000 -0.0000 0.8399 54.6286 0.1987 0.0000 -0.0000 0.0000 23.7816 9.1088 -36.5057 -28.4746 39.5495 -10.4245 0.0000 -0.0000 -3.9252 -37.0839 0.9873 -0.7462 7.1250 -0.0000 -0.0000 -8.1671 -28.7028 -3.2715
0.2682 19.2998 2.6896 3.3017 -4.0274 -2.8735 0.0000 0.0000 0.0000 -14.9455 -2.1650 -12.0717 4.4724 12.7638 38.4905 0.1087 0.1602 6.1714 0.3533 -3.8187 -10.5672 0.0000 0.0000 0.0000 12.8979 22.8105 -7.4159 -5.5863 -14.0151 43.2978 -0.0340 -8.3057 -12.4900 -0.6653 5.2165 -14.5272 -1.7316 0.5245 7.5954 -1.2524 0.5210 1.5635 -0.3696 0.2680 -2.6458 -7.6020 -0.9902 -9.7057 8.3811 -1.2921 11.4340 3.7833 -0.4085 5.1234 0.0000 0.0000 0.0000 -19.8029 -10.0483 -17.0305 44.8707 -50.7050 -22.1387 -0.0000 0.0000 -8.2114 30.4802 22.1042 12.4881 -7.1250 0.0000 -0.0000 1.7552 55.2043 0.4398 0.0000 0.0000 0.0000 22.1551 9.4331 -37.1841 -28.9503 39.9765 -10.7288 0.0000 -0.0000 -3.7044 -37.0319 1.0220 -0.7709 7.1250 -0.0000 -0.0000 -8.1232 -28.6611 -3.2617
0.2759 19.3674 2.7028 3.1633 -3.9775 -2.7979 0.0000 0.0000 0.0000 -14.6606 -2.6420 -11.4386 4.2847 12.5299 37.6332 0.0798 0.5566 5.1670 0.4427 -4.2689 -11.8345 0.0000 0.0000 0.0000 13.0843 22.9368 -7.1219 -5.4790 -13.9037 42.8532 -0.1231 -7.2433 -12.7527 -0.8157 5.7630 -16.0984 -1.5238 0.5066 7.3350 -1.2407 0.5189 1.4667 -0.4720 0.2657 -2.5992 -7.5989 -1.0203 -9.7163 8.1936 -1.3246 11.7616 3.7248 -0.4358 5.2280 0.0000 0.0000 0.0000 -18.2556 -10.8002 -18.0621 45.7500 -51.1307 -22.8212 -0.0000 0.0000 -8.9876 30.7960 22.3300 12.7597 -7.1250 0.0000 -0.0000 2.0542 55.5235 0.5307 0.0000 0.0000 0.0000 20.4830 9.6854 -37.7112 -29.4614 40.4272 -11.0587 0.0000 -0.0000 -3.8349 -37.3067 0.9511 -0.7246 7.1250 -0.0000 -0.0000 -8.3428 -28.7425 -3.3353
0.2870 19.4205 2.7139 3.1628 -3.8096 -2.7679 0.0000 0.0000 0.0000 -14.5702 -3.3241 -10.7205 4.1324 12.3346 36.9260 0.0339 1.2175 3.2683 0.5346 -4.6848 -13.0118 0.0000 0.0000 0.0000 13.0758 22.8891 -6.8655 -5.4076 -13.8286 42.5552 -0.2057 -6.1936 -13.0099 -1.0758 6.5929 -18.5148 -1.4153 0.4590 7.1265 -1.2698 0.4663 1.3688 -0.5566 0.2389 -2.5828 -7.5802 -1.0313 -9.7635 8.0088 -1.3319 12.1215 3.6670 -0.4497 5.3469 -0.0000 0.0000 0.0000 -16.6237 -11.4766 -18.9916 46.5471 -51.5043 -23.4434 -0.0000 0.0000 -9.6966 30.4626 22.3466 12.6054 -7.1250 0.0000 -0.0000 1.6845 55.4690 0.4329 -0.0000 0.0000 0.0000 18.7822 10.0057 -38.3056 -29.9590 40.8582 -11.3828 0.0000 -0.0000 -4.0856 -37.6782 0.9983 -0.7709 7.1250 -0.0000 -0.0000 -8.6239 -28.6745 -3.4641
0.2979 19.4600 2.7207 3.0227 -3.6222 -2.7005 0.0000 0.0000 0.0000 -14.3231 -4.0978 -10.0691 4.0133 12.1780 36.3647 -0.0015 1.8529 1.1530 0.5595 -4.7912 -13.3140 0.0000 0.0000 0.0000 13.2290 22.8578 -6.6905 -5.3629 -13.7812 42.3679 -0.2749 -5.2206 -13.2051 -1.1879 6.9164 -19.4679 -1.1790 0.4215 6.9570 -1.2691 0.4356 1.2317 -0.6851 0.2222 -2.6279 -7.6482 -1.0150 -9.6692 8.0028 -1.3156 12.3442 3.6803 -0.4470 5.3986 -0.0000 -0.0000 0.0000 -14.8187 -11.9550 -19.5185 47.3295 -51.8600 -24.0573 -0.0000 0.0000 -10.9869 30.5961 22.4948 12.7476 -7.1250 0.0000 -0.0000 1.7992 55.6622 0.4709 -0.0000 -0.0000 0.0000 17.0656 10.2830 -38.9886 -30.4919 41.3113 -11.7330 0.0000 -0.0000 -4.2606 -37.8336 0.8748 -0.6794 7.1250 -0.0000 -0.0000 -8.7578 -28.8251 -3.4874
0.3061 19.4886 2.7266 2.8170 -3.5698 -2.7072 0.0000 0.0000 0.0000 -13.9816 -4.8019 -9.3914 3.9261 12.0614 35.9497 -0.0178 2.3671 -0.8312 0.4202 -4.1609 -11.5296 0.0000 0.0000 0.0000 13.5385 23.0191 -6.4098 -5.3389 -13.7555 42.2669 -0.3432 -4.1934 -13.4143 -1.0259 6.4430 -18.0753 -0.9102 0.4404 6.8666 -1.2567 0.4811 1.1200 -0.8274 0.2428 -2.6904 -7.7506 -0.9859 -9.5000 8.0867 -1.2911 12.5061 3.7278 -0.4374 5.4186 -0.0000 0.0000 0.0000 -13.0818 -12.8474 -20.5812 47.9589 -52.1384 -24.5533 -0.0000 0.0000 -11.9030 30.6879 22.5320 12.8121 -7.1250 0.0000 -0.0000 1.8923 55.7237 0.4981 -0.0000 0.0000 0.0000 15.3677 10.4384 -39.5712 -31.1498 41.8588 -12.1697 0.0000 -0.0000 -4.6412 -37.9528 0.6516 -0.5082 7.1250 -0.0000 -0.0000 -8.8757 -29.1021 -3.4763
0.3141 19.5058 2.7341 2.6783 -3.5787 -2.7702 0.0000 0.0000 0.0000 -13.7173 -5.5111 -8.6752 3.8636 11.9767 35.6497 -0.0230 3.0649 -2.6829 0.3157 -3.6122 -9.9880 0.0000 0.0000 0.0000 13.7848 23.1534 -6.1054 -5.3341 -13.7505 42.2470 -0.4086 -3.0099 -13.5572 -0.8550 5.8968 -16.4852 -0.7247 0.4690 6.7747 -1.2568 0.5334 1.0646 -0.9358 0.2672 -2.6942 -7.7257 -0.9550 -9.5273 8.0158 -1.2545 12.7880 3.7077 -0.4226 5.5071 -0.0000 -0.0000 0.0000 -11.4754 -14.1530 -22.3461 48.5830 -52.4078 -25.0469 -0.0000 0.0000 -12.0834 30.7291 22.5233 12.8280 -7.1250 0.0000 -0.0000 1.9397 55.7231 0.5105 -0.0000 -0.0000 0.0000 13.6809 10.6651 -40.2087 -31.9337 42.4942 -12.6960 0.0000 -0.0000 -5.1037 -38.3727 0.1832 -0.1451 7.1250 -0.0000 -0.0000 -9.2565 -29.6829 -3.4992
0.3223 19.5102 2.7447 2.5383 -3.4924 -2.8977 0.0000 0.0000 0.0000 -13.4834 -6.2327 -7.8546 3.8187 11.9151 35.4324 -0.0298 4.1179 -4.4310 0.3058 -3.5552 -9.8284 0.0000 0.0000 0.0000 14.0523 23.1692 -5.7404 -5.3481 -13.7654 42.3057 -0.4615 -1.8621 -13.6445 -0.8589 5.9101 -16.5238 -0.5652 0.4463 6.6974 -1.2327 0.5165 1.0560 -0.9983 0.2575 -2.6589 -7.7236 -0.9477 -9.5796 7.9206 -1.2374 12.9910 3.6812 -0.4198 5.5773 0.0000 0.0000 0.0000 -9.8339 -15.1296 -23.8496 49.5219 -52.8009 -25.7929 -0.0000 0.0000 -12.6596 31.3803 22.7061 13.2482 -7.1250 0.0000 -0.0000 2.6234 56.0712 0.7128 0.0000 0.0000 0.0000 11.9509 11.0447 -40.9085 -32.7607 43.1453 -13.2581 0.0000 -0.0000 -5.6389 -38.9414 -0.7685 0.6210 7.1250 -0.0000 -0.0000 -9.8168 -30.8806 -3.4314
0.3281 19.5018 2.7546 2.4456 -3.3868 -3.0965 0.0000 0.0000 0.0000 -13.3513 -7.0755 -6.9303 3.7868 11.8712 35.2777 -0.0611 5.5976 -5.7525 0.2358 -3.1251 -8.6274 0.0000 0.0000 0.0000 14.3217 23.1856 -5.2998 -5.3811 -13.8005 42.4441 -0.4984 -0.9317 -13.7054 -0.9869 6.3230 -17.7244 -0.4731 0.4223 6.6960 -1.2174 0.4918 1.0604 -1.0320 0.2445 -2.6533 -7.8497 -0.9401 -9.4123 7.9734 -1.2255 12.9664 3.7192 -0.4197 5.5408 0.0000 -0.0000 0.0000 -8.1322 -15.8406 -25.0605 50.5560 -53.2173 -26.6188 -0.0000 0.0000 -13.3705 31.9879 23.2648 13.8579 -7.1250 0.0000 -0.0000 3.1921 56.8322 0.9263 0.0000 -0.0000 0.0000 10.2234 11.4708 -41.6408 -33.6249 43.8049 -13.8528 0.0000 -0.0000 -6.3189 -39.2146 -1.4716 1.2005 7.1250 -0.0000 -0.0000 -10.1200 -31.7738 -3.3199
0.3307 19.4792 2.7586 2.4510 -3.3513 -3.2924 0.0000 0.0000 0.0000 -13.3280 -7.8938 -6.0932 3.7700 11.8479 35.1959 -0.1005 6.7404 -6.4367 0.2186 -3.0096 -8.3055 0.0000 0.0000 0.0000 14.4799 23.2940 -4.9251 -5.4327 -13.8551 42.6602 -0.5159 0.0174 -13.5660 -1.0240 6.4374 -18.0590 -0.5286 0.4117 6.7797 -1.2271 0.4720 1.0413 -1.0100 0.2350 -2.7204 -8.0102 -0.8764 -9.2177 8.1233 -1.1465 12.9044 3.7985 -0.3824 5.4826 0.0000 -0.0000 0.0000 -6.4580 -16.5859 -26.4671 51.5430 -53.5992 -27.4113 -0.0000 0.0000 -13.5333 31.9693 23.5526 14.0036 -7.1250 0.0000 -0.0000 3.1114 57.1486 0.9266 0.0000 -0.0000 0.0000 8.5067 11.9423 -42.4269 -34.5396 44.4806 -14.4898 0.0000 -0.0000 -6.8863 -39.2944 -0.8591 0.7030 7.1250 -0.0000 -0.0000 -10.1066 -30.9957 -3.5072
0.3335 19.4449 2.7646 2.4280 -3.3134 -3.4911 0.0000 0.0000 0.0000 -13.2520 -8.5303 -5.3228 3.7686 11.8460 35.1893 -0.1177 7.2021 -6.7592 0.2389 -3.1456 -8.6844 0.0000 0.0000 0.0000 14.6876 23.4528 -4.5509 -5.4993 -13.9250 42.9377 -0.5215 1.0204 -13.3276 -0.9523 6.2143 -17.4076 -0.5349 0.4014 6.8187 -1.2391 0.4571 1.0471 -1.0179 0.2275 -2.7363 -8.0268 -0.8453 -9.2446 8.1081 -1.1029 13.0208 3.8014 -0.3626 5.5196 0.0000 -0.0000 0.0000 -4.7786 -17.3532 -27.9751 52.6518 -54.0106 -28.3061 -0.0000 0.0000 -13.6256 31.7736 23.3880 13.8133 -7.1250 0.0000 -0.0000 2.9235 56.9198 0.8544 0.0000 -0.0000 0.0000 6.8580 12.3946 -43.2332 -35.6400 45.2638 -15.2662 0.0000 -0.0000 -7.3390 -39.7193 -0.4276 0.3552 7.1250 -0.0000 -0.0000 -10.3848 -30.4440 -3.7461
0.3341 19.3962 2.7693 2.4602 -3.1799 -3.6861 0.0000 0.0000 0.0000 -13.2049 -9.1549 -4.6261 3.7787 11.8599 35.2383 -0.1341 7.4177 -6.5608 0.2334 -3.1092 -8.5828 0.0000 0.0000 0.0000 14.8647 23.5875 -4.1909 -5.5853 -14.0140 43.2936 -0.5072 1.8922 -12.9335 -0.8850 5.9969 -16.7754 -0.6518 0.3690 6.8226 -1.2448 0.4058 1.0886 -0.9531 0.2031 -2.6972 -8.0480 -0.8648 -9.4229 8.0775 -1.1193 13.2325 3.7979 -0.3705 5.6175 -0.0000 -0.0000 0.0000 -3.0877 -18.1297 -29.5482 53.8445 -54.4331 -29.2738 -0.0000 0.0000 -13.8974 31.5199 23.0998 13.5288 -7.1250 0.0000 -0.0000 2.6979 56.5407 0.7637 -0.0000 -0.0000 0.0000 5.1987 12.8816 -44.0657 -36.8563 46.0931 -16.1365 0.0000 -0.0000 -7.8109 -40.1813 -0.5412 0.4570 7.1250 -0.0000 -0.0000 -10.7624 -30.5870 -3.8491
0.3330 19.3297 2.7711 2.6225 -3.0389 -3.9084 0.0000 0.0000 0.0000 -13.3183 -9.8177 -3.9013 3.7974 11.8858 35.3293 -0.1275 7.1228 -6.1095 0.2566 -3.2588 -9.0002 0.0000 0.0000 0.0000 14.8999 23.6642 -3.8479 -5.6888 -14.1198 43.7196 -0.4644 2.6236 -12.2382 -0.9074 6.0704 -16.9887 -0.9350 0.3347 6.9541 -1.2885 0.3358 1.1018 -0.8338 0.1707 -2.7591 -8.0039 -0.8296 -9.4104 8.0434 -1.0714 13.1787 3.7822 -0.3476 5.5942 0.0000 -0.0000 0.0000 -1.4178 -18.9161 -31.1154 55.1065 -54.8583 -30.3031 -0.0000 0.0000 -14.1792 31.4283 22.9147 13.3836 -7.1250 0.0000 -0.0000 2.6340 56.3141 0.7311 0.0000 -0.0000 0.0000 3.5765 13.3948 -44.8417 -38.2250 46.9824 -17.1299 0.0000 -0.0000 -8.2754 -40.1811 -0.9211 0.7778 7.1250 -0.0000 -0.0000 -10.8145 -31.0756 -3.7394
0.3329 19.2502 2.7730 2.8272 -2.9005 -4.0721 0.0000 0.0000 0.0000 -13.4382 -10.3326 -3.3251 3.8185 11.9149 35.4315 -0.1057 6.3270 -5.1135 0.3586 -3.8473 -10.6474 0.0000 0.0000 0.0000 14.8547 23.8047 -3.6284 -5.8039 -14.2356 44.1896 -0.4043 3.1134 -11.3446 -0.9665 6.2593 -17.5388 -1.2145 0.2988 7.0335 -1.3736 0.2627 1.0965 -0.7584 0.1368 -2.8104 -7.9524 -0.7483 -9.3437 8.0384 -0.9633 12.9838 3.7768 -0.2937 5.5128 -0.0000 0.0000 0.0000 0.2586 -19.7370 -32.7100 56.3660 -55.2612 -31.3356 -0.0000 0.0000 -14.1363 31.3751 22.9026 13.3502 -7.1250 0.0000 -0.0000 2.5769 56.2886 0.7137 -0.0000 0.0000 0.0000 2.0101 13.9150 -45.5611 -39.7154 47.9004 -18.2278 0.0000 -0.0000 -8.5380 -40.2691 -1.3005 1.1015 7.1250 -0.0000 -0.0000 -10.9363 -31.5639 -3.6523
0.3316 19.1592 2.7729 3.0167 -2.7349 -4.1976 0.0000 0.0000 0.0000 -13.4770 -10.7587 -2.8883 3.8390 11.9430 35.5307 -0.0810 5.2641 -3.5338 0.4574 -4.3383 -12.0305 0.0000 0.0000 0.0000 14.8435 24.0733 -3.4880 -5.9255 -14.3558 44.6821 -0.3346 3.2446 -10.2931 -0.9994 6.3620 -17.8384 -1.4760 0.2653 7.1104 -1.4600 0.1923 1.0273 -0.6949 0.1045 -2.9256 -7.9636 -0.6620 -9.1377 8.1254 -0.8646 12.8515 3.8108 -0.2439 5.4280 0.0000 0.0000 0.0000 1.9255 -20.6330 -34.2948 57.7580 -55.6823 -32.4823 -0.0000 0.0000 -14.0812 31.2776 22.8376 13.2665 -7.1250 0.0000 -0.0000 2.4816 56.1944 0.6816 0.0000 0.0000 0.0000 0.4926 14.4305 -46.2079 -41.2423 48.7889 -19.3687 0.0000 -0.0000 -8.5365 -40.6717 -1.0075 0.8656 7.1250 -0.0000 -0.0000 -11.2138 -31.1876 -3.8514
0.3285 19.0622 2.7754 3.1445 -2.5760 -4.3641 0.0000 0.0000 0.0000 -13.4763 -11.1880 -2.3854 3.8622 11.9747 35.6427 -0.0466 3.8671 -1.9944 0.6087 -4.9939 -13.8911 0.0000 0.0000 0.0000 14.9835 24.4250 -3.2148 -6.0439 -14.4707 45.1576 -0.2682 3.2339 -9.2040 -1.0161 6.4131 -17.9878 -1.7439 0.2180 7.2119 -1.4875 0.1038 0.9724 -0.5653 0.0638 -3.0396 -7.9714 -0.6030 -8.8865 8.1296 -0.7953 12.7237 3.8152 -0.2150 5.3394 0.0000 0.0000 0.0000 3.5558 -21.4172 -35.7667 59.2973 -56.1198 -33.7570 -0.0000 0.0000 -14.2512 31.5864 22.8296 13.4181 -7.1250 0.0000 -0.0000 2.8284 56.2553 0.7812 0.0000 0.0000 0.0000 -1.0983 15.0053 -46.8204 -42.8424 49.6666 -20.5806 0.0000 -0.0000 -8.5187 -40.8054 -0.7376 0.6368 7.1250 -0.0000 -0.0000 -11.2801 -30.8383 -3.9714
0.3283 18.9557 2.7808 3.2193 -2.4269 -4.5326 0.0000 0.0000 0.0000 -13.4808 -11.6205 -1.8288 3.9036 12.0310 35.8419 -0.0113 1.9979 -1.4253 1.0272 -6.4469 -18.0868 0.0000 0.0000 0.0000 15.2198 24.8524 -2.8889 -6.1635 -14.5849 45.6344 -0.1994 3.3495 -7.9440 -0.9625 6.2468 -17.5021 -1.9031 0.1659 7.2497 -1.5159 0.0202 0.9893 -0.4972 0.0239 -3.0430 -7.9965 -0.5765 -8.8863 8.1618 -0.7576 12.6713 3.8315 -0.1956 5.3200 0.0000 0.0000 0.0000 5.2371 -22.2171 -37.2872 60.8957 -56.5439 -35.0874 -0.0000 0.0000 -14.5043 31.8720 22.7803 13.5362 -7.1250 0.0000 -0.0000 3.1582 56.2651 0.8731 0.0000 0.0000 0.0000 -2.6981 15.6073 -47.5120 -44.6767 50.6091 -21.9886 0.0000 -0.0000 -8.3804 -40.6193 -0.5344 0.4583 7.1250 -0.0000 -0.0000 -11.1048 -30.5759 -3.9787
0.3307 18.8322 2.7835 3.3213 -2.2349 -4.5744 0.0000 0.0000 0.0000 -13.5246 -12.0815 -1.4172 3.9744 12.1263 36.1801 0.0179 -0.3088 -2.4374 2.0011 -8.8683 -25.3842 0.0000 0.0000 0.0000 15.3782 25.3963 -2.7365 -6.2973 -14.7104 46.1637 -0.1484 3.9466 -6.9686 -0.9219 6.1174 -17.1254 -2.0244 0.0991 7.2065 -1.5885 -0.0802 0.9485 -0.4943 -0.0248 -3.0606 -7.8923 -0.5304 -8.9408 8.1221 -0.6970 12.5944 3.8048 -0.1625 5.3001 0.0000 0.0000 0.0000 6.9949 -22.9395 -38.6564 62.6260 -56.9700 -36.5346 -0.0000 0.0000 -15.1719 32.4416 22.8351 13.8570 -7.1250 0.0000 -0.0000 3.7891 56.4566 1.0654 0.0000 0.0000 0.0000 -4.2205 16.1718 -48.1001 -46.7025 51.5758 -23.5651 0.0000 -0.0000 -8.0564 -40.5533 -0.2482 0.2124 7.1250 -0.0000 -0.0000 -11.0120 -30.2066 -4.0434
0.3327 18.6925 2.7852 3.3281 -2.1010 -4.5937 0.0000 0.0000 0.0000 -13.4695 -12.3944 -1.0942 4.0660 12.2478 36.6142 0.0638 -1.9392 -4.4912 2.1016 -9.0745 -26.0288 0.0000 0.0000 0.0000 15.6666 25.9189 -2.5528 -6.4671 -14.8662 46.8286 -0.1669 5.3406 -7.6455 -1.2850 7.1831 -20.2591 -2.0249 0.0442 7.1492 -1.6608 -0.1555 0.8807 -0.5614 -0.0621 -3.0984 -7.7623 -0.5101 -8.9156 8.0819 -0.6807 12.5116 3.7699 -0.1516 5.2685 0.0000 -0.0000 0.0000 8.8561 -23.5452 -39.7492 64.2824 -57.3471 -37.9263 -0.0000 0.0000 -16.0617 33.5467 22.8170 14.4199 -7.1250 0.0000 -0.0000 5.0480 56.6928 1.4494 0.0000 -0.0000 0.0000 -5.6703 16.6437 -48.4687 -48.8714 52.5301 -25.2756 0.0000 -0.0000 -7.7136 -40.6263 -0.0354 0.0304 7.1250 -0.0000 -0.0000 -11.0382 -29.9307 -4.1275
0.3306 18.5451 2.7860 3.3219 -2.0445 -4.7029 0.0000 0.0000 0.0000 -13.3756 -12.5681 -0.8343 4.1753 12.3901 37.1262 0.1443 -2.6581 -6.7494 2.2054 -9.2814 -26.6795 0.0000 0.0000 0.0000 16.0490 26.3062 -2.2015 -6.6819 -15.0581 47.6608 -0.2738 7.2495 -9.9129 -0.6544 5.1743 -14.4064 -2.1325 0.0035 7.1760 -1.6616 -0.2196 0.8587 -0.4958 -0.0923 -3.1354 -7.8064 -0.4866 -8.7866 8.1294 -0.6506 12.3621 3.7916 -0.1382 5.1979 -0.0000 -0.0000 0.0000 10.6829 -24.2699 -41.1939 65.7909 -57.6653 -39.1987 -0.0000 0.0000 -16.3626 34.0372 22.5260 14.5081 -7.1250 0.0000 -0.0000 5.6521 56.4782 1.5942 -0.0000 -0.0000 0.0000 -7.2016 17.1957 -48.8992 -51.2870 53.5016 -27.2054 0.0000 -0.0000 -7.4092 -40.6125 -0.0518 0.0444 7.1250 -0.0000 -0.0000 -11.0299 -29.9521 -4.1186
0.3294 18.4016 2.7881 3.4085 -1.9894 -4.8539 0.0000 0.0000 0.0000 -13.3575 -12.7538 -0.6786 4.2986 12.5475 37.6973 0.2397 -3.8510 -8.7231 2.5875 -9.9952 -28.9612 0.0000 0.0000 0.0000 16.3194 26.5794 -1.8604 -6.9386 -15.2800 48.6417 -0.5629 6.0352 -13.4020 -0.5969 4.9459 -13.7542 -2.3246 -0.0220 7.2563 -1.6690 -0.2720 0.8503 -0.3905 -0.1157 -3.1878 -7.9377 -0.4654 -8.6484 8.2425 -0.6200 12.1989 3.8485 -0.1246 5.1217 -0.0000 -0.0000 0.0000 12.4439 -25.0747 -42.8718 67.4210 -57.9832 -40.5784 -0.0000 0.0000 -16.2101 34.0518 22.2911 14.3781 -7.1250 0.0000 -0.0000 5.7014 56.2148 1.5718 -0.0000 -0.0000 0.0000 -8.8642 17.9193 -49.6353 -53.6777 54.3752 -29.1382 0.0000 -0.0000 -6.8635 -40.7513 -0.1318 0.1136 7.1250 -0.0000 -0.0000 -11.1495 -30.0539 -4.1371
0.3302 18.2531 2.7904 3.4625 -1.8835 -4.9439 0.0000 0.0000 0.0000 -13.2748 -12.8751 -0.6932 4.4355 12.7184 38.3235 0.3324 -5.7542 -10.4165 2.7758 -10.3229 -30.0289 0.0000 0.0000 0.0000 16.5757 26.8581 -1.6348 -7.2154 -15.5106 49.6843 -0.7868 5.3673 -15.8111 -0.7137 5.3988 -15.0495 -2.4005 -0.0624 7.2868 -1.6926 -0.3345 0.8313 -0.3661 -0.1455 -3.2236 -8.0538 -0.4257 -8.5730 8.3800 -0.5648 12.0224 3.9123 -0.0953 5.0500 0.0000 0.0000 0.0000 14.2353 -25.8173 -44.4570 69.1345 -58.2893 -42.0337 -0.0000 0.0000 -15.9856 34.1098 22.3427 14.4385 -7.1250 0.0000 -0.0000 5.7603 56.2870 1.5981 0.0000 0.0000 0.0000 -10.5734 18.6121 -50.3482 -55.9962 55.1450 -31.0319 0.0000 -0.0000 -5.9928 -40.9331 -0.0139 0.0120 7.1250 -0.0000 -0.0000 -11.2734 -29.8985 -4.2274
0.3309 18.0928 2.7893 3.4575 -1.8323 -5.0617 0.0000 0.0000 0.0000 -13.1401 -12.8109 -0.7585 4.5920 12.9091 39.0291 0.4543 -7.1497 -12.2594 2.3620 -9.5826 -27.6355 0.0000 0.0000 0.0000 16.9409 27.2248 -1.4013 -7.4923 -15.7328 50.7124 -0.9907 5.9032 -17.7641 -0.8815 5.9851 -16.7413 -2.3862 -0.0965 7.3750 -1.7300 -0.3840 0.8058 -0.4077 -0.1698 -3.2992 -8.0291 -0.3956 -8.6077 8.4089 -0.5272 11.9931 3.9196 -0.0732 5.0436 -0.0000 -0.0000 0.0000 16.0664 -26.4849 -45.8948 70.8887 -58.5739 -43.5283 -0.0000 0.0000 -15.7578 34.1826 22.4144 14.5186 -7.1250 0.0000 -0.0000 5.8337 56.3855 1.6325 -0.0000 -0.0000 0.0000 -12.2347 19.2045 -50.8195 -58.3270 55.8474 -32.9528 0.0000 -0.0000 -4.9511 -41.0657 0.2800 -0.2440 7.1250 -0.0000 -0.0000 -11.3321 -29.5146 -4.3561
0.3298 17.9324 2.7880 3.6445 -1.7902 -5.2917 0.0000 0.0000 0.0000 -13.2788 -12.5857 -0.8341 4.7884 13.1415 39.9003 0.6405 -7.6349 -14.4337 2.1764 -9.2242 -26.4992 0.0000 0.0000 0.0000 17.1753 27.5372 -1.0399 -7.7552 -15.9363 51.6762 -1.2487 6.6042 -19.9719 -0.7540 5.5460 -15.4727 -2.6362 -0.1134 7.6086 -1.7777 -0.4388 0.7840 -0.3108 -0.1925 -3.4505 -8.0447 -0.3824 -8.5527 8.4253 -0.5126 11.9799 3.9279 -0.0668 5.0288 0.0000 0.0000 0.0000 17.7575 -27.1634 -47.2520 72.7083 -58.8395 -45.0833 -0.0000 0.0000 -15.2460 34.2064 22.6042 14.6427 -7.1250 0.0000 -0.0000 5.8350 56.6068 1.6642 0.0000 0.0000 0.0000 -13.9255 19.8077 -51.2134 -60.8451 56.5309 -35.0451 0.0000 -0.0000 -4.0927 -40.9860 0.6925 -0.6017 7.1250 -0.0000 -0.0000 -11.2085 -28.9801 -4.4522
0.3282 17.7785 2.7849 3.9772 -1.6997 -5.5048 0.0000 0.0000 0.0000 -13.5843 -12.2899 -1.1195 5.0274 13.4145 40.9407 0.8343 -8.2385 -16.4307 2.0450 -8.9593 -25.6680 0.0000 0.0000 0.0000 17.1929 27.7573 -0.7897 -8.0078 -16.1250 52.5909 -1.5584 6.4782 -22.3833 -0.5854 4.8989 -13.6205 -3.0645 -0.1427 7.8652 -1.8292 -0.5285 0.7512 -0.1136 -0.2291 -3.6237 -8.1886 -0.3501 -8.3313 8.5261 -0.4680 11.7823 3.9826 -0.0494 4.9267 0.0000 -0.0000 0.0000 19.3483 -27.8950 -48.5493 74.4940 -59.0717 -46.6133 -0.0000 0.0000 -14.6231 34.3416 22.3580 14.5684 -7.1250 0.0000 -0.0000 6.0228 56.3586 1.6818 0.0000 -0.0000 0.0000 -15.6451 20.4426 -51.5243 -63.6033 57.1961 -37.3550 0.0000 -0.0000 -3.4622 -40.8773 1.1467 -0.9924 7.1250 -0.0000 -0.0000 -11.0570 -28.3937 -4.5468
0.3240 17.6215 2.7727 4.0416 -1.5971 -5.7299 0.0000 0.0000 0.0000 -13.5721 -12.0028 -1.5597 5.3065 13.7209 42.1306 0.9991 -9.3122 -18.0360 1.7550 -8.3359 -23.7391 0.0000 0.0000 0.0000 17.5204 27.8957 -0.6234 -8.2579 -16.3057 53.4862 -1.8670 5.9128 -24.6271 -0.5691 4.8313 -13.4281 -3.2222 -0.1729 8.2086 -1.8127 -0.5981 0.7558 0.0009 -0.2589 -3.8079 -8.3247 -0.3888 -8.1066 8.5568 -0.5086 11.5000 4.0069 -0.0778 4.8059 -0.0000 -0.0000 0.0000 20.9430 -28.6701 -49.9027 76.4298 -59.2926 -48.2758 -0.0000 0.0000 -13.9899 34.3723 21.5957 14.1306 -7.1250 0.0000 -0.0000 6.1512 55.4961 1.5891 -0.0000 -0.0000 0.0000 -17.2685 21.0168 -51.8257 -66.5761 57.8218 -39.8627 0.0000 -0.0000 -2.7448 -41.3252 1.8434 -1.6202 7.1250 -0.0000 -0.0000 -11.2896 -27.4698 -4.8975
0.3160 17.4643 2.7579 3.9786 -1.5227 -6.0748 0.0000 0.0000 0.0000 -13.4339 -11.6303 -1.9934 5.6315 14.0615 43.4843 1.1779 -9.9577 -19.5844 1.5488 -7.8553 -22.2754 0.0000 0.0000 0.0000 18.0659 27.8831 -0.4019 -8.5186 -16.4877 54.4099 -2.1903 5.4967 -26.8165 -0.6053 4.9800 -13.8516 -3.2429 -0.1865 8.6928 -1.8044 -0.6394 0.8026 0.0282 -0.2766 -4.0289 -8.3979 -0.4200 -7.9571 8.6557 -0.5565 11.3333 4.0442 -0.1014 4.7339 -0.0000 0.0000 0.0000 22.5275 -29.4063 -51.1603 78.5229 -59.4964 -50.0773 -0.0000 0.0000 -13.2079 34.3698 20.8716 13.6945 -7.1250 0.0000 -0.0000 6.2278 54.6667 1.4832 -0.0000 0.0000 0.0000 -18.7183 21.5407 -52.1230 -69.7742 58.3964 -42.5782 0.0000 -0.0000 -1.9140 -41.4119 2.3831 -2.1003 7.1250 -0.0000 -0.0000 -11.2695 -26.7611 -5.0803
0.3086 17.3226 2.7456 4.1352 -1.4141 -6.4950 0.0000 0.0000 0.0000 -13.5629 -11.1449 -2.4641 5.9977 14.4261 44.9723 1.4049 -9.8346 -21.3043 1.4819 -7.6912 -21.7801 0.0000 0.0000 0.0000 18.3549 27.7246 -0.2099 -8.7944 -16.6736 55.3763 -2.5282 5.0020 -28.9795 -0.6349 5.0980 -14.1883 -3.4670 -0.2311 9.2745 -1.8856 -0.7530 0.8161 0.0867 -0.3256 -4.3359 -8.3284 -0.3695 -7.7926 8.7008 -0.5116 11.2754 4.0479 -0.0772 4.6840 0.0000 0.0000 0.0000 23.9569 -29.9252 -52.0552 80.7671 -59.6754 -52.0128 -0.0000 0.0000 -12.4246 34.5110 20.3202 13.4290 -7.1250 0.0000 -0.0000 6.4372 54.0643 1.4388 0.0000 0.0000 0.0000 -20.0698 22.2089 -52.3008 -73.0134 58.8812 -45.3444 0.0000 -0.0000 -1.2153 -41.1474 2.8214 -2.4628 7.1250 -0.0000 -0.0000 -11.0032 -26.2051 -5.1022
0.2996 17.1924 2.7300 4.2517 -1.3202 -6.8439 0.0000 0.0000 0.0000 -13.6176 -10.6776 -3.0876 6.3941 14.7996 46.5434 1.6105 -9.7114 -22.7761 1.3573 -7.3745 -20.8298 0.0000 0.0000 0.0000 18.6574 27.5972 -0.1525 -9.0828 -16.8607 56.3759 -2.8281 4.1503 -30.8781 -0.6043 4.9759 -13.8397 -3.6556 -0.2664 9.8090 -1.9396 -0.8503 0.8202 0.1526 -0.3665 -4.6263 -8.2439 -0.3430 -7.7504 8.6832 -0.4888 11.3029 4.0297 -0.0644 4.6830 -0.0000 0.0000 0.0000 25.2525 -30.4005 -52.8246 83.2250 -59.8258 -54.1361 -0.0000 0.0000 -11.7529 34.7906 19.8524 13.2758 -7.1250 0.0000 -0.0000 6.7826 53.5856 1.4371 -0.0000 0.0000 0.0000 -21.4132 22.8302 -52.4283 -76.4122 59.2907 -48.2606 0.0000 -0.0000 -0.9320 -41.2606 3.2963 -2.8878 7.1250 -0.0000 -0.0000 -11.0121 -25.5796 -5.2706
0.2872 17.0729 2.7110 4.1738 -1.2380 -7.1698 0.0000 0.0000 0.0000 -13.4445 -10.3396 -3.7423 6.7977 15.1592 48.1051 1.7608 -9.8053 -23.8161 1.3201 -7.2769 -20.5385 0.0000 0.0000 0.0000 19.1676 27.4373 -0.1636 -9.3690 -17.0394 57.3577 -3.0975 3.2750 -32.5572 -0.4817 4.4506 -12.3480 -3.6794 -0.3167 10.2968 -1.9028 -0.9429 0.8545 0.2209 -0.4081 -4.8594 -8.3878 -0.3187 -7.6554 8.8289 -0.4598 11.2530 4.1005 -0.0496 4.6490 -0.0000 0.0000 0.0000 26.3759 -30.7838 -53.4206 85.7586 -59.9319 -56.3277 -0.0000 0.0000 -11.1481 35.2543 19.3707 13.1944 -7.1250 0.0000 -0.0000 7.3202 53.1266 1.4697 -0.0000 0.0000 0.0000 -22.7550 23.3769 -52.4811 -80.0218 59.6204 -51.3697 0.0000 -0.0000 -1.0470 -41.2434 3.3343 -2.9192 7.1250 -0.0000 -0.0000 -10.9934 -25.5314 -5.2740
0.2741 16.9704 2.6940 4.1880 -1.1838 -7.5049 0.0000 0.0000 0.0000 -13.4038 -10.1360 -4.3190 7.1853 15.4859 49.5716 1.8940 -9.7084 -24.6998 1.4064 -7.5014 -21.2096 0.0000 0.0000 0.0000 19.5157 27.2018 -0.2393 -9.6396 -17.2021 58.2767 -3.3442 2.7133 -34.0069 -0.4553 4.3288 -12.0035 -3.8282 -0.3483 10.7764 -1.8703 -1.0259 0.8732 0.3547 -0.4418 -5.1025 -8.5910 -0.2916 -7.4128 9.0182 -0.4330 11.1457 4.1931 -0.0391 4.5726 -0.0000 0.0000 0.0000 27.3502 -31.1425 -53.8160 88.1743 -59.9874 -58.4189 -0.0000 0.0000 -10.4069 35.6457 18.9209 13.0909 -7.1250 0.0000 -0.0000 7.7675 52.6857 1.4763 -0.0000 0.0000 0.0000 -24.0157 23.9020 -52.3561 -83.6868 59.8489 -54.5354 0.0000 -0.0000 -1.3145 -41.1680 3.5286 -3.0807 7.1250 -0.0000 -0.0000 -10.9070 -25.2838 -5.2952
0.2608 16.8842 2.6815 4.0788 -1.3037 -7.8130 0.0000 0.0000 0.0000 -13.1896 -9.9428 -4.7846 7.5320 15.7640 50.8589 2.0271 -9.4284 -25.5567 1.4970 -7.7287 -21.8930 0.0000 0.0000 0.0000 20.0110 27.0763 -0.3401 -9.8810 -17.3424 59.0899 -3.5404 2.2372 -35.1395 -0.5515 4.7574 -13.2178 -3.8377 -0.3285 11.1478 -1.8157 -1.0164 0.9196 0.4191 -0.4342 -5.2603 -8.5390 -0.3115 -7.1321 8.9289 -0.4652 10.9230 4.1493 -0.0640 4.4604 -0.0000 0.0000 0.0000 28.2781 -31.4686 -54.2069 90.5898 -59.9987 -60.5108 -0.0000 0.0000 -9.6717 35.8638 18.5158 12.9296 -7.1250 0.0000 -0.0000 8.0187 52.2574 1.4401 -0.0000 0.0000 0.0000 -25.1807 24.3400 -52.1539 -87.1599 59.9695 -57.5407 0.0000 -0.0000 -1.5936 -41.4094 4.0627 -3.5753 7.1250 -0.0000 -0.0000 -10.9982 -24.5697 -5.5271
0.2488 16.8084 2.6730 3.8128 -1.5958 -8.0605 0.0000 0.0000 0.0000 -12.7717 -9.7779 -5.0763 7.8119 15.9791 51.8822 2.1296 -9.4802 -26.2075 1.4653 -7.6501 -21.6563 0.0000 0.0000 0.0000 20.6729 27.0223 -0.3905 -10.0805 -17.4549 59.7572 -3.7004 1.5158 -36.1306 -0.5936 4.9324 -13.7160 -3.6078 -0.2651 11.3098 -1.7774 -0.9065 1.0175 0.3143 -0.3858 -5.2542 -8.4075 -0.3439 -6.9762 8.8623 -0.5172 10.7074 4.0993 -0.0914 4.3732 -0.0000 -0.0000 0.0000 29.1730 -31.7493 -54.4307 93.0870 -59.9640 -62.6731 -0.0000 0.0000 -9.0060 36.4409 18.1404 12.9467 -7.1250 0.0000 -0.0000 8.6467 51.9360 1.4859 -0.0000 -0.0000 0.0000 -26.1126 24.6588 -51.9052 -90.5978 59.9987 -60.5177 0.0000 -0.0000 -1.9372 -41.8309 4.4243 -3.9499 7.1250 -0.0000 -0.0000 -11.2451 -24.0610 -5.7910
0.2372 16.7454 2.6682 3.8448 -1.9416 -8.2674 0.0000 0.0000 0.0000 -12.7326 -9.7030 -5.1072 7.9977 16.1175 52.5543 2.2067 -9.7852 -26.6915 1.4229 -7.5434 -21.3356 0.0000 0.0000 0.0000 20.9078 26.8454 -0.3954 -10.2226 -17.5332 60.2299 -3.8145 0.5097 -36.9667 -0.5961 4.9426 -13.7451 -3.6609 -0.1548 11.2478 -1.8403 -0.7608 1.1863 0.2554 -0.3183 -5.0468 -8.3889 -0.3502 -7.0810 8.9992 -0.5351 10.6864 4.1387 -0.0896 4.3860 0.0000 0.0000 0.0000 29.9905 -31.9516 -54.5672 95.4197 -59.8887 -64.6918 -0.0000 0.0000 -8.3822 37.1715 17.7245 12.9987 -7.1250 0.0000 -0.0000 9.4303 51.5948 1.5431 0.0000 0.0000 0.0000 -26.9301 24.9347 -51.7031 -93.8841 59.9429 -63.3631 0.0000 -0.0000 -2.0613 -42.0256 4.3563 -3.9161 7.1250 -0.0000 -0.0000 -11.3976 -24.1326 -5.8533
0.2246 16.7057 2.6680 4.0781 -2.3574 -8.3702 0.0000 0.0000 0.0000 -12.9194 -9.6317 -4.9762 8.0695 16.1701 52.8126 2.2528 -10.0492 -26.9794 1.4010 -7.4874 -21.1677 0.0000 0.0000 0.0000 20.7993 26.7113 -0.5234 -10.3075 -17.5792 60.5113 -3.9029 -0.0359 -37.5561 -0.6389 5.1137 -14.2330 -3.8868 -0.0119 10.9867 -1.9779 -0.5866 1.3253 0.2111 -0.2351 -4.7600 -8.3310 -0.3689 -7.0643 9.1419 -0.5833 10.6535 4.1709 -0.1035 4.3773 0.0000 -0.0000 0.0000 30.6782 -32.0967 -54.5347 97.5147 -59.7855 -66.5033 -0.0000 0.0000 -7.8261 37.9465 17.5135 13.2061 -7.1250 0.0000 -0.0000 10.2551 51.5040 1.6574 0.0000 -0.0000 0.0000 -27.6022 25.2720 -51.4415 -96.7552 59.8269 -65.8468 0.0000 -0.0000 -1.8699 -42.0356 4.3710 -3.9305 7.1250 -0.0000 -0.0000 -11.4023 -24.1126 -5.8612
0.2109 16.6908 2.6732 4.3231 -2.8315 -8.4199 0.0000 0.0000 0.0000 -13.1240 -9.5646 -4.6640 8.0320 16.1428 52.6780 2.2803 -10.2462 -27.1505 1.3848 -7.4459 -21.0434 0.0000 0.0000 0.0000 20.6030 26.5987 -0.6530 -10.3253 -17.5887 60.5701 -3.9712 -0.1943 -37.9339 -0.6378 5.1096 -14.2214 -4.1181 0.1365 10.6781 -2.0948 -0.4032 1.3754 0.1916 -0.1455 -4.5407 -8.3362 -0.3746 -6.7729 9.2698 -0.6183 10.5173 4.2068 -0.1207 4.2897 0.0000 -0.0000 0.0000 31.1185 -32.1965 -54.2268 99.2048 -59.6774 -67.9630 -0.0000 0.0000 -7.1459 38.6477 17.6046 13.5960 -7.1250 0.0000 -0.0000 11.0106 51.7609 1.8518 0.0000 -0.0000 0.0000 -28.1886 25.6711 -51.0412 -99.0482 59.6884 -67.8278 0.0000 -0.0000 -1.5298 -42.0022 4.4712 -4.0155 7.1250 -0.0000 -0.0000 -11.3612 -23.9840 -5.8737
0.1949 16.6924 2.6855 4.4813 -3.4059 -8.5095 0.0000 0.0000 0.0000 -13.2381 -9.4042 -4.1449 7.9045 16.0486 52.2181 2.2757 -10.5146 -27.1306 1.3250 -7.2898 -20.5768 0.0000 0.0000 0.0000 20.4662 26.4380 -0.6459 -10.2719 -17.5599 60.3933 -4.0126 -0.1618 -38.1244 -0.5365 4.6933 -13.0358 -4.2324 0.2933 10.4024 -2.2042 -0.1980 1.3537 0.1127 -0.0449 -4.4169 -8.3909 -0.3459 -6.5410 9.4887 -0.6225 10.6544 4.2858 -0.1182 4.2920 -0.0000 -0.0000 0.0000 31.3751 -32.2872 -53.6365 100.4564 -59.5828 -69.0428 -0.0000 0.0000 -6.3897 39.3266 17.6046 13.9167 -7.1250 0.0000 -0.0000 11.7451 51.9066 2.0204 -0.0000 -0.0000 0.0000 -28.5555 26.0991 -50.4147 -100.9003 59.5462 -69.4255 0.0000 -0.0000 -1.2373 -42.2377 4.6984 -4.2532 7.1250 -0.0000 -0.0000 -11.4925 -23.6632 -6.0312
0.1758 16.7118 2.6983 4.3868 -4.0301 -8.5508 0.0000 0.0000 0.0000 -13.0422 -9.1516 -3.6125 7.7210 15.9102 51.5514 2.2405 -10.5838 -26.9196 1.3487 -7.3523 -20.7632 0.0000 0.0000 0.0000 20.6132 26.3165 -0.5600 -10.1486 -17.4926 59.9838 -4.0156 0.0564 -38.0760 -0.4451 4.2806 -11.8674 -4.0624 0.4140 10.1987 -2.2772 -0.0153 1.2306 -0.0841 0.0433 -4.4384 -8.4195 -0.3195 -6.4252 9.6966 -0.6397 11.0619 4.3610 -0.1181 4.3968 -0.0000 -0.0000 0.0000 31.4540 -32.3099 -52.7917 101.3799 -59.5050 -69.8389 -0.0000 0.0000 -5.6979 39.8347 17.4089 14.0137 -7.1250 0.0000 -0.0000 12.2850 51.7794 2.0769 -0.0000 -0.0000 0.0000 -28.6508 26.6438 -49.6017 -102.2326 59.4270 -70.5734 0.0000 -0.0000 -0.8816 -42.7374 4.9125 -4.5240 7.1250 -0.0000 -0.0000 -11.8141 -23.3309 -6.2995
0.1564 16.7550 2.7156 4.4921 -4.5063 -8.5181 0.0000 0.0000 0.0000 -13.1339 -8.9720 -3.0778 7.5015 15.7401 50.7467 2.1849 -10.3724 -26.5723 1.4633 -7.6451 -21.6412 0.0000 0.0000 0.0000 20.4571 26.1745 -0.4519 -9.9634 -17.3892 59.3661 -3.9845 0.4914 -37.8041 -0.4089 4.1050 -11.3724 -4.1377 0.5207 9.9122 -2.3834 0.1238 1.0802 -0.1710 0.1139 -4.4400 -8.3123 -0.3347 -6.4193 9.6979 -0.7082 11.6447 4.3486 -0.1456 4.5783 0.0000 -0.0000 0.0000 31.3589 -32.2799 -51.7663 101.7945 -59.4678 -70.1961 -0.0000 0.0000 -5.1503 40.1502 17.1322 13.9553 -7.1250 0.0000 -0.0000 12.6072 51.5106 2.0489 0.0000 -0.0000 0.0000 -28.5411 27.1283 -48.6642 -103.1313 59.3383 -71.3468 0.0000 -0.0000 -0.3121 -43.3502 4.8958 -4.6061 7.1250 -0.0000 -0.0000 -12.2555 -23.2896 -6.5574
0.1387 16.8149 2.7336 4.8468 -4.7683 -8.4982 0.0000 0.0000 0.0000 -13.6092 -8.9476 -2.5206 7.2649 15.5510 49.8693 2.1084 -9.9122 -26.0827 1.5078 -7.7552 -21.9729 0.0000 0.0000 0.0000 19.8940 25.8483 -0.3233 -9.7250 -17.2523 58.5653 -3.9171 1.0240 -37.3324 -0.3931 4.0258 -11.1493 -4.4425 0.5902 9.5918 -2.5809 0.1876 0.9341 -0.2133 0.1502 -4.4164 -8.1867 -0.3380 -6.2017 9.7544 -0.7727 12.0346 4.3470 -0.1725 4.6649 -0.0000 0.0000 0.0000 31.1464 -32.2265 -50.6094 101.8898 -59.4590 -70.2782 -0.0000 0.0000 -4.7127 40.7134 17.3734 14.4107 -7.1250 0.0000 -0.0000 13.2409 51.9289 2.2922 -0.0000 0.0000 0.0000 -28.2349 27.5620 -47.6879 -103.4265 59.3078 -71.6007 0.0000 0.0000 0.4163 -44.0108 5.0664 -4.8762 7.1250 -0.0000 -0.0000 -12.6941 -22.9893 -6.8935
0.1154 16.8908 2.7511 4.9985 -5.0348 -8.4599 0.0000 0.0000 0.0000 -13.8422 -8.8656 -2.0443 7.0258 15.3535 48.9717 1.9960 -9.2634 -25.3538 1.4956 -7.7252 -21.8826 0.0000 0.0000 0.0000 19.5661 25.5625 -0.1311 -9.4401 -17.0827 57.5999 -3.7857 1.5307 -36.5533 -0.3679 3.8960 -10.7844 -4.5935 0.6476 9.2620 -2.7173 0.2550 0.7500 -0.2785 0.1871 -4.4269 -8.1081 -0.3083 -5.8066 9.9038 -0.8096 12.4069 4.3834 -0.1866 4.7131 -0.0000 -0.0000 0.0000 30.6599 -32.2155 -49.3006 101.8526 -59.4625 -70.2461 -0.0000 0.0000 -4.0589 40.9271 17.9060 14.9269 -7.1250 0.0000 -0.0000 13.5258 52.6286 2.5774 -0.0000 -0.0000 0.0000 -27.6508 27.9396 -46.5705 -103.3038 59.3205 -71.4952 0.0000 0.0000 1.1370 -44.1766 5.2180 -5.0501 7.1250 -0.0000 -0.0000 -12.7826 -22.7660 -7.0112
0.0875 16.9879 2.7734 4.9749 -5.3204 -8.4262 0.0000 0.0000 0.0000 -13.8824 -8.6968 -1.5662 6.7950 15.1568 48.0947 1.8639 -8.4094 -24.4803 1.5627 -7.8887 -22.3766 0.0000 0.0000 0.0000 19.4642 25.2993 0.1906 -9.1127 -16.8797 56.4792 -3.5797 1.9789 -35.4032 -0.3670 3.8916 -10.7718 -4.6131 0.6798 8.9470 -2.7974 0.3038 0.5480 -0.3561 0.2134 -4.4630 -8.0221 -0.2759 -5.5788 10.0005 -0.8403 12.9990 4.4070 -0.1950 4.8562 0.0000 0.0000 0.0000 29.9475 -32.0850 -47.8585 101.4536 -59.4985 -69.9024 -0.0000 0.0000 -3.4077 40.7235 18.0246 14.9154 -7.1250 0.0000 -0.0000 13.3099 52.7270 2.5674 0.0000 0.0000 0.0000 -26.8507 28.2558 -45.3378 -102.8434 59.3674 -71.0991 0.0000 0.0000 1.7085 -44.4111 5.0717 -4.9497 7.1250 -0.0000 -0.0000 -12.9771 -22.9370 -7.0711
0.0594 17.1040 2.7983 4.8946 -5.5051 -8.3804 0.0000 0.0000 0.0000 -13.8980 -8.5416 -1.1381 6.5785 14.9664 47.2614 1.7224 -7.1401 -23.5367 1.7720 -8.3740 -23.8560 0.0000 0.0000 0.0000 19.3732 24.9463 0.5646 -8.7533 -16.6463 55.2328 -3.3304 2.5720 -33.9658 -0.3729 3.9223 -10.8581 -4.5462 0.6794 8.6076 -2.8833 0.3220 0.3961 -0.4830 0.2214 -4.4312 -7.9476 -0.3045 -5.4996 10.1083 -0.9420 13.5305 4.4322 -0.2341 5.0137 -0.0000 0.0000 0.0000 29.1980 -31.7506 -46.4757 100.8796 -59.5480 -69.4077 -0.0000 0.0000 -3.0677 40.5535 17.9413 14.7668 -7.1250 0.0000 -0.0000 13.1140 52.5869 2.4831 -0.0000 0.0000 0.0000 -25.8986 28.3776 -44.1539 -101.8782 59.4601 -70.2682 0.0000 0.0000 2.1425 -44.6903 5.1040 -5.0295 7.1250 -0.0000 -0.0000 -13.1685 -22.8611 -7.2045
0.0300 17.2324 2.8158 4.6686 -5.6019 -8.2287 0.0000 0.0000 0.0000 -13.7277 -8.4883 -0.8825 6.3717 14.7791 46.4560 1.5470 -5.8263 -22.3426 2.0037 -8.8737 -25.4011 0.0000 0.0000 0.0000 19.3851 24.5894 0.8383 -8.3752 -16.3884 53.9031 -3.0556 3.2250 -32.3372 -0.3922 4.0213 -11.1365 -4.4047 0.6482 8.2289 -2.8871 0.3125 0.2453 -0.5621 0.2146 -4.3748 -7.9740 -0.3571 -5.4202 10.2334 -1.0619 13.9521 4.4774 -0.2863 5.1402 0.0000 -0.0000 0.0000 28.2640 -31.3201 -45.0723 100.0956 -59.6114 -68.7317 -0.0000 0.0000 -2.7919 40.5541 18.1108 14.8960 -7.1250 0.0000 -0.0000 13.1286 52.7936 2.5530 0.0000 -0.0000 0.0000 -24.8340 28.3637 -43.0278 -100.5377 59.5762 -69.1130 0.0000 0.0000 2.5290 -44.6792 5.2221 -5.1429 7.1250 -0.0000 -0.0000 -13.1372 -22.7019 -7.2358
0.0000 17.3736 2.8299 4.2778 -5.6918 -8.0138 0.0000 0.0000 0.0000 -13.3508 -8.5364 -0.7086 6.1644 14.5858 45.6379 1.3453 -4.8012 -20.8744 2.0706 -9.0116 -25.8317 0.0000 0.0000 0.0000 19.5559 24.2713 1.0459 -7.9834 -16.1070 52.5028 -2.7447 3.9190 -30.4407 -0.3692 3.9029 -10.8036 -4.1716 0.5920 7.8632 -2.8158 0.2792 0.0814 -0.6120 0.1951 -4.3384 -7.8886 -0.3711 -5.2925 10.2258 -1.1184 14.2570 4.4623 -0.3117 5.2164 0.0000 0.0000 0.0000 27.1059 -30.8075 -43.5664 98.9579 -59.6946 -67.7498 -0.0000 0.0000 -2.4296 40.4929 18.0930 14.8517 -7.1250 0.0000 -0.0000 13.0590 52.7579 2.5276 0.0000 0.0000 0.0000 -23.6253 28.2045 -41.9278 -99.0137 59.6908 -67.7980 0.0000 0.0000 2.6553 -44.3168 4.8473 -4.7167 7.1250 -0.0000 -0.0000 -12.9536 -23.2513 -6.9615
-0.0283 17.5267 2.8468 3.9892 -5.6912 -7.8778 0.0000 0.0000 0.0000 -13.1605 -8.6636 -0.4006 5.9435 14.3734 44.7547 1.1381 -3.6831 -19.2766 2.1224 -9.1164 -26.1602 0.0000 0.0000 0.0000 19.5684 23.7635 1.2812 -7.5864 -15.8065 51.0590 -2.4155 4.5246 -28.3699 -0.3344 3.7162 -10.2797 -4.0038 0.5391 7.6058 -2.8082 0.2352 -0.0389 -0.6915 0.1707 -4.3172 -7.7649 -0.3695 -5.1374 10.2721 -1.1573 14.4196 4.4562 -0.3244 5.2424 0.0000 -0.0000 0.0000 25.9020 -30.2255 -42.1224 97.6156 -59.7797 -66.5904 -0.0000 0.0000 -2.2114 40.4261 18.0334 14.7731 -7.1250 0.0000 -0.0000 12.9801 52.6703 2.4838 0.0000 -0.0000 0.0000 -22.2033 27.7622 -40.8709 -97.1582 59.8055 -66.1951 0.0000 0.0000 2.7088 -43.8376 4.0990 -3.9264 7.1250 -0.0000 -0.0000 -12.7532 -24.3096 -6.5284
-0.0552 17.6885 2.8661 3.9010 -5.5918 -7.7282 0.0000 0.0000 0.0000 -13.2283 -8.8066 -0.1001 5.7096 14.1409 43.8047 0.9260 -2.3606 -17.5430 2.2856 -9.4372 -27.1726 0.0000 0.0000 0.0000 19.2833 23.1092 1.4751 -7.1849 -15.4856 49.5701 -2.0889 5.1155 -26.2091 -0.3110 3.5852 -9.9125 -3.9871 0.4982 7.2811 -2.8916 0.1964 -0.0953 -0.7804 0.1493 -4.1923 -7.7013 -0.4407 -5.3403 10.4092 -1.2951 14.7864 4.4894 -0.3719 5.4033 -0.0000 0.0000 0.0000 24.7379 -29.5324 -40.8788 96.1659 -59.8559 -65.3372 -0.0000 0.0000 -2.2178 40.2060 18.5606 15.0587 -7.1250 0.0000 -0.0000 12.7738 53.2603 2.6292 -0.0000 0.0000 0.0000 -20.6628 27.1167 -39.9775 -94.9698 59.9065 -64.3026 0.0000 0.0000 2.7795 -43.7429 3.5113 -3.3546 7.1250 -0.0000 -0.0000 -12.7945 -25.1084 -6.3069
-0.0823 17.8597 2.8856 3.7858 -5.5612 -7.5307 0.0000 0.0000 0.0000 -13.2298 -8.9120 0.1567 5.4618 13.8857 42.7816 0.7246 -1.1323 -15.7368 2.3142 -9.4920 -27.3470 0.0000 0.0000 0.0000 19.0333 22.5193 1.6336 -6.7809 -15.1446 48.0408 -1.7513 5.5782 -23.8535 -0.3150 3.6081 -9.9767 -4.0078 0.5000 6.8019 -2.9025 0.2279 -0.0763 -0.7783 0.1617 -3.9033 -7.7460 -0.5556 -5.6995 10.5251 -1.4696 15.1547 4.5327 -0.4397 5.5970 0.0000 -0.0000 0.0000 23.4339 -28.7387 -39.7396 94.4985 -59.9234 -63.8948 -0.0000 0.0000 -2.6271 39.8870 18.9699 15.1991 -7.1250 0.0000 -0.0000 12.4411 53.6813 2.6880 0.0000 -0.0000 0.0000 -19.1834 26.3363 -39.3140 -92.3095 59.9798 -61.9999 0.0000 0.0000 2.6745 -43.9018 3.5893 -3.4478 7.1250 -0.0000 -0.0000 -12.8955 -24.9903 -6.3956
-0.1091 18.0338 2.9003 3.3439 -5.5710 -7.2701 0.0000 0.0000 0.0000 -12.8640 -9.1005 0.3708 5.2107 13.6172 41.7250 0.5302 0.1439 -13.8115 2.0189 -8.9053 -25.4997 0.0000 0.0000 0.0000 19.1571 21.9420 1.7281 -6.3783 -14.7852 46.4818 -1.4082 5.8216 -21.2813 -0.3171 3.6198 -10.0095 -3.7994 0.4879 6.3621 -2.7394 0.2614 -0.0851 -0.7245 0.1734 -3.6647 -7.9297 -0.6338 -5.8719 10.6767 -1.5786 15.2991 4.6102 -0.4873 5.6840 -0.0000 0.0000 0.0000 21.7969 -27.8422 -38.4490 92.8401 -59.9695 -62.4593 -0.0000 0.0000 -3.3506 39.7349 19.1413 15.2464 -7.1250 0.0000 -0.0000 12.2785 53.8524 2.7037 -0.0000 0.0000 0.0000 -17.7596 25.4706 -38.7184 -89.1672 59.9974 -59.2788 0.0000 0.0000 2.3021 -43.8715 3.5048 -3.3635 7.1250 -0.0000 -0.0000 -12.8893 -25.1066 -6.3566
-0.1334 18.2086 2.9129 2.9426 -5.5155 -7.0720 0.0000 0.0000 0.0000 -12.5927 -9.3230 0.6292 4.9634 13.3425 40.6644 0.3487 1.5117 -11.8091 1.6396 -8.0711 -22.9302 0.0000 0.0000 0.0000 19.1891 21.2553 1.8264 -5.9844 -14.4132 44.9189 -1.0795 6.0970 -18.5532 -0.2924 3.4773 -9.6105 -3.6123 0.4710 6.1058 -2.5932 0.2694 -0.1743 -0.6769 0.1756 -3.6125 -8.0330 -0.7040 -5.8446 10.7536 -1.6840 15.3998 4.6481 -0.5394 5.7218 -0.0000 0.0000 0.0000 19.9897 -26.9264 -37.0393 91.1635 -59.9949 -61.0076 -0.0000 0.0000 -4.1824 39.6829 19.6871 15.6165 -7.1250 0.0000 -0.0000 12.2464 54.4958 2.8899 -0.0000 0.0000 0.0000 -16.1685 24.5320 -37.9616 -85.8010 59.9333 -56.3644 0.0000 0.0000 1.5285 -43.6984 3.2715 -3.1214 7.1250 -0.0000 -0.0000 -12.8067 -25.4345 -6.2133
-0.1553 18.3874 2.9288 2.6212 -5.4593 -6.9158 0.0000 0.0000 0.0000 -12.4568 -9.5542 0.9033 4.7271 13.0697 39.6300 0.1874 3.0059 -9.8560 1.4058 -7.4997 -21.2044 0.0000 0.0000 0.0000 19.1040 20.6179 1.9086 -5.6081 -14.0375 43.3878 -0.7685 6.3931 -15.6395 -0.2157 2.9898 -8.2504 -3.4394 0.4645 5.8477 -2.4998 0.2889 -0.2288 -0.6767 0.1825 -3.5234 -8.0103 -0.7993 -5.8197 10.6810 -1.8143 15.4822 4.6136 -0.6066 5.7559 0.0000 -0.0000 0.0000 18.1771 -25.9107 -35.7292 89.4680 -59.9989 -59.5393 -0.0000 0.0000 -5.2651 39.2356 20.5371 15.9859 -7.1250 0.0000 -0.0000 11.7607 55.4038 3.0341 0.0000 -0.0000 0.0000 -14.5184 23.5733 -37.3563 -82.1534 59.7661 -53.2100 0.0000 0.0000 0.5376 -43.4699 2.6529 -2.5123 7.1250 -0.0000 -0.0000 -12.7528 -26.2815 -5.9266
-0.1765 18.5578 2.9432 2.2694 -5.4328 -6.7141 0.0000 0.0000 0.0000 -12.2851 -9.8351 1.1120 4.5058 12.8047 38.6418 0.0504 4.5766 -8.1109 1.0548 -6.5303 -18.3312 0.0000 0.0000 0.0000 19.0566 19.9687 1.9271 -5.2543 -13.6646 41.9101 -0.5003 6.4169 -12.7033 -0.1791 2.7257 -7.5159 -3.2495 0.4458 5.5394 -2.3907 0.2967 -0.2396 -0.6680 0.1826 -3.3605 -8.0161 -0.8611 -5.9428 10.6534 -1.8951 15.5980 4.6029 -0.6440 5.8216 0.0000 -0.0000 0.0000 16.3541 -24.7620 -34.4982 87.5885 -59.9780 -57.9117 -0.0000 0.0000 -6.5534 38.7007 21.1768 16.1415 -7.1250 0.0000 -0.0000 11.1451 56.0317 3.0429 0.0000 -0.0000 0.0000 -12.8739 22.7137 -37.0205 -78.2851 59.4750 -49.8725 0.0000 -0.0000 -0.5847 -43.3368 2.0345 -1.9186 7.1250 -0.0000 -0.0000 -12.7663 -27.1180 -5.6756
-0.1955 18.7163 2.9531 2.0581 -5.3897 -6.4800 0.0000 0.0000 0.0000 -12.2896 -10.1335 1.2537 4.2998 12.5490 37.7028 -0.0807 6.3773 -6.4977 0.7070 -5.3741 -14.9787 0.0000 0.0000 0.0000 18.8384 19.2116 1.8737 -4.9274 -13.3015 40.5079 -0.2889 6.3036 -9.8879 -0.2375 3.1364 -8.6586 -3.1781 0.4607 5.2788 -2.3152 0.3349 -0.3010 -0.6312 0.2007 -3.2777 -8.0127 -0.8981 -6.0513 10.6163 -1.9423 15.7206 4.5899 -0.6655 5.8835 0.0000 0.0000 0.0000 14.4445 -23.7448 -33.2805 85.5286 -59.9243 -56.1287 -0.0000 0.0000 -7.8432 38.3616 21.4507 16.1432 -7.1250 0.0000 -0.0000 10.7458 56.2715 2.9947 0.0000 0.0000 0.0000 -11.1763 21.7104 -36.6889 -74.4100 59.0614 -46.5412 0.0000 -0.0000 -1.9996 -43.2412 1.8824 -1.7694 7.1250 -0.0000 -0.0000 -12.7222 -27.3265 -5.5909
-0.2119 18.8738 2.9640 1.7106 -5.3829 -6.1743 0.0000 0.0000 0.0000 -12.1532 -10.3487 1.2623 4.1127 12.3089 36.8337 -0.2031 8.2253 -5.2165 0.5410 -4.7124 -13.0901 0.0000 0.0000 0.0000 18.7415 18.6166 1.7235 -4.6220 -12.9451 39.1632 -0.1244 6.0972 -7.0837 -0.2693 3.3385 -9.2226 -2.9405 0.4851 4.9954 -2.2055 0.3959 -0.4032 -0.6539 0.2281 -3.2235 -8.0142 -0.9001 -6.1831 10.6577 -1.9542 15.8794 4.6066 -0.6636 5.9575 0.0000 0.0000 0.0000 12.4909 -22.7353 -31.9893 83.2808 -59.8287 -54.1843 -0.0000 0.0000 -9.3998 38.1818 21.6222 16.1605 -7.1250 0.0000 -0.0000 10.5319 56.4289 2.9744 0.0000 0.0000 0.0000 -9.4076 20.6135 -36.3392 -70.6561 58.5378 -43.3299 0.0000 -0.0000 -3.4338 -43.2265 1.2758 -1.1989 7.1250 -0.0000 -0.0000 -12.8198 -28.1384 -5.3834
-0.2270 19.0266 2.9766 1.4160 -5.3912 -5.8659 0.0000 0.0000 0.0000 -12.0666 -10.4292 1.1996 3.9468 12.0893 36.0486 -0.2977 9.6858 -4.7703 0.4624 -4.3621 -12.0975 0.0000 0.0000 0.0000 18.5623 18.1860 1.4619 -4.3439 -12.6044 37.9052 -0.0137 5.5178 -4.2678 -0.2418 3.1647 -8.7377 -2.7612 0.5035 4.7036 -2.0945 0.4450 -0.4935 -0.6414 0.2504 -3.1523 -8.0828 -0.9303 -6.4853 10.7274 -1.9998 16.1641 4.6451 -0.6744 6.1052 -0.0000 0.0000 0.0000 10.4629 -21.6734 -30.8187 80.8970 -59.6846 -52.1249 -0.0000 0.0000 -11.1303 38.0014 21.9666 16.2919 -7.1250 0.0000 -0.0000 10.3112 56.7880 3.0010 -0.0000 0.0000 0.0000 -7.7126 19.5476 -36.0337 -66.9104 57.8865 -40.1457 0.0000 -0.0000 -4.7966 -43.2148 0.2108 -0.1981 7.1250 -0.0000 -0.0000 -13.0006 -29.5630 -5.0110
-0.2401 19.1648 2.9891 1.2017 -5.4322 -5.6591 0.0000 0.0000 0.0000 -12.0724 -10.3918 1.1918 3.8089 11.9017 35.3852 -0.3489 10.4722 -5.1407 0.4522 -4.3140 -11.9617 0.0000 0.0000 0.0000 18.3329 17.8087 1.2896 -4.0871 -12.2754 36.7134 0.0405 4.7792 -1.6451 -0.2497 3.2153 -8.8788 -2.6257 0.5246 4.4844 -2.0041 0.4920 -0.5282 -0.6254 0.2719 -3.0646 -8.1039 -0.9418 -6.7453 10.7486 -2.0118 16.3343 4.6594 -0.6716 6.2060 -0.0000 0.0000 0.0000 8.3420 -20.6415 -29.8974 78.5351 -59.4975 -50.0879 -0.0000 0.0000 -12.8621 37.6880 22.1012 16.2075 -7.1250 0.0000 -0.0000 9.9358 56.8678 2.9094 -0.0000 0.0000 0.0000 -6.1460 18.5634 -35.8770 -62.9596 57.0483 -36.8144 0.0000 -0.0000 -5.8936 -43.0968 -0.6508 0.6089 7.1250 -0.0000 -0.0000 -13.0613 -30.7152 -4.6660
-0.2527 19.2920 2.9948 1.0424 -5.4454 -5.4379 0.0000 0.0000 0.0000 -12.1082 -10.2280 1.0259 3.7010 11.7515 34.8584 -0.3082 10.0041 -5.8984 0.5334 -4.6798 -12.9976 0.0000 0.0000 0.0000 18.0977 17.6074 1.1509 -3.8582 -11.9692 35.6232 0.0512 4.1686 0.3154 -0.3518 3.8110 -10.5454 -2.5466 0.5202 4.3013 -1.9263 0.5003 -0.5331 -0.5881 0.2747 -2.9665 -8.1010 -0.9136 -7.0445 10.7582 -1.9634 16.4457 4.6692 -0.6382 6.2892 0.0000 -0.0000 0.0000 6.3252 -19.4693 -29.0743 75.9422 -59.2399 -47.8566 -0.0000 0.0000 -14.5378 37.2783 22.3473 16.1416 -7.1250 0.0000 -0.0000 9.4393 57.0530 2.8045 0.0000 -0.0000 0.0000 -4.5930 17.5999 -35.8110 -59.3090 56.1230 -33.7668 0.0000 -0.0000 -6.9515 -43.2438 -1.1027 1.0369 7.1250 -0.0000 -0.0000 -13.2563 -31.3183 -4.5419
-0.2667 19.4131 2.9938 0.9488 -5.3975 -5.1054 0.0000 0.0000 0.0000 -12.1891 -10.0601 0.6188 3.6172 11.6328 34.4450 -0.1894 8.5225 -7.0395 0.5315 -4.6718 -12.9747 0.0000 0.0000 0.0000 17.7938 17.5839 0.9005 -3.6578 -11.6905 34.6457 0.0392 3.5262 1.6182 -0.5404 4.7100 -13.0831 -2.5356 0.5015 4.1436 -1.8910 0.4806 -0.6241 -0.5557 0.2655 -2.9717 -8.2017 -0.8937 -7.3455 10.9159 -1.9407 16.6083 4.7455 -0.6121 6.3929 0.0000 0.0000 0.0000 4.4166 -18.2174 -28.2144 73.2167 -58.9084 -45.5185 -0.0000 0.0000 -15.7960 36.5058 23.0375 16.1527 -7.1250 0.0000 -0.0000 8.4735 57.6599 2.6389 0.0000 0.0000 0.0000 -2.9083 16.5379 -35.6445 -56.1140 55.1822 -31.1286 0.0000 -0.0000 -7.9446 -43.2320 -1.1918 1.1202 7.1250 -0.0000 -0.0000 -13.2628 -31.4374 -4.5052
-0.2790 19.5244 2.9964 0.9157 -5.4314 -4.8353 0.0000 0.0000 0.0000 -12.3721 -9.7926 0.2435 3.5510 11.5376 34.1152 -0.0832 7.1180 -7.8739 0.4292 -4.2042 -11.6519 0.0000 0.0000 0.0000 17.4722 17.6509 0.7240 -3.4940 -11.4548 33.8294 0.0218 2.8956 2.3762 -0.7580 5.5605 -15.5144 -2.5406 0.5299 4.0437 -1.8605 0.5206 -0.7114 -0.5240 0.2865 -3.0062 -8.2526 -0.8954 -7.6197 10.9586 -1.9346 16.7413 4.7733 -0.6005 6.4837 0.0000 -0.0000 0.0000 2.3823 -16.9932 -27.3295 70.5801 -58.5259 -43.2651 -0.0000 0.0000 -17.0022 35.8887 23.4280 16.0501 -7.1250 0.0000 -0.0000 7.6995 57.9545 2.4506 0.0000 -0.0000 0.0000 -1.1985 15.4051 -35.4575 -53.2603 54.2287 -28.7991 0.0000 -0.0000 -8.6893 -42.8430 -1.1118 1.0309 7.1250 -0.0000 -0.0000 -12.9423 -31.3294 -4.4257
-0.2871 19.6226 3.0062 1.0166 -5.5333 -4.6522 0.0000 0.0000 0.0000 -12.7709 -9.4717 -0.0312 3.4950 11.4563 33.8346 -0.0013 5.9037 -8.3872 0.3425 -3.7605 -10.4038 0.0000 0.0000 0.0000 17.0414 17.7543 0.6202 -3.3770 -11.2817 33.2359 0.0087 2.2621 2.4696 -0.8156 5.7627 -16.0974 -2.5750 0.5799 3.8689 -1.8883 0.5926 -0.6841 -0.5357 0.3216 -2.8805 -8.0509 -0.8579 -7.8963 10.7188 -1.8456 16.6495 4.6649 -0.5562 6.4926 -0.0000 0.0000 0.0000 0.3479 -15.7055 -26.5273 68.0575 -58.1002 -41.1184 -0.0000 0.0000 -18.1965 35.8443 23.7519 16.2232 -7.1250 0.0000 -0.0000 7.6097 58.3139 2.4876 -0.0000 0.0000 0.0000 0.5217 14.3104 -35.4169 -50.7004 53.2741 -26.7345 0.0000 -0.0000 -9.3189 -42.6641 -1.1795 1.0868 7.1250 -0.0000 -0.0000 -12.8129 -31.4187 -4.3512
-0.2961 19.7061 3.0126 1.0844 -5.5981 -4.4637 0.0000 0.0000 0.0000 -13.0719 -9.0163 -0.4292 3.4493 11.3891 33.6038 0.1068 4.1136 -9.0475 0.4630 -4.3647 -12.1049 0.0000 0.0000 0.0000 16.7211 17.9918 0.5203 -3.3090 -11.1791 32.8865 0.0046 1.5316 1.5633 -0.7088 5.3806 -14.9975 -2.5490 0.5810 3.7542 -1.9157 0.5993 -0.6812 -0.5775 0.3238 -2.8124 -7.9914 -0.7699 -8.0452 10.6087 -1.6864 16.4073 4.6256 -0.4815 6.4257 -0.0000 0.0000 0.0000 -1.6867 -14.3072 -25.8028 65.5926 -57.6248 -39.0311 -0.0000 0.0000 -19.0126 35.7550 24.0470 16.3518 -7.1250 0.0000 -0.0000 7.4663 58.6282 2.4968 -0.0000 0.0000 0.0000 2.3169 13.3381 -35.3788 -48.5157 52.3790 -24.9936 0.0000 -0.0000 -9.9317 -42.6867 -1.5092 1.3916 7.1250 -0.0000 -0.0000 -12.8866 -31.8560 -4.2383
-0.3085 19.7763 3.0097 1.1167 -5.6213 -4.2747 0.0000 0.0000 0.0000 -13.2772 -8.4848 -0.9491 3.4163 11.3402 33.4361 0.1305 3.4209 -8.9635 0.7267 -5.4468 -15.1873 0.0000 0.0000 0.0000 16.5277 18.4018 0.4214 -3.2916 -11.1527 32.7966 0.0008 0.6674 -0.2276 -0.4976 4.5224 -12.5511 -2.5445 0.5560 3.8163 -1.9224 0.5622 -0.7201 -0.5857 0.3059 -2.8870 -8.0797 -0.7545 -8.3039 10.6009 -1.6267 16.3090 4.6419 -0.4524 6.4354 -0.0000 0.0000 0.0000 -3.7828 -12.8951 -25.1390 63.1342 -57.0889 -36.9609 -0.0000 0.0000 -19.3536 35.9492 24.2393 16.5796 -7.1250 0.0000 -0.0000 7.6778 58.8970 2.6176 -0.0000 0.0000 0.0000 4.1615 12.3500 -35.1829 -46.5933 51.5256 -23.4796 0.0000 -0.0000 -10.3632 -42.7190 -1.6564 1.5290 7.1250 -0.0000 -0.0000 -12.9372 -32.0516 -4.1932
-0.3203 19.8327 3.0040 1.1727 -5.6350 -4.1394 0.0000 0.0000 0.0000 -13.5309 -7.9076 -1.4684 3.3983 11.3136 33.3448 0.1515 2.3035 -8.5764 0.9612 -6.2426 -17.4901 0.0000 0.0000 0.0000 16.3603 18.9427 0.3824 -3.3133 -11.1858 32.9090 -0.0168 -0.4375 -2.6480 -0.3719 3.9172 -10.8439 -2.5463 0.5484 3.9045 -1.9304 0.5491 -0.6886 -0.5928 0.2993 -2.9040 -8.1275 -0.8010 -8.7148 10.4889 -1.6346 16.2702 4.6138 -0.4573 6.4973 -0.0000 0.0000 0.0000 -5.9201 -11.5062 -24.5760 60.7178 -56.4982 -34.9390 -0.0000 0.0000 -19.3787 35.5829 24.3521 16.4373 -7.1250 0.0000 -0.0000 7.2178 58.9318 2.4657 -0.0000 0.0000 0.0000 6.0043 11.2524 -34.9501 -44.9181 50.7283 -22.1754 0.0000 -0.0000 -10.7107 -42.4656 -1.5539 1.4217 7.1250 -0.0000 -0.0000 -12.7186 -31.9130 -4.1627
-0.3302 19.8759 2.9947 1.2445 -5.6887 -3.9870 0.0000 0.0000 0.0000 -13.8215 -7.2862 -2.0368 3.3915 11.3034 33.3099 0.1560 1.1174 -7.9565 1.0865 -6.6248 -18.6085 0.0000 0.0000 0.0000 16.1342 19.5184 0.2199 -3.3600 -11.2561 33.1487 -0.0512 -1.8489 -5.3725 -0.4735 4.4130 -12.2416 -2.5143 0.5851 3.9864 -1.9539 0.5972 -0.6363 -0.6385 0.3222 -2.8960 -8.1090 -0.8280 -9.0239 10.3161 -1.6099 16.0606 4.5522 -0.4507 6.4832 0.0000 0.0000 0.0000 -8.0288 -10.2843 -24.1487 58.2747 -55.8324 -32.9095 -0.0000 0.0000 -19.4190 34.0929 24.1021 15.4513 -7.1250 0.0000 -0.0000 5.4711 58.2747 1.7801 0.0000 0.0000 0.0000 7.9404 10.0684 -34.8115 -43.5498 50.0379 -21.1212 0.0000 -0.0000 -11.0225 -42.3235 -1.7708 1.6120 7.1250 -0.0000 -0.0000 -12.6413 -32.1977 -4.0474
-0.3402 19.9101 2.9869 1.3302 -5.7648 -3.8599 0.0000 0.0000 0.0000 -14.1398 -6.6458 -2.5863 3.3953 11.3091 33.3295 0.1502 0.0527 -7.3390 1.1678 -6.8599 -19.3010 0.0000 0.0000 0.0000 15.8883 20.1054 0.0616 -3.4174 -11.3419 33.4419 -0.0811 -3.4198 -7.7284 -0.5804 4.8782 -13.5616 -2.4774 0.6167 4.1171 -1.9974 0.6357 -0.6070 -0.7078 0.3405 -2.9387 -8.0627 -0.7944 -9.2209 10.1923 -1.5190 15.8026 4.5059 -0.4098 6.4271 0.0000 0.0000 0.0000 -10.1937 -9.1575 -23.8582 55.9281 -55.1235 -30.9760 -0.0000 0.0000 -19.5741 33.1626 23.3925 14.5440 -7.1250 0.0000 -0.0000 4.5101 57.2506 1.3552 0.0000 0.0000 0.0000 10.0554 8.8918 -34.5434 -42.4939 49.4800 -20.3153 0.0000 -0.0000 -11.3512 -42.1955 -1.8549 1.6809 7.1250 -0.0000 -0.0000 -12.5528 -32.3067 -3.9841
-0.3491 19.9355 2.9803 1.4491 -5.7951 -3.8424 0.0000 0.0000 0.0000 -14.5493 -6.0197 -3.0168 3.4092 11.3297 33.4001 0.1385 -0.8730 -6.7750 1.2426 -7.0682 -19.9174 0.0000 0.0000 0.0000 15.6107 20.5073 -0.0371 -3.4834 -11.4393 33.7762 -0.0892 -4.8993 -9.4434 -0.5146 4.5981 -12.7657 -2.4318 0.6363 4.3659 -2.0688 0.6534 -0.5600 -0.8109 0.3483 -3.0291 -7.9816 -0.7623 -9.3933 10.0907 -1.4430 15.5594 4.4603 -0.3729 6.3728 -0.0000 0.0000 0.0000 -12.3952 -8.0352 -23.5733 53.7466 -54.3992 -29.1942 -0.0000 0.0000 -19.7318 33.1224 22.5676 14.0574 -7.1250 0.0000 -0.0000 4.6054 56.3127 1.2795 -0.0000 0.0000 0.0000 12.2422 7.6771 -34.1005 -41.6643 49.0256 -19.6867 0.0000 -0.0000 -11.8555 -41.9019 -1.6182 1.4516 7.1250 -0.0000 -0.0000 -12.2808 -31.9916 -3.9896
-0.3562 19.9479 2.9673 1.5046 -5.8065 -3.9064 0.0000 0.0000 0.0000 -14.9088 -5.3694 -3.4132 3.4351 11.3681 33.5317 0.1186 -1.7194 -6.1332 1.3158 -7.2654 -20.5041 0.0000 0.0000 0.0000 15.4208 20.8073 -0.1126 -3.5621 -11.5536 34.1706 -0.0867 -6.1615 -10.8112 -0.3627 3.8686 -10.7073 -2.2737 0.6805 4.7941 -2.1327 0.7045 -0.4921 -0.9742 0.3711 -3.1973 -7.9396 -0.8100 -9.6465 9.9574 -1.4638 15.3660 4.4048 -0.3854 6.3583 0.0000 0.0000 0.0000 -14.6052 -7.0111 -23.2317 51.5866 -53.6157 -27.4464 -0.0000 0.0000 -19.7310 32.9367 21.8712 13.5679 -7.1250 0.0000 -0.0000 4.5070 55.4844 1.1616 0.0000 0.0000 0.0000 14.4630 6.3849 -33.6702 -41.0004 48.6515 -19.1869 0.0000 -0.0000 -12.4964 -41.7142 -1.4368 1.2804 7.1250 -0.0000 -0.0000 -12.1031 -31.7517 -4.0010
-0.3625 19.9521 2.9527 1.3837 -5.8247 -3.9144 0.0000 0.0000 0.0000 -15.0751 -4.8230 -3.9112 3.4804 11.4349 33.7609 0.0906 -2.5264 -5.3696 1.2683 -7.1381 -20.1253 0.0000 0.0000 0.0000 15.3897 21.0121 -0.2715 -3.6516 -11.6818 34.6153 -0.0791 -7.1799 -11.8823 -0.2628 3.2981 -9.1098 -1.9354 0.7081 5.2067 -2.1152 0.7497 -0.4134 -1.1545 0.3882 -3.3438 -7.8833 -0.8182 -9.8846 9.6624 -1.3992 15.0492 4.2981 -0.3693 6.2933 -0.0000 -0.0000 0.0000 -16.9209 -6.0855 -22.9476 49.4237 -52.7604 -25.7146 -0.0000 0.0000 -19.4344 32.7695 21.4803 13.2632 -7.1250 0.0000 -0.0000 4.3811 55.0057 1.0780 -0.0000 -0.0000 0.0000 16.6998 5.2098 -33.3770 -40.4539 48.3365 -18.7776 0.0000 -0.0000 -13.1290 -41.4349 -1.2434 1.0974 7.1250 -0.0000 -0.0000 -11.8520 -31.4970 -3.9889
-0.3666 19.9420 2.9389 1.3243 -5.7453 -3.9556 0.0000 0.0000 0.0000 -15.3238 -4.3253 -4.4249 3.5493 11.5351 34.1067 0.0593 -3.4126 -4.6201 1.2195 -7.0047 -19.7292 0.0000 0.0000 0.0000 15.2703 20.9963 -0.3955 -3.7499 -11.8199 35.0979 -0.0747 -8.0452 -12.8815 -0.1843 2.7649 -7.6248 -1.6582 0.6842 5.5611 -2.0905 0.7282 -0.3008 -1.2869 0.3728 -3.4235 -7.6956 -0.7723 -10.0046 9.1797 -1.2545 14.6134 4.1120 -0.3243 6.1617 -0.0000 0.0000 0.0000 -19.2877 -5.3105 -22.9173 47.2389 -51.8194 -23.9861 -0.0000 0.0000 -19.2860 33.2784 21.0631 13.2726 -7.1250 0.0000 -0.0000 5.0003 54.6447 1.1870 -0.0000 0.0000 0.0000 18.9350 4.1771 -33.1075 -39.9002 48.0106 -18.3650 0.0000 -0.0000 -13.7753 -41.0484 -1.2088 1.0524 7.1250 -0.0000 -0.0000 -11.5409 -31.4499 -3.8937
-0.3703 19.9180 2.9247 1.1770 -5.5952 -3.9924 0.0000 0.0000 0.0000 -15.4897 -3.8168 -4.9654 3.6442 11.6713 34.5787 0.0270 -4.2803 -3.9542 1.2345 -7.0459 -19.8515 0.0000 0.0000 0.0000 15.2547 20.9216 -0.5188 -3.8489 -11.9566 35.5787 -0.0454 -9.1294 -13.7923 -0.1183 2.2174 -6.1068 -1.3249 0.6341 5.9129 -2.0195 0.6804 -0.1483 -1.3999 0.3437 -3.4609 -7.6523 -0.8065 -10.3352 8.8477 -1.2193 14.3596 3.9962 -0.3235 6.1357 -0.0000 -0.0000 0.0000 -21.7211 -4.7802 -23.1984 45.0426 -50.7893 -22.2717 -0.0000 0.0000 -19.1995 34.3255 20.8941 13.6861 -7.1250 0.0000 -0.0000 6.1762 54.6826 1.4733 -0.0000 -0.0000 0.0000 21.1301 3.2305 -32.8690 -39.3435 47.6761 -17.9523 0.0000 -0.0000 -14.4449 -40.9345 -1.1498 0.9970 7.1250 -0.0000 -0.0000 -11.4421 -31.3728 -3.8808
-0.3739 19.8861 2.9088 0.9506 -5.4988 -3.9203 0.0000 0.0000 0.0000 -15.5825 -3.3913 -5.6317 3.7608 11.8351 35.1513 -0.0029 -4.9308 -3.3559 1.3269 -7.2948 -20.5919 0.0000 0.0000 0.0000 15.2855 20.8981 -0.8410 -3.9505 -12.0942 36.0661 0.0391 -10.4878 -14.3100 -0.1019 2.0585 -5.6674 -0.9702 0.5816 6.2324 -1.8902 0.6352 -0.0259 -1.4646 0.3162 -3.5117 -7.7824 -0.8483 -10.8340 8.7007 -1.1894 14.2134 3.9727 -0.3168 6.1746 -0.0000 0.0000 0.0000 -24.2529 -4.1988 -23.4551 42.9349 -49.7157 -20.6511 -0.0000 0.0000 -18.9646 34.4421 21.0071 13.8120 -7.1250 0.0000 -0.0000 6.2940 54.8379 1.5253 -0.0000 0.0000 0.0000 23.2958 2.3612 -32.5774 -38.9186 47.4160 -17.6388 0.0000 -0.0000 -15.1786 -40.7058 -1.2403 1.0668 7.1250 -0.0000 -0.0000 -11.2742 -31.4888 -3.7898
-0.3786 19.8393 2.8940 0.5756 -5.5152 -3.8663 0.0000 0.0000 0.0000 -15.5032 -2.9436 -6.3296 3.8970 12.0221 35.8100 -0.0315 -5.4523 -2.7566 1.5136 -7.7694 -22.0157 0.0000 0.0000 0.0000 15.5005 20.8784 -1.1359 -4.0533 -12.2311 36.5543 0.1463 -11.7459 -14.5001 -0.0571 1.5416 -4.2405 -0.4595 0.5644 6.5713 -1.7385 0.6512 0.0586 -1.6001 0.3166 -3.6102 -7.8388 -0.8390 -11.0867 8.5516 -1.1107 13.9300 3.9364 -0.2881 6.1225 -0.0000 -0.0000 0.0000 -26.7407 -3.4938 -23.4808 41.0650 -48.6884 -19.2354 -0.0000 0.0000 -18.9380 33.5308 21.0796 13.4055 -7.1250 0.0000 -0.0000 5.2764 54.7188 1.2623 -0.0000 -0.0000 0.0000 25.5496 1.5544 -32.3097 -38.4679 47.1355 -17.3077 0.0000 -0.0000 -15.8279 -40.4755 -0.9946 0.8486 7.1250 -0.0000 -0.0000 -11.0571 -31.1706 -3.8004
-0.3856 19.7793 2.8773 0.2585 -5.4886 -3.8621 0.0000 0.0000 0.0000 -15.4836 -2.5298 -7.0117 4.0438 12.2185 36.5094 -0.0616 -5.9416 -2.0883 1.6086 -7.9983 -22.7088 0.0000 0.0000 0.0000 15.6846 20.8932 -1.3876 -4.1676 -12.3801 37.0902 0.2610 -12.9114 -14.5810 -0.0131 0.7378 -2.0276 -0.0190 0.5271 6.9439 -1.6167 0.6374 0.1549 -1.7246 0.3028 -3.7164 -7.8580 -0.8286 -11.2501 8.4117 -1.0424 13.5928 3.8948 -0.2633 6.0389 0.0000 0.0000 0.0000 -29.1355 -2.7974 -23.4808 39.2403 -47.6133 -17.8760 -0.0000 0.0000 -19.0635 33.1167 20.9755 13.1434 -7.1250 0.0000 -0.0000 4.8344 54.5099 1.1316 0.0000 0.0000 0.0000 27.8693 0.8824 -32.0298 -37.9724 46.8217 -16.9455 0.0000 -0.0000 -16.4630 -40.4519 -0.6582 0.5612 7.1250 -0.0000 -0.0000 -10.9911 -30.7366 -3.8935
-0.3923 19.7087 2.8594 0.1376 -5.3226 -3.8494 0.0000 0.0000 0.0000 -15.7087 -2.2172 -7.6964 4.2063 12.4300 37.2707 -0.0880 -6.3270 -1.4466 1.6532 -8.1030 -23.0272 0.0000 0.0000 0.0000 15.6240 20.8533 -1.6663 -4.2977 -12.5463 37.6931 0.3601 -13.8652 -14.6801 -0.0005 0.1387 -0.3810 0.1800 0.4361 7.2455 -1.5325 0.5347 0.2815 -1.7417 0.2493 -3.7565 -7.8033 -0.7968 -11.4084 8.1897 -0.9448 13.2162 3.8162 -0.2267 5.9391 -0.0000 0.0000 0.0000 -31.5867 -2.1574 -23.5967 37.5171 -46.5281 -16.6142 -0.0000 0.0000 -19.1621 33.3695 21.0551 13.3124 -7.1250 0.0000 -0.0000 5.1016 54.6556 1.2125 -0.0000 0.0000 0.0000 30.1775 0.3028 -31.7026 -37.5388 46.5422 -16.6300 0.0000 -0.0000 -17.0397 -40.4032 -0.9189 0.7821 7.1250 -0.0000 -0.0000 -10.9894 -31.0729 -3.8026
-0.4016 19.6218 2.8396 0.0841 -5.1578 -3.8695 0.0000 0.0000 0.0000 -16.0039 -1.9014 -8.3609 4.3802 12.6499 38.0716 -0.1103 -6.5972 -0.7801 1.7049 -8.2223 -23.3913 0.0000 0.0000 0.0000 15.5216 20.8588 -1.9121 -4.4480 -12.7339 38.3803 0.4405 -14.5261 -14.6058 -0.0021 -0.2933 0.8058 0.2089 0.3481 7.5394 -1.4246 0.4241 0.4474 -1.6365 0.1954 -3.7532 -7.7573 -0.7233 -11.5832 7.9812 -0.7882 12.7772 3.7478 -0.1602 5.8180 0.0000 -0.0000 0.0000 -34.0996 -1.6536 -23.8185 35.8774 -45.4286 -15.4351 -0.0000 0.0000 -19.5421 33.7947 21.2168 13.6160 -7.1250 0.0000 -0.0000 5.5511 54.9335 1.3574 0.0000 -0.0000 0.0000 32.4320 -0.1661 -31.5185 -37.0486 46.2208 -16.2751 0.0000 -0.0000 -17.2137 -40.0715 -1.1502 0.9674 7.1250 -0.0000 -0.0000 -10.7592 -31.3695 -3.6424
-0.4149 19.5197 2.8175 -0.2429 -4.9966 -3.7667 0.0000 0.0000 0.0000 -15.9697 -1.6898 -9.1826 4.5661 12.8779 38.9130 -0.1277 -6.7221 0.0278 1.7257 -8.2698 -23.5365 0.0000 0.0000 0.0000 15.6998 20.9380 -2.2904 -4.6138 -12.9352 39.1265 0.5026 -14.9701 -14.4344 -0.0072 -0.5460 1.5004 0.4322 0.2659 7.7940 -1.2145 0.3423 0.5703 -1.5373 0.1532 -3.7706 -7.7682 -0.6687 -11.6941 7.8656 -0.6626 12.2417 3.7148 -0.1052 5.6593 0.0000 0.0000 0.0000 -36.6059 -1.2071 -23.8552 34.3330 -44.3299 -14.3453 -0.0000 0.0000 -20.3621 34.2113 21.2670 13.8530 -7.1250 0.0000 -0.0000 6.0086 55.0838 1.4918 0.0000 0.0000 0.0000 34.6866 -0.6039 -31.3011 -36.5416 45.8821 -15.9101 0.0000 -0.0000 -17.5002 -39.9464 -1.0315 0.8638 7.1250 -0.0000 -0.0000 -10.6441 -31.2168 -3.6419
-0.4279 19.4060 2.8012 -0.5206 -4.8339 -3.6758 0.0000 0.0000 0.0000 -15.9901 -1.5761 -9.9566 4.7590 13.1072 39.7710 -0.1328 -6.5855 0.9791 1.6933 -8.1958 -23.3103 0.0000 0.0000 0.0000 15.8158 21.0294 -2.6399 -4.7968 -13.1513 39.9374 0.5186 -15.0674 -14.3523 -0.0087 -0.6017 1.6534 0.5975 0.1689 7.9375 -1.0129 0.2365 0.7180 -1.4101 0.1005 -3.7011 -7.6243 -0.6352 -11.7688 7.5796 -0.5749 11.7460 3.5990 -0.0744 5.5098 -0.0000 0.0000 0.0000 -39.1054 -0.5465 -23.5779 33.0595 -43.3757 -13.4629 -0.0000 0.0000 -21.9422 34.4840 21.3088 14.0149 -7.1250 0.0000 -0.0000 6.3087 55.1931 1.5835 -0.0000 0.0000 0.0000 36.9274 -0.8984 -30.9673 -36.0730 45.5633 -15.5746 0.0000 -0.0000 -18.2835 -40.0808 -1.0957 0.9219 7.1250 -0.0000 -0.0000 -10.7591 -31.2996 -3.6608
-0.4396 19.2811 2.7862 -0.6198 -4.6945 -3.6717 0.0000 0.0000 0.0000 -16.2261 -1.5487 -10.6301 4.9663 13.3457 40.6767 -0.1257 -6.2798 2.0370 1.6953 -8.2002 -23.3238 0.0000 0.0000 0.0000 15.7760 21.1674 -2.8835 -4.9933 -13.3763 40.7938 0.5146 -14.9595 -14.1785 -0.0108 -0.6715 1.8454 0.6609 0.0882 8.1334 -0.9226 0.1392 0.8732 -1.3419 0.0528 -3.6525 -7.4273 -0.6379 -11.8248 7.3167 -0.5556 11.3286 3.4781 -0.0731 5.3873 0.0000 0.0000 0.0000 -41.5286 0.0632 -23.3185 31.9511 -42.5081 -12.7077 -0.0000 0.0000 -23.9215 34.7143 21.5540 14.2797 -7.1250 0.0000 -0.0000 6.5411 55.5264 1.6952 0.0000 0.0000 0.0000 39.2980 -1.1541 -30.6262 -35.6389 45.2630 -15.2654 0.0000 -0.0000 -19.0600 -40.3671 -1.2720 1.0811 7.1250 -0.0000 -0.0000 -11.0101 -31.5277 -3.6875
-0.4536 19.1433 2.7650 -0.8409 -4.6353 -3.6391 0.0000 0.0000 0.0000 -16.2941 -1.4879 -11.4082 5.2075 13.6137 41.7116 -0.1216 -6.2210 3.1096 1.5935 -7.9625 -22.6003 0.0000 0.0000 0.0000 15.9043 21.4672 -3.1387 -5.1953 -13.6004 41.6596 0.5260 -14.8546 -13.7002 -0.0125 -0.7225 1.9855 0.7791 0.0247 8.4256 -0.7920 0.0719 0.9801 -1.2665 0.0187 -3.7067 -7.3246 -0.6108 -11.7421 7.2294 -0.5073 10.7647 3.4291 -0.0516 5.1944 -0.0000 0.0000 0.0000 -43.9153 0.4842 -23.3237 30.8080 -41.5759 -11.9422 -0.0000 0.0000 -25.6717 34.4094 21.7994 14.2713 -7.1250 0.0000 -0.0000 6.1692 55.7372 1.6299 -0.0000 0.0000 0.0000 41.6877 -1.3340 -30.3676 -35.1806 44.9406 -14.9408 0.0000 -0.0000 -19.2496 -39.8839 -1.4147 1.1819 7.1250 -0.0000 -0.0000 -10.6457 -31.7075 -3.5148
-0.4705 18.9906 2.7414 -1.1663 -4.5815 -3.5071 0.0000 0.0000 0.0000 -16.2201 -1.3056 -12.3136 5.5077 13.9337 42.9725 -0.1620 -7.1827 3.6674 0.3338 -3.7129 -10.2702 0.0000 0.0000 0.0000 16.1212 21.8608 -3.5529 -5.3971 -13.8175 42.5114 0.5441 -14.7230 -12.9788 -0.0064 -0.5158 1.4174 0.9262 -0.0422 8.6300 -0.5936 0.0058 1.0602 -1.1365 -0.0148 -3.7395 -7.2215 -0.5063 -11.7296 7.1152 -0.3494 10.2629 3.3814 0.0229 5.0248 0.0000 -0.0000 0.0000 -46.3396 0.8796 -23.3238 29.7512 -40.6792 -11.2471 -0.0000 0.0000 -27.3165 33.9844 22.1245 14.2456 -7.1250 0.0000 -0.0000 5.6474 56.0099 1.5287 0.0000 -0.0000 0.0000 44.0009 -1.4433 -30.1558 -34.6892 44.5889 -14.5947 0.0000 -0.0000 -19.1148 -39.1463 -1.7137 1.3945 7.1250 -0.0000 -0.0000 -10.0952 -32.0805 -3.2359
-0.4874 18.8308 2.7231 -1.4039 -4.4805 -3.4204 0.0000 0.0000 0.0000 -16.2321 -0.9987 -13.1202 5.8902 14.3211 44.5395 -0.3262 -10.1577 2.2590 0.0110 0.6775 1.8619 0.0000 0.0000 0.0000 16.2391 22.2481 -3.9413 -5.6060 -14.0353 43.3792 0.5082 -14.2780 -12.6444 -0.0023 0.3092 -0.8495 0.9569 -0.1220 8.7784 -0.4058 -0.0889 1.2013 -0.9481 -0.0601 -3.6780 -7.0979 -0.4158 -11.9274 6.9869 -0.2057 9.9109 3.3280 0.0935 4.9384 0.0000 0.0000 0.0000 -48.8089 1.3668 -23.0613 28.9533 -39.9792 -10.7307 -0.0000 0.0000 -29.1471 33.9978 22.4396 14.4370 -7.1250 0.0000 -0.0000 5.6194 56.3709 1.5703 0.0000 0.0000 0.0000 46.3042 -1.4474 -29.8382 -34.2582 44.2751 -14.2930 0.0000 -0.0000 -19.4318 -39.1499 -2.1238 1.7281 7.1250 -0.0000 -0.0000 -10.1480 -32.6009 -3.1239
-0.5047 18.6680 2.7092 -1.4299 -4.4207 -3.4172 0.0000 0.0000 0.0000 -16.4225 -0.7137 -13.8420 6.3485 14.7578 46.3649 -0.2831 -10.7934 -1.7396 0.0760 -1.7786 -4.8941 0.0000 0.0000 0.0000 16.1626 22.6407 -4.1486 -5.8376 -14.2691 44.3263 0.3861 -13.5187 -13.4696 -0.1128 2.1653 -5.9626 0.7426 -0.1551 8.9488 -0.2755 -0.1474 1.3458 -0.6854 -0.0848 -3.6235 -6.9062 -0.3552 -11.9461 6.7816 -0.1139 9.4758 3.2332 0.1334 4.8006 -0.0000 -0.0000 0.0000 -51.3322 1.9477 -22.6043 28.3912 -39.4739 -10.3714 -0.0000 0.0000 -30.8641 34.2750 22.7693 14.7759 -7.1250 0.0000 -0.0000 5.8910 56.8105 1.7093 -0.0000 -0.0000 0.0000 48.6359 -1.3942 -29.5309 -33.8328 43.9605 -13.9969 0.0000 -0.0000 -19.9157 -39.2187 -2.2473 1.8330 7.1250 -0.0000 -0.0000 -10.2184 -32.7591 -3.1066
-0.5235 18.4772 2.6881 -1.5319 -4.3689 -3.4266 0.0000 0.0000 0.0000 -16.4790 -0.7253 -14.5334 6.8535 15.2073 48.3181 0.0354 -8.6911 -6.7491 0.9177 -6.1037 -17.0857 0.0000 0.0000 0.0000 16.1708 22.9753 -4.2906 -6.1057 -14.5300 45.4045 0.1460 -12.5394 -15.8038 -0.5013 4.5389 -12.5978 0.6708 -0.1758 9.2178 -0.1741 -0.1761 1.4108 -0.5363 -0.0977 -3.7058 -6.6620 -0.3164 -11.7379 6.5670 -0.0734 9.0195 3.1219 0.1459 4.6227 -0.0000 0.0000 0.0000 -53.7865 2.6669 -21.9460 27.9241 -39.0462 -10.0758 -0.0000 0.0000 -32.1874 34.1312 23.1978 14.9497 -7.1250 0.0000 -0.0000 5.6623 57.2623 1.7044 -0.0000 0.0000 0.0000 51.0039 -1.5493 -29.0842 -33.4486 43.6720 -13.7309 0.0000 -0.0000 -20.3149 -38.7633 -2.3609 1.8945 7.1250 -0.0000 -0.0000 -9.8641 -32.8929 -2.9637
-0.5451 18.2650 2.6626 -1.7318 -4.3293 -3.4624 0.0000 0.0000 0.0000 -16.3867 -0.8513 -15.1556 7.3541 15.6229 50.2011 0.1396 -9.8978 -9.0842 0.5807 -4.8797 -13.5657 0.0000 0.0000 0.0000 16.3209 23.1922 -4.4438 -6.4219 -14.8251 46.6525 -0.2156 -11.1934 -18.7198 -0.9037 6.0582 -16.9533 0.6763 -0.1966 9.5269 -0.0589 -0.1966 1.5030 -0.4168 -0.1074 -3.7818 -6.4656 -0.3041 -11.6853 6.4682 -0.0689 8.6846 3.0550 0.1483 4.5109 -0.0000 -0.0000 0.0000 -56.1752 3.2564 -21.2690 27.4526 -38.6074 -9.7802 -0.0000 0.0000 -33.0710 33.6804 23.5740 14.9238 -7.1250 0.0000 -0.0000 5.0777 57.5788 1.5666 -0.0000 -0.0000 0.0000 53.3896 -1.7654 -28.3732 -33.1833 43.4705 -13.5480 0.0000 -0.0000 -21.2452 -38.9966 -2.4809 2.0073 7.1250 -0.0000 -0.0000 -10.0669 -33.0501 -2.9874
-0.5693 18.0664 2.6398 -1.8621 -4.3671 -3.5190 0.0000 0.0000 0.0000 -16.2865 -0.9816 -15.7759 7.8113 15.9787 51.8803 0.1594 -12.5428 -10.7810 0.2748 -3.3716 -9.3150 0.0000 0.0000 0.0000 16.4407 23.4611 -4.6308 -6.7723 -15.1371 48.0079 -0.6303 -9.5929 -21.4064 -0.9585 6.2342 -17.4653 0.4871 -0.1921 9.8153 0.0676 -0.2039 1.6943 -0.1778 -0.1077 -3.7421 -6.3985 -0.2592 -11.8718 6.5639 -0.0074 8.3502 3.0761 0.1899 4.4350 -0.0000 0.0000 0.0000 -58.5318 3.5388 -20.7079 26.9103 -38.0935 -9.4437 -0.0000 0.0000 -33.7939 33.6207 23.6734 14.9482 -7.1250 0.0000 -0.0000 4.9911 57.6765 1.5515 -0.0000 0.0000 0.0000 55.7853 -1.6688 -27.6961 -32.9591 43.2985 -13.3940 0.0000 -0.0000 -22.6707 -40.1046 -2.6134 2.1992 7.1250 -0.0000 -0.0000 -10.9813 -33.2475 -3.2138
-0.5972 17.8761 2.6166 -1.7625 -4.4284 -3.6144 0.0000 0.0000 0.0000 -16.3678 -1.2023 -16.3143 8.2052 16.2681 53.2983 0.3545 -13.0227 -13.1332 0.1582 -2.5625 -7.0630 0.0000 0.0000 0.0000 16.3209 23.8750 -4.9172 -7.1455 -15.4532 49.4223 -1.0466 -8.0463 -23.8179 -1.0384 6.4811 -18.1868 0.0340 -0.1413 10.1995 0.1105 -0.1820 1.8746 0.1198 -0.0913 -3.7661 -6.3903 -0.2193 -11.9338 6.7965 0.0435 7.8262 3.1462 0.2303 4.2814 -0.0000 0.0000 0.0000 -60.7916 3.6920 -20.0769 26.3731 -37.5747 -9.1142 -0.0000 0.0000 -34.4758 33.9378 23.9070 15.2541 -7.1250 0.0000 -0.0000 5.3217 58.0166 1.6983 -0.0000 0.0000 0.0000 58.2719 -1.5014 -27.2028 -32.7230 43.1160 -13.2324 0.0000 -0.0000 -23.7457 -40.4849 -2.7354 2.3328 7.1250 -0.0000 -0.0000 -11.3064 -33.4150 -3.2654
-0.6289 17.6824 2.5966 -1.4881 -4.5248 -3.8190 0.0000 0.0000 0.0000 -16.6285 -1.3743 -16.6201 8.5604 16.5164 54.5570 0.6641 -13.1350 -16.0680 0.1466 -2.4670 -6.7982 0.0000 0.0000 0.0000 16.0442 24.3337 -5.0981 -7.5326 -15.7644 50.8609 -1.3966 -6.9973 -25.8353 -1.4083 7.5062 -21.2240 -0.5915 -0.0711 10.6821 0.0848 -0.1604 2.0004 0.4436 -0.0735 -3.9007 -6.3837 -0.2004 -11.8375 7.0157 0.0575 7.3910 3.2096 0.2483 4.1318 0.0000 0.0000 0.0000 -63.0052 3.9481 -19.4346 25.8647 -37.0748 -8.8060 -0.0000 0.0000 -35.1230 34.2349 24.1388 15.5511 -7.1250 0.0000 -0.0000 5.6331 58.3512 1.8434 0.0000 0.0000 0.0000 60.8233 -1.4297 -26.6847 -32.4749 42.9225 -13.0631 0.0000 -0.0000 -24.3665 -40.0603 -2.9280 2.4595 7.1250 -0.0000 -0.0000 -10.9866 -33.6495 -3.1065
-0.6638 17.4845 2.5786 -1.1775 -4.6205 -4.1022 0.0000 0.0000 0.0000 -16.8718 -1.4840 -16.8233 8.9282 16.7613 55.8414 0.9030 -14.1016 -18.3531 0.1045 -2.0843 -5.7388 0.0000 0.0000 0.0000 15.7975 24.7352 -5.1524 -7.9316 -16.0687 52.3160 -1.7697 -6.1753 -27.9868 -1.4811 7.6894 -21.7745 -1.2909 -0.0130 11.1960 0.0538 -0.1701 2.1582 0.8084 -0.0704 -4.0181 -6.3218 -0.1957 -11.7812 7.1033 0.0575 7.0204 3.2227 0.2535 4.0098 0.0000 -0.0000 0.0000 -65.2399 4.2013 -18.8401 25.4308 -36.6411 -8.5457 -0.0000 0.0000 -35.8286 34.2688 24.3648 15.7001 -7.1250 0.0000 -0.0000 5.6348 58.6145 1.8796 0.0000 -0.0000 0.0000 63.3573 -1.2585 -26.0154 -32.1872 42.6959 -12.8676 0.0000 -0.0000 -25.2906 -40.1465 -3.4871 2.9369 7.1250 -0.0000 -0.0000 -11.1302 -34.3691 -2.9507
-0.7030 17.2789 2.5537 -0.8762 -4.7301 -4.4167 0.0000 0.0000 0.0000 -17.0230 -1.6154 -17.0975 9.3453 17.0248 57.2767 0.9427 -16.2677 -19.3961 0.0084 -0.5926 -1.6283 0.0000 0.0000 0.0000 15.5719 25.1521 -5.3213 -8.3546 -16.3740 53.8302 -2.1142 -5.3672 -29.7997 -1.4898 7.7110 -21.8396 -1.9942 0.0841 11.7996 0.0107 -0.1386 2.3330 1.1570 -0.0468 -4.1673 -6.2175 -0.2139 -11.7230 7.1280 0.0313 6.5397 3.2066 0.2429 3.8560 -0.0000 0.0000 0.0000 -67.4370 4.3933 -18.1030 25.1282 -36.3348 -8.3658 -0.0000 0.0000 -36.6607 34.8657 24.9063 16.3524 -7.1250 0.0000 -0.0000 6.2612 59.3763 2.2039 -0.0000 0.0000 0.0000 65.9194 -0.9950 -25.4262 -31.8521 42.4290 -12.6409 0.0000 -0.0000 -26.4271 -40.0055 -4.1155 3.4468 7.1250 -0.0000 -0.0000 -11.0944 -35.1669 -2.7218
-0.7437 17.0769 2.5231 -0.4763 -4.9126 -4.6748 0.0000 0.0000 0.0000 -17.2565 -1.7016 -17.5715 9.8207 17.3078 58.8873 1.0636 -17.5882 -20.7308 0.0004 0.1272 0.3494 0.0000 0.0000 0.0000 15.1589 25.6181 -5.7633 -8.8085 -16.6829 55.4254 -2.4548 -4.4188 -31.4191 -1.4606 7.6384 -21.6210 -2.7562 0.2352 12.4091 -0.0809 -0.0552 2.4636 1.4798 0.0041 -4.3679 -6.1053 -0.2093 -11.6875 7.1322 0.0383 6.0562 3.1853 0.2475 3.7030 0.0000 0.0000 0.0000 -69.6040 4.4942 -17.4524 24.8604 -36.0609 -8.2076 -0.0000 0.0000 -37.2886 36.0232 25.5433 17.4087 -7.1250 0.0000 -0.0000 7.5914 60.3988 2.8605 0.0000 0.0000 0.0000 68.4831 -0.7776 -24.7732 -31.4494 42.1038 -12.3701 0.0000 -0.0000 -27.3755 -38.9951 -4.6102 3.7233 7.1250 -0.0000 -0.0000 -10.3095 -35.7421 -2.3772
-0.7839 16.8891 2.4946 -0.0404 -5.1754 -4.8860 0.0000 0.0000 0.0000 -17.5309 -1.6819 -18.2231 10.3450 17.5993 60.6352 1.3578 -17.7135 -22.6991 0.0003 -0.1100 -0.3021 0.0000 0.0000 0.0000 14.6711 26.1145 -6.3658 -9.2962 -16.9946 57.1091 -2.7648 -3.8716 -32.9661 -1.4500 7.6117 -21.5408 -3.5205 0.4104 12.9729 -0.1894 0.0489 2.5253 1.7815 0.0675 -4.6176 -6.1151 -0.1943 -11.4406 7.2154 0.0637 5.5213 3.2081 0.2582 3.4991 -0.0000 -0.0000 0.0000 -71.7496 4.6424 -16.9007 24.5867 -35.7785 -8.0470 -0.0000 0.0000 -37.8502 36.3277 26.0794 17.9138 -7.1250 0.0000 -0.0000 7.8970 61.0878 3.1058 -0.0000 -0.0000 0.0000 71.0408 -0.6966 -23.8268 -31.0248 41.7557 -12.0863 0.0000 -0.0000 -28.3412 -38.3756 -4.9472 3.9067 7.1250 -0.0000 -0.0000 -9.8245 -36.1304 -2.1682
-0.8243 16.7170 2.4668 0.4686 -5.4323 -5.0613 0.0000 0.0000 0.0000 -17.8739 -1.6510 -19.0259 10.9105 17.8910 62.4906 1.5705 -18.0323 -24.1172 0.0001 -0.0631 -0.1735 0.0000 0.0000 0.0000 14.0993 26.6202 -7.1050 -9.8202 -17.3075 58.8857 -3.0345 -3.5912 -34.3351 -1.5079 7.7555 -21.9738 -4.3458 0.5716 13.4808 -0.3529 0.1145 2.5496 2.0648 0.1145 -4.8750 -6.0392 -0.1708 -11.0793 7.2515 0.0879 4.9590 3.2014 0.2652 3.2691 0.0000 -0.0000 0.0000 -73.7904 4.8539 -16.4031 24.3378 -35.5195 -7.9020 -0.0000 0.0000 -38.5710 36.1694 26.5121 18.0735 -7.1250 0.0000 -0.0000 7.6241 61.5336 3.0783 0.0000 -0.0000 0.0000 73.6012 -0.6326 -22.7191 -30.4604 41.2847 -11.7122 0.0000 -0.0000 -29.2849 -37.8449 -5.1709 4.0054 7.1250 -0.0000 -0.0000 -9.3980 -36.3776 -2.0145
-0.8613 16.5557 2.4410 0.9717 -5.4892 -5.2545 0.0000 0.0000 0.0000 -18.2270 -1.7321 -19.8896 11.5241 18.1822 64.4722 1.6639 -18.7424 -24.8926 0.0000 0.0023 0.0063 0.0000 0.0000 0.0000 13.5409 26.8832 -7.8976 -10.3697 -17.6126 60.7170 -3.2819 -3.2724 -35.5188 -1.5426 7.8401 -22.2295 -5.0851 0.6546 13.9506 -0.5436 0.0807 2.6037 2.2872 0.1109 -5.0731 -5.8174 -0.1501 -10.8818 7.1433 0.1019 4.5127 3.1278 0.2662 3.1017 -0.0000 0.0000 0.0000 -75.6844 4.9555 -15.9343 23.9926 -35.1564 -7.7023 -0.0000 0.0000 -39.2861 35.8516 26.8669 18.0846 -7.1250 0.0000 -0.0000 7.1497 61.8463 2.9385 -0.0000 0.0000 0.0000 76.0465 -0.5517 -21.3777 -29.7431 40.6722 -11.2418 0.0000 -0.0000 -30.3830 -37.1269 -5.5210 4.1658 7.1250 -0.0000 -0.0000 -8.8197 -36.7662 -1.8035
-0.8940 16.3973 2.4139 1.0092 -5.5401 -5.3796 0.0000 0.0000 0.0000 -18.0315 -1.8100 -20.9289 12.2010 18.4743 66.6245 1.8030 -18.9773 -25.7696 0.0002 -0.0878 -0.2412 0.0000 0.0000 0.0000 13.4860 26.9743 -8.7453 -10.9157 -17.8936 62.5074 -3.5302 -2.8498 -36.6312 -1.4804 7.6877 -21.7695 -5.2332 0.6670 14.3278 -0.6356 0.0488 2.7116 2.2797 0.0969 -5.1628 -5.5923 -0.1285 -10.9296 7.0121 0.1230 4.2284 3.0501 0.2745 3.0224 -0.0000 0.0000 0.0000 -77.4857 4.8038 -15.6260 23.5626 -34.6983 -7.4561 -0.0000 0.0000 -40.1042 34.8585 27.4338 17.7919 -7.1250 0.0000 -0.0000 5.7433 62.2078 2.4072 -0.0000 0.0000 0.0000 78.2756 -0.3593 -19.8375 -28.8338 39.8726 -10.6540 0.0000 -0.0000 -31.6091 -36.5859 -6.0725 4.4899 7.1250 -0.0000 -0.0000 -8.4000 -37.4078 -1.5830
-0.9218 16.2441 2.3783 0.7103 -5.7981 -5.3495 0.0000 0.0000 0.0000 -17.4386 -1.7602 -22.2322 12.9073 18.7484 68.8374 2.0256 -18.4890 -26.8900 0.0035 -0.3841 -1.0553 0.0000 0.0000 0.0000 13.7117 27.1042 -9.8229 -11.4400 -18.1437 64.2022 -3.7464 -2.8076 -37.6917 -1.4270 7.5536 -21.3663 -5.0066 0.6994 14.5916 -0.6275 0.1124 2.8083 2.1485 0.1238 -5.2095 -5.4394 -0.0709 -11.0954 6.8935 0.2010 4.0638 2.9928 0.3127 2.9946 0.0000 -0.0000 0.0000 -79.2319 4.5121 -15.3916 23.0677 -34.1627 -7.1762 -0.0000 0.0000 -40.7622 33.0697 28.0670 17.0331 -7.1250 0.0000 -0.0000 3.2721 62.4186 1.3860 0.0000 -0.0000 0.0000 80.2780 0.0307 -18.4050 -27.6055 38.7505 -9.8758 0.0000 -0.0000 -32.4500 -35.9636 -6.8721 4.9618 7.1250 -0.0000 -0.0000 -7.9156 -38.3373 -1.3085
-0.9406 16.1105 2.3500 0.2268 -6.2695 -5.3674 0.0000 0.0000 0.0000 -16.6813 -1.5591 -23.3653 13.5742 18.9798 70.8999 2.2148 -18.1681 -27.8550 0.0204 -0.9215 -2.5327 0.0000 0.0000 0.0000 14.1907 27.2556 -10.7829 -11.9010 -18.3485 65.6748 -3.9099 -3.1664 -38.6154 -1.4216 7.5401 -21.3257 -4.5200 0.7784 14.8555 -0.5812 0.2800 2.8709 1.8903 0.1994 -5.2985 -5.3473 -0.0290 -11.2293 6.8548 0.2513 4.0833 2.9697 0.3398 3.0190 0.0000 0.0000 0.0000 -80.7685 4.2347 -15.2413 22.3433 -33.3628 -6.7737 -0.0000 0.0000 -40.8793 31.2748 28.5621 16.1937 -7.1250 0.0000 -0.0000 0.8302 62.4713 0.3525 0.0000 0.0000 0.0000 82.0513 0.2859 -16.7272 -26.1859 37.3917 -9.0003 0.0000 -0.0000 -33.0136 -35.1628 -7.3221 5.1302 7.1250 -0.0000 -0.0000 -7.2423 -38.8164 -1.1101
-0.9495 15.9945 2.3378 -0.0984 -6.9521 -5.5441 0.0000 0.0000 0.0000 -16.1567 -1.1749 -24.0918 14.1545 19.1602 72.6759 2.3316 -18.3774 -28.5371 0.0345 -1.1984 -3.2949 0.0000 0.0000 0.0000 14.5749 27.3701 -11.4742 -12.2965 -18.5132 66.9254 -4.0745 -3.5063 -39.5214 -1.4869 7.7036 -21.8174 -4.0408 0.9307 15.0239 -0.6142 0.5478 3.0220 1.5330 0.3195 -5.2437 -5.3183 -0.0336 -11.3315 6.8785 0.2455 4.0375 2.9723 0.3400 3.0221 0.0000 0.0000 0.0000 -82.0785 3.7869 -15.1362 21.4953 -32.4019 -6.3133 -0.0000 0.0000 -41.0619 30.6284 29.0927 16.0599 -7.1250 0.0000 -0.0000 -0.1940 62.8679 -0.0842 0.0000 0.0000 0.0000 83.6247 0.6050 -14.8611 -24.6611 35.8556 -8.0906 0.0000 -0.0000 -33.2532 -34.6804 -7.5027 5.1625 7.1250 -0.0000 -0.0000 -6.8285 -38.9926 -1.0162
-0.9593 15.8944 2.3276 -0.3760 -7.4968 -5.7115 0.0000 0.0000 0.0000 -15.6850 -0.9437 -24.6068 14.6349 19.2954 74.1343 2.4227 -18.5658 -29.0659 0.0290 -1.0992 -3.0218 0.0000 0.0000 0.0000 14.9142 27.2430 -12.0438 -12.6159 -18.6390 67.9281 -4.2824 -3.7613 -40.5782 -1.5334 7.8177 -22.1618 -3.6559 1.0535 15.0995 -0.6112 0.7701 3.2153 1.2763 0.4178 -5.0881 -5.2495 -0.0177 -11.3696 6.7530 0.2755 3.8378 2.9230 0.3501 2.9661 -0.0000 -0.0000 0.0000 -83.3268 3.2081 -15.1568 20.6858 -31.4598 -5.8851 -0.0000 0.0000 -41.2074 31.0121 29.7020 16.5868 -7.1250 0.0000 -0.0000 0.0308 63.6265 0.0139 -0.0000 -0.0000 0.0000 84.9393 0.7696 -12.5165 -23.3501 34.4695 -7.3355 0.0000 -0.0000 -33.5979 -34.2764 -7.7495 5.2509 7.1250 -0.0000 -0.0000 -6.4832 -39.2532 -0.9226
-0.9750 15.8082 2.3110 -0.6373 -7.7676 -5.8451 0.0000 0.0000 0.0000 -15.2136 -0.9682 -25.0177 15.0124 19.3928 75.2739 2.5276 -18.4246 -29.5865 0.0408 -1.3038 -3.5852 0.0000 0.0000 0.0000 15.2084 26.8544 -12.5757 -12.8752 -18.7366 68.7375 -4.4602 -4.0002 -41.4710 -1.5290 7.8071 -22.1298 -3.4349 1.1185 15.2488 -0.5225 0.8906 3.3172 1.2209 0.4726 -5.0655 -5.3896 0.0090 -11.2660 6.4834 0.3560 3.3918 3.1805 0.3576 3.1323 -0.0000 0.0000 0.0000 -84.5137 2.7068 -15.3476 19.8415 -30.4509 -5.4508 -0.0000 0.0000 -40.6577 31.2910 29.9441 16.8769 -7.1250 0.0000 -0.0000 0.2832 63.9636 0.1302 -0.0000 0.0000 0.0000 85.9350 0.6624 -9.8999 -22.2690 33.2797 -6.7328 0.0000 -0.0000 -34.2746 -34.0481 -7.7454 5.2035 7.1250 -0.0000 -0.0000 -6.2830 -39.2284 -0.8977
-0.9856 15.7466 2.2993 -0.6814 -7.9757 -6.1462 0.0000 0.0000 0.0000 -15.0877 -1.0289 -24.9886 15.2540 19.4512 76.0006 2.6290 -18.2819 -30.0842 0.0626 -1.6139 -4.4396 0.0000 0.0000 0.0000 15.2709 26.4119 -12.7978 -13.0746 -18.8089 69.3571 -4.5988 -3.9707 -42.0770 -1.5144 7.7716 -22.0223 -3.3669 1.2011 15.4972 -0.5020 1.0031 3.4676 1.1802 0.5246 -5.0454 -5.4713 0.0107 -11.3960 6.7263 0.3565 3.6488 2.9544 0.3853 2.9077 -0.0000 -0.0000 0.0000 -85.4807 2.0911 -15.5868 18.9108 -29.3077 -4.9871 -0.0000 0.0000 -39.8028 30.2184 30.5480 16.4905 -7.1250 0.0000 -0.0000 -1.3844 64.3071 -0.6474 -0.0000 -0.0000 0.0000 86.7589 0.9072 -8.0683 -21.1093 31.9557 -6.1077 0.0000 -0.0000 -34.4728 -33.1651 -7.0651 4.5956 7.1250 -0.0000 -0.0000 -5.4976 -38.3480 -0.9039
-0.9895 15.7093 2.2939 -0.6103 -8.2048 -6.4937 0.0000 0.0000 0.0000 -15.1956 -1.0636 -24.6677 15.3628 19.4764 76.3270 2.7193 -18.2596 -30.5454 0.0715 -1.7245 -4.7450 0.0000 0.0000 0.0000 15.1609 26.1986 -12.8504 -13.2182 -18.8595 69.8019 -4.6667 -3.5918 -42.2419 -1.5093 7.7589 -21.9841 -3.2834 1.2997 15.8380 -0.5666 1.1293 3.5807 1.0357 0.5843 -5.1129 -5.5024 -0.0235 -11.5103 6.6881 0.3205 3.7080 2.9469 0.3674 2.9460 0.0000 -0.0000 0.0000 -86.2060 1.5104 -15.6004 17.9744 -28.1244 -4.5372 -0.0000 0.0000 -39.4024 28.4754 29.4761 14.9436 -7.1250 0.0000 -0.0000 -3.0402 62.6962 -1.3075 0.0000 -0.0000 0.0000 87.5361 1.6228 -7.7107 -19.7253 30.3100 -5.3920 0.0000 -0.0000 -33.0143 -31.2288 -6.5070 3.9306 7.1250 -0.0000 -0.0000 -3.8240 -37.5528 -0.7022
-0.9887 15.6887 2.2922 -0.4482 -8.3859 -6.7347 0.0000 0.0000 0.0000 -15.4878 -1.2397 -24.2951 15.3665 19.4773 76.3382 2.8092 -18.1025 -30.9738 0.0576 -1.5489 -4.2606 0.0000 0.0000 0.0000 14.8368 26.1498 -12.9532 -13.3030 -18.8888 70.0638 -4.6653 -2.9498 -42.0150 -1.5025 7.7423 -21.9342 -3.2705 1.3993 16.0615 -0.6327 1.2490 3.6139 0.9309 0.6429 -5.2019 -5.5002 -0.0568 -11.4154 6.2903 0.3025 3.4093 3.1337 0.3236 3.1696 0.0000 -0.0000 0.0000 -86.9504 1.1973 -13.6203 19.0124 -29.4341 -5.0370 -0.0000 0.0000 -46.6958 39.7246 32.0319 23.7843 -7.1250 0.0000 -0.0000 11.8302 68.7677 6.7779 0.0000 -0.0000 0.0000 88.1304 2.5696 -8.4699 -18.3074 28.5490 -4.6952 0.0000 -0.0000 -30.6863 -29.5236 -6.4590 3.6452 7.1250 -0.0000 -0.0000 -2.3658 -37.3833 -0.4438
-0.9870 15.6892 2.2995 -0.1192 -8.5042 -6.9151 0.0000 0.0000 0.0000 -16.0362 -1.4489 -23.8289 15.2701 19.4550 76.0490 2.9284 -17.5766 -31.4842 0.0729 -1.7415 -4.7919 0.0000 0.0000 0.0000 14.2982 26.0066 -12.9685 -13.3002 -18.8879 70.0553 -4.6126 -2.5776 -41.6570 -1.5428 7.8407 -22.2314 -3.4712 1.5012 16.0577 -0.6864 1.3466 3.6069 0.9674 0.6931 -5.2142 -5.5154 -0.0423 -11.3010 6.1214 0.3283 3.4636 3.0779 0.3277 3.1629 -0.0000 0.0000 0.0000 -87.4819 0.7177 -13.7013 18.6735 -29.0109 -4.8715 -0.0000 0.0000 -47.1527 31.5369 30.7694 17.4298 -7.1250 0.0000 -0.0000 0.2278 64.9167 0.1098 -0.0000 0.0000 0.0000 88.5185 3.2590 -9.1322 -17.2988 27.2500 -4.2233 0.0000 -0.0000 -29.1476 -29.1231 -6.4293 3.5698 7.1250 -0.0000 -0.0000 -2.0245 -37.3232 -0.3826
-0.9834 15.7081 2.3104 0.1615 -8.6334 -7.0273 0.0000 0.0000 0.0000 -16.5600 -1.6230 -23.3768 15.1086 19.4164 75.5635 3.0228 -17.0043 -31.8687 0.0934 -1.9709 -5.4252 0.0000 0.0000 0.0000 13.8160 25.7451 -12.9209 -13.2169 -18.8591 69.7979 -4.5523 -2.2759 -41.2880 -1.6030 7.9849 -22.6683 -3.6696 1.5999 15.9945 -0.6905 1.4456 3.5666 1.0557 0.7448 -5.2315 -5.5680 -0.0081 -11.3623 6.0115 0.3841 3.6843 3.0586 0.3506 3.2468 -0.0000 0.0000 0.0000 -87.8832 0.2026 -13.8735 18.3707 -28.6292 -4.7255 -0.0000 0.0000 -47.4757 27.9319 30.5910 15.0997 -7.1250 0.0000 -0.0000 -4.2979 63.7184 -1.9524 -0.0000 0.0000 0.0000 88.7307 3.6254 -9.4049 -16.8092 26.6056 -4.0015 0.0000 -0.0000 -28.6926 -29.2170 -6.2965 3.5100 7.1250 -0.0000 -0.0000 -2.1074 -37.1777 -0.4058
-0.9761 15.7473 2.3222 0.2008 -8.6964 -7.1048 0.0000 0.0000 0.0000 -16.8340 -1.8283 -22.8888 14.9048 19.3658 74.9498 3.0614 -16.5526 -31.9975 0.0791 -1.8144 -4.9929 0.0000 0.0000 0.0000 13.6517 25.3302 -12.7476 -13.0563 -18.8024 69.3003 -4.5098 -1.8960 -40.9739 -1.5889 7.9515 -22.5667 -3.5844 1.6476 15.9855 -0.6347 1.5256 3.5275 1.0498 0.7843 -5.2715 -5.5477 -0.0043 -11.5976 6.0655 0.3789 4.2762 2.7705 0.3703 3.1272 -0.0000 -0.0000 0.0000 -88.1214 -0.2274 -13.8156 18.3070 -28.5485 -4.6950 -0.0000 0.0000 -47.9692 29.6509 31.3286 16.4878 -7.1250 0.0000 -0.0000 -2.5302 64.9707 -1.2225 -0.0000 -0.0000 0.0000 88.7344 4.1023 -10.2224 -16.4374 26.1101 -3.8364 0.0000 -0.0000 -28.0517 -27.8794 -7.0248 3.7017 7.1250 -0.0000 -0.0000 -0.9410 -37.9143 -0.1642
-0.9674 15.8062 2.3329 0.1349 -8.6543 -7.0370 0.0000 0.0000 0.0000 -17.0020 -2.0465 -22.4947 14.6621 19.3027 74.2168 3.0890 -16.0846 -32.0751 0.0690 -1.6944 -4.6619 0.0000 0.0000 0.0000 13.5836 24.8289 -12.6497 -12.8280 -18.7192 68.5905 -4.4412 -1.6988 -40.6000 -1.5242 7.7953 -22.0940 -3.3680 1.6369 15.8355 -0.5724 1.5565 3.4471 0.9892 0.7983 -5.2737 -5.5345 0.0094 -11.7303 5.9635 0.3979 4.5993 2.7412 0.3774 3.2452 0.0000 0.0000 0.0000 -88.1605 -0.5601 -13.6615 18.4079 -28.6763 -4.7433 -0.0000 0.0000 -48.6944 35.5739 32.3029 20.9179 -7.1250 0.0000 -0.0000 5.2193 67.7708 2.8599 0.0000 0.0000 0.0000 88.5292 4.4330 -10.8128 -16.3052 25.9328 -3.7785 0.0000 -0.0000 -28.0741 -29.4922 -6.2419 3.5190 7.1250 -0.0000 -0.0000 -2.3429 -37.1329 -0.4538
-0.9607 15.8800 2.3421 -0.1741 -8.5893 -6.7989 0.0000 0.0000 0.0000 -16.8713 -2.1988 -22.2576 14.3867 19.2271 73.3820 3.0954 -15.4148 -32.0278 0.0779 -1.8000 -4.9534 0.0000 0.0000 0.0000 13.7777 24.3454 -12.6207 -12.5303 -18.6059 67.6600 -4.3266 -1.4556 -39.9974 -1.4297 7.5607 -21.3874 -2.9829 1.6069 15.5390 -0.4191 1.5998 3.3162 0.9296 0.8169 -5.2485 -5.4504 0.0499 -11.7158 5.8329 0.4429 4.7666 2.6911 0.3950 3.2911 0.0000 -0.0000 0.0000 -87.9798 -1.0080 -14.0726 18.4752 -28.7613 -4.7757 -0.0000 0.0000 -48.2002 34.7785 32.9603 20.6979 -7.1250 0.0000 -0.0000 3.7384 68.2347 2.0868 0.0000 -0.0000 0.0000 88.1523 4.5048 -11.1059 -16.5069 26.2032 -3.8671 0.0000 -0.0000 -28.7483 -30.3898 -6.5924 3.8518 7.1250 -0.0000 -0.0000 -3.1048 -37.5944 -0.5666
-0.9530 15.9757 2.3576 -0.5466 -8.4545 -6.6129 0.0000 0.0000 0.0000 -16.6674 -2.3372 -21.8663 14.0506 19.1293 72.3590 3.0595 -14.6154 -31.7616 0.1093 -2.1321 -5.8708 0.0000 0.0000 0.0000 14.1460 23.8224 -12.3475 -12.1693 -18.4613 66.5246 -4.1889 -1.2658 -39.2964 -1.3207 7.2785 -20.5431 -2.6024 1.5439 15.2540 -0.2009 1.6000 3.1907 0.9493 0.8147 -5.2232 -5.4056 0.1022 -11.8062 5.7001 0.5105 5.0762 2.6499 0.4242 3.3958 -0.0000 0.0000 0.0000 -87.7204 -1.2614 -13.7003 18.9235 -29.3236 -4.9933 -0.0000 0.0000 -49.7553 31.5860 31.3070 17.7187 -7.1250 0.0000 -0.0000 0.0317 65.5044 0.0157 -0.0000 0.0000 0.0000 87.5307 4.5810 -11.6358 -16.8021 26.5961 -3.9983 0.0000 -0.0000 -29.2524 -31.2994 -6.7031 4.0593 7.1250 -0.0000 -0.0000 -3.8847 -37.7856 -0.6912
-0.9414 16.0977 2.3808 -0.6640 -8.2413 -6.4882 0.0000 0.0000 0.0000 -16.7947 -2.5513 -21.2370 13.6277 18.9972 71.0643 2.9756 -13.8833 -31.2606 0.1370 -2.3859 -6.5734 0.0000 0.0000 0.0000 14.2897 23.2217 -11.8895 -11.7647 -18.2894 65.2410 -4.0244 -1.3210 -38.5337 -1.2761 7.1591 -20.1877 -2.4631 1.4774 14.9749 -0.0472 1.5515 3.0407 1.0461 0.7919 -5.2293 -5.5102 0.1631 -11.8880 5.7609 0.5933 5.5055 2.6948 0.4671 3.5341 -0.0000 0.0000 0.0000 -87.2680 -1.3989 -13.6757 19.3685 -29.8740 -5.2131 -0.0000 0.0000 -50.0000 35.4916 32.3434 20.8812 -7.1250 0.0000 -0.0000 5.0797 67.7893 2.7854 -0.0000 0.0000 0.0000 86.6917 4.7328 -12.5036 -17.0579 26.9341 -4.1135 0.0000 -0.0000 -29.7570 -32.6237 -6.6103 4.2143 7.1250 -0.0000 -0.0000 -5.0220 -37.7711 -0.8964
-0.9252 16.2363 2.4072 -0.5887 -8.1951 -6.3167 0.0000 0.0000 0.0000 -17.1182 -2.6755 -20.5680 13.1421 18.8329 69.5663 2.8322 -13.5562 -30.4729 0.1072 -2.1109 -5.8123 0.0000 0.0000 0.0000 14.2075 22.7865 -11.4707 -11.3383 -18.0967 63.8754 -3.7877 -1.7449 -37.5246 -1.2959 7.2125 -20.3465 -2.3994 1.4661 14.5401 -0.0059 1.5613 2.9151 1.0589 0.7969 -5.1251 -5.6972 0.1931 -11.9153 6.0353 0.6314 5.7911 2.8151 0.4962 3.6220 0.0000 0.0000 0.0000 -86.5440 -1.5310 -13.5246 19.9068 -30.5299 -5.4839 -0.0000 0.0000 -50.5599 30.6486 31.1338 17.0334 -7.1250 0.0000 -0.0000 -1.1239 65.0500 -0.5450 0.0000 0.0000 0.0000 85.7070 4.9060 -13.3952 -17.3383 27.3016 -4.2414 0.0000 -0.0000 -30.0010 -33.3784 -6.4876 4.2573 7.1250 -0.0000 -0.0000 -5.6679 -37.6798 -1.0253
-0.9065 16.3867 2.4259 -0.5028 -8.4124 -6.0487 0.0000 0.0000 0.0000 -17.3652 -2.6469 -20.0273 12.6274 18.6435 67.9643 2.5919 -13.5472 -29.1610 0.0542 -1.5028 -4.1336 0.0000 0.0000 0.0000 14.0919 22.7680 -11.2006 -10.9141 -17.8928 62.5024 -3.4970 -2.1265 -36.2016 -1.2593 7.1137 -20.0527 -2.3587 1.5027 14.0514 0.0209 1.6307 2.7755 1.0597 0.8314 -5.0078 -5.6954 0.2199 -11.9656 6.1213 0.6532 6.0472 2.8456 0.5123 3.7065 -0.0000 0.0000 0.0000 -85.5439 -1.9011 -13.8101 20.2507 -30.9432 -5.6597 -0.0000 0.0000 -50.7077 34.6079 31.7005 19.9311 -7.1250 0.0000 -0.0000 4.0470 66.8228 2.1291 -0.0000 0.0000 0.0000 84.5354 5.0484 -13.9930 -17.7014 27.7731 -4.4092 0.0000 -0.0000 -29.9353 -33.2231 -6.2980 4.1096 7.1250 -0.0000 -0.0000 -5.5296 -37.4442 -1.0321
-0.8877 16.5460 2.4361 -0.6522 -8.6193 -5.6940 0.0000 0.0000 0.0000 -17.2757 -2.5678 -19.6233 12.1093 18.4365 66.3349 2.3381 -13.1115 -27.6790 0.0589 -1.5658 -4.3071 0.0000 0.0000 0.0000 14.2575 22.8715 -10.9362 -10.4860 -17.6742 61.1008 -3.1536 -2.4285 -34.5206 -1.1499 6.8089 -19.1504 -2.1631 1.5074 13.5940 0.1472 1.6841 2.6337 1.0802 0.8566 -4.9072 -5.5989 0.2602 -12.0925 6.0284 0.6970 6.3127 2.8075 0.5332 3.8058 -0.0000 0.0000 0.0000 -84.3865 -2.4412 -14.2521 20.4866 -31.2241 -5.7815 -0.0000 0.0000 -50.5482 34.1638 30.4786 18.9953 -7.1250 0.0000 -0.0000 3.9004 65.3637 1.9208 -0.0000 0.0000 0.0000 83.1516 5.2162 -14.2467 -18.1797 28.3867 -4.6344 0.0000 -0.0000 -30.2225 -33.5082 -6.4378 4.2457 7.1250 -0.0000 -0.0000 -5.7780 -37.6300 -1.0524
-0.8660 16.7197 2.4516 -0.9561 -8.8293 -5.3807 0.0000 0.0000 0.0000 -16.9762 -2.4125 -19.1495 11.5720 18.2038 64.6255 2.0600 -12.6713 -25.9768 0.0715 -1.7255 -4.7476 0.0000 0.0000 0.0000 14.6568 22.9744 -10.4830 -10.0448 -17.4349 59.6379 -2.7746 -2.8708 -32.6072 -1.0742 6.5884 -18.5016 -1.7274 1.5077 13.1883 0.2847 1.7622 2.4858 0.9721 0.8908 -4.8346 -5.6053 0.2802 -12.0781 6.0668 0.7153 6.4674 2.8230 0.5439 3.8494 0.0000 0.0000 0.0000 -83.0752 -2.6480 -14.2295 20.9833 -31.8089 -6.0412 -0.0000 0.0000 -50.7926 34.0660 30.2135 18.7921 -7.1250 0.0000 -0.0000 3.8636 65.0464 1.8743 0.0000 0.0000 0.0000 81.6525 5.4443 -14.8386 -18.6025 28.9217 -4.8371 0.0000 -0.0000 -30.1345 -33.8255 -6.6779 4.4556 7.1250 -0.0000 -0.0000 -6.0582 -37.9385 -1.0579
-0.8395 16.9258 2.4773 -0.9293 -9.0308 -5.1692 0.0000 0.0000 0.0000 -17.0464 -2.2754 -18.4603 10.9939 17.9321 62.7618 1.7482 -12.5075 -23.9904 0.0604 -1.5863 -4.3636 0.0000 0.0000 0.0000 14.6716 23.0985 -9.9951 -9.5947 -17.1756 58.1250 -2.3945 -3.5810 -30.6803 -1.1245 6.7358 -18.9351 -1.5341 1.5284 12.7983 0.3017 1.8243 2.3007 0.8767 0.9204 -4.8115 -5.6279 0.2976 -11.9563 6.1135 0.7255 6.6607 2.8427 0.5492 3.8877 0.0000 -0.0000 0.0000 -81.6192 -2.6191 -14.2131 21.5777 -32.4964 -6.3575 -0.0000 0.0000 -50.9390 33.8379 29.9997 18.5310 -7.1250 0.0000 -0.0000 3.6306 64.7473 1.7359 0.0000 -0.0000 0.0000 80.0715 5.6796 -15.8446 -18.9177 29.3163 -4.9905 0.0000 -0.0000 -29.5710 -33.9165 -6.6629 4.4609 7.1250 -0.0000 -0.0000 -6.1361 -37.9274 -1.0733
-0.8112 17.1491 2.5008 -0.5791 -9.1335 -5.0081 0.0000 0.0000 0.0000 -17.4684 -2.1941 -17.6872 10.3962 17.6267 60.8044 1.4184 -12.2379 -21.7168 0.0690 -1.6950 -4.6634 0.0000 0.0000 0.0000 14.2830 23.1788 -9.6727 -9.1497 -16.9031 56.6066 -1.9513 -4.7310 -28.4244 -1.3951 7.4725 -21.1228 -1.6501 1.5041 12.3937 0.2097 1.7792 2.1420 0.8606 0.9006 -4.7545 -5.5480 0.3539 -11.8748 6.0678 0.7784 6.9584 2.8212 0.5738 3.9625 0.0000 -0.0000 0.0000 -80.0051 -2.7028 -14.5499 22.0873 -33.0755 -6.6334 -0.0000 0.0000 -50.8819 33.7879 29.8067 18.3977 -7.1250 0.0000 -0.0000 3.6324 64.5226 1.7177 0.0000 -0.0000 0.0000 78.4118 6.0683 -16.9281 -19.1680 29.6268 -5.1136 0.0000 -0.0000 -28.8727 -33.7761 -6.1501 4.0985 7.1250 -0.0000 -0.0000 -5.9985 -37.3062 -1.1407
-0.7886 17.3465 2.5130 -0.5175 -9.3249 -4.7922 0.0000 0.0000 0.0000 -17.4547 -1.9996 -17.1553 9.8411 17.3195 58.9558 1.0704 -11.8463 -19.0597 0.1028 -2.0670 -5.6910 0.0000 0.0000 0.0000 14.2465 23.4302 -9.0309 -8.7250 -16.6274 55.1340 -1.6447 -4.7817 -26.3450 -1.4517 7.6160 -21.5537 -1.5366 1.4851 11.9737 0.2072 1.7764 2.0373 0.8029 0.8980 -4.6289 -5.4645 0.4001 -11.7580 5.9868 0.8239 7.1197 2.7860 0.5924 3.9905 0.0000 -0.0000 0.0000 -78.2703 -2.9003 -14.8852 22.5890 -33.6363 -6.9093 -0.0000 0.0000 -50.9542 34.1015 29.5206 18.4500 -7.1250 0.0000 -0.0000 4.1533 64.2998 1.9430 0.0000 -0.0000 0.0000 76.6438 6.4645 -17.7387 -19.5177 30.0569 -5.2877 0.0000 -0.0000 -28.2280 -33.5103 -5.8803 3.8809 7.1250 -0.0000 -0.0000 -5.7626 -36.9676 -1.1434
-0.7691 17.5548 2.5244 -0.6293 -9.5220 -4.4570 0.0000 0.0000 0.0000 -17.1856 -1.7728 -16.7861 9.2996 16.9967 57.1207 0.7411 -11.3847 -16.1999 0.1441 -2.4466 -6.7416 0.0000 0.0000 0.0000 14.3766 23.8064 -8.6447 -8.3057 -16.3395 53.6563 -1.2661 -5.5007 -23.8898 -1.5137 7.7697 -22.0169 -1.3202 1.4667 11.5390 0.2931 1.7907 1.8838 0.7767 0.9034 -4.5460 -5.5556 0.4089 -11.6405 5.9544 0.8441 7.2373 2.7922 0.5963 4.0057 0.0000 0.0000 0.0000 -76.5092 -3.0472 -15.2121 23.1448 -34.2467 -7.2196 -0.0000 0.0000 -51.1254 34.3278 28.9810 18.3074 -7.1250 0.0000 -0.0000 4.6287 63.7721 2.1088 0.0000 0.0000 0.0000 74.7821 6.7520 -18.4539 -19.9775 30.6153 -5.5199 0.0000 -0.0000 -27.6666 -33.4716 -5.7011 3.7578 7.1250 -0.0000 -0.0000 -5.7238 -36.7520 -1.1659
-0.7478 17.7745 2.5416 -0.4936 -9.5431 -4.2181 0.0000 0.0000 0.0000 -17.1976 -1.5368 -16.3285 8.7714 16.6583 55.2961 0.4602 -10.8463 -13.3297 0.1909 -2.8137 -7.7605 0.0000 0.0000 0.0000 14.1927 24.0697 -8.2506 -7.8837 -16.0330 52.1426 -0.9189 -6.2341 -21.3993 -1.4733 7.6699 -21.7158 -1.2736 1.3792 11.1279 0.2504 1.6845 1.7588 0.7298 0.8507 -4.4437 -5.5579 0.4460 -11.7222 5.9439 0.8880 7.5733 2.7966 0.6183 4.1190 -0.0000 -0.0000 0.0000 -74.5301 -3.1128 -15.5666 23.7406 -34.8887 -7.5577 -0.0000 0.0000 -51.3254 34.4525 28.5456 18.1512 -7.1250 0.0000 -0.0000 4.9228 63.3274 2.1919 -0.0000 -0.0000 0.0000 72.9532 7.1433 -19.1953 -20.4345 31.1623 -5.7545 0.0000 -0.0000 -27.1378 -33.6268 -5.6332 3.7352 7.1250 -0.0000 -0.0000 -5.8533 -36.6809 -1.2027
-0.7271 17.9957 2.5605 -0.3828 -9.4908 -3.9964 0.0000 0.0000 0.0000 -17.1333 -1.3285 -15.8748 8.2436 16.2955 53.4355 0.2036 -10.3962 -10.1935 0.1777 -2.7155 -7.4875 0.0000 0.0000 0.0000 14.0311 24.2552 -7.8335 -7.4577 -15.7055 50.5850 -0.5973 -6.9660 -18.7746 -1.3661 7.3974 -20.8982 -1.1640 1.2607 10.7001 0.1756 1.5427 1.6609 0.6190 0.7789 -4.3005 -5.5442 0.5096 -11.7800 6.0057 0.9576 7.8758 2.8222 0.6573 4.2166 0.0000 0.0000 0.0000 -72.3699 -3.2199 -15.9519 24.2961 -35.4758 -7.8778 -0.0000 0.0000 -51.5230 34.6632 28.3793 18.1940 -7.1250 0.0000 -0.0000 5.2475 63.2029 2.3215 0.0000 0.0000 0.0000 71.1139 7.6228 -20.0631 -20.8852 31.6941 -5.9895 0.0000 -0.0000 -26.5354 -33.9667 -5.5795 3.7474 7.1250 -0.0000 -0.0000 -6.1396 -36.6376 -1.2686
-0.7092 18.2107 2.5749 -0.3688 -9.4506 -3.7135 0.0000 0.0000 0.0000 -16.8904 -1.1644 -15.5302 7.7209 15.9101 51.5509 -0.0152 -9.9106 -6.6896 0.1462 -2.4642 -6.7904 0.0000 0.0000 0.0000 13.9661 24.4839 -7.5157 -7.0379 -15.3638 49.0177 -0.2981 -7.8007 -15.9805 -1.1237 6.7333 -18.9276 -1.0133 1.1567 10.2757 0.1559 1.4263 1.5084 0.5368 0.7198 -4.2173 -5.5936 0.5648 -11.5690 6.0744 1.0189 7.9866 2.8549 0.6870 4.2115 0.0000 0.0000 0.0000 -70.1636 -3.2957 -16.3990 24.8110 -36.0102 -8.1786 -0.0000 0.0000 -51.6670 34.4843 28.1693 17.9658 -7.1250 0.0000 -0.0000 5.0696 62.9206 2.2090 0.0000 0.0000 0.0000 69.1281 7.9734 -20.7630 -21.3591 32.2451 -6.2404 0.0000 -0.0000 -26.0685 -34.4876 -5.5245 3.7838 7.1250 -0.0000 -0.0000 -6.5791 -36.6037 -1.3658
-0.6923 18.4144 2.5848 -0.2482 -9.3195 -3.5008 0.0000 0.0000 0.0000 -16.7415 -1.0290 -15.1551 7.2123 15.5081 49.6728 -0.1593 -9.2896 -3.0492 0.1823 -2.7504 -7.5847 0.0000 0.0000 0.0000 13.7825 24.5549 -7.2063 -6.6414 -15.0223 47.5046 -0.0481 -8.7139 -13.2848 -0.7654 5.5867 -15.5897 -0.9874 1.0578 9.9199 0.1314 1.3009 1.3991 0.5192 0.6578 -4.1300 -5.5902 0.5596 -11.3969 5.9431 1.0153 8.0328 2.8120 0.6752 4.1982 0.0000 0.0000 0.0000 -67.9264 -3.4406 -16.8527 25.3100 -36.5191 -8.4737 -0.0000 0.0000 -51.7364 34.1445 27.8269 17.5666 -7.1250 0.0000 -0.0000 4.7211 62.4480 2.0043 0.0000 0.0000 0.0000 67.0322 8.2127 -21.2492 -21.9306 32.8985 -6.5481 0.0000 -0.0000 -25.6888 -34.8216 -5.4256 3.7629 7.1250 -0.0000 -0.0000 -6.8572 -36.5051 -1.4409
-0.6765 18.6129 2.5973 0.0279 -9.0939 -3.3088 0.0000 0.0000 0.0000 -16.7464 -0.9440 -14.7654 6.7096 15.0824 47.7674 -0.2145 -8.4911 0.6808 0.1914 -2.8174 -7.7709 0.0000 0.0000 0.0000 13.3985 24.4131 -6.9466 -6.2756 -14.6902 46.0779 0.1325 -9.4519 -10.8190 -0.3927 4.0237 -11.1433 -1.1145 0.9422 9.5520 0.0452 1.1349 1.3310 0.5286 0.5771 -3.9939 -5.5741 0.5324 -11.5258 5.8894 0.9796 8.2904 2.7946 0.6565 4.3007 0.0000 -0.0000 0.0000 -65.6204 -3.6924 -17.4749 25.8078 -37.0183 -8.7717 -0.0000 0.0000 -51.6127 33.8449 27.5491 17.2312 -7.1250 0.0000 -0.0000 4.4121 62.0590 1.8324 0.0000 -0.0000 0.0000 64.9057 8.5477 -21.8530 -22.4687 33.5026 -6.8427 0.0000 -0.0000 -25.0458 -35.2743 -5.3597 3.7802 7.1250 -0.0000 -0.0000 -7.2370 -36.4527 -1.5310
-0.6613 18.8027 2.6104 0.2069 -8.8779 -3.0567 0.0000 0.0000 0.0000 -16.5797 -0.9068 -14.4491 6.2204 14.6386 45.8599 -0.1679 -7.4521 4.5912 0.1036 -2.0754 -5.7142 0.0000 0.0000 0.0000 13.0792 24.1649 -6.8229 -5.9508 -14.3805 44.7839 0.2221 -9.7815 -9.0686 -0.1684 2.6438 -7.2885 -1.1503 0.8385 9.1485 -0.0242 0.9960 1.2328 0.4994 0.5086 -3.8682 -5.6444 0.5313 -11.6050 6.0166 0.9697 8.5928 2.8494 0.6577 4.4060 0.0000 -0.0000 0.0000 -63.2351 -3.9046 -17.9955 26.3260 -37.5289 -9.0855 -0.0000 0.0000 -51.4425 33.6678 27.5103 17.1021 -7.1250 0.0000 -0.0000 4.1972 61.9682 1.7339 0.0000 -0.0000 0.0000 62.7167 8.9465 -22.8213 -22.9185 33.9995 -7.0926 0.0000 -0.0000 -24.1576 -35.6093 -5.1611 3.6861 7.1250 -0.0000 -0.0000 -7.5081 -36.2317 -1.6300
-0.6466 18.9774 2.6244 0.4915 -8.5901 -2.8314 0.0000 0.0000 0.0000 -16.5171 -0.9747 -14.0902 5.7480 14.1796 43.9617 -0.0161 -6.2019 8.4019 0.0482 -1.4168 -3.8965 0.0000 0.0000 0.0000 12.6505 23.8007 -6.7411 -5.6789 -14.1097 43.6788 0.2344 -9.7101 -8.4777 -0.1042 2.0820 -5.7323 -1.3244 0.7077 8.6803 -0.0993 0.8092 1.1511 0.5473 0.4178 -3.6899 -5.6826 0.5404 -11.6448 6.0632 0.9750 8.8945 2.8747 0.6622 4.5043 0.0000 -0.0000 0.0000 -60.7899 -4.0575 -18.5133 26.8505 -38.0363 -9.4069 -0.0000 0.0000 -51.3006 33.4391 27.2149 16.8043 -7.1250 0.0000 -0.0000 3.9890 61.5804 1.6112 0.0000 -0.0000 0.0000 60.4113 9.3227 -23.7362 -23.3626 34.4830 -7.3426 0.0000 -0.0000 -23.2284 -35.6167 -4.6083 3.2941 7.1250 -0.0000 -0.0000 -7.4787 -35.5598 -1.7469
-0.6339 19.1321 2.6369 0.8022 -8.2698 -2.6322 0.0000 0.0000 0.0000 -16.4701 -1.0168 -13.7211 5.3049 13.7191 42.1238 0.2085 -5.0879 11.9952 0.0311 -1.1386 -3.1302 0.0000 0.0000 0.0000 12.2418 23.4671 -6.6521 -5.4633 -13.8873 42.7879 0.2051 -9.4930 -8.9274 -0.1105 2.1434 -5.9023 -1.4894 0.5819 8.2492 -0.2178 0.6292 1.0490 0.5418 0.3301 -3.5522 -5.5382 0.5316 -11.6324 5.9278 0.9436 9.2083 2.8103 0.6429 4.6021 -0.0000 0.0000 0.0000 -58.2112 -4.2309 -19.0524 27.3432 -38.5045 -9.7120 -0.0000 0.0000 -51.0659 33.2052 26.7661 16.4233 -7.1250 0.0000 -0.0000 3.8178 61.0223 1.4915 -0.0000 0.0000 0.0000 58.0970 9.5154 -24.4474 -23.8726 35.0293 -7.6333 0.0000 -0.0000 -22.4261 -35.8284 -4.0119 2.8917 7.1250 -0.0000 -0.0000 -7.6140 -34.8431 -1.9129
-0.6245 19.2710 2.6451 0.8872 -8.0139 -2.3667 0.0000 0.0000 0.0000 -16.1451 -1.0953 -13.4424 4.8982 13.2682 40.3810 0.4711 -4.1942 15.1847 0.0343 -1.1955 -3.2869 0.0000 0.0000 0.0000 12.1138 23.2675 -6.5889 -5.3033 -13.7174 42.1171 0.1441 -9.2099 -10.0792 -0.1065 2.1044 -5.7941 -1.4855 0.5116 7.8686 -0.2471 0.5411 0.9060 0.5215 0.2867 -3.4857 -5.4702 0.5695 -11.5030 5.8586 0.9781 9.4332 2.7815 0.6559 4.6485 -0.0000 0.0000 0.0000 -55.6589 -4.4628 -19.4961 27.8621 -38.9890 -10.0368 -0.0000 0.0000 -50.5888 33.0716 26.6147 16.2632 -7.1250 0.0000 -0.0000 3.6928 60.8199 1.4248 -0.0000 0.0000 0.0000 55.6637 9.5794 -25.2188 -24.4023 35.5868 -7.9395 0.0000 -0.0000 -21.5759 -36.3587 -3.7829 2.7806 7.1250 -0.0000 -0.0000 -8.0361 -34.5855 -2.0714
-0.6152 19.4031 2.6527 0.8695 -7.7493 -2.0764 0.0000 0.0000 0.0000 -15.7096 -1.3169 -13.1804 4.5351 12.8403 38.7737 0.6956 -3.9014 17.6489 0.0813 -1.8392 -5.0615 0.0000 0.0000 0.0000 12.1096 23.0650 -6.5142 -5.1791 -13.5827 41.5909 0.0715 -9.0214 -11.4529 -0.0630 1.6197 -4.4557 -1.4070 0.4655 7.4416 -0.2420 0.4936 0.7898 0.4903 0.2621 -3.3657 -5.4985 0.5649 -11.1798 5.9039 0.9576 9.3871 2.7951 0.6434 4.5814 0.0000 -0.0000 0.0000 -53.0336 -4.8075 -19.8063 28.3782 -39.4621 -10.3632 -0.0000 0.0000 -50.1055 33.4460 26.4615 16.4008 -7.1250 0.0000 -0.0000 4.1946 60.7484 1.6117 0.0000 -0.0000 0.0000 53.1568 9.5501 -26.0039 -24.9937 36.1976 -8.2862 0.0000 -0.0000 -20.9036 -37.0213 -3.6438 2.7440 7.1250 -0.0000 -0.0000 -8.5718 -34.4410 -2.2424
-0.6033 19.5264 2.6603 0.9161 -7.4761 -1.8285 0.0000 0.0000 0.0000 -15.3532 -1.6286 -12.8647 4.2241 12.4528 37.3531 0.8087 -3.9649 18.8740 0.1358 -2.3754 -6.5444 0.0000 0.0000 0.0000 12.0339 22.9168 -6.4853 -5.0707 -13.4630 41.1272 0.0345 -9.1824 -12.4488 -0.0315 1.1450 -3.1478 -1.3814 0.4136 7.0675 -0.2645 0.4317 0.6796 0.4610 0.2310 -3.2689 -5.5077 0.5142 -10.8891 5.9490 0.8718 9.3880 2.8020 0.5997 4.5381 -0.0000 -0.0000 0.0000 -50.2964 -5.2273 -20.2370 28.7892 -39.8327 -10.6254 -0.0000 0.0000 -49.5612 34.0870 26.1705 16.6184 -7.1250 0.0000 -0.0000 5.0569 60.5927 1.9252 -0.0000 -0.0000 0.0000 50.5791 9.5319 -26.7371 -25.5644 36.7753 -8.6256 0.0000 -0.0000 -20.2853 -37.7888 -3.5340 2.7363 7.1250 -0.0000 -0.0000 -9.1944 -34.3349 -2.4327
-0.5909 19.6367 2.6692 0.7836 -7.3354 -1.6411 0.0000 0.0000 0.0000 -14.8095 -1.9916 -12.4047 3.9663 12.1155 36.1417 0.7665 -3.9318 18.4217 0.1584 -2.5647 -7.0691 0.0000 0.0000 0.0000 12.2079 22.9489 -6.3765 -4.9648 -13.3440 40.6702 0.0250 -9.5566 -13.1787 -0.0178 0.8606 -2.3654 -1.1785 0.3765 6.8623 -0.2368 0.4017 0.5661 0.3793 0.2140 -3.2697 -5.4050 0.4661 -10.8209 5.8494 0.7928 9.5738 2.7503 0.5574 4.5895 0.0000 0.0000 0.0000 -47.5035 -5.5652 -20.7311 29.1960 -40.1942 -10.8870 -0.0000 0.0000 -49.0398 34.2815 25.8766 16.5682 -7.1250 0.0000 -0.0000 5.3612 60.3154 2.0061 0.0000 0.0000 0.0000 47.9657 9.6233 -27.5809 -26.0783 37.2860 -8.9351 0.0000 -0.0000 -19.4079 -38.3218 -3.3433 2.6391 7.1250 -0.0000 -0.0000 -9.6133 -34.1165 -2.5978
-0.5775 19.7331 2.6826 0.4569 -7.2295 -1.5566 0.0000 0.0000 0.0000 -14.0812 -2.4779 -11.7451 3.7644 11.8401 35.1685 0.6125 -3.4270 16.4249 0.1884 -2.7955 -7.7100 0.0000 0.0000 0.0000 12.6566 22.9437 -6.0677 -4.8577 -13.2217 40.2043 0.0118 -9.8988 -13.9041 -0.0129 0.7347 -2.0192 -0.7454 0.3381 6.7267 -0.1698 0.3872 0.5129 0.2071 0.2014 -3.2460 -5.3375 0.4098 -10.8555 5.8093 0.7063 9.7684 2.7235 0.5152 4.6607 -0.0000 0.0000 0.0000 -44.6519 -5.8630 -21.1905 29.6157 -40.5617 -11.1589 -0.0000 0.0000 -48.5142 34.0107 25.6163 16.2639 -7.1250 0.0000 -0.0000 5.0832 59.9540 1.8579 -0.0000 0.0000 0.0000 45.3058 9.7379 -28.3933 -26.5602 37.7565 -9.2285 0.0000 -0.0000 -18.7090 -38.7180 -3.2194 2.5778 7.1250 -0.0000 -0.0000 -9.9247 -33.9749 -2.7187
-0.5593 19.8179 2.6963 0.2470 -7.0812 -1.4360 0.0000 0.0000 0.0000 -13.5360 -3.1674 -11.1086 3.6099 11.6223 34.4087 0.4318 -2.3995 13.5221 0.2431 -3.1730 -8.7608 0.0000 0.0000 0.0000 12.9104 22.8681 -5.7981 -4.7540 -13.1012 39.7486 -0.0161 -10.0659 -14.5945 -0.0126 0.7243 -1.9905 -0.3867 0.2996 6.4922 -0.1181 0.3660 0.4572 0.0621 0.1862 -3.1700 -5.3742 0.3746 -10.8135 5.8222 0.6565 9.9077 2.7314 0.4896 4.6992 -0.0000 0.0000 0.0000 -41.8305 -6.1919 -21.6241 29.9941 -40.8884 -11.4058 -0.0000 0.0000 -47.9175 33.9143 25.2288 15.9908 -7.1250 0.0000 -0.0000 5.0462 59.4957 1.7891 -0.0000 0.0000 0.0000 42.5339 9.7877 -29.2019 -27.0346 38.2122 -9.5205 0.0000 -0.0000 -18.2251 -39.1432 -2.9193 2.3737 7.1250 -0.0000 -0.0000 -10.2378 -33.6096 -2.8988
-0.5388 19.8877 2.7050 0.1139 -6.8958 -1.3368 0.0000 0.0000 0.0000 -13.0855 -3.9241 -10.4967 3.4922 11.4521 33.8201 0.2759 -1.1042 10.3864 0.3532 -3.8184 -10.5664 0.0000 0.0000 0.0000 13.0616 22.8361 -5.4976 -4.6565 -12.9861 39.3166 -0.0509 -10.0819 -15.1538 -0.0133 0.7445 -2.0460 -0.1563 0.2480 6.3455 -0.0252 0.3175 0.3750 0.0333 0.1596 -3.1718 -5.4891 0.3667 -10.6059 5.8013 0.6562 9.9251 2.7421 0.4810 4.6695 -0.0000 0.0000 0.0000 -39.0716 -6.7816 -22.4955 30.1448 -41.0172 -11.5045 -0.0000 0.0000 -46.9133 33.8473 24.9846 15.8153 -7.1250 0.0000 -0.0000 5.0145 59.2052 1.7430 -0.0000 0.0000 0.0000 39.6578 9.8397 -30.1025 -27.4819 38.6349 -9.7985 0.0000 -0.0000 -17.4586 -39.2409 -2.6964 2.2004 7.1250 -0.0000 -0.0000 -10.2907 -33.3297 -2.9850
-0.5193 19.9463 2.7123 0.1247 -6.7076 -1.4271 0.0000 0.0000 0.0000 -12.7953 -4.6581 -9.7461 3.4008 11.3172 33.3573 0.1596 0.3693 7.4215 0.5420 -4.7167 -13.1022 0.0000 0.0000 0.0000 13.1246 22.7894 -5.0047 -4.5654 -12.8770 38.9099 -0.0758 -10.0102 -15.4288 -0.0249 1.0181 -2.7986 -0.1226 0.2046 6.3848 0.0467 0.2645 0.3681 0.0931 0.1333 -3.2009 -5.5953 0.3761 -10.4632 5.7982 0.6795 9.9042 2.7587 0.4863 4.6375 0.0000 -0.0000 0.0000 -36.2858 -7.6582 -23.7401 30.1292 -41.0039 -11.4943 -0.0000 0.0000 -45.6636 33.8370 24.9624 15.7970 -7.1250 0.0000 -0.0000 5.0066 59.1778 1.7369 0.0000 -0.0000 0.0000 36.6840 9.8708 -30.9726 -27.8781 39.0038 -10.0469 0.0000 -0.0000 -16.7065 -39.5699 -2.3914 1.9749 7.1250 -0.0000 -0.0000 -10.5198 -32.9503 -3.1515
-0.4999 19.9941 2.7192 0.0599 -6.5809 -1.5401 0.0000 0.0000 0.0000 -12.4099 -5.3863 -9.0048 3.3308 11.2122 32.9989 0.0726 2.1155 4.7958 0.6791 -5.2692 -14.6780 0.0000 0.0000 0.0000 13.2728 22.7494 -4.5182 -4.4785 -12.7713 38.5183 -0.0806 -9.9247 -15.3872 -0.0290 1.1001 -3.0243 0.0228 0.1756 6.4164 0.0870 0.2376 0.4233 0.0555 0.1181 -3.1612 -5.5851 0.3934 -10.4858 5.8192 0.6972 9.9896 2.7660 0.4969 4.6664 -0.0000 0.0000 0.0000 -33.4307 -8.2242 -24.6206 30.3466 -41.1886 -11.6372 -0.0000 0.0000 -44.9036 33.7254 24.9555 15.7300 -7.1250 0.0000 -0.0000 4.8740 59.1419 1.6866 -0.0000 0.0000 0.0000 33.7622 9.8814 -31.7375 -28.2960 39.3873 -10.3110 0.0000 -0.0000 -16.1015 -40.2008 -2.3997 2.0266 7.1250 -0.0000 -0.0000 -11.0308 -32.9758 -3.3025
-0.4836 20.0265 2.7251 -0.1759 -6.4842 -1.6139 0.0000 0.0000 0.0000 -11.7986 -6.0491 -8.3394 3.2756 11.1283 32.7139 -0.0027 3.7982 2.5406 0.6552 -5.1773 -14.4148 0.0000 0.0000 0.0000 13.6193 22.8265 -4.0234 -4.3928 -12.6655 38.1290 -0.0891 -9.7100 -15.2363 -0.0154 0.8017 -2.2033 0.3006 0.1427 6.4596 0.1838 0.2171 0.4534 0.0010 0.1046 -3.1537 -5.5402 0.4330 -10.3901 5.7695 0.7447 9.9966 2.7455 0.5175 4.6501 -0.0000 0.0000 0.0000 -30.6149 -8.4474 -25.2488 30.7625 -41.5381 -11.9120 -0.0000 0.0000 -44.5689 33.4852 25.0132 15.6267 -7.1250 0.0000 -0.0000 4.5742 59.1459 1.5830 -0.0000 0.0000 0.0000 30.8401 9.9377 -32.5927 -28.6815 39.7361 -10.5565 0.0000 -0.0000 -15.2435 -40.5060 -2.4954 2.1301 7.1250 -0.0000 -0.0000 -11.2905 -33.1064 -3.3466
-0.4674 20.0477 2.7291 -0.2378 -6.2727 -1.7029 0.0000 0.0000 0.0000 -11.3935 -6.7599 -7.7010 3.2331 11.0631 32.4930 -0.0629 5.0431 0.7001 0.6081 -4.9915 -13.8843 0.0000 0.0000 0.0000 13.7791 22.8710 -3.4987 -4.3062 -12.5570 37.7322 -0.0823 -9.4530 -14.8024 -0.0103 0.6568 -1.8049 0.4340 0.0816 6.5323 0.2133 0.1468 0.4676 -0.0374 0.0680 -3.1796 -5.4895 0.4422 -10.2186 5.6961 0.7519 9.9295 2.7124 0.5162 4.6010 0.0000 -0.0000 0.0000 -27.7313 -8.8351 -26.1973 31.0242 -41.7553 -12.0860 -0.0000 0.0000 -44.0443 33.1198 25.1988 15.5231 -7.1250 0.0000 -0.0000 4.0965 59.2611 1.4286 0.0000 -0.0000 0.0000 27.9496 9.9943 -33.5213 -29.0405 40.0567 -10.7868 0.0000 -0.0000 -14.2512 -40.7228 -2.4563 2.1128 7.1250 -0.0000 -0.0000 -11.4605 -33.0614 -3.4115
-0.4524 20.0602 2.7342 -0.1961 -6.1257 -1.8186 0.0000 0.0000 0.0000 -11.1010 -7.3130 -7.0927 3.1964 11.0064 32.3014 -0.1062 5.9365 -0.6787 0.4492 -4.3002 -11.9228 0.0000 0.0000 0.0000 13.8284 22.9951 -3.0027 -4.2227 -12.4510 37.3466 -0.0551 -9.1269 -13.9490 -0.0334 1.1801 -3.2445 0.4657 0.0576 6.5164 0.2146 0.1167 0.5419 -0.0510 0.0528 -3.0940 -5.4986 0.4292 -10.0207 5.6919 0.7328 9.7368 2.7074 0.5039 4.5100 -0.0000 -0.0000 0.0000 -24.8100 -9.3163 -27.2551 31.2477 -41.9391 -12.2351 -0.0000 0.0000 -43.6657 33.5861 25.1252 15.7460 -7.1250 0.0000 -0.0000 4.6718 59.2964 1.6337 -0.0000 -0.0000 0.0000 25.0524 10.0242 -34.5714 -29.4032 40.3763 -11.0209 0.0000 -0.0000 -13.1905 -40.7066 -2.4305 2.0895 7.1250 -0.0000 -0.0000 -11.4437 -33.0276 -3.4158
-0.4402 20.0594 2.7382 -0.2588 -6.0442 -1.9449 0.0000 0.0000 0.0000 -10.6587 -7.7187 -6.5173 3.1620 10.9528 32.1210 -0.1417 6.7004 -1.6467 0.1999 -2.8789 -7.9417 0.0000 0.0000 0.0000 14.0261 23.2832 -2.5674 -4.1534 -12.3618 37.0243 -0.0173 -8.8085 -12.8708 -0.1104 2.1426 -5.8998 0.5712 0.0401 6.5316 0.2429 0.1016 0.6283 -0.0796 0.0444 -3.0133 -5.4209 0.4122 -9.8578 5.6050 0.7063 9.5525 2.6624 0.4866 4.4287 0.0000 -0.0000 0.0000 -21.9182 -9.6643 -28.3134 31.5551 -42.1896 -12.4410 -0.0000 0.0000 -43.4433 34.4344 24.7560 16.0186 -7.1250 0.0000 -0.0000 5.7646 59.0969 1.9898 0.0000 -0.0000 0.0000 22.2086 10.0455 -35.5772 -29.8138 40.7333 -11.2879 0.0000 -0.0000 -12.3685 -40.8108 -2.3243 2.0057 7.1250 -0.0000 -0.0000 -11.5127 -32.8928 -3.4754
-0.4276 20.0447 2.7400 -0.1175 -5.9031 -2.0847 0.0000 0.0000 0.0000 -10.4584 -8.1154 -5.9820 3.1338 10.9085 31.9720 -0.1773 7.4550 -2.2739 0.1099 -2.1374 -5.8855 0.0000 0.0000 0.0000 14.0020 23.6010 -2.1192 -4.1063 -12.3006 36.8037 0.0059 -8.4045 -11.8648 -0.1391 2.4033 -6.6217 0.4577 -0.0048 6.6411 0.2186 0.0332 0.6814 -0.0348 0.0117 -3.0202 -5.3074 0.4182 -9.7079 5.4826 0.7105 9.3609 2.6027 0.4838 4.3460 0.0000 0.0000 0.0000 -19.0624 -9.8887 -29.3967 31.9622 -42.5170 -12.7153 -0.0000 0.0000 -43.3121 34.4046 24.4898 15.8484 -7.1250 0.0000 -0.0000 5.7754 58.7894 1.9509 0.0000 0.0000 0.0000 19.4093 10.0855 -36.4006 -30.2491 41.1060 -11.5731 0.0000 -0.0000 -11.7742 -41.2181 -2.3814 2.0846 7.1250 -0.0000 -0.0000 -11.8497 -32.9764 -3.5565
-0.4168 20.0096 2.7427 0.2282 -5.7338 -2.2241 0.0000 0.0000 0.0000 -10.4871 -8.4345 -5.4980 3.1129 10.8756 31.8616 -0.2107 8.1155 -2.5969 0.1277 -2.3034 -6.3449 0.0000 0.0000 0.0000 13.7476 23.9057 -1.6781 -4.0857 -12.2736 36.7070 0.0116 -7.8796 -10.9892 -0.1324 2.3451 -6.4604 0.1091 -0.0371 6.6948 0.1506 -0.0375 0.7482 0.0974 -0.0196 -2.9813 -5.3102 0.4499 -9.5901 5.4942 0.7537 9.1346 2.6060 0.5045 4.2547 -0.0000 0.0000 0.0000 -16.2430 -10.2496 -30.7360 32.3301 -42.8088 -12.9646 -0.0000 0.0000 -43.0059 34.2770 24.1285 15.5686 -7.1250 0.0000 -0.0000 5.6849 58.3501 1.8602 -0.0000 0.0000 0.0000 16.6028 10.0900 -37.4102 -30.6792 41.4685 -11.8569 0.0000 -0.0000 -10.8503 -40.9916 -2.2595 1.9623 7.1250 -0.0000 -0.0000 -11.6492 -32.8129 -3.5410
-0.4078 19.9578 2.7454 0.4329 -5.5800 -2.2855 0.0000 0.0000 0.0000 -10.3143 -8.7290 -5.1412 3.0999 10.8550 31.7924 -0.2373 8.6127 -2.6483 0.1362 -2.3789 -6.5540 0.0000 0.0000 0.0000 13.6565 24.3131 -1.3152 -4.0882 -12.2769 36.7186 0.0235 -7.5219 -10.1931 -0.1476 2.4757 -6.8222 -0.1399 -0.0719 6.6072 0.1355 -0.1026 0.8247 0.2274 -0.0494 -2.8530 -5.3370 0.5119 -9.4737 5.5516 0.8362 8.9142 2.6299 0.5462 4.1631 0.0000 0.0000 0.0000 -13.4997 -10.6189 -32.2928 32.7430 -43.1316 -13.2460 -0.0000 0.0000 -42.7208 34.5284 23.8092 15.5224 -7.1250 0.0000 -0.0000 6.0339 58.0513 1.9316 0.0000 0.0000 0.0000 13.7744 10.1554 -38.7565 -31.0821 41.8030 -12.1245 0.0000 -0.0000 -9.6793 -40.2658 -1.8853 1.5962 7.1250 -0.0000 -0.0000 -11.0137 -32.3160 -3.4759
-0.3977 19.8934 2.7474 0.7435 -5.4087 -2.4055 0.0000 0.0000 0.0000 -10.2779 -9.1284 -4.7272 3.0996 10.8546 31.7910 -0.2619 9.0545 -2.5990 0.1206 -2.2388 -6.1661 0.0000 0.0000 0.0000 13.4763 24.6672 -0.9253 -4.1098 -12.3051 36.8201 0.0208 -7.0465 -9.5459 -0.1854 2.7735 -7.6489 -0.4235 -0.1284 6.5983 0.0322 -0.2014 0.8765 0.2889 -0.0961 -2.7935 -5.2809 0.5606 -9.3345 5.5781 0.8883 8.7993 2.6296 0.5736 4.1021 0.0000 -0.0000 0.0000 -10.7815 -10.8596 -33.8358 33.3062 -43.5640 -13.6326 -0.0000 0.0000 -42.6658 33.7714 23.9487 15.1867 -7.1250 0.0000 -0.0000 5.1188 58.0229 1.6341 0.0000 -0.0000 0.0000 11.0818 10.2647 -40.0274 -31.5058 42.1496 -12.4079 0.0000 -0.0000 -8.6201 -39.9205 -1.6613 1.3896 7.1250 -0.0000 -0.0000 -10.7075 -32.0237 -3.4529
-0.3862 19.8158 2.7519 1.0617 -5.2362 -2.6065 0.0000 0.0000 0.0000 -10.2912 -9.4314 -4.2581 3.1146 10.8784 31.8708 -0.2729 9.2948 -2.1230 0.1657 -2.6228 -7.2303 0.0000 0.0000 0.0000 13.3271 24.9813 -0.4544 -4.1414 -12.3462 36.9680 0.0001 -6.3887 -9.1115 -0.2246 3.0507 -8.4199 -0.6409 -0.1784 6.7188 -0.1046 -0.2883 0.9496 0.2782 -0.1379 -2.7843 -5.1836 0.5722 -9.2172 5.5689 0.8922 8.6078 2.6080 0.5769 4.0247 -0.0000 0.0000 0.0000 -8.0941 -11.2628 -35.5906 33.9281 -44.0314 -14.0631 -0.0000 0.0000 -42.5301 30.6700 25.2317 14.1873 -7.1250 0.0000 -0.0000 1.2014 58.6930 0.4022 -0.0000 0.0000 0.0000 8.4715 10.3242 -41.1849 -31.9888 42.5383 -12.7333 0.0000 -0.0000 -7.6450 -39.9334 -1.5242 1.2756 7.1250 -0.0000 -0.0000 -10.6995 -31.8482 -3.4963
-0.3755 19.7280 2.7544 1.2650 -5.0943 -2.7251 0.0000 0.0000 0.0000 -10.1662 -9.7669 -3.8953 3.1425 10.9223 32.0182 -0.2639 9.2781 -1.2875 0.2351 -3.1205 -8.6145 0.0000 0.0000 0.0000 13.3212 25.4139 -0.0728 -4.1849 -12.4025 37.1711 -0.0151 -5.7072 -8.5673 -0.2025 2.8978 -7.9942 -0.7538 -0.2368 6.8175 -0.2220 -0.3785 0.9870 0.2291 -0.1822 -2.8002 -4.9782 0.6085 -9.1304 5.4933 0.9219 8.4618 2.5505 0.5930 3.9657 0.0000 -0.0000 0.0000 -5.4198 -11.6217 -37.3686 34.6530 -44.5628 -14.5693 -0.0000 0.0000 -42.2881 32.9501 25.2373 15.4486 -7.1250 0.0000 -0.0000 3.8850 59.2614 1.3547 0.0000 -0.0000 0.0000 5.9248 10.4387 -42.2973 -32.4944 42.9378 -13.0764 0.0000 -0.0000 -6.7992 -40.4170 -1.5956 1.3583 7.1250 -0.0000 -0.0000 -11.0948 -31.9451 -3.6033
-0.3662 19.6253 2.7554 1.4349 -4.9402 -2.7896 0.0000 0.0000 0.0000 -9.9857 -10.2306 -3.6335 3.1845 10.9879 32.2392 -0.2348 8.9707 -0.4078 0.2537 -3.2405 -8.9492 0.0000 0.0000 0.0000 13.3456 25.8099 0.2399 -4.2436 -12.4777 37.4435 -0.0370 -4.7879 -7.9883 -0.1400 2.4116 -6.6447 -0.8889 -0.3105 6.8917 -0.3014 -0.4899 0.9832 0.2338 -0.2364 -2.8440 -4.6815 0.6227 -9.2471 5.2463 0.9272 8.5885 2.4284 0.5932 4.0263 -0.0000 -0.0000 0.0000 -2.8512 -11.9072 -39.1740 35.5410 -45.1946 -15.1959 -0.0000 0.0000 -42.1296 33.2910 25.4185 15.7406 -7.1250 0.0000 -0.0000 4.2528 59.5490 1.5125 -0.0000 -0.0000 0.0000 3.3719 10.6049 -43.4678 -32.9998 43.3298 -13.4219 0.0000 -0.0000 -6.0607 -40.5703 -1.3082 1.1198 7.1250 -0.0000 -0.0000 -11.1764 -31.5757 -3.7319
-0.3580 19.5115 2.7569 1.6742 -4.7173 -2.8748 0.0000 0.0000 0.0000 -9.8898 -10.7060 -3.4049 3.2416 11.0763 32.5376 -0.1822 8.2969 0.6498 0.2827 -3.4194 -9.4486 0.0000 0.0000 0.0000 13.3302 26.1552 0.5788 -4.3198 -12.5742 37.7946 -0.0574 -4.2241 -7.9043 -0.1239 2.2692 -6.2502 -1.1166 -0.3930 7.0301 -0.3841 -0.6218 0.9388 0.2899 -0.2992 -2.9642 -4.5239 0.6349 -9.2996 5.1457 0.9301 8.7379 2.3737 0.5950 4.0817 0.0000 -0.0000 0.0000 -0.4099 -12.3093 -41.0575 36.5089 -45.8600 -15.8866 -0.0000 0.0000 -41.8518 32.5701 25.5690 15.4136 -7.1250 0.0000 -0.0000 3.3513 59.5341 1.1902 0.0000 -0.0000 0.0000 0.8186 10.6844 -44.5661 -33.5536 43.7512 -13.8034 0.0000 -0.0000 -5.3922 -40.3606 -1.0446 0.8877 7.1250 -0.0000 -0.0000 -10.9733 -31.2348 -3.7534
-0.3497 19.3844 2.7578 1.8709 -4.4369 -2.9428 0.0000 0.0000 0.0000 -9.7759 -11.2573 -3.1856 3.3126 11.1847 32.9054 -0.1163 7.3919 1.8490 0.3294 -3.6884 -10.2017 0.0000 0.0000 0.0000 13.4097 26.5697 0.9166 -4.4146 -12.6925 38.2281 -0.0675 -4.0722 -8.0156 -0.1669 2.6318 -7.2553 -1.3379 -0.5100 7.1376 -0.4218 -0.7977 0.9114 0.3933 -0.3838 -3.0479 -4.6053 0.6627 -9.2037 5.2414 0.9651 8.7340 2.4178 0.6136 4.0618 0.0000 -0.0000 0.0000 1.9330 -12.6330 -42.8353 37.5363 -46.5406 -16.6282 -0.0000 0.0000 -41.6237 31.7834 25.4307 14.9000 -7.1250 0.0000 -0.0000 2.4510 59.1844 0.8497 0.0000 -0.0000 0.0000 -1.7922 10.8765 -45.7267 -34.1051 44.1624 -14.1862 0.0000 -0.0000 -4.8453 -40.6692 -1.1517 0.9894 7.1250 -0.0000 -0.0000 -11.2325 -31.3741 -3.8068
-0.3398 19.2452 2.7584 2.0946 -4.1619 -2.9898 0.0000 0.0000 0.0000 -9.7240 -11.8961 -3.0060 3.4005 11.3168 33.3560 -0.0547 6.3470 2.8080 0.4129 -4.1248 -11.4279 0.0000 0.0000 0.0000 13.5410 27.1706 1.3070 -4.5341 -12.8391 38.7691 -0.0740 -4.0355 -8.1502 -0.2351 3.1204 -8.6142 -1.5430 -0.6427 7.1368 -0.4829 -0.9921 0.9195 0.4639 -0.4785 -3.0335 -4.8387 0.7049 -9.0952 5.5585 1.0170 8.7075 2.5557 0.6476 4.0298 0.0000 0.0000 0.0000 4.3300 -12.8472 -44.5702 38.6301 -47.2370 -17.4267 -0.0000 0.0000 -41.6703 31.2757 25.5139 14.6621 -7.1250 0.0000 -0.0000 1.8299 59.1504 0.6328 0.0000 0.0000 0.0000 -4.3858 11.1676 -46.9620 -34.6783 44.5811 -14.5871 0.0000 -0.0000 -4.5127 -41.2149 -1.3150 1.1516 7.1250 -0.0000 -0.0000 -11.6885 -31.5890 -3.9054
-0.3297 19.0921 2.7586 2.2856 -3.9306 -3.1024 0.0000 0.0000 0.0000 -9.6570 -12.5517 -2.7873 3.5204 11.4933 33.9623 -0.0206 4.9590 2.7245 0.9284 -6.1381 -17.1857 0.0000 0.0000 0.0000 13.7585 27.7613 1.7298 -4.6851 -13.0201 39.4438 -0.0936 -3.8943 -8.5122 -0.3237 3.6569 -10.1133 -1.6907 -0.7542 7.1619 -0.5485 -1.1536 0.9887 0.4942 -0.5583 -2.9715 -4.9003 0.7579 -9.0761 5.6774 1.0856 8.6462 2.6056 0.6856 4.0031 0.0000 -0.0000 0.0000 6.7549 -13.1957 -46.4610 39.7724 -47.9345 -18.2701 -0.0000 0.0000 -41.6772 31.1300 25.4869 14.5680 -7.1250 0.0000 -0.0000 1.6662 59.0850 0.5735 0.0000 -0.0000 0.0000 -6.9360 11.3942 -48.1775 -35.2893 45.0176 -15.0176 0.0000 -0.0000 -4.1694 -41.5946 -1.1449 1.0161 7.1250 -0.0000 -0.0000 -11.9631 -31.3691 -4.0654
-0.3186 18.9163 2.7550 2.4859 -3.6048 -3.2110 0.0000 0.0000 0.0000 -9.5986 -13.2499 -2.5969 3.6777 11.7187 34.7442 -0.0147 2.9793 1.1081 1.8604 -8.5689 -24.4559 0.0000 0.0000 0.0000 13.9125 28.2048 2.0146 -4.8807 -13.2481 40.3046 -0.1587 -3.3762 -9.5492 -0.5642 4.8110 -13.3704 -1.8459 -0.8743 7.1807 -0.5927 -1.3262 1.0650 0.5516 -0.6437 -2.8972 -4.9227 0.7916 -8.9389 5.6300 1.1394 8.4507 2.5942 0.7069 3.9181 0.0000 0.0000 0.0000 9.0614 -13.7003 -48.3656 41.0057 -48.6545 -19.1908 -0.0000 0.0000 -41.3932 31.0407 25.2999 14.4235 -7.1250 0.0000 -0.0000 1.6138 58.8579 0.5467 0.0000 0.0000 0.0000 -9.4936 11.5225 -49.4022 -35.9606 45.4860 -15.4944 0.0000 -0.0000 -3.6626 -41.5562 -1.0881 0.9644 7.1250 -0.0000 -0.0000 -11.9239 -31.2947 -4.0733
-0.3071 18.7176 2.7483 2.6567 -3.2776 -3.2521 0.0000 0.0000 0.0000 -9.5048 -13.8309 -2.5138 3.8699 11.9853 35.6799 0.0045 0.3069 -1.4210 2.9757 -10.6557 -31.1273 0.0000 0.0000 0.0000 14.0394 28.6180 2.1467 -5.1374 -13.5368 41.4128 -0.3195 -2.4262 -11.8477 -1.0185 6.4206 -18.0097 -1.9938 -0.9981 7.1973 -0.6030 -1.5029 1.0735 0.6408 -0.7302 -2.8902 -4.9801 0.8269 -8.8211 5.5624 1.1990 8.3648 2.5840 0.7293 3.8694 0.0000 -0.0000 0.0000 11.2290 -14.2609 -50.2424 42.4240 -49.4422 -20.2621 -0.0000 0.0000 -41.0684 30.6968 25.0699 14.1202 -7.1250 0.0000 -0.0000 1.2781 58.5223 0.4227 0.0000 -0.0000 0.0000 -12.0241 11.6417 -50.5767 -36.7644 46.0317 -16.0703 0.0000 -0.0000 -3.1660 -41.1849 -0.7766 0.6794 7.1250 -0.0000 -0.0000 -11.5840 -30.8880 -4.0682
-0.2971 18.5141 2.7421 2.7461 -3.1260 -3.3462 0.0000 0.0000 0.0000 -9.3159 -14.1055 -2.4952 4.0833 12.2704 36.6953 0.0407 -2.4005 -3.7130 2.5483 -9.9252 -28.7348 0.0000 0.0000 0.0000 14.3053 29.0408 2.3006 -5.4620 -13.8860 42.7825 -0.5812 -1.7397 -15.1351 -1.2177 6.9996 -19.7141 -2.0901 -1.0632 7.3169 -0.5693 -1.5995 1.0510 0.7416 -0.7761 -2.9742 -5.0972 0.8790 -8.6629 5.5675 1.2788 8.3026 2.6069 0.7633 3.8191 0.0000 0.0000 0.0000 13.2503 -14.8883 -52.0458 44.0732 -50.3063 -21.5232 -0.0000 0.0000 -40.6006 30.2764 24.8899 13.8045 -7.1250 0.0000 -0.0000 0.8439 58.2246 0.2730 0.0000 0.0000 0.0000 -14.5481 11.8126 -51.7690 -37.6654 46.6243 -16.7220 0.0000 -0.0000 -2.4552 -40.9827 -0.5397 0.4689 7.1250 -0.0000 -0.0000 -11.3902 -30.5809 -4.0832
-0.2857 18.3225 2.7377 2.8297 -2.9746 -3.4713 0.0000 0.0000 0.0000 -9.1369 -14.3413 -2.5871 4.3113 12.5635 37.7559 0.0809 -4.9790 -5.7354 2.4022 -9.6579 -27.8760 0.0000 0.0000 0.0000 14.5345 29.1934 2.2971 -5.8482 -14.2796 44.3693 -0.8469 -2.1908 -18.3079 -1.0516 6.5208 -18.3034 -2.1138 -1.1108 7.4758 -0.5604 -1.6695 1.0044 0.7752 -0.8087 -3.1082 -5.1711 0.8952 -8.3715 5.5531 1.2999 8.2595 2.6122 0.7669 3.7562 -0.0000 -0.0000 0.0000 15.1746 -15.6379 -53.6788 45.9509 -51.2259 -22.9777 -0.0000 0.0000 -40.0370 30.1094 24.6425 13.5928 -7.1250 0.0000 -0.0000 0.7227 57.9146 0.2284 -0.0000 -0.0000 0.0000 -16.9025 11.9780 -52.8387 -38.7412 47.3061 -17.5083 0.0000 -0.0000 -1.5395 -41.0524 -0.6409 0.5581 7.1250 -0.0000 -0.0000 -11.4598 -30.7119 -4.0724
-0.2740 18.1351 2.7341 2.8994 -2.7852 -3.6894 0.0000 0.0000 0.0000 -8.9804 -14.5352 -2.6676 4.5529 12.8619 38.8536 0.1504 -7.1061 -7.9465 2.6543 -10.1132 -29.3439 0.0000 0.0000 0.0000 14.7965 29.2965 2.2735 -6.2762 -14.6908 46.0805 -1.0837 -3.1041 -21.0117 -0.9648 6.2539 -17.5229 -2.1366 -1.1665 7.7454 -0.5485 -1.7529 0.9776 0.8155 -0.8475 -3.2831 -5.1547 0.9015 -8.0709 5.4240 1.3074 8.1959 2.5666 0.7608 3.6879 0.0000 -0.0000 0.0000 17.0321 -16.3722 -55.1036 47.9699 -52.1432 -24.5620 -0.0000 0.0000 -39.4591 30.3576 24.2373 13.5196 -7.1250 0.0000 -0.0000 1.1152 57.5290 0.3422 0.0000 -0.0000 0.0000 -19.1572 12.1294 -53.7768 -40.0001 48.0700 -18.4393 0.0000 -0.0000 -0.8579 -41.0006 -0.5417 0.4709 7.1250 -0.0000 -0.0000 -11.4045 -30.5833 -4.0878
-0.2632 17.9347 2.7253 2.9528 -2.6470 -3.9898 0.0000 0.0000 0.0000 -8.8122 -14.5677 -2.7806 4.8161 13.1737 40.0221 0.2474 -8.9790 -10.1439 2.6105 -10.0361 -29.0939 0.0000 0.0000 0.0000 15.1261 29.5688 2.3064 -6.7246 -15.0955 47.8249 -1.3806 -3.3252 -23.6118 -1.2847 7.1825 -20.2571 -2.1642 -1.2211 8.1635 -0.5459 -1.8397 0.9558 0.8539 -0.8870 -3.5357 -5.1238 0.9410 -7.6859 5.1381 1.3815 7.6814 2.7418 0.7627 3.8518 0.0000 0.0000 0.0000 18.8693 -17.0255 -56.3573 50.0787 -53.0272 -26.2370 -0.0000 0.0000 -38.7424 30.6407 23.9417 13.5165 -7.1250 0.0000 -0.0000 1.5121 57.2701 0.4545 0.0000 0.0000 0.0000 -21.3091 12.3848 -54.7531 -41.4107 48.8838 -19.4955 0.0000 -0.0000 -0.1510 -40.9570 -0.3705 0.3215 7.1250 -0.0000 -0.0000 -11.3450 -30.3612 -4.1272
-0.2544 17.7226 2.7097 2.9595 -2.5854 -4.2950 0.0000 0.0000 0.0000 -8.5776 -14.3999 -3.0678 5.1158 13.5130 41.3207 0.3514 -10.8066 -12.1392 2.3174 -9.4981 -27.3661 0.0000 0.0000 0.0000 15.4934 29.9798 2.2565 -7.1871 -15.4874 49.5783 -1.7428 -2.9302 -26.1358 -1.9688 8.8008 -25.1741 -2.1551 -1.2495 8.6323 -0.5198 -1.8886 0.9481 0.8939 -0.9078 -3.8033 -5.2441 0.9946 -7.2620 5.2435 1.4442 7.4731 2.7900 0.7912 3.6910 -0.0000 -0.0000 0.0000 20.5875 -17.6058 -57.3650 52.3117 -53.8863 -28.0311 -0.0000 0.0000 -38.0052 30.7906 23.5309 13.3824 -7.1250 0.0000 -0.0000 1.7813 56.8516 0.5175 -0.0000 -0.0000 0.0000 -23.3582 12.6095 -55.6530 -43.0422 49.7725 -20.7329 0.0000 0.0000 0.6994 -41.1804 -0.3364 0.2943 7.1250 -0.0000 -0.0000 -11.5142 -30.3150 -4.2041
-0.2468 17.5130 2.6935 3.1423 -2.5195 -4.7379 0.0000 0.0000 0.0000 -8.6100 -14.0897 -3.3563 5.4621 13.8861 42.7829 0.4815 -12.3730 -14.1109 2.1268 -9.1254 -26.1884 0.0000 0.0000 0.0000 15.6516 30.3259 2.2449 -7.6711 -15.8719 51.3691 -2.0899 -2.6948 -28.3892 -1.5422 7.8391 -22.2263 -2.3547 -1.2576 9.2223 -0.5372 -1.9354 1.0150 1.0084 -0.9249 -4.0556 -5.3507 1.0193 -7.1093 5.3327 1.4738 7.4831 2.8394 0.8049 3.6629 -0.0000 -0.0000 0.0000 22.2181 -18.1725 -58.2222 54.6899 -54.7204 -29.9627 -0.0000 0.0000 -37.2351 31.2628 22.7906 13.2341 -7.1250 0.0000 -0.0000 2.4749 56.1387 0.6764 -0.0000 -0.0000 0.0000 -25.3209 12.8034 -56.5040 -44.8984 50.7186 -22.1601 0.0000 0.0000 1.5447 -41.4809 -0.3337 0.2951 7.1250 -0.0000 -0.0000 -11.7481 -30.3088 -4.2945
-0.2350 17.3097 2.6762 3.4120 -2.4320 -5.2649 0.0000 0.0000 0.0000 -8.8320 -13.7105 -3.7041 5.8634 14.2946 44.4309 0.6513 -13.5164 -16.0948 1.9500 -8.7612 -25.0513 0.0000 0.0000 0.0000 15.6978 30.6520 2.2220 -8.1963 -16.2618 53.2667 -2.3617 -3.1100 -30.2783 -1.4891 7.7092 -21.8344 -2.5443 -1.2887 9.9137 -0.6301 -2.0204 1.1057 1.0472 -0.9609 -4.3408 -5.3905 1.0488 -6.9270 5.3780 1.5059 7.4614 2.8597 0.8196 3.6175 -0.0000 -0.0000 0.0000 23.8588 -18.8230 -59.1908 57.1983 -55.5159 -32.0205 -0.0000 0.0000 -36.2326 31.7798 22.1495 13.1475 -7.1250 0.0000 -0.0000 3.1754 55.5395 0.8220 -0.0000 -0.0000 0.0000 -27.1074 13.0922 -57.3798 -47.0256 51.7231 -23.8185 0.0000 0.0000 2.4147 -41.5907 -0.4240 0.3763 7.1250 -0.0000 -0.0000 -11.8479 -30.4258 -4.2985
-0.2200 17.1152 2.6561 3.7887 -2.2450 -5.8142 0.0000 0.0000 0.0000 -9.2489 -13.3972 -4.1760 6.3288 14.7396 46.2875 0.8385 -14.2607 -17.9003 1.7033 -8.2186 -23.3800 0.0000 0.0000 0.0000 15.5981 30.9509 2.1564 -8.7626 -16.6525 55.2653 -2.6033 -3.4916 -31.8799 -1.7555 8.3371 -23.7427 -2.7870 -1.3339 10.6624 -0.7361 -2.1371 1.1708 1.1099 -1.0100 -4.6813 -5.6317 1.0677 -6.5271 5.5488 1.5273 7.2887 2.9526 0.8265 3.4781 -0.0000 0.0000 0.0000 25.3629 -19.5669 -60.1507 59.7841 -56.2521 -34.1615 -0.0000 0.0000 -35.0793 31.8896 21.7937 13.0071 -7.1250 0.0000 -0.0000 3.3604 55.1651 0.8394 -0.0000 0.0000 0.0000 -28.8253 13.4781 -58.2847 -49.3439 52.7274 -25.6511 0.0000 0.0000 3.4453 -41.5114 0.1428 -0.1264 7.1250 -0.0000 -0.0000 -11.6977 -29.6853 -4.4533
-0.2078 16.9264 2.6313 4.1274 -1.9915 -6.4179 0.0000 0.0000 0.0000 -9.6393 -13.1219 -4.7689 6.8612 15.2139 48.3473 1.0310 -14.7129 -19.5136 1.4999 -7.7359 -21.9147 0.0000 0.0000 0.0000 15.5618 31.1974 2.1123 -9.3586 -17.0330 57.3221 -2.8473 -3.5058 -33.2737 -2.0110 8.8889 -25.4484 -3.0038 -1.3767 11.5007 -0.8351 -2.2539 1.2798 1.1692 -1.0589 -5.0250 -5.8366 1.0339 -6.2269 5.6830 1.4806 7.1275 3.0256 0.8002 3.3673 0.0000 0.0000 0.0000 26.7421 -20.2542 -60.9141 62.5876 -56.9609 -36.5024 -0.0000 0.0000 -34.1169 32.8830 21.2307 13.1765 -7.1250 0.0000 -0.0000 4.5426 54.7483 1.0894 0.0000 0.0000 0.0000 -30.3811 13.7932 -59.1498 -52.0124 53.7756 -27.7895 0.0000 0.0000 4.4181 -41.5090 1.5812 -1.3989 7.1250 -0.0000 -0.0000 -11.4697 -27.8044 -4.8861
-0.1997 16.7470 2.6051 4.3673 -1.7641 -7.1191 0.0000 0.0000 0.0000 -9.9325 -12.8095 -5.3774 7.4520 15.7010 50.5640 1.2750 -14.5772 -21.2190 1.5173 -7.7785 -22.0434 0.0000 0.0000 0.0000 15.6657 31.3674 2.1356 -9.9580 -17.3862 59.3480 -3.0822 -3.4429 -34.5313 -2.0860 9.0429 -25.9296 -3.1620 -1.3998 12.4542 -0.9397 -2.3445 1.4502 1.1901 -1.0960 -5.3701 -5.8167 0.9962 -6.2185 5.6643 1.4278 7.1719 3.0139 0.7734 3.3846 -0.0000 -0.0000 0.0000 28.0952 -20.9647 -61.5503 65.6933 -57.6454 -39.1162 -0.0000 0.0000 -33.6442 34.2725 20.1946 13.2377 -7.1250 0.0000 -0.0000 6.1879 53.8682 1.3531 -0.0000 -0.0000 0.0000 -31.7206 14.0381 -59.9097 -55.0680 54.8457 -30.2716 0.0000 0.0000 5.3037 -41.5988 2.4897 -2.2086 7.1250 -0.0000 -0.0000 -11.3920 -26.6113 -5.1785
-0.1930 16.5872 2.5775 4.7019 -1.4895 -7.8440 0.0000 0.0000 0.0000 -10.3867 -12.6220 -5.9303 8.0597 16.1630 52.7774 1.5528 -13.8699 -22.9391 1.7519 -8.3290 -23.7180 0.0000 0.0000 0.0000 15.5503 31.3093 2.0841 -10.5248 -17.6946 61.2284 -3.2836 -3.5359 -35.6315 -2.0779 9.0265 -25.8784 -3.4318 -1.4181 13.3867 -1.0846 -2.4492 1.6533 1.2339 -1.1387 -5.6634 -5.8077 0.9762 -6.1628 5.7308 1.3922 7.1578 3.0323 0.7581 3.3714 0.0000 0.0000 0.0000 29.3111 -21.6950 -61.9414 69.0817 -58.2803 -41.9888 -0.0000 0.0000 -33.3321 34.4418 18.9633 12.5633 -7.1250 0.0000 -0.0000 6.4740 52.4845 1.1967 0.0000 0.0000 0.0000 -32.9386 14.2932 -60.6369 -58.3126 55.8433 -32.9408 0.0000 0.0000 6.2602 -41.9471 3.1022 -2.7845 7.1250 -0.0000 -0.0000 -11.5502 -25.7866 -5.4812
-0.1834 16.4454 2.5510 4.8951 -1.2194 -8.4628 0.0000 0.0000 0.0000 -10.6828 -12.6132 -6.4730 8.6420 16.5717 54.8436 1.7645 -13.4185 -24.2329 1.8658 -8.5807 -24.4922 0.0000 0.0000 0.0000 15.4182 31.0674 1.8623 -11.0235 -17.9466 62.8578 -3.4716 -3.4307 -36.5550 -2.0487 8.9668 -25.6916 -3.5642 -1.4408 14.1370 -1.1418 -2.5309 1.8377 1.2843 -1.1732 -5.8761 -5.9315 0.9913 -5.9082 5.8329 1.4081 6.9895 3.0826 0.7641 3.2633 0.0000 0.0000 0.0000 30.2726 -22.4091 -62.1360 72.7126 -58.8401 -45.0869 -0.0000 0.0000 -32.6724 34.2959 18.1313 11.9832 -7.1250 0.0000 -0.0000 6.3772 51.4920 1.0232 0.0000 0.0000 0.0000 -34.1333 14.4568 -61.1566 -61.8425 56.7813 -35.8784 0.0000 0.0000 7.0048 -42.1851 3.5649 -3.2253 7.1250 -0.0000 -0.0000 -11.6476 -25.1605 -5.7030
-0.1712 16.3252 2.5360 4.9082 -1.1125 -8.9558 0.0000 0.0000 0.0000 -10.7455 -12.6324 -6.9043 9.1525 16.9048 56.6159 1.8875 -13.6254 -25.0418 1.7354 -8.2916 -23.6034 0.0000 0.0000 0.0000 15.3676 30.7049 1.5706 -11.4245 -18.1366 64.1525 -3.6632 -3.1132 -37.3941 -2.0978 9.0669 -26.0047 -3.5045 -1.4397 14.6329 -1.1054 -2.5361 1.9694 1.3045 -1.1749 -6.0103 -6.0929 1.0015 -5.6049 5.8380 1.4229 6.8876 3.1066 0.7640 3.1689 0.0000 0.0000 0.0000 30.9815 -23.1324 -62.1221 76.5075 -59.3008 -48.3426 -0.0000 0.0000 -31.9016 35.0959 18.2116 12.3863 -7.1250 0.0000 -0.0000 7.2149 51.7447 1.2036 0.0000 0.0000 0.0000 -35.2099 14.6172 -61.3338 -65.6256 57.6316 -39.0590 0.0000 0.0000 7.2512 -42.6793 3.6405 -3.3508 7.1250 -0.0000 -0.0000 -11.9959 -25.0220 -5.9204
-0.1572 16.2243 2.5290 4.7301 -1.1740 -9.3737 0.0000 0.0000 0.0000 -10.5788 -12.6291 -7.1539 9.5658 17.1584 58.0272 2.0044 -13.8313 -25.7914 1.7025 -8.2169 -23.3748 0.0000 0.0000 0.0000 15.3939 30.1327 1.2313 -11.7231 -18.2711 65.1083 -3.8321 -3.0801 -38.2087 -2.1743 9.2201 -26.4864 -3.2389 -1.4188 14.8782 -1.0129 -2.4658 2.1316 1.2443 -1.1475 -5.9828 -6.1712 0.9677 -5.4266 5.7253 1.3834 6.8809 3.0767 0.7359 3.1349 0.0000 0.0000 0.0000 31.5552 -23.7666 -61.9166 80.1278 -59.6285 -51.4611 -0.0000 0.0000 -31.1720 36.3035 18.7729 13.3021 -7.1250 0.0000 -0.0000 8.4832 52.6513 1.6066 0.0000 0.0000 0.0000 -36.1560 14.8779 -61.4904 -69.2710 58.3125 -42.1499 0.0000 0.0000 7.3562 -43.5540 4.0748 -3.8650 7.1250 -0.0000 -0.0000 -12.5530 -24.3682 -6.4036
-0.1427 16.1433 2.5278 4.5140 -1.3770 -9.6376 0.0000 0.0000 0.0000 -10.3382 -12.6526 -7.2879 9.8658 17.3337 59.0389 2.1004 -14.1918 -26.4218 1.6985 -8.2076 -23.3463 0.0000 0.0000 0.0000 15.3189 29.4379 0.7184 -11.9372 -18.3640 65.7896 -3.9521 -3.4378 -38.9173 -2.1232 9.1180 -26.1652 -2.9192 -1.3805 14.9146 -0.9314 -2.3566 2.2571 1.1281 -1.1032 -5.8833 -6.0841 0.9135 -5.2149 5.5197 1.3096 6.7917 2.9795 0.6922 3.0680 -0.0000 -0.0000 0.0000 31.9685 -24.1782 -61.3547 83.5341 -59.8414 -54.4033 -0.0000 0.0000 -30.4131 37.0799 18.8902 13.7488 -7.1250 0.0000 -0.0000 9.3243 52.9561 1.8379 -0.0000 -0.0000 0.0000 -36.9599 15.2844 -61.6626 -72.6646 58.8335 -45.0459 0.0000 0.0000 7.4222 -44.4238 4.6925 -4.5841 7.1250 -0.0000 -0.0000 -13.0599 -23.4493 -6.9604
-0.1269 16.0809 2.5332 4.4003 -1.6476 -9.8310 0.0000 0.0000 0.0000 -10.2096 -12.6385 -7.2099 10.0468 17.4361 59.6446 2.1797 -14.6040 -26.9513 1.7054 -8.2234 -23.3948 0.0000 0.0000 0.0000 15.1357 28.7464 0.2653 -12.0693 -18.4198 66.2084 -4.0882 -3.6023 -39.6210 -2.0396 8.9480 -25.6328 -2.7063 -1.3301 14.8565 -0.8690 -2.2487 2.3134 1.0504 -1.0563 -5.8012 -6.1507 0.9138 -4.9158 5.4977 1.3022 6.7339 2.9770 0.6827 2.9916 0.0000 0.0000 0.0000 32.2016 -24.4272 -60.4658 86.6026 -59.9563 -57.0582 -0.0000 0.0000 -29.5821 37.6151 18.6748 13.8592 -7.1250 0.0000 -0.0000 9.9104 52.8173 1.9214 0.0000 0.0000 0.0000 -37.6040 15.8995 -61.7443 -75.7181 59.2151 -47.6641 0.0000 0.0000 7.4526 -45.0148 4.9210 -4.9055 7.1250 -0.0000 -0.0000 -13.4345 -23.0731 -7.2907
-0.1154 16.0360 2.5389 4.2839 -1.9729 -9.9959 0.0000 0.0000 0.0000 -10.0521 -12.5918 -6.9882 10.1074 17.4698 59.8468 2.2221 -15.1086 -27.2774 1.6571 -8.1120 -23.0548 0.0000 0.0000 0.0000 14.9924 28.0782 -0.1225 -12.1343 -18.4469 66.4140 -4.2204 -3.5977 -40.2338 -2.0941 9.0595 -25.9815 -2.5724 -1.2784 14.7944 -0.7655 -2.1514 2.2861 1.0641 -1.0105 -5.8003 -6.3881 0.9878 -4.5539 5.6138 1.3874 6.8558 3.0607 0.7178 2.9591 -0.0000 0.0000 0.0000 32.2373 -24.5714 -59.2372 89.1019 -59.9970 -59.2222 -0.0000 0.0000 -28.7735 37.8411 18.0805 13.5548 -7.1250 0.0000 -0.0000 10.1515 52.1590 1.8044 -0.0000 0.0000 0.0000 -38.1317 16.7200 -61.6793 -78.2762 59.4742 -49.8648 0.0000 0.0000 7.4004 -45.6189 4.8440 -4.9317 7.1250 -0.0000 -0.0000 -13.8775 -23.1091 -7.5334
-0.1078 16.0115 2.5465 4.2160 -2.4182 -10.1136 0.0000 0.0000 0.0000 -9.9425 -12.4335 -6.6601 10.0665 17.4471 59.7102 2.2372 -15.4658 -27.4235 1.6481 -8.0911 -22.9911 0.0000 0.0000 0.0000 14.7916 27.4611 -0.5030 -12.1346 -18.4470 66.4149 -4.2943 -3.7621 -40.6331 -2.1137 9.0990 -26.1055 -2.4873 -1.1926 14.6938 -0.7158 -2.0206 2.1930 1.0423 -0.9465 -5.8496 -6.4582 1.0858 -4.1458 5.6589 1.4914 7.0618 3.0893 0.7628 2.9445 0.0000 0.0000 0.0000 32.1471 -24.7491 -57.7096 91.0705 -59.9957 -60.9271 -0.0000 0.0000 -27.8471 37.8381 16.9839 12.7834 -7.1250 0.0000 -0.0000 10.1285 50.8475 1.4723 0.0000 0.0000 0.0000 -38.4343 17.5890 -61.3666 -80.2025 59.6342 -51.5256 0.0000 0.0000 7.1352 -46.2953 4.5921 -4.7882 7.1250 -0.0000 -0.0000 -14.4084 -23.3798 -7.7470
-0.1033 16.0151 2.5641 4.3179 -2.9949 -10.2534 0.0000 0.0000 0.0000 -10.0638 -12.0219 -6.1360 9.9501 17.3817 59.3215 2.2740 -15.5073 -27.6399 1.7150 -8.2454 -23.4619 0.0000 0.0000 0.0000 14.5172 27.0021 -0.6879 -12.0698 -18.4200 66.2098 -4.3388 -3.9628 -40.9096 -1.9798 8.8238 -25.2457 -2.7121 -1.0629 14.5979 -0.6513 -1.8802 2.0835 1.2094 -0.8708 -5.9083 -6.4795 1.2075 -3.9306 5.6474 1.6351 7.3998 3.0971 0.8283 3.0088 0.0000 -0.0000 0.0000 31.8507 -24.8493 -56.0026 92.5068 -59.9762 -62.1708 -0.0000 0.0000 -26.8925 37.8640 16.4033 12.3831 -7.1250 0.0000 -0.0000 10.1407 50.1559 1.3005 0.0000 -0.0000 0.0000 -38.7005 18.5858 -61.0123 -81.3329 59.7142 -52.5012 0.0000 0.0000 6.8681 -46.7822 4.6587 -4.9402 7.1250 -0.0000 -0.0000 -14.7371 -23.2296 -7.9884
-0.1007 16.0394 2.5875 4.4827 -3.5564 -10.3786 0.0000 0.0000 0.0000 -10.2978 -11.5205 -5.5618 9.7869 17.2882 58.7736 2.2974 -15.4499 -27.7623 1.7087 -8.2309 -23.4177 0.0000 0.0000 0.0000 14.2069 26.6322 -0.7205 -11.9458 -18.3676 65.8168 -4.3412 -4.0507 -40.9531 -1.8953 8.6445 -24.6893 -3.1188 -0.9482 14.5306 -0.5397 -1.7871 1.9193 1.5396 -0.8116 -6.0331 -6.3869 1.3369 -3.8081 5.4548 1.7974 7.8760 3.0262 0.8999 3.1371 -0.0000 -0.0000 0.0000 31.3417 -24.7591 -54.0551 93.4734 -59.9544 -63.0076 -0.0000 0.0000 -26.2129 38.2450 16.4860 12.6081 -7.1250 0.0000 -0.0000 10.5416 50.3310 1.3986 -0.0000 -0.0000 0.0000 -38.9038 19.6968 -60.6627 -81.6100 59.7323 -52.7406 0.0000 0.0000 6.6992 -47.1420 4.7966 -5.1494 7.1250 -0.0000 -0.0000 -14.9591 -22.9919 -8.2020
-0.0990 16.0743 2.6042 4.5366 -4.0436 -10.3500 0.0000 0.0000 0.0000 -10.4120 -11.1027 -5.1827 9.5972 17.1770 58.1334 2.2856 -15.1398 -27.6448 1.6825 -8.1708 -23.2341 0.0000 0.0000 0.0000 13.9294 26.3410 -0.8195 -11.7751 -18.2940 65.2741 -4.2887 -3.9559 -40.6789 -1.8541 8.5553 -24.4139 -3.2280 -0.8686 14.2896 -0.5181 -1.6926 1.7426 1.6027 -0.7599 -6.0886 -6.3263 1.4241 -3.6720 5.4239 1.8923 8.3704 3.0160 0.9423 3.2747 -0.0000 0.0000 0.0000 30.9213 -24.6103 -52.0579 93.9571 -59.9407 -63.4262 -0.0000 0.0000 -25.7102 38.6258 16.9291 13.0978 -7.1250 0.0000 -0.0000 10.9607 50.9425 1.6214 -0.0000 0.0000 0.0000 -38.7603 20.6465 -60.2079 -81.1574 59.7025 -52.3497 0.0000 0.0000 6.3982 -47.3040 4.7505 -5.1291 7.1250 -0.0000 -0.0000 -15.0829 -23.0369 -8.2585
-0.1017 16.1300 2.6165 4.5428 -4.5118 -10.3119 0.0000 0.0000 0.0000 -10.4873 -10.6898 -4.8241 9.3828 17.0478 57.4048 2.2677 -14.5176 -27.4474 1.7209 -8.2588 -23.5030 0.0000 0.0000 0.0000 13.7832 26.1983 -0.8774 -11.5742 -18.2048 64.6327 -4.1892 -3.7577 -40.1481 -1.7877 8.4092 -23.9639 -3.1768 -0.7634 14.0035 -0.5852 -1.5420 1.6139 1.4697 -0.6872 -6.0779 -6.2677 1.4408 -3.5089 5.5424 1.8804 8.7823 3.0523 0.9377 3.3866 -0.0000 0.0000 0.0000 30.5517 -24.5006 -50.1563 94.0083 -59.9392 -63.4706 -0.0000 0.0000 -25.1485 38.7256 17.2053 13.3436 -7.1250 0.0000 -0.0000 11.0786 51.2964 1.7363 -0.0000 0.0000 0.0000 -38.2605 21.2627 -59.5322 -80.1601 59.6310 -51.4890 0.0000 0.0000 6.1209 -47.0745 4.4184 -4.7350 7.1250 -0.0000 -0.0000 -14.9963 -23.5330 -8.0300
-0.1082 16.2184 2.6371 4.5879 -4.8537 -10.3117 0.0000 0.0000 0.0000 -10.6931 -10.3923 -4.2879 9.1355 16.8941 56.5574 2.1890 -14.0408 -26.9224 1.6123 -8.0069 -22.7351 0.0000 0.0000 0.0000 13.7140 26.1226 -0.6950 -11.3282 -18.0920 63.8427 -4.0842 -3.2564 -39.4757 -1.7187 8.2537 -23.4874 -3.2335 -0.6808 13.6456 -0.6387 -1.4316 1.5677 1.4179 -0.6348 -5.9339 -6.1153 1.3996 -3.5032 5.4871 1.8084 9.1713 3.0115 0.9020 3.5260 0.0000 0.0000 0.0000 30.0435 -24.2370 -48.2781 93.6922 -59.9484 -63.1970 -0.0000 0.0000 -24.7402 38.9197 16.9784 13.2674 -7.1250 0.0000 -0.0000 11.2756 51.0630 1.7027 0.0000 0.0000 0.0000 -37.6609 21.6835 -58.7684 -78.7460 59.5160 -50.2696 0.0000 0.0000 5.7960 -46.6298 4.0022 -4.2255 7.1250 -0.0000 -0.0000 -14.7737 -24.1667 -7.6783
-0.1152 16.3243 2.6581 4.6186 -5.0818 -10.2426 0.0000 0.0000 0.0000 -10.9183 -10.2144 -3.8222 8.8669 16.7213 55.6286 2.1085 -13.0320 -26.3132 1.7042 -8.2208 -23.3867 0.0000 0.0000 0.0000 13.6559 26.0977 -0.3502 -11.0236 -17.9466 62.8582 -3.9341 -2.6238 -38.5373 -1.6662 8.1332 -23.1194 -3.3068 -0.6448 13.1905 -0.6792 -1.3792 1.5411 1.3985 -0.6117 -5.7114 -6.0386 1.3480 -3.5986 5.4861 1.7282 9.5626 3.0061 0.8631 3.6872 0.0000 0.0000 0.0000 29.4086 -23.8295 -46.4431 92.8946 -59.9683 -62.5065 -0.0000 0.0000 -24.4141 39.0616 16.7298 13.1494 -7.1250 0.0000 -0.0000 11.4138 50.7913 1.6472 0.0000 0.0000 0.0000 -37.0155 22.1024 -58.0638 -76.7893 59.3302 -48.5850 0.0000 0.0000 5.2957 -46.3115 3.6050 -3.7660 7.1250 -0.0000 -0.0000 -14.6326 -24.7535 -7.3937
-0.1230 16.4425 2.6772 4.5064 -5.2838 -10.1762 0.0000 0.0000 0.0000 -11.0221 -10.1269 -3.3333 8.5769 16.5276 54.6150 2.0252 -11.4374 -25.6423 2.0352 -8.9390 -25.6048 0.0000 0.0000 0.0000 13.8072 26.1206 0.1459 -10.6631 -17.7662 61.6825 -3.6702 -2.5070 -37.2075 -1.7021 8.2159 -23.3717 -3.2440 -0.6331 12.8669 -0.6895 -1.3441 1.4597 1.3408 -0.5969 -5.6214 -6.0285 1.2794 -3.5402 5.5498 1.6175 9.8631 3.0290 0.8083 3.7893 -0.0000 -0.0000 0.0000 28.5948 -23.5024 -44.7798 91.7176 -59.9889 -61.4874 -0.0000 0.0000 -23.6628 38.4372 17.0216 13.0793 -7.1250 0.0000 -0.0000 10.7640 51.0152 1.6111 -0.0000 -0.0000 0.0000 -36.1197 22.4142 -57.2002 -74.5089 59.0736 -46.6261 0.0000 0.0000 4.8432 -45.7729 3.0638 -3.1430 7.1250 -0.0000 -0.0000 -14.3590 -25.5529 -6.9700
-0.1328 16.5813 2.6983 4.3604 -5.4191 -10.1570 0.0000 0.0000 0.0000 -11.1282 -10.1903 -2.7081 8.2688 16.3135 53.5253 1.8712 -10.0762 -24.5658 2.2498 -9.3681 -26.9538 0.0000 0.0000 0.0000 14.0793 26.1960 0.8075 -10.2646 -17.5560 60.3693 -3.3881 -2.2890 -35.7013 -1.7255 8.2692 -23.5347 -3.1752 -0.6271 12.6193 -0.6842 -1.3173 1.4070 1.2990 -0.5861 -5.5423 -6.0678 1.1828 -3.5450 5.8615 1.4362 10.4766 2.8391 0.7488 3.6040 0.0000 -0.0000 0.0000 27.6224 -23.1546 -43.2573 90.1608 -59.9999 -60.1393 -0.0000 0.0000 -22.6590 37.6400 17.4896 13.0494 -7.1250 0.0000 -0.0000 9.9278 51.4118 1.5810 0.0000 -0.0000 0.0000 -34.9904 22.5177 -56.2033 -72.1734 58.7645 -44.6258 0.0000 0.0000 4.4481 -44.9824 2.6470 -2.6426 7.1250 -0.0000 -0.0000 -13.8675 -26.1868 -6.5050
-0.1443 16.7387 2.7205 4.1266 -5.4802 -10.0622 0.0000 0.0000 0.0000 -11.1082 -10.4139 -2.0989 7.9417 16.0762 52.3524 1.6582 -9.1632 -23.0828 2.3108 -9.4854 -27.3259 0.0000 0.0000 0.0000 14.4810 26.2949 1.4806 -9.8435 -17.3209 58.9640 -3.0865 -2.1533 -34.0584 -1.7233 8.2643 -23.5197 -3.0174 -0.6271 12.2766 -0.6455 -1.2804 1.3849 1.2386 -0.5736 -5.3793 -6.1350 1.0385 -3.6564 5.9189 1.2377 10.7615 2.8649 0.6513 3.7195 -0.0000 -0.0000 0.0000 26.4481 -22.8117 -41.7410 88.5672 -59.9922 -58.7592 -0.0000 0.0000 -22.1281 37.5264 17.9308 13.3039 -7.1250 0.0000 -0.0000 9.8109 51.9141 1.6837 -0.0000 -0.0000 0.0000 -33.7145 22.3831 -55.1158 -69.8560 58.4098 -42.6479 0.0000 0.0000 3.7899 -44.1057 2.3574 -2.2831 7.1250 -0.0000 -0.0000 -13.2779 -26.6390 -6.0686
-0.1559 16.9102 2.7420 3.8401 -5.4816 -9.8850 0.0000 0.0000 0.0000 -11.0158 -10.7588 -1.5241 7.5934 15.8119 51.0844 1.4127 -8.4174 -21.2735 2.3015 -9.4676 -27.2694 0.0000 0.0000 0.0000 14.8888 26.3151 2.0580 -9.4090 -17.0638 57.4940 -2.7358 -2.2355 -32.1388 -1.7087 8.2309 -23.4178 -2.8234 -0.6674 11.8966 -0.5664 -1.2911 1.3103 1.2079 -0.5836 -5.2485 -6.4157 0.9675 -3.6291 6.1003 1.1354 10.9877 2.9657 0.5970 3.7860 -0.0000 -0.0000 0.0000 24.9925 -22.3899 -40.1502 87.0336 -59.9667 -57.4313 -0.0000 0.0000 -22.0964 37.5330 18.3987 13.6300 -7.1250 0.0000 -0.0000 9.8203 52.4718 1.8202 -0.0000 -0.0000 0.0000 -32.3481 22.1402 -53.8528 -67.4728 57.9929 -40.6223 0.0000 0.0000 3.1771 -43.0751 2.1585 -2.0168 7.1250 -0.0000 -0.0000 -12.5489 -26.9665 -5.6203
-0.1664 17.0985 2.7645 3.6850 -5.3672 -9.7181 0.0000 0.0000 0.0000 -11.1609 -11.2839 -0.8644 7.2247 15.5182 49.7191 1.1705 -7.4173 -19.3303 2.2972 -9.4594 -27.2433 0.0000 0.0000 0.0000 15.0866 26.2116 2.6015 -8.9623 -16.7834 55.9596 -2.3766 -2.2595 -30.0210 -1.6610 8.1211 -23.0827 -2.7602 -0.7076 11.5012 -0.5221 -1.3216 1.2220 1.2171 -0.6006 -5.1203 -6.7316 0.8706 -3.5154 6.2976 0.9926 11.2240 3.0753 0.5207 3.8439 0.0000 0.0000 0.0000 23.4054 -21.9848 -38.6198 85.2494 -59.9145 -55.8870 -0.0000 0.0000 -22.2742 37.4588 18.5312 13.6857 -7.1250 0.0000 -0.0000 9.7399 52.6132 1.8389 0.0000 0.0000 0.0000 -30.8775 21.7885 -52.4552 -64.9509 57.4910 -38.4896 0.0000 0.0000 2.7746 -42.2804 2.0702 -1.8814 7.1250 -0.0000 -0.0000 -11.9703 -27.1260 -5.3040
-0.1777 17.3005 2.7881 3.6569 -5.1538 -9.5289 0.0000 0.0000 0.0000 -11.4506 -11.8387 -0.2605 6.8466 15.2014 48.2919 0.9293 -6.1922 -17.1942 2.4473 -9.7414 -28.1434 0.0000 0.0000 0.0000 15.1313 26.0748 3.1162 -8.5140 -16.4846 54.3935 -2.0237 -2.3301 -27.8021 -1.6037 7.9867 -22.6738 -2.8488 -0.7352 11.0433 -0.5089 -1.3532 1.1781 1.2772 -0.6172 -4.9078 -6.9146 0.7173 -3.6157 6.3832 0.7842 11.5854 3.1292 0.4143 3.9824 -0.0000 0.0000 0.0000 21.6725 -21.5951 -37.2353 83.3008 -59.8297 -54.2016 -0.0000 0.0000 -22.6718 37.4040 18.7280 13.7942 -7.1250 0.0000 -0.0000 9.6797 52.8345 1.8801 -0.0000 0.0000 0.0000 -29.2766 21.2978 -51.0939 -62.5414 56.9500 -36.4636 0.0000 0.0000 2.1746 -42.0259 1.8013 -1.6227 7.1250 -0.0000 -0.0000 -11.8242 -27.4929 -5.1320
-0.1896 17.5110 2.8095 3.4875 -4.9841 -9.2446 0.0000 0.0000 0.0000 -11.5024 -12.3289 0.1597 6.4719 14.8705 46.8474 0.6941 -5.0132 -14.8431 2.6140 -10.0423 -29.1137 0.0000 0.0000 0.0000 15.3173 25.9576 3.4974 -8.0726 -16.1724 52.8237 -1.6627 -2.6654 -25.4420 -1.5762 7.9210 -22.4745 -2.7853 -0.7582 10.5849 -0.4532 -1.3588 1.0939 1.2924 -0.6225 -4.7403 -7.1135 0.6140 -3.7514 6.4830 0.6452 11.9526 3.1930 0.3427 4.1244 -0.0000 -0.0000 0.0000 19.7200 -21.1978 -35.8730 81.3909 -59.7181 -52.5513 -0.0000 0.0000 -23.2996 37.3205 19.3418 14.1707 -7.1250 0.0000 -0.0000 9.5829 53.5420 2.0275 -0.0000 -0.0000 0.0000 -27.5954 20.7917 -49.7871 -60.1065 56.3383 -34.4298 0.0000 0.0000 1.7280 -41.7847 1.3675 -1.2217 7.1250 -0.0000 -0.0000 -11.7127 -28.0733 -4.9176
-0.2023 17.7268 2.8292 3.2986 -4.8353 -8.9908 0.0000 0.0000 0.0000 -11.5342 -12.7491 0.5547 6.1071 14.5314 45.4102 0.4790 -3.6431 -12.3357 2.4834 -9.8076 -28.3559 0.0000 0.0000 0.0000 15.5380 25.7991 3.8454 -7.6413 -15.8490 51.2601 -1.2953 -3.2788 -22.9037 -1.5390 7.8313 -22.2029 -2.6860 -0.7842 10.2327 -0.4042 -1.3701 0.9469 1.2839 -0.6289 -4.6984 -7.2384 0.5604 -3.7670 6.5309 0.5646 12.3530 3.2307 0.2982 4.2533 -0.0000 0.0000 0.0000 17.6042 -20.8722 -34.5136 79.3176 -59.5644 -50.7623 -0.0000 0.0000 -24.0367 37.1281 19.8710 14.4308 -7.1250 0.0000 -0.0000 9.3596 54.1224 2.1127 -0.0000 0.0000 0.0000 -25.7839 20.2669 -48.3121 -57.6948 55.6637 -32.4301 0.0000 0.0000 1.3346 -41.8467 0.8648 -0.7744 7.1250 -0.0000 -0.0000 -11.8410 -28.7313 -4.7848
-0.2138 17.9491 2.8505 3.1399 -4.6099 -8.7553 0.0000 0.0000 0.0000 -11.6366 -13.1993 0.9248 5.7629 14.1946 44.0225 0.2965 -2.1406 -9.7652 2.1415 -9.1548 -26.2809 0.0000 0.0000 0.0000 15.6969 25.5357 4.1090 -7.2217 -15.5157 49.7077 -0.9388 -4.0625 -20.2023 -1.5932 7.9617 -22.5978 -2.6256 -0.8394 9.8576 -0.3337 -1.4233 0.8219 1.3244 -0.6558 -4.6169 -7.3789 0.5123 -3.8060 6.5263 0.4996 12.7791 3.2558 0.2578 4.3936 0.0000 -0.0000 0.0000 15.3307 -20.4997 -33.1757 77.0391 -59.3556 -48.7999 -0.0000 0.0000 -24.9706 37.0237 20.2881 14.6553 -7.1250 0.0000 -0.0000 9.2311 54.5883 2.1885 0.0000 -0.0000 0.0000 -23.9947 19.6957 -46.8754 -55.2850 54.9167 -30.4491 0.0000 0.0000 0.8876 -42.1333 0.0892 -0.0807 7.1250 -0.0000 -0.0000 -12.1872 -29.7450 -4.6296
-0.2237 18.1714 2.8702 2.9644 -4.3266 -8.4392 0.0000 0.0000 0.0000 -11.6871 -13.6482 1.0990 5.4369 13.8596 42.6777 0.1473 -0.5535 -7.0732 1.9734 -8.8104 -25.2039 0.0000 0.0000 0.0000 15.7742 25.1906 4.1706 -6.8168 -15.1757 48.1780 -0.6110 -4.9190 -17.3743 -1.7270 8.2727 -23.5455 -2.5459 -0.8975 9.4032 -0.2453 -1.4748 0.7341 1.3697 -0.6837 -4.4521 -7.5250 0.4072 -3.9810 6.4514 0.3776 13.1869 3.2579 0.1870 4.5568 0.0000 0.0000 0.0000 12.9877 -20.0536 -31.8989 74.6633 -59.0923 -46.7585 -0.0000 0.0000 -25.9359 36.9632 20.9036 15.0298 -7.1250 0.0000 -0.0000 9.1404 55.2946 2.3243 0.0000 0.0000 0.0000 -22.1623 19.0107 -45.6103 -52.9621 54.1225 -28.5574 0.0000 0.0000 0.6181 -41.8689 -0.5802 0.5200 7.1250 -0.0000 -0.0000 -12.0899 -30.6286 -4.3298
-0.2342 18.3902 2.8839 2.6763 -4.1551 -8.0276 0.0000 0.0000 0.0000 -11.5159 -13.8457 1.0017 5.1325 13.5315 41.3922 0.0375 1.1870 -4.2977 2.0666 -9.0035 -25.8064 0.0000 0.0000 0.0000 15.9456 24.9565 4.0635 -6.4330 -14.8352 46.6959 -0.3264 -5.8010 -14.4768 -1.5865 7.9457 -22.5494 -2.3021 -0.9108 8.9102 -0.1693 -1.4509 0.6597 1.2987 -0.6780 -4.2588 -7.5670 0.3040 -4.3109 6.3892 0.2587 13.6241 3.2478 0.1251 4.7555 -0.0000 -0.0000 0.0000 10.7379 -19.7006 -30.8847 72.0653 -58.7490 -44.5333 -0.0000 0.0000 -26.8828 36.8866 21.3434 15.2768 -7.1250 0.0000 -0.0000 9.0329 55.7897 2.4055 -0.0000 -0.0000 0.0000 -20.2174 18.1550 -44.3711 -50.6597 53.2581 -26.7019 0.0000 0.0000 0.3174 -41.2881 -1.1515 1.0110 7.1250 -0.0000 -0.0000 -11.7219 -31.3764 -3.9782
-0.2448 18.6054 2.8932 2.5327 -3.9907 -7.6550 0.0000 0.0000 0.0000 -11.5035 -13.8816 0.8048 4.8524 13.2156 40.1810 -0.0309 3.1336 -1.4905 2.0271 -8.9223 -25.5527 0.0000 0.0000 0.0000 15.9857 24.7680 3.9189 -6.0759 -14.5015 45.2856 -0.0865 -6.7931 -11.5544 -1.2260 7.0227 -19.7825 -2.1968 -0.9113 8.5207 -0.1359 -1.4298 0.6202 1.2638 -0.6712 -4.0844 -7.5392 0.2615 -4.7128 6.2907 0.2287 13.9935 3.2184 0.1094 4.9402 0.0000 -0.0000 0.0000 8.4684 -19.3338 -30.1371 69.4177 -58.3372 -42.2748 -0.0000 0.0000 -27.9372 36.7360 21.7815 15.4800 -7.1250 0.0000 -0.0000 8.8351 56.2633 2.4539 0.0000 -0.0000 0.0000 -18.2653 17.3193 -43.2641 -48.3950 52.3273 -24.8980 0.0000 -0.0000 -0.0262 -40.8855 -1.2487 1.0809 7.1250 -0.0000 -0.0000 -11.4177 -31.5008 -3.8364
-0.2561 18.8129 2.9035 2.4196 -3.8556 -7.3216 0.0000 0.0000 0.0000 -11.5132 -13.8361 0.5821 4.5959 12.9138 39.0465 -0.0643 5.2926 1.0518 1.6148 -8.0128 -22.7529 0.0000 0.0000 0.0000 16.0045 24.5752 3.7090 -5.7494 -14.1810 43.9675 0.1051 -7.9232 -8.7098 -0.9340 6.1561 -17.2380 -2.1513 -0.9088 8.1828 -0.0766 -1.4116 0.5766 1.2909 -0.6641 -3.9408 -7.6205 0.2955 -4.9303 6.2551 0.2986 14.1779 3.2285 0.1393 5.0292 0.0000 0.0000 0.0000 6.0678 -18.9423 -29.4787 66.7049 -57.8468 -39.9717 -0.0000 0.0000 -28.8247 36.5050 22.1270 15.5766 -7.1250 0.0000 -0.0000 8.5437 56.6083 2.4436 0.0000 0.0000 0.0000 -16.3551 16.5835 -42.2860 -46.2517 51.3671 -23.2125 0.0000 -0.0000 -0.3491 -40.6894 -1.0634 0.9142 7.1250 -0.0000 -0.0000 -11.2358 -31.2600 -3.8394
-0.2658 19.0058 2.9106 2.1398 -3.8545 -6.9438 0.0000 0.0000 0.0000 -11.2969 -13.6664 0.2455 4.3635 12.6290 37.9951 -0.0787 7.4432 3.1912 1.2027 -6.9579 -19.5907 0.0000 0.0000 0.0000 16.1927 24.4367 3.3493 -5.4587 -13.8825 42.7688 0.2513 -9.2250 -6.1743 -0.7705 5.6050 -15.6425 -1.9178 -0.8863 7.8810 0.0380 -1.3500 0.4624 1.2666 -0.6364 -3.8952 -7.7598 0.3299 -5.0940 6.2644 0.3653 14.3619 3.2623 0.1663 5.1088 -0.0000 -0.0000 0.0000 3.6396 -18.3557 -28.5988 63.9802 -57.2805 -37.6719 -0.0000 0.0000 -29.6000 36.3503 22.7199 15.8669 -7.1250 0.0000 -0.0000 8.3161 57.2554 2.5082 -0.0000 -0.0000 0.0000 -14.4444 15.8052 -41.1749 -44.2448 50.3931 -21.6554 0.0000 -0.0000 -0.9704 -40.7972 -1.1548 0.9966 7.1250 -0.0000 -0.0000 -11.3343 -31.3787 -3.8412
-0.2715 19.1884 2.9166 1.9537 -3.9314 -6.5702 0.0000 0.0000 0.0000 -11.2338 -13.4343 -0.0970 4.1564 12.3657 37.0383 -0.0885 9.4152 4.8845 0.9216 -6.1163 -17.1223 0.0000 0.0000 0.0000 16.2638 24.2921 2.9371 -5.2064 -13.6125 41.7069 0.3511 -10.4362 -3.9540 -0.5937 4.9328 -13.7171 -1.6788 -0.8560 7.5606 0.0706 -1.2820 0.3658 1.1534 -0.6067 -3.8227 -7.6852 0.3555 -5.3408 6.1424 0.4226 14.5526 3.2192 0.1925 5.2069 0.0000 -0.0000 0.0000 1.3003 -17.5478 -27.6859 61.3287 -56.6537 -35.4488 -0.0000 0.0000 -30.4594 36.2716 23.2296 16.1418 -7.1250 0.0000 -0.0000 8.1769 57.8225 2.5778 0.0000 -0.0000 0.0000 -12.4781 15.0224 -40.0504 -42.2805 49.3645 -20.1532 0.0000 -0.0000 -1.6742 -40.5637 -1.5719 1.3451 7.1250 -0.0000 -0.0000 -11.2083 -31.9162 -3.6494
-0.2760 19.3594 2.9242 1.9592 -4.0394 -6.3453 0.0000 0.0000 0.0000 -11.4579 -13.0752 -0.3394 3.9852 12.1407 36.2315 -0.1039 11.1065 6.1114 0.7637 -5.5806 -15.5723 0.0000 0.0000 0.0000 16.2280 24.1474 2.6804 -5.0008 -13.3846 40.8260 0.4162 -11.5144 -2.1472 -0.3951 4.0358 -11.1773 -1.6277 -0.7926 7.3723 0.0631 -1.1903 0.3295 1.1043 -0.5626 -3.7588 -7.5930 0.3910 -5.6869 5.9504 0.5081 14.7768 3.1540 0.2296 5.3314 -0.0000 0.0000 0.0000 -1.0392 -16.8235 -27.0670 58.6740 -55.9461 -33.2401 -0.0000 0.0000 -31.2272 36.2377 23.4255 16.2445 -7.1250 0.0000 -0.0000 8.1172 58.0389 2.6011 -0.0000 0.0000 0.0000 -10.5412 14.2681 -39.1530 -40.3566 48.2797 -18.7049 0.0000 -0.0000 -2.0546 -39.9957 -1.8629 1.5623 7.1250 -0.0000 -0.0000 -10.7942 -32.2831 -3.4131
-0.2811 19.5192 2.9295 1.9444 -4.1407 -6.0580 0.0000 0.0000 0.0000 -11.6210 -12.6081 -0.7725 3.8529 11.9620 35.5978 -0.1069 11.9426 6.7869 0.6742 -5.2506 -14.6247 0.0000 0.0000 0.0000 16.2034 24.0138 2.2751 -4.8416 -13.2032 40.1338 0.4702 -12.4657 -1.1687 -0.2880 3.4515 -9.5384 -1.5142 -0.7219 7.2096 0.0298 -1.0857 0.2570 0.9933 -0.5126 -3.7486 -7.5531 0.4041 -5.9754 5.8471 0.5550 14.8937 3.1215 0.2507 5.4150 -0.0000 0.0000 0.0000 -3.3110 -16.2781 -26.7707 55.9809 -55.1402 -31.0193 -0.0000 0.0000 -31.8515 35.9412 23.6522 16.2170 -7.1250 0.0000 -0.0000 7.7374 58.2243 2.5130 -0.0000 0.0000 0.0000 -8.5623 13.5299 -38.4152 -38.4840 47.1456 -17.3195 0.0000 -0.0000 -2.3540 -39.7325 -1.8350 1.5246 7.1250 -0.0000 -0.0000 -10.5798 -32.2433 -3.3536
-0.2876 19.6650 2.9304 1.9112 -4.2349 -5.6716 0.0000 0.0000 0.0000 -11.7378 -12.1434 -1.4067 3.7636 11.8390 35.1646 -0.0771 11.5566 6.9384 0.5967 -4.9453 -13.7525 0.0000 0.0000 0.0000 16.1596 23.8531 1.6342 -4.7287 -13.0716 39.6371 0.5021 -12.8867 -1.1565 -0.2615 3.2899 -9.0869 -1.3928 -0.6752 6.9573 -0.0101 -1.0117 0.1749 0.8732 -0.4783 -3.6969 -7.5679 0.4239 -6.1812 5.8489 0.5991 14.8899 3.1288 0.2744 5.4461 -0.0000 -0.0000 0.0000 -5.5275 -15.7208 -26.5954 53.2747 -54.2338 -28.8109 -0.0000 0.0000 -32.2864 35.3634 23.8589 16.0169 -7.1250 0.0000 -0.0000 7.0197 58.3152 2.2937 -0.0000 -0.0000 0.0000 -6.5518 12.8471 -37.6529 -36.7183 46.0008 -16.0371 0.0000 -0.0000 -2.6958 -39.5979 -1.9644 1.6242 7.1250 -0.0000 -0.0000 -10.4885 -32.4063 -3.2818
-0.2924 19.7919 2.9305 1.8816 -4.3470 -5.3259 0.0000 0.0000 0.0000 -11.8948 -11.6473 -2.0511 3.7082 11.7616 34.8938 -0.0370 10.3523 6.6445 0.5571 -4.7808 -13.2845 0.0000 0.0000 0.0000 16.1364 23.6397 0.9624 -4.6581 -12.9881 39.3240 0.4983 -12.6789 -1.8200 -0.2453 3.1870 -8.7999 -1.2876 -0.6066 6.7421 -0.0285 -0.9100 0.0985 0.7826 -0.4298 -3.6597 -7.5057 0.4072 -6.4102 5.7295 0.6037 14.8881 3.0827 0.2749 5.4860 -0.0000 -0.0000 0.0000 -7.7107 -15.0338 -26.2276 50.6746 -53.2640 -26.7138 -0.0000 0.0000 -32.7232 35.4422 23.9709 16.1284 -7.1250 0.0000 -0.0000 7.0993 58.4623 2.3449 -0.0000 -0.0000 0.0000 -4.5760 12.0411 -36.7645 -35.0788 44.8683 -14.8689 0.0000 -0.0000 -3.1596 -39.4766 -2.0793 1.7118 7.1250 -0.0000 -0.0000 -10.4054 -32.5506 -3.2183
-0.2962 19.9046 2.9318 1.9033 -4.4179 -5.0115 0.0000 0.0000 0.0000 -12.1859 -11.2304 -2.6712 3.6795 11.7213 34.7531 -0.0157 8.9596 5.9816 0.5754 -4.8577 -13.5032 0.0000 0.0000 0.0000 16.1144 23.4471 0.3348 -4.6200 -12.9427 39.1543 0.4790 -12.2658 -2.7716 -0.2125 2.9677 -8.1887 -1.1225 -0.5259 6.4868 -0.1318 -0.7900 0.1029 0.5686 -0.3749 -3.5181 -7.4249 0.3570 -6.8777 5.6915 0.5645 14.9216 3.0590 0.2634 5.5803 0.0000 0.0000 0.0000 -9.6536 -14.4141 -25.9021 48.1336 -52.2145 -24.6913 -0.0000 0.0000 -33.0989 36.3369 24.4640 16.9414 -7.1250 0.0000 -0.0000 8.1252 59.2533 2.8408 0.0000 0.0000 0.0000 -2.5396 11.1215 -36.0142 -33.5702 43.7638 -13.8149 0.0000 -0.0000 -3.7124 -39.4303 -2.0388 1.6757 7.1250 -0.0000 -0.0000 -10.3632 -32.4982 -3.2181
-0.3002 20.0086 2.9360 2.1315 -4.5114 -4.7954 0.0000 0.0000 0.0000 -12.7741 -10.7506 -3.1720 3.6695 11.7071 34.7035 -0.0117 7.5815 5.0496 0.6079 -4.9904 -13.8812 0.0000 0.0000 0.0000 15.9286 23.2567 -0.2037 -4.6082 -12.9285 39.1014 0.4588 -11.9129 -3.8550 -0.1760 2.7027 -7.4521 -0.9658 -0.3692 6.1454 -0.4353 -0.5743 0.2570 0.1441 -0.2748 -3.1758 -7.2505 0.2402 -7.2554 5.6930 0.4177 14.6239 3.0192 0.2091 5.5632 -0.0000 -0.0000 0.0000 -11.2764 -14.0557 -25.7902 45.6037 -51.0608 -22.7074 -0.0000 0.0000 -33.1906 36.7303 25.0160 17.5129 -7.1250 0.0000 -0.0000 8.5498 59.9867 3.1405 -0.0000 -0.0000 0.0000 -0.3176 10.0846 -35.4937 -32.1534 42.6691 -12.8446 0.0000 -0.0000 -4.2147 -39.4717 -1.8975 1.5619 7.1250 -0.0000 -0.0000 -10.3787 -32.3189 -3.2687
-0.3056 20.1029 2.9387 2.1757 -4.6949 -4.6285 0.0000 0.0000 0.0000 -13.1753 -10.1768 -3.6423 3.6704 11.7084 34.7082 -0.0057 6.2757 4.2436 0.6428 -5.1291 -14.2773 0.0000 0.0000 0.0000 16.0480 23.2046 -0.6247 -4.6142 -12.9357 39.1282 0.4411 -11.6902 -4.9752 -0.1330 2.3507 -6.4758 -1.2110 -0.3663 6.2981 -0.3061 -0.5874 0.0957 0.4179 -0.2747 -3.4242 -6.9688 0.3644 -7.0417 5.0834 0.6372 14.1226 2.7846 0.2912 5.3620 -0.0000 0.0000 0.0000 -13.5893 -12.7852 -25.3029 43.4734 -49.9983 -21.0627 -0.0000 0.0000 -33.2140 36.3171 24.6186 17.0244 -7.1250 0.0000 -0.0000 8.0824 59.4247 2.8588 -0.0000 0.0000 0.0000 1.4555 9.7240 -34.5147 -30.8313 41.5953 -11.9577 0.0000 -0.0000 -4.8223 -39.4172 -1.6077 1.3210 7.1250 -0.0000 -0.0000 -10.2987 -31.9491 -3.3360
-0.3141 20.1813 2.9324 2.1212 -4.8943 -4.5156 0.0000 0.0000 0.0000 -13.4537 -9.6098 -4.1084 3.6806 11.7228 34.7582 0.0022 4.9401 3.5341 0.6454 -5.1393 -14.3063 0.0000 0.0000 0.0000 16.3519 23.2851 -0.9982 -4.6339 -12.9593 39.2162 0.4205 -11.5179 -5.9935 -0.1198 2.2317 -6.1465 -0.9969 -0.2599 6.3891 -0.4149 -0.4350 0.1177 0.1721 -0.2032 -3.4573 -6.4593 0.3502 -6.8524 4.5397 0.6341 13.3492 2.5175 0.2849 5.0963 0.0000 -0.0000 0.0000 -15.4042 -12.0139 -24.9906 41.4650 -48.9143 -19.5363 -0.0000 0.0000 -33.5273 35.9614 23.9448 16.4073 -7.1250 0.0000 -0.0000 7.7281 58.5639 2.5731 0.0000 -0.0000 0.0000 3.6097 8.9633 -33.8059 -29.6434 40.5858 -11.1769 0.0000 -0.0000 -5.3352 -39.5158 -1.5227 1.2556 7.1250 -0.0000 -0.0000 -10.3665 -31.8420 -3.3858
-0.3221 20.2481 2.9227 2.3435 -5.0252 -4.5004 0.0000 0.0000 0.0000 -14.0842 -9.0800 -4.5144 3.7079 11.7612 34.8925 0.0060 3.7144 2.8646 0.6475 -5.1477 -14.3302 0.0000 0.0000 0.0000 16.3400 23.2879 -1.3235 -4.6609 -12.9915 39.3366 0.3761 -11.1157 -6.9342 -0.1191 2.2246 -6.1267 -0.9997 -0.1481 6.6371 -0.6526 -0.2987 0.1187 -0.0834 -0.1368 -3.5981 -6.0625 0.3289 -7.0036 4.2835 0.6070 13.0206 2.3673 0.2789 5.0249 -0.0000 0.0000 0.0000 -17.1002 -11.2855 -24.5894 39.5676 -47.8116 -18.1182 -0.0000 0.0000 -33.8001 35.5956 23.8046 16.1148 -7.1250 0.0000 -0.0000 7.3047 58.3115 2.3868 -0.0000 0.0000 0.0000 5.8890 8.1006 -33.0234 -28.6341 39.6935 -10.5262 0.0000 -0.0000 -5.6902 -39.2991 -1.5092 1.2349 7.1250 -0.0000 -0.0000 -10.1921 -31.8224 -3.3321
-0.3296 20.3011 2.9165 2.6169 -5.0804 -4.4998 0.0000 0.0000 0.0000 -14.7859 -8.5684 -4.9465 3.7501 11.8203 35.0991 0.0072 2.7422 2.3293 0.6507 -5.1600 -14.3654 0.0000 0.0000 0.0000 16.2549 23.2168 -1.6261 -4.6951 -13.0319 39.4882 0.3051 -10.3839 -7.6720 -0.1416 2.4251 -6.6819 -1.2239 -0.0958 6.9078 -0.7992 -0.2570 0.0983 -0.1124 -0.1127 -3.7714 -5.8776 0.3877 -7.3393 4.2392 0.6904 12.9669 2.3298 0.3296 5.0617 -0.0000 0.0000 0.0000 -18.9393 -10.4096 -24.1815 37.8156 -46.7211 -16.8312 -0.0000 0.0000 -34.0854 34.5016 24.1128 15.6844 -7.1250 0.0000 -0.0000 5.9542 58.3880 1.9542 -0.0000 0.0000 0.0000 8.0615 7.3815 -32.1352 -27.8059 38.9370 -10.0015 0.0000 -0.0000 -6.2363 -39.0137 -1.5318 1.2407 7.1250 -0.0000 -0.0000 -9.9671 -31.8482 -3.2502
-0.3367 20.3366 2.9105 2.6195 -5.1700 -4.5170 0.0000 0.0000 0.0000 -15.1634 -7.9019 -5.4249 3.8023 11.8925 35.3529 0.0112 1.7945 2.1096 0.7054 -5.3682 -14.9618 0.0000 0.0000 0.0000 16.4953 23.1830 -1.9014 -4.7335 -13.0773 39.6584 0.2189 -9.3483 -8.0922 -0.2229 3.0389 -8.3872 -1.1719 -0.0486 7.1475 -0.8644 -0.1958 0.1865 -0.2148 -0.0839 -3.8153 -5.8175 0.4063 -7.6803 4.2876 0.7261 12.6824 2.3364 0.3586 5.0297 -0.0000 -0.0000 0.0000 -20.7952 -9.5445 -23.7713 36.2827 -45.7066 -15.7245 -0.0000 0.0000 -34.7639 33.8158 24.3795 15.4559 -7.1250 0.0000 -0.0000 5.0933 58.5183 1.6866 -0.0000 -0.0000 0.0000 10.2218 6.7582 -31.5099 -27.0202 38.1985 -9.5116 0.0000 -0.0000 -6.4693 -38.9449 -1.8592 1.5020 7.1250 -0.0000 -0.0000 -9.9515 -32.2620 -3.1443
-0.3427 20.3633 2.9036 2.7121 -5.3455 -4.5810 0.0000 0.0000 0.0000 -15.6574 -7.1292 -5.8498 3.8681 11.9828 35.6711 0.0128 0.8964 2.0147 0.7757 -5.6233 -15.6952 0.0000 0.0000 0.0000 16.6648 23.2505 -2.1107 -4.7743 -13.1250 39.8383 0.1330 -8.1599 -8.3024 -0.3176 3.6225 -10.0171 -1.2305 0.0153 7.3865 -0.9283 -0.1209 0.3269 -0.2555 -0.0466 -3.8043 -5.7397 0.4201 -8.1645 4.2480 0.7713 12.4575 2.3150 0.3881 5.0407 0.0000 0.0000 0.0000 -22.6940 -8.6645 -23.4965 34.9040 -44.7435 -14.7457 -0.0000 0.0000 -35.3163 33.3400 24.6515 15.3442 -7.1250 0.0000 -0.0000 4.4760 58.7052 1.5017 0.0000 0.0000 0.0000 12.3527 6.2857 -31.3047 -26.2136 37.4188 -9.0171 0.0000 -0.0000 -5.9425 -38.1195 -1.8760 1.4714 7.1250 -0.0000 -0.0000 -9.2911 -32.2703 -2.9288
-0.3488 20.3824 2.8979 2.9026 -5.5098 -4.6159 0.0000 0.0000 0.0000 -16.2657 -6.4771 -6.2863 3.9515 12.0956 36.0709 0.0111 0.2333 1.9235 0.7709 -5.6063 -15.6464 0.0000 0.0000 0.0000 16.7190 23.3672 -2.3086 -4.8152 -13.1726 40.0180 0.0573 -6.8858 -8.2801 -0.3992 4.0566 -11.2359 -1.3893 0.0536 7.5816 -1.0148 -0.0892 0.4401 -0.2591 -0.0292 -3.7964 -5.7364 0.4276 -8.7750 4.2899 0.8100 12.4302 2.3344 0.4159 5.1335 0.0000 0.0000 0.0000 -24.6306 -7.7010 -23.2156 33.6995 -43.8608 -13.9044 -0.0000 0.0000 -35.7403 32.3694 24.9187 14.9530 -7.1250 0.0000 -0.0000 3.2702 58.7631 1.1010 0.0000 0.0000 0.0000 14.5505 5.9148 -31.0577 -25.5429 36.7538 -8.6127 0.0000 -0.0000 -5.6339 -37.3668 -1.8037 1.3769 7.1250 -0.0000 -0.0000 -8.6793 -32.1686 -2.7534
-0.3556 20.3893 2.8919 2.9411 -5.7009 -4.5865 0.0000 0.0000 0.0000 -16.6895 -5.8355 -6.8193 4.0463 12.2217 36.5209 0.0090 -0.2729 1.9119 0.7788 -5.6343 -15.7269 0.0000 0.0000 0.0000 16.9449 23.5810 -2.5412 -4.8597 -13.2240 40.2130 -0.0031 -5.6030 -8.0854 -0.4777 4.4323 -12.2960 -1.4093 0.0759 7.8217 -1.0621 -0.0681 0.4684 -0.2994 -0.0185 -3.9018 -5.6900 0.4691 -9.2942 4.3007 0.8876 12.3865 2.3389 0.4619 5.2040 -0.0000 -0.0000 0.0000 -26.5890 -6.6655 -22.7992 32.6961 -43.0951 -13.2140 -0.0000 0.0000 -36.2240 31.7916 25.1304 14.7472 -7.1250 0.0000 -0.0000 2.5386 58.8551 0.8601 -0.0000 -0.0000 0.0000 16.8335 5.5223 -30.3556 -25.0730 36.2785 -8.3330 0.0000 -0.0000 -6.0334 -37.6787 -2.4497 1.8907 7.1250 -0.0000 -0.0000 -8.9960 -32.9790 -2.6780
-0.3615 20.3785 2.8871 2.8431 -5.9286 -4.5575 0.0000 0.0000 0.0000 -16.9724 -5.1633 -7.3569 4.1487 12.3557 37.0021 0.0074 -0.6332 1.9910 0.8759 -5.9668 -16.6881 0.0000 0.0000 0.0000 17.3505 23.8718 -2.7420 -4.9131 -13.2853 40.4460 -0.0481 -4.4007 -7.8434 -0.5201 4.6221 -12.8337 -1.2901 0.1109 8.1218 -1.0620 -0.0181 0.4314 -0.3726 0.0051 -4.1086 -5.6466 0.5304 -9.6248 4.2989 0.9844 12.2846 2.3395 0.5149 5.2237 0.0000 0.0000 0.0000 -28.5882 -5.6018 -22.2953 31.7822 -42.3729 -12.5938 -0.0000 0.0000 -36.8503 31.7176 25.1967 14.7413 -7.1250 0.0000 -0.0000 2.4346 58.9102 0.8280 0.0000 0.0000 0.0000 19.1450 5.0750 -29.4460 -24.6935 35.8891 -8.1096 0.0000 -0.0000 -6.5941 -38.1461 -3.1206 2.4482 7.1250 -0.0000 -0.0000 -9.4457 -33.8311 -2.6177
-0.3661 20.3551 2.8840 2.8167 -6.0807 -4.4447 0.0000 0.0000 0.0000 -17.3420 -4.6218 -7.9721 4.2575 12.4954 37.5078 0.0072 -0.9149 2.2053 0.9667 -6.2601 -17.5409 0.0000 0.0000 0.0000 17.6162 24.1249 -3.0912 -4.9783 -13.3593 40.7288 -0.0743 -3.3573 -7.4785 -0.5626 4.8043 -13.3512 -1.2748 0.1165 8.2292 -1.0544 -0.0109 0.4499 -0.3745 0.0085 -4.1497 -5.6430 0.5843 -9.9448 4.3288 1.0747 12.0341 2.3544 0.5662 5.1952 0.0000 0.0000 0.0000 -30.6587 -4.6088 -22.0304 30.9670 -41.7079 -12.0478 -0.0000 0.0000 -37.6760 31.7679 25.1791 14.7597 -7.1250 0.0000 -0.0000 2.4982 58.9031 0.8493 0.0000 0.0000 0.0000 21.4246 4.7771 -28.7680 -24.3407 35.5225 -7.9037 0.0000 -0.0000 -7.1257 -38.0408 -3.2846 2.5668 7.1250 -0.0000 -0.0000 -9.3764 -34.0327 -2.5516
-0.3690 20.3196 2.8777 3.0683 -6.1016 -4.2922 0.0000 0.0000 0.0000 -18.0358 -4.2393 -8.6204 4.3739 12.6420 38.0426 0.0077 -1.1666 2.4956 1.0105 -6.3961 -17.9382 0.0000 0.0000 0.0000 17.4850 24.2144 -3.5801 -5.0504 -13.4403 41.0400 -0.0867 -2.4512 -7.0272 -0.5994 4.9562 -13.7837 -1.5384 0.0788 8.3008 -1.1243 -0.0907 0.4413 -0.2896 -0.0265 -4.1984 -5.6877 0.6635 -10.2285 4.4604 1.1917 11.7554 2.4104 0.6352 5.1491 -0.0000 0.0000 0.0000 -32.7095 -3.4229 -21.5118 30.3284 -41.1732 -11.6252 -0.0000 0.0000 -38.7192 32.3243 25.2176 15.0880 -7.1250 0.0000 -0.0000 3.1452 59.0832 1.0830 -0.0000 0.0000 0.0000 23.7206 4.6211 -28.2950 -23.9737 35.1364 -7.6914 0.0000 -0.0000 -7.5071 -37.9106 -3.1214 2.4282 7.1250 -0.0000 -0.0000 -9.2530 -33.8241 -2.5646
-0.3733 20.2740 2.8721 3.2016 -6.1157 -4.1653 0.0000 0.0000 0.0000 -18.5882 -3.9005 -9.2181 4.4973 12.7943 38.6032 0.0083 -1.3844 2.7709 1.0097 -6.3936 -17.9308 0.0000 0.0000 0.0000 17.5150 24.2631 -4.0001 -5.1250 -13.5232 41.3599 -0.0930 -1.6132 -6.5924 -0.6308 5.0819 -14.1423 -1.6565 0.0449 8.3791 -1.1774 -0.1519 0.4103 -0.2713 -0.0546 -4.2741 -5.7372 0.7622 -10.2762 4.6011 1.3248 11.3528 2.4673 0.7111 5.0237 -0.0000 -0.0000 0.0000 -34.6796 -2.1881 -20.6877 29.7106 -40.6440 -11.2206 -0.0000 0.0000 -39.6737 32.6739 25.3515 15.3552 -7.1250 0.0000 -0.0000 3.5284 59.3189 1.2350 -0.0000 -0.0000 0.0000 26.0422 4.3306 -27.6579 -23.6596 34.8022 -7.5114 0.0000 -0.0000 -7.9115 -37.9765 -3.0206 2.3555 7.1250 -0.0000 -0.0000 -9.2966 -33.7003 -2.6052
-0.3819 20.2175 2.8743 2.8375 -6.2249 -4.0524 0.0000 0.0000 0.0000 -18.5365 -3.4205 -9.7928 4.6296 12.9541 39.1969 0.0090 -1.6432 3.0976 0.9774 -6.2934 -17.6381 0.0000 0.0000 0.0000 18.2135 24.4595 -4.2393 -5.2005 -13.6061 41.6819 -0.0895 -0.9429 -6.0787 -0.5686 4.8292 -13.4220 -1.3240 0.0250 8.3873 -1.0978 -0.1429 0.4381 -0.3766 -0.0560 -4.2502 -5.6504 0.8582 -10.3831 4.6117 1.4518 11.0205 2.4620 0.7811 4.9325 -0.0000 -0.0000 0.0000 -36.6706 -1.2936 -20.3062 28.9975 -40.0185 -10.7591 -0.0000 0.0000 -40.0658 32.5814 25.3799 15.3185 -7.1250 0.0000 -0.0000 3.4112 59.3272 1.1947 -0.0000 -0.0000 0.0000 28.4152 3.9789 -26.9309 -23.4286 34.5541 -7.3799 0.0000 -0.0000 -8.4863 -38.1467 -3.2151 2.5222 7.1250 -0.0000 -0.0000 -9.4561 -33.9494 -2.5931
-0.3886 20.1478 2.8779 2.5800 -6.2566 -3.9819 0.0000 0.0000 0.0000 -18.6283 -2.9794 -10.3180 4.7707 13.1209 39.8226 0.0102 -1.8573 3.4244 1.0009 -6.3665 -17.8517 0.0000 0.0000 0.0000 18.7923 24.5784 -4.4700 -5.2842 -13.6969 42.0365 -0.0765 -0.4498 -5.4079 -0.4728 4.4099 -12.2327 -1.1135 -0.0052 8.4403 -1.0255 -0.1600 0.4910 -0.4178 -0.0680 -4.2252 -5.5142 0.9096 -10.6375 4.5233 1.5299 10.7349 2.4165 0.8235 4.8847 0.0000 -0.0000 0.0000 -38.7677 -0.5163 -20.1798 28.3849 -39.4682 -10.3674 -0.0000 0.0000 -40.2222 32.4782 25.4369 15.2911 -7.1250 0.0000 -0.0000 3.2741 59.3646 1.1495 0.0000 -0.0000 0.0000 30.7831 3.7554 -26.4985 -23.1730 34.2775 -7.2355 0.0000 -0.0000 -8.9237 -38.0202 -3.0626 2.3920 7.1250 -0.0000 -0.0000 -9.3367 -33.7543 -2.6043
-0.3928 20.0666 2.8763 2.6453 -6.2351 -3.8659 0.0000 0.0000 0.0000 -19.0945 -2.7205 -10.8522 4.9126 13.2847 40.4437 0.0116 -2.0238 3.6960 1.0143 -6.4075 -17.9716 0.0000 0.0000 0.0000 18.9183 24.6090 -4.8667 -5.3863 -13.8060 42.4660 -0.0669 -0.0175 -4.8907 -0.4220 4.1695 -11.5541 -1.1709 -0.0109 8.5173 -1.0532 -0.1761 0.4837 -0.4124 -0.0750 -4.2758 -5.4946 0.8773 -10.8136 4.5206 1.4986 10.4224 2.4082 0.8125 4.8195 0.0000 0.0000 0.0000 -40.9115 0.3079 -19.8962 27.9402 -39.0611 -10.0860 -0.0000 0.0000 -40.4462 32.1603 25.4313 15.1101 -7.1250 0.0000 -0.0000 2.8973 59.2788 1.0111 0.0000 0.0000 0.0000 33.1461 3.4867 -26.1358 -22.9059 33.9857 -7.0856 0.0000 -0.0000 -9.3958 -37.6424 -2.7999 2.1576 7.1250 -0.0000 -0.0000 -9.0017 -33.4147 -2.5838
-0.3973 19.9719 2.8748 2.6632 -6.2486 -3.6671 0.0000 0.0000 0.0000 -19.4876 -2.5004 -11.4365 5.0443 13.4335 41.0138 0.0143 -2.1887 4.0377 1.0172 -6.4166 -17.9979 0.0000 0.0000 0.0000 19.0605 24.7033 -5.3383 -5.5112 -13.9373 42.9868 -0.0672 0.3458 -4.7828 -0.4083 4.1022 -11.3644 -1.1432 -0.0087 8.4401 -1.1155 -0.1717 0.4829 -0.4931 -0.0741 -4.2337 -5.4629 0.8321 -10.8767 4.5805 1.4366 10.0177 2.4131 0.7903 4.7082 -0.0000 0.0000 0.0000 -42.9581 0.8329 -19.8444 27.3600 -38.5203 -9.7225 -0.0000 0.0000 -40.4276 31.7711 25.4883 14.9232 -7.1250 0.0000 -0.0000 2.4212 59.2449 0.8429 -0.0000 0.0000 0.0000 35.5820 3.1429 -25.5731 -22.7226 33.7841 -6.9834 0.0000 -0.0000 -10.1172 -37.4613 -2.7906 2.1365 7.1250 -0.0000 -0.0000 -8.8533 -33.3979 -2.5439
-0.4042 19.8632 2.8744 2.6832 -6.2019 -3.5412 0.0000 0.0000 0.0000 -19.8747 -2.2901 -11.9218 5.1673 13.5698 41.5406 0.0185 -2.3452 4.4313 1.0354 -6.4719 -18.1599 0.0000 0.0000 0.0000 19.2449 24.7538 -5.7005 -5.6503 -14.0807 43.5615 -0.0693 0.4919 -4.8196 -0.4252 4.1850 -11.5977 -1.1920 -0.0333 8.3736 -1.1438 -0.2079 0.5476 -0.4906 -0.0918 -4.1291 -5.5218 0.8279 -11.0657 4.7832 1.4335 9.6562 2.4833 0.8035 4.6262 -0.0000 -0.0000 0.0000 -45.0295 1.1579 -19.9239 26.7237 -37.9144 -9.3288 -0.0000 0.0000 -40.3440 32.0376 25.7392 15.2036 -7.1250 0.0000 -0.0000 2.6709 59.5880 0.9518 -0.0000 -0.0000 0.0000 37.9789 2.9463 -25.1252 -22.5252 33.5655 -6.8740 0.0000 -0.0000 -10.6869 -37.0626 -2.6119 1.9713 7.1250 -0.0000 -0.0000 -8.5119 -33.1653 -2.4923
-0.4113 19.7435 2.8756 2.8304 -6.0607 -3.5146 0.0000 0.0000 0.0000 -20.3983 -2.1735 -12.2583 5.2868 13.6997 42.0475 0.0236 -2.5396 4.8858 1.0137 -6.4059 -17.9668 0.0000 0.0000 0.0000 19.3218 24.7369 -5.9385 -5.7894 -14.2211 44.1306 -0.0668 0.4180 -4.7490 -0.4016 4.0686 -11.2697 -1.4295 -0.0701 8.3663 -1.1581 -0.2778 0.6577 -0.3634 -0.1230 -4.0095 -5.6713 0.8262 -11.3211 5.0216 1.4476 9.3492 2.5820 0.8243 4.5701 -0.0000 0.0000 0.0000 -47.2410 1.4905 -19.8657 26.2499 -37.4544 -9.0392 -0.0000 0.0000 -40.4218 32.4847 25.9136 15.5490 -7.1250 0.0000 -0.0000 3.1611 59.8936 1.1497 -0.0000 0.0000 0.0000 40.2800 2.8409 -24.8679 -22.2786 33.2905 -6.7381 0.0000 -0.0000 -11.0335 -36.4749 -2.0016 1.4791 7.1250 -0.0000 -0.0000 -7.9809 -32.3989 -2.4832
-0.4186 19.6168 2.8764 2.8327 -6.0117 -3.4683 0.0000 0.0000 0.0000 -20.7446 -2.0844 -12.5879 5.4094 13.8305 42.5627 0.0293 -2.6841 5.2877 0.9637 -6.2504 -17.5128 0.0000 0.0000 0.0000 19.5669 24.7882 -6.1667 -5.9203 -14.3506 44.6609 -0.0631 0.2247 -4.6662 -0.3415 3.7551 -10.3887 -1.5463 -0.0832 8.4185 -1.1240 -0.3055 0.6887 -0.2591 -0.1346 -4.0057 -5.6451 0.8300 -11.4047 5.0407 1.4580 9.0341 2.5813 0.8341 4.4865 0.0000 -0.0000 0.0000 -49.5085 1.9556 -19.7179 25.8759 -37.0860 -8.8127 -0.0000 0.0000 -40.6179 32.6313 25.8740 15.6115 -7.1250 0.0000 -0.0000 3.3481 59.8871 1.2173 0.0000 -0.0000 0.0000 42.5969 2.6141 -24.3255 -22.0951 33.0843 -6.6377 0.0000 -0.0000 -11.4889 -36.3899 -1.8411 1.3564 7.1250 -0.0000 -0.0000 -7.8984 -32.2000 -2.4953
-0.4282 19.4780 2.8794 2.6853 -6.0014 -3.4062 0.0000 0.0000 0.0000 -20.9187 -1.9961 -12.9243 5.5389 13.9661 43.1018 0.0371 -2.8305 5.7488 0.9753 -6.2869 -17.6191 0.0000 0.0000 0.0000 19.9996 24.8302 -6.3526 -6.0418 -14.4687 45.1492 -0.0603 -0.0764 -4.6659 -0.3257 3.6684 -10.1455 -1.5046 -0.0555 8.4728 -1.0510 -0.2631 0.6698 -0.2118 -0.1134 -4.0557 -5.7035 0.7920 -11.3838 5.1498 1.4104 8.7328 2.6177 0.8166 4.3919 -0.0000 -0.0000 0.0000 -51.7538 2.3928 -19.4245 25.5309 -36.7417 -8.6055 -0.0000 0.0000 -41.0116 32.4273 25.7795 15.4451 -7.1250 0.0000 -0.0000 3.1269 59.7308 1.1251 -0.0000 -0.0000 0.0000 44.9415 2.1363 -23.5397 -22.0340 33.0154 -6.6043 0.0000 -0.0000 -12.2741 -36.3029 -2.0806 1.5278 7.1250 -0.0000 -0.0000 -7.8492 -32.4930 -2.4236
-0.4384 19.3241 2.8817 2.4619 -5.9407 -3.3676 0.0000 0.0000 0.0000 -20.9966 -1.9229 -13.2673 5.6900 14.1211 43.7247 0.0494 -2.9627 6.3225 0.9994 -6.3617 -17.8376 0.0000 0.0000 0.0000 20.5315 24.8703 -6.4636 -6.1626 -14.5841 45.6309 -0.0539 -0.5512 -4.6224 -0.3117 3.5890 -9.9231 -1.4098 -0.0500 8.5188 -0.9388 -0.2426 0.6915 -0.1512 -0.1040 -4.0589 -5.8469 0.7527 -11.3896 5.3016 1.3725 8.4091 2.6820 0.8038 4.2935 -0.0000 -0.0000 0.0000 -54.0163 2.7139 -19.1306 25.1667 -36.3739 -8.3886 -0.0000 0.0000 -41.4598 32.3690 25.6765 15.3573 -7.1250 0.0000 -0.0000 3.0835 59.6021 1.1000 -0.0000 -0.0000 0.0000 47.2798 1.6497 -22.7731 -22.0574 33.0419 -6.6171 0.0000 -0.0000 -13.1539 -35.8647 -2.0694 1.4954 7.1250 -0.0000 -0.0000 -7.4949 -32.4711 -2.3165
-0.4510 19.1588 2.8817 2.1363 -5.9594 -3.3327 0.0000 0.0000 0.0000 -20.8990 -1.8466 -13.6660 5.8876 14.3185 44.5290 0.0641 -2.9660 6.8000 0.7202 -5.4230 -15.1192 0.0000 0.0000 0.0000 21.1638 24.9943 -6.5607 -6.2967 -14.7098 46.1611 -0.0545 -0.8742 -4.8213 -0.3273 3.6773 -10.1705 -1.1917 -0.0174 8.5535 -0.8625 -0.1749 0.7572 -0.2027 -0.0740 -4.0109 -5.7890 0.7141 -11.4824 5.3762 1.3141 8.1815 2.6902 0.7834 4.2424 0.0000 -0.0000 0.0000 -56.1850 2.9753 -18.7530 24.8886 -36.0899 -8.2242 -0.0000 0.0000 -41.8749 32.5332 25.6316 15.4262 -7.1250 0.0000 -0.0000 3.2915 59.5940 1.1737 0.0000 -0.0000 0.0000 49.7768 1.2440 -22.2463 -22.0654 33.0509 -6.6215 0.0000 -0.0000 -13.6149 -34.9251 -1.9123 1.3348 7.1250 -0.0000 -0.0000 -6.7256 -32.2634 -2.1096
-0.4641 18.9688 2.8783 1.8535 -5.9898 -3.2941 0.0000 0.0000 0.0000 -20.8260 -1.7574 -14.0560 6.1623 14.5838 45.6295 -0.0341 -4.5476 5.0136 0.7458 -5.5165 -15.3878 0.0000 0.0000 0.0000 21.7031 25.1435 -6.6998 -6.4688 -14.8678 46.8355 -0.0998 -0.2880 -6.0794 -0.4081 4.1012 -11.3616 -0.9969 0.0150 8.6027 -0.8089 -0.1116 0.7722 -0.2642 -0.0455 -4.0233 -5.6865 0.6737 -11.2004 5.3466 1.2454 7.6891 2.6513 0.7494 4.0503 -0.0000 0.0000 0.0000 -58.3853 3.4207 -18.2360 24.7629 -35.9606 -8.1502 -0.0000 0.0000 -42.2002 32.3045 25.9227 15.4512 -7.1250 0.0000 -0.0000 2.9419 59.8578 1.0674 -0.0000 0.0000 0.0000 52.2913 0.8343 -21.7621 -22.0490 33.0324 -6.6126 0.0000 -0.0000 -13.6666 -33.9748 -2.1057 1.4183 7.1250 -0.0000 -0.0000 -5.9720 -32.4795 -1.8396
-0.4755 18.7576 2.8724 1.7884 -5.9382 -3.2914 0.0000 0.0000 0.0000 -21.0221 -1.4854 -14.4032 6.5215 14.9153 47.0403 -0.1715 -7.3914 1.6261 0.0457 -1.3793 -3.7931 0.0000 0.0000 0.0000 21.9242 25.1137 -6.8672 -6.7056 -15.0789 47.7521 -0.2270 1.6536 -8.5742 -0.6441 5.1341 -14.2916 -0.9768 0.0426 8.6406 -0.7985 -0.0726 0.8100 -0.2694 -0.0265 -4.0053 -5.4784 0.5625 -10.6489 5.0133 1.0924 6.7905 2.4905 0.6580 3.6982 -0.0000 -0.0000 0.0000 -60.6340 3.8335 -17.6839 24.6634 -35.8580 -8.0919 -0.0000 0.0000 -42.6006 32.0778 26.0346 15.3812 -7.1250 0.0000 -0.0000 2.6394 59.9237 0.9617 -0.0000 -0.0000 0.0000 54.7379 0.4698 -21.4360 -22.0460 33.0289 -6.6109 0.0000 -0.0000 -13.6607 -33.4851 -2.4410 1.6138 7.1250 -0.0000 -0.0000 -5.5944 -32.8701 -1.6693
-0.4859 18.5539 2.8657 1.8202 -5.7617 -3.3277 0.0000 0.0000 0.0000 -21.3449 -1.2374 -14.7427 6.9491 15.2889 48.6817 -0.0700 -7.5730 -3.5759 0.4617 -4.3586 -12.0877 0.0000 0.0000 0.0000 21.9959 24.7369 -7.0774 -7.0184 -15.3473 48.9437 -0.4300 3.8510 -11.6686 -0.0888 1.9223 -5.2911 -1.0606 0.0329 8.7285 -0.8135 -0.0942 0.9361 -0.2351 -0.0365 -3.9233 -5.4097 0.4476 -10.7443 4.9036 0.9541 6.3346 2.4340 0.5883 3.5836 -0.0000 0.0000 0.0000 -62.8341 4.0328 -17.1642 24.5168 -35.7060 -8.0062 -0.0000 0.0000 -43.0586 32.0142 26.0116 15.3331 -7.1250 0.0000 -0.0000 2.5693 59.8823 0.9336 -0.0000 0.0000 0.0000 57.2327 0.2301 -21.0665 -22.1756 33.1749 -6.6817 0.0000 -0.0000 -14.3137 -33.7694 -2.7371 1.8289 7.1250 -0.0000 -0.0000 -5.8413 -33.2308 -1.6925
-0.4987 18.3548 2.8585 1.8223 -5.5749 -3.4137 0.0000 0.0000 0.0000 -21.5595 -1.1265 -15.0610 7.3930 15.6541 50.3454 0.0874 -7.1982 -6.8632 0.7570 -5.5567 -15.5036 0.0000 0.0000 0.0000 22.0972 24.1619 -7.3574 -7.3926 -15.6537 50.3439 -0.6443 3.9124 -14.3405 -0.1299 2.3231 -6.3995 -1.2062 0.0252 8.9196 -0.7931 -0.1197 1.0496 -0.1289 -0.0471 -3.9116 -5.4601 0.3682 -11.1768 5.0267 0.8647 6.3636 2.4784 0.5540 3.6668 0.0000 -0.0000 0.0000 -65.0116 4.2476 -16.5456 24.3818 -35.5654 -7.9275 -0.0000 0.0000 -43.6531 31.9723 26.2466 15.4317 -7.1250 0.0000 -0.0000 2.4533 60.1300 0.9059 0.0000 -0.0000 0.0000 59.7668 -0.0703 -20.4911 -22.4501 33.4820 -6.8325 0.0000 -0.0000 -15.4328 -34.2332 -3.0875 2.0989 7.1250 -0.0000 -0.0000 -6.2397 -33.6643 -1.7432
-0.5111 18.1416 2.8487 1.8611 -5.4498 -3.4728 0.0000 0.0000 0.0000 -21.7530 -1.1112 -15.3547 7.7994 15.9697 51.8368 0.1752 -9.5234 -9.3968 0.5591 -4.7893 -13.3085 0.0000 0.0000 0.0000 22.0678 23.7663 -7.7876 -7.7887 -15.9616 51.7979 -0.9150 4.4024 -17.1350 -0.3958 4.0396 -11.1882 -1.3822 0.0666 9.1199 -0.7724 -0.0844 1.0962 -0.0128 -0.0266 -3.9749 -5.3721 0.2526 -11.2355 4.9343 0.7140 6.1107 2.4248 0.4783 3.6082 -0.0000 0.0000 0.0000 -67.1913 4.5261 -15.7532 24.2893 -35.4687 -7.8738 -0.0000 0.0000 -44.3300 32.3087 26.7366 15.8813 -7.1250 0.0000 -0.0000 2.7217 60.7553 1.0456 -0.0000 0.0000 0.0000 62.2797 -0.4440 -20.0478 -22.7233 33.7848 -6.9838 0.0000 -0.0000 -16.4543 -34.2774 -3.3090 2.2529 7.1250 -0.0000 -0.0000 -6.2886 -33.9319 -1.7161
-0.5235 17.9318 2.8369 1.9356 -5.3286 -3.5429 0.0000 0.0000 0.0000 -21.9490 -1.0822 -15.6494 8.1538 16.2312 53.1148 0.3328 -11.0619 -12.0358 0.3455 -3.7766 -10.4491 0.0000 0.0000 0.0000 21.9412 23.5245 -8.2447 -8.1689 -16.2421 53.1689 -1.2124 5.9817 -19.6931 -0.3314 3.7000 -10.2341 -1.6044 0.0900 9.4393 -0.7444 -0.0814 1.1098 0.1407 -0.0206 -4.1386 -5.3151 0.1889 -11.1930 4.8441 0.6347 5.7504 2.3798 0.4363 3.4964 -0.0000 -0.0000 0.0000 -69.3892 4.8648 -14.9146 24.2311 -35.4077 -7.8401 -0.0000 0.0000 -45.1435 32.8500 27.1510 16.4178 -7.1250 0.0000 -0.0000 3.2699 61.3531 1.3028 -0.0000 -0.0000 0.0000 64.7293 -0.5791 -19.9851 -22.8384 33.9116 -7.0479 0.0000 -0.0000 -17.0861 -34.0034 -3.2484 2.1891 7.1250 -0.0000 -0.0000 -6.0603 -33.8499 -1.6652
-0.5341 17.7357 2.8283 2.1065 -5.1424 -3.7525 0.0000 0.0000 0.0000 -22.2397 -1.0019 -15.8384 8.4605 16.4477 54.2049 0.6003 -11.6124 -14.9750 0.2888 -3.4562 -9.5517 0.0000 0.0000 0.0000 21.6820 23.1388 -8.6190 -8.5242 -16.4916 54.4297 -1.5122 7.9652 -22.0063 -0.2049 2.9147 -8.0413 -1.8675 0.0898 9.9447 -0.7676 -0.1220 1.1868 0.2699 -0.0356 -4.3391 -5.4055 0.1661 -11.3895 4.9671 0.6220 5.5546 2.4314 0.4369 3.4688 0.0000 0.0000 0.0000 -71.4562 5.0074 -14.0936 24.0481 -35.2150 -7.7342 -0.0000 0.0000 -46.1045 33.0509 27.4648 16.7041 -7.1250 0.0000 -0.0000 3.4303 61.7520 1.3992 0.0000 0.0000 0.0000 67.1825 -0.4304 -20.1940 -22.8416 33.9152 -7.0497 0.0000 -0.0000 -17.5629 -33.9204 -3.4105 2.2910 7.1250 -0.0000 -0.0000 -6.0007 -34.0412 -1.6208
-0.5451 17.5352 2.8144 2.3138 -4.9162 -4.0499 0.0000 0.0000 0.0000 -22.5356 -0.9415 -16.0064 8.7634 16.6530 55.2683 0.8402 -12.4580 -17.3522 0.1295 -2.3198 -6.3904 0.0000 0.0000 0.0000 21.3363 22.6865 -9.0747 -8.8828 -16.7317 55.6839 -1.8052 9.4188 -24.0997 -0.1136 2.1731 -5.9843 -2.1527 0.0664 10.5909 -0.8128 -0.2032 1.3138 0.3951 -0.0701 -4.5642 -5.5551 0.1362 -11.6518 5.1778 0.6065 5.3112 2.5196 0.4402 3.4370 0.0000 0.0000 0.0000 -73.4180 5.0051 -13.3785 23.7663 -34.9162 -7.5724 -0.0000 0.0000 -47.0534 32.7051 28.0375 16.7951 -7.1250 0.0000 -0.0000 2.8178 62.2873 1.1847 0.0000 0.0000 0.0000 69.6218 -0.2080 -20.1499 -22.8831 33.9607 -7.0729 0.0000 -0.0000 -18.3492 -33.7816 -3.6445 2.4350 7.1250 -0.0000 -0.0000 -5.8982 -34.3161 -1.5533
-0.5575 17.3362 2.7950 2.5268 -4.7039 -4.3876 0.0000 0.0000 0.0000 -22.8158 -0.8668 -16.2513 9.1052 16.8750 56.4533 0.9971 -13.8107 -18.9891 0.0309 -1.1343 -3.1183 0.0000 0.0000 0.0000 21.0021 22.2454 -9.6071 -9.2675 -16.9768 57.0108 -2.0877 10.4718 -25.9732 -0.0552 1.5160 -4.1699 -2.4862 0.0751 11.3188 -0.8245 -0.2524 1.4541 0.5791 -0.0870 -4.8196 -5.6743 0.0632 -11.8854 5.2400 0.5423 4.9968 2.5535 0.4126 3.3822 0.0000 0.0000 0.0000 -75.3770 4.9944 -12.5708 23.4491 -34.5763 -7.3916 -0.0000 0.0000 -47.9549 32.6682 28.7007 17.1151 -7.1250 0.0000 -0.0000 2.5487 63.0014 1.1143 0.0000 0.0000 0.0000 71.9154 0.0323 -19.9981 -22.8655 33.9414 -7.0630 0.0000 -0.0000 -19.4168 -33.3310 -4.0296 2.6460 7.1250 -0.0000 -0.0000 -5.5430 -34.7572 -1.3994
-0.5710 17.1532 2.7705 2.7691 -4.4857 -4.7269 0.0000 0.0000 0.0000 -23.0864 -0.7516 -16.6145 9.5006 17.1193 57.8059 1.1692 -14.7055 -20.5105 0.0160 -0.8175 -2.2468 0.0000 0.0000 0.0000 20.6516 21.7283 -10.2098 -9.6972 -17.2360 58.4713 -2.3473 11.7515 -27.6184 -0.0411 1.3078 -3.5962 -2.9007 0.1131 12.0950 -0.8201 -0.2796 1.5941 0.8232 -0.0905 -5.1008 -5.7071 -0.0123 -12.1607 5.1559 0.4746 4.7191 2.5285 0.3783 3.3458 -0.0000 -0.0000 0.0000 -77.3176 4.8412 -11.7664 23.0604 -34.1548 -7.1722 -0.0000 0.0000 -49.0496 33.5357 29.7471 18.2036 -7.1250 0.0000 -0.0000 3.3152 64.3854 1.5570 -0.0000 -0.0000 0.0000 74.1247 0.3685 -19.9429 -22.7190 33.7801 -6.9814 0.0000 -0.0000 -20.6188 -32.9200 -4.6306 2.9920 7.1250 -0.0000 -0.0000 -5.2234 -35.4515 -1.2296
-0.5816 16.9861 2.7447 2.9698 -4.4285 -5.0377 0.0000 0.0000 0.0000 -23.2597 -0.5053 -17.1201 9.9488 17.3809 59.3170 1.3745 -15.1480 -22.0473 0.0069 -0.5368 -1.4751 0.0000 0.0000 0.0000 20.3273 21.2219 -10.9431 -10.1777 -17.5086 60.0805 -2.5714 12.9816 -28.9956 -0.0358 1.2205 -3.3558 -3.2519 0.1975 12.8020 -0.8202 -0.2416 1.6979 1.0163 -0.0621 -5.3834 -5.7039 -0.0022 -12.1666 5.1187 0.5014 4.3131 2.5155 0.3911 3.2220 -0.0000 -0.0000 0.0000 -79.1231 4.6279 -11.0229 22.5218 -33.5617 -6.8721 -0.0000 0.0000 -50.0102 28.5968 30.5366 15.4817 -7.1250 0.0000 -0.0000 -3.4380 63.8440 -1.5714 -0.0000 -0.0000 0.0000 76.2815 0.5702 -19.4803 -22.5569 33.6007 -6.8915 0.0000 -0.0000 -22.4855 -32.8324 -5.1660 3.3252 7.1250 -0.0000 -0.0000 -5.1665 -36.0803 -1.1366
-0.5890 16.8357 2.7270 3.2564 -4.5560 -5.3758 0.0000 0.0000 0.0000 -23.5150 -0.1389 -17.6821 10.4225 17.6407 60.8914 1.5190 -15.8119 -23.1670 0.0071 0.5459 1.5001 0.0000 0.0000 0.0000 19.9217 20.7364 -11.6978 -10.6918 -17.7810 61.7767 -2.8195 13.5442 -30.4037 -0.0315 1.1453 -3.1486 -3.6516 0.3481 13.3227 -0.8611 -0.1208 1.8550 1.1784 0.0049 -5.5098 -5.6833 0.0171 -12.0854 4.8969 0.5485 3.6071 2.7127 0.3915 3.3397 0.0000 -0.0000 0.0000 -80.8049 4.2620 -10.6408 21.6912 -32.6263 -6.4186 -0.0000 0.0000 -49.8766 26.1535 30.9743 14.1830 -7.1250 0.0000 -0.0000 -6.7129 63.6304 -3.0397 0.0000 -0.0000 0.0000 78.3457 0.7184 -18.5300 -22.3483 33.3684 -6.7764 0.0000 -0.0000 -24.8940 -33.1963 -5.5088 3.5941 7.1250 -0.0000 -0.0000 -5.4841 -36.5070 -1.1497
-0.5978 16.6991 2.7090 3.5617 -4.5690 -5.6006 0.0000 0.0000 0.0000 -23.7750 0.0717 -18.4483 10.9219 17.8966 62.5276 1.5892 -16.4746 -23.7849 0.0413 1.3115 3.6063 0.0000 0.0000 0.0000 19.4917 20.2032 -12.6353 -11.2136 -18.0380 63.4732 -3.0631 13.6318 -31.6988 -0.0249 1.0184 -2.7996 -4.0969 0.4613 13.6606 -0.8859 -0.0495 2.0302 1.3910 0.0463 -5.5138 -5.5536 0.0181 -12.1114 4.7184 0.5529 3.2035 2.6191 0.3908 3.2013 0.0000 0.0000 0.0000 -82.3900 3.6814 -10.2978 20.8600 -31.6646 -5.9763 -0.0000 0.0000 -50.3704 28.7872 31.6690 16.0915 -7.1250 0.0000 -0.0000 -3.8425 65.0809 -1.8671 0.0000 0.0000 0.0000 80.1820 1.0980 -17.8023 -21.8377 32.7931 -6.4977 0.0000 -0.0000 -26.5735 -33.4272 -6.1846 4.0674 7.1250 -0.0000 -0.0000 -5.7011 -37.3235 -1.0812
-0.6088 16.5761 2.6852 3.6406 -4.3931 -5.7073 0.0000 0.0000 0.0000 -23.7662 0.0296 -19.3377 11.4378 18.1427 64.1952 1.6612 -16.6310 -24.2718 0.0237 0.9929 2.7292 0.0000 0.0000 0.0000 19.3215 19.5970 -13.7404 -11.7138 -18.2670 65.0786 -3.2365 13.6958 -32.5957 -0.0097 0.6370 -1.7504 -4.3847 0.5068 13.9634 -0.8047 -0.0399 2.1487 1.6375 0.0565 -5.5551 -5.3508 0.0147 -12.0890 4.3989 0.5454 2.8203 2.4628 0.3788 3.0605 -0.0000 0.0000 0.0000 -83.8987 2.9363 -10.4513 19.6644 -30.2359 -5.3613 -0.0000 0.0000 -49.4269 32.9760 32.8981 19.4125 -7.1250 0.0000 -0.0000 1.1278 67.6127 0.6133 -0.0000 0.0000 0.0000 81.7372 1.5020 -17.1301 -21.0846 31.9270 -6.0946 0.0000 -0.0000 -27.5980 -33.2187 -6.7411 4.3956 7.1250 -0.0000 -0.0000 -5.5368 -37.9688 -0.9620
-0.6194 16.4731 2.6683 3.5781 -4.1959 -5.8715 0.0000 0.0000 0.0000 -23.5829 -0.0363 -20.0293 11.9198 18.3565 65.7344 1.7567 -16.2995 -24.7711 0.0140 0.7653 2.1033 0.0000 0.0000 0.0000 19.3641 18.9291 -14.6789 -12.1653 -18.4597 66.5118 -3.3707 13.6069 -33.2694 -0.0070 0.5421 -1.4896 -4.5068 0.5123 14.1871 -0.6958 -0.0517 2.3108 1.8239 0.0504 -5.5050 -5.3057 0.0052 -12.0685 4.2873 0.5377 2.5336 2.4102 0.3727 2.9568 -0.0000 -0.0000 0.0000 -85.3071 2.3088 -10.5662 18.6962 -29.0394 -4.8825 -0.0000 0.0000 -48.8179 31.4073 32.7345 18.2715 -7.1250 0.0000 -0.0000 -0.9877 66.9641 -0.5225 -0.0000 -0.0000 0.0000 83.0684 1.9412 -16.2296 -20.1697 30.8463 -5.6181 0.0000 -0.0000 -28.3586 -32.9418 -6.8336 4.4087 7.1250 -0.0000 -0.0000 -5.3000 -38.0575 -0.9090
-0.6284 16.3865 2.6530 3.4520 -4.1634 -6.0832 0.0000 0.0000 0.0000 -23.3003 0.0468 -20.5332 12.3270 18.5255 67.0216 1.7486 -16.3815 -24.7421 0.0569 1.5395 4.2346 0.0000 0.0000 0.0000 19.5452 18.4310 -15.3955 -12.5581 -18.6167 67.7473 -3.4933 13.1146 -33.8583 -0.0169 0.8399 -2.3083 -4.5060 0.5509 14.3104 -0.6201 0.0039 2.5368 1.8934 0.0712 -5.3364 -5.3425 -0.0145 -12.1395 4.3904 0.5170 2.3972 2.4499 0.3675 2.9255 0.0000 -0.0000 0.0000 -86.5680 1.7469 -10.4132 18.1065 -28.2933 -4.5996 -0.0000 0.0000 -49.3199 31.7483 33.6916 18.9448 -7.1250 0.0000 -0.0000 -1.0991 68.0739 -0.6092 0.0000 -0.0000 0.0000 84.2481 2.5740 -15.2910 -19.0977 29.5399 -5.0789 0.0000 -0.0000 -28.9083 -32.7836 -6.5994 4.2332 7.1250 -0.0000 -0.0000 -5.1593 -37.7696 -0.9212
-0.6346 16.3182 2.6384 3.4606 -4.2079 -6.2733 0.0000 0.0000 0.0000 -23.1775 0.1938 -20.8968 12.6237 18.6420 67.9526 1.6906 -16.8020 -24.4958 0.1069 2.1078 5.8038 0.0000 0.0000 0.0000 19.5743 18.0767 -15.9637 -12.8708 -18.7350 68.7238 -3.5781 12.7550 -34.2667 -0.0228 0.9755 -2.6814 -4.5443 0.6240 14.4069 -0.6440 0.0927 2.7059 1.8736 0.1100 -5.2157 -5.2546 -0.0329 -12.2063 4.4702 0.4781 2.3870 2.4593 0.3531 2.9370 0.0000 -0.0000 0.0000 -87.5802 1.2048 -10.0834 17.7052 -27.7781 -4.4110 -0.0000 0.0000 -50.8630 31.6059 33.1150 18.5815 -7.1250 0.0000 -0.0000 -0.9394 67.4248 -0.5068 0.0000 -0.0000 0.0000 85.3147 3.2051 -14.3890 -18.0245 28.1885 -4.5608 0.0000 -0.0000 -29.2984 -32.6574 -6.2731 4.0061 7.1250 -0.0000 -0.0000 -5.0448 -37.3762 -0.9494
-0.6398 16.2798 2.6359 3.6495 -4.2726 -6.4695 0.0000 0.0000 0.0000 -23.2913 0.3624 -20.9924 12.7779 18.7005 68.4342 1.6765 -16.9687 -24.4546 0.0955 1.9925 5.4849 0.0000 0.0000 0.0000 19.4112 17.7721 -16.2532 -13.0679 -18.8065 69.3361 -3.6295 12.5820 -34.5159 -0.0308 1.1326 -3.1138 -4.7528 0.7152 14.4411 -0.7304 0.1769 2.7913 1.8845 0.1512 -5.1494 -5.1916 -0.0461 -12.1898 4.6268 0.4376 2.5332 2.5011 0.3393 2.9875 -0.0000 -0.0000 0.0000 -88.3377 0.7231 -10.4633 17.2046 -27.1267 -4.1802 -0.0000 0.0000 -50.7099 35.5639 35.6410 22.6176 -7.1250 0.0000 -0.0000 3.5087 71.3460 2.2030 -0.0000 -0.0000 0.0000 86.1911 3.6146 -13.4144 -17.0549 26.9301 -4.1122 0.0000 -0.0000 -29.1597 -32.3867 -6.3160 3.9916 7.1250 -0.0000 -0.0000 -4.8140 -37.4083 -0.9019
-0.6433 16.2727 2.6454 3.8220 -4.4278 -6.7181 0.0000 0.0000 0.0000 -23.4189 0.6633 -20.7802 12.7874 18.7040 68.4637 1.7121 -16.7592 -24.6155 0.0544 1.5049 4.1392 0.0000 0.0000 0.0000 19.3246 17.5803 -16.1103 -13.1217 -18.8257 69.5031 -3.6477 12.5276 -34.6042 -0.0266 1.0527 -2.8939 -4.9454 0.8210 14.4640 -0.7880 0.2834 2.8217 1.9125 0.2051 -5.1372 -5.2982 -0.0476 -12.0139 4.9415 0.4200 2.7155 2.6289 0.3392 3.0216 -0.0000 -0.0000 0.0000 -88.9911 0.3699 -10.5746 17.0343 -26.9030 -4.1029 -0.0000 0.0000 -52.2683 33.8694 35.3464 21.2212 -7.1250 0.0000 -0.0000 0.9658 70.4818 0.5876 -0.0000 -0.0000 0.0000 86.7969 3.9493 -12.7755 -16.0755 25.6230 -3.6786 0.0000 -0.0000 -27.8314 -31.3698 -6.5650 3.9873 7.1250 -0.0000 -0.0000 -3.9450 -37.6300 -0.7170
-0.6423 16.2941 2.6667 4.0788 -4.5984 -6.9260 0.0000 0.0000 0.0000 -23.6986 0.9764 -20.3647 12.6618 18.6566 68.0716 1.7322 -16.5374 -24.6813 0.0476 1.4081 3.8724 0.0000 0.0000 0.0000 19.1168 17.4797 -15.7198 -13.0506 -18.8003 69.2825 -3.6439 12.5644 -34.5867 -0.0245 1.0101 -2.7765 -5.1462 0.9254 14.3287 -0.8819 0.3939 2.8216 1.9066 0.2602 -5.0713 -5.3461 -0.0726 -11.8464 5.1714 0.3649 2.9728 2.7162 0.3178 3.0843 -0.0000 -0.0000 0.0000 -89.4643 0.0663 -10.7825 16.8908 -26.7136 -4.0381 -0.0000 0.0000 -53.4961 39.2815 36.1173 25.7403 -7.1250 0.0000 -0.0000 9.8886 73.0857 6.6012 -0.0000 -0.0000 0.0000 87.2898 4.3602 -12.7687 -15.2077 24.4347 -3.3114 0.0000 -0.0000 -26.1800 -30.7132 -6.8882 4.0753 7.1250 -0.0000 -0.0000 -3.3799 -37.9586 -0.5867
-0.6381 16.3380 2.6955 4.1870 -4.7535 -6.9718 0.0000 0.0000 0.0000 -23.8387 1.2297 -19.9416 12.4476 18.5735 67.4006 1.7035 -16.6613 -24.5379 0.0449 1.3678 3.7614 0.0000 0.0000 0.0000 19.0184 17.4756 -15.2992 -12.8699 -18.7347 68.7210 -3.5843 12.7197 -34.2968 -0.0224 0.9655 -2.6538 -5.1613 1.0000 13.9760 -0.9191 0.5092 2.7617 1.8568 0.3153 -4.9497 -5.4594 -0.1562 -11.8993 5.3972 0.2408 3.5702 2.8209 0.2625 3.3131 -0.0000 -0.0000 0.0000 -89.8034 -0.1271 -11.1392 16.7848 -26.5732 -3.9906 -0.0000 0.0000 -53.9649 38.2886 35.1182 24.4243 -7.1250 0.0000 -0.0000 8.4730 71.6825 5.3924 -0.0000 -0.0000 0.0000 87.6620 4.6676 -12.9685 -14.6397 23.6418 -3.0800 0.0000 -0.0000 -25.6158 -30.4420 -8.0969 4.7318 7.1250 -0.0000 -0.0000 -3.1268 -39.3317 -0.4372
-0.6359 16.4004 2.7224 4.1343 -4.8763 -6.9402 0.0000 0.0000 0.0000 -23.8055 1.4416 -19.5044 12.1768 18.4644 66.5482 1.6535 -16.6433 -24.2277 0.0251 1.0236 2.8138 0.0000 0.0000 0.0000 19.1082 17.5517 -14.8160 -12.6113 -18.6373 67.9137 -3.4836 12.8126 -33.7996 -0.0160 0.8166 -2.2444 -4.9903 1.0582 13.5860 -0.9259 0.6328 2.6721 1.7339 0.3729 -4.8378 -5.5743 -0.2721 -12.1316 5.8538 0.0514 4.7002 2.6958 0.2056 3.3605 -0.0000 -0.0000 0.0000 -89.9023 -0.3349 -11.5657 16.8487 -26.6579 -4.0192 -0.0000 0.0000 -54.6170 37.2360 34.8537 23.4774 -7.1250 0.0000 -0.0000 6.7582 71.0536 4.2039 -0.0000 -0.0000 0.0000 87.9109 5.0631 -14.1250 -14.1358 22.9286 -2.8808 0.0000 -0.0000 -24.6535 -30.8839 -6.3942 3.8108 7.1250 -0.0000 -0.0000 -3.5290 -37.3986 -0.6612
-0.6332 16.4905 2.7475 4.0908 -4.9412 -6.9505 0.0000 0.0000 0.0000 -23.8072 1.5871 -18.9591 11.8638 18.3325 65.5566 1.5961 -16.2123 -23.7595 0.0184 0.8754 2.4061 0.0000 0.0000 0.0000 19.2213 17.5926 -14.1342 -12.2822 -18.5074 66.8804 -3.3505 12.7695 -33.1287 -0.0156 0.8070 -2.2178 -4.8199 1.0939 13.3549 -0.9367 0.7116 2.4739 1.6133 0.4143 -4.9239 -5.7319 -0.3582 -11.9377 6.0752 -0.0886 5.3486 2.7844 0.1417 3.5349 -0.0000 0.0000 0.0000 -89.8196 -0.2909 -11.9135 17.0907 -26.9772 -4.1284 -0.0000 0.0000 -55.5045 37.2279 34.7267 23.4047 -7.1250 0.0000 -0.0000 6.8037 70.9145 4.2113 -0.0000 0.0000 0.0000 88.0489 5.2488 -15.7626 -13.8621 22.5373 -2.7750 0.0000 -0.0000 -23.5118 -30.6199 -5.9996 3.5400 7.1250 -0.0000 -0.0000 -3.3048 -36.9250 -0.6574
-0.6281 16.6034 2.7776 4.1092 -4.9425 -6.8634 0.0000 0.0000 0.0000 -23.9133 1.6044 -18.4288 11.5213 18.1809 64.4631 1.5124 -15.6995 -23.0953 0.0180 0.8663 2.3809 0.0000 0.0000 0.0000 19.2126 17.5842 -13.4722 -11.9028 -18.3492 65.6803 -3.1627 12.7441 -32.1648 -0.0190 0.8893 -2.4442 -4.6809 1.0880 13.0221 -0.9813 0.7312 2.1640 1.4857 0.4294 -5.0673 -5.7627 -0.4173 -11.6021 6.1562 -0.2137 6.1130 2.8101 0.0789 3.7207 -0.0000 0.0000 0.0000 -89.5642 -0.0572 -12.3872 17.4165 -27.4035 -4.2773 -0.0000 0.0000 -56.1838 36.7154 34.3085 22.8002 -7.1250 0.0000 -0.0000 6.1417 70.2985 3.7163 -0.0000 0.0000 0.0000 88.0828 4.9823 -16.8028 -14.0063 22.7438 -2.8306 0.0000 -0.0000 -23.3923 -30.7806 -6.2234 3.6946 7.1250 -0.0000 -0.0000 -3.4412 -37.1940 -0.6619
-0.6219 16.7313 2.8151 3.9773 -4.8418 -6.7763 0.0000 0.0000 0.0000 -23.8502 1.5144 -17.8030 11.1502 18.0078 63.2685 1.3629 -15.2592 -21.9992 0.0158 0.8107 2.2281 0.0000 0.0000 0.0000 19.3703 17.4696 -12.7517 -11.4858 -18.1647 64.3495 -2.9236 12.5585 -30.8961 -0.0204 0.9221 -2.5346 -4.3488 1.0319 12.5439 -0.9958 0.7228 1.9348 1.2885 0.4227 -5.0406 -5.7316 -0.4904 -11.5590 6.1605 -0.3555 7.1171 2.8043 0.0102 4.0283 -0.0000 -0.0000 0.0000 -89.0823 0.1054 -12.8029 17.8095 -27.9126 -4.4597 -0.0000 0.0000 -56.8093 35.5974 33.8375 21.7332 -7.1250 0.0000 -0.0000 4.5698 69.4344 2.6753 -0.0000 -0.0000 0.0000 87.8276 4.7649 -17.8225 -14.1951 23.0129 -2.9039 0.0000 -0.0000 -23.3281 -30.4878 -6.4708 3.7961 7.1250 -0.0000 -0.0000 -3.1897 -37.4607 -0.5926
-0.6137 16.8820 2.8549 3.7776 -4.6782 -6.6976 0.0000 0.0000 0.0000 -23.7029 1.3474 -17.1497 10.7602 17.8157 62.0002 1.1584 -14.9584 -20.5065 0.0034 0.3783 1.0393 0.0000 0.0000 0.0000 19.5495 17.2829 -12.0343 -11.0454 -17.9572 62.9290 -2.6207 12.4474 -29.2319 -0.0140 0.7640 -2.0996 -3.9467 0.9445 12.0160 -0.9756 0.6859 1.7802 1.0941 0.3978 -4.9049 -5.7561 -0.5205 -11.6349 6.2236 -0.4284 8.0289 2.8306 -0.0207 4.3241 0.0000 -0.0000 0.0000 -88.4195 0.1356 -13.1795 18.2598 -28.4885 -4.6725 -0.0000 0.0000 -57.4647 35.5158 33.6133 21.5589 -7.1250 0.0000 -0.0000 4.5516 69.1678 2.6373 0.0000 -0.0000 0.0000 87.3147 4.7671 -19.1192 -14.3388 23.2169 -2.9603 0.0000 -0.0000 -22.8732 -30.0938 -6.5609 3.7884 7.1250 -0.0000 -0.0000 -2.8517 -37.5380 -0.5243
-0.6031 17.0460 2.8926 3.7676 -4.6510 -6.5091 0.0000 0.0000 0.0000 -23.7661 1.2456 -16.6638 10.3702 17.6128 60.7186 0.9740 -14.3587 -18.9783 0.0030 -0.3535 -0.9714 0.0000 0.0000 0.0000 19.4183 17.2486 -11.4782 -10.6117 -17.7398 61.5139 -2.2811 12.4098 -27.2784 -0.0152 0.7959 -2.1873 -3.7811 0.9261 11.3434 -0.9354 0.7135 1.5822 1.0447 0.4092 -4.7397 -5.8949 -0.5407 -11.5531 6.2377 -0.4658 8.7657 2.8610 -0.0435 4.5391 -0.0000 0.0000 0.0000 -87.7293 0.1606 -13.6402 18.7400 -29.0944 -4.9038 -0.0000 0.0000 -57.7483 35.5097 33.2226 21.3529 -7.1250 0.0000 -0.0000 4.7258 68.7453 2.6934 -0.0000 0.0000 0.0000 86.5145 4.6974 -20.0218 -14.5919 23.5745 -3.0608 0.0000 -0.0000 -23.1515 -31.1078 -6.6731 4.0110 7.1250 -0.0000 -0.0000 -3.7202 -37.7373 -0.6662
-0.5917 17.2140 2.9168 3.7548 -4.6967 -6.2213 0.0000 0.0000 0.0000 -23.7824 1.1477 -16.3454 9.9939 17.4064 59.4679 0.7918 -13.4678 -17.2604 0.0174 -0.8521 -2.3419 0.0000 0.0000 0.0000 19.2280 17.3349 -11.0772 -10.1850 -17.5126 60.1049 -1.9318 12.2817 -25.1373 -0.0228 0.9740 -2.6773 -3.6244 0.9393 10.7125 -0.8900 0.7765 1.3303 0.9999 0.4399 -4.6546 -6.0116 -0.6101 -11.3707 6.1813 -0.5649 9.3595 2.8599 -0.1024 4.6977 -0.0000 -0.0000 0.0000 -86.8716 0.0932 -14.2143 19.1710 -29.6306 -5.1151 -0.0000 0.0000 -57.7100 35.0030 32.7134 20.7297 -7.1250 0.0000 -0.0000 4.1892 68.0386 2.3201 -0.0000 -0.0000 0.0000 85.5578 4.5387 -20.3633 -15.0125 24.1635 -3.2311 0.0000 -0.0000 -24.4158 -33.3774 -6.7179 4.4070 7.1250 -0.0000 -0.0000 -5.6731 -37.9529 -0.9881
-0.5880 17.3948 2.9329 3.4480 -4.4276 -6.0369 0.0000 0.0000 0.0000 -23.3667 0.8628 -15.8829 9.6111 17.1853 58.1806 0.5692 -12.7192 -15.0694 0.0380 -1.2588 -3.4611 0.0000 0.0000 0.0000 19.4037 17.1667 -10.6216 -9.7473 -17.2653 58.6405 -1.5773 11.9384 -22.7723 -0.0332 1.1767 -3.2350 -3.2633 0.8223 10.3104 -0.7874 0.6816 1.1418 0.9207 0.3893 -4.6207 -6.1969 -0.6366 -11.2711 6.3482 -0.6162 9.9192 2.9440 -0.1254 4.8576 0.0000 -0.0000 0.0000 -85.7635 -0.0395 -14.7802 19.6339 -30.1987 -5.3460 -0.0000 0.0000 -57.7901 34.8551 32.5230 20.5277 -7.1250 0.0000 -0.0000 4.0545 67.7875 2.2223 0.0000 -0.0000 0.0000 84.4841 4.5487 -21.0521 -15.4051 24.7074 -3.3935 0.0000 -0.0000 -24.8457 -34.4768 -6.6544 4.5496 7.1250 -0.0000 -0.0000 -6.6190 -37.9590 -1.1535
-0.5866 17.5919 2.9614 3.1119 -4.0948 -6.0096 0.0000 0.0000 0.0000 -22.8630 0.6488 -15.1854 9.2007 16.9351 56.7815 0.3439 -12.0480 -12.5806 0.0681 -1.6834 -4.6314 0.0000 0.0000 0.0000 19.6365 16.9316 -9.9494 -9.2947 -16.9936 57.1037 -1.2079 11.6281 -20.0746 -0.0379 1.2567 -3.4553 -2.8857 0.6901 9.9514 -0.6716 0.5658 1.0112 0.8480 0.3267 -4.5496 -6.4427 -0.6468 -11.1876 6.5693 -0.6426 10.4775 3.0576 -0.1351 5.0188 0.0000 0.0000 0.0000 -84.5515 -0.0945 -15.2005 20.1842 -30.8637 -5.6255 -0.0000 0.0000 -57.8750 35.1690 32.3150 20.6398 -7.1250 0.0000 -0.0000 4.6106 67.6593 2.5141 0.0000 0.0000 0.0000 83.2471 4.6670 -22.4081 -15.6976 25.1089 -3.5167 0.0000 -0.0000 -24.1165 -34.5416 -6.3612 4.3613 7.1250 -0.0000 -0.0000 -6.6625 -37.6120 -1.2181
-0.5749 17.8013 2.9979 3.0404 -4.1016 -5.9410 0.0000 0.0000 0.0000 -22.6746 0.7205 -14.5634 8.7641 16.6535 55.2707 0.1531 -11.2731 -9.9985 0.1034 -2.0737 -5.7094 0.0000 0.0000 0.0000 19.4338 16.9645 -9.3613 -8.8345 -16.7000 55.5159 -0.8202 11.4942 -16.9229 -0.0368 1.2390 -3.4066 -2.6744 0.6780 9.4531 -0.6053 0.5911 0.8679 0.7983 0.3359 -4.4203 -6.5264 -0.6910 -11.1605 6.4290 -0.6934 11.0434 3.0292 -0.1737 5.1927 0.0000 -0.0000 0.0000 -83.3216 -0.2048 -15.7040 20.6914 -31.4664 -5.8880 -0.0000 0.0000 -57.7846 35.0179 31.7095 20.2179 -7.1250 0.0000 -0.0000 4.6366 66.9567 2.4540 0.0000 -0.0000 0.0000 81.8054 4.7575 -23.6653 -16.0559 25.5963 -3.6701 0.0000 -0.0000 -23.5445 -34.7808 -6.1353 4.2452 7.1250 -0.0000 -0.0000 -6.8575 -37.3573 -1.2972
-0.5619 18.0138 3.0252 3.0422 -4.0660 -5.7487 0.0000 0.0000 0.0000 -22.5480 0.7396 -14.1333 8.3160 16.3468 53.6931 -0.0090 -10.3975 -7.1450 0.1434 -2.4405 -6.7246 0.0000 0.0000 0.0000 19.0279 17.0823 -9.0084 -8.3724 -16.3865 53.8933 -0.4592 11.3091 -13.4847 -0.0244 1.0080 -2.7709 -2.5324 0.6573 8.9202 -0.5825 0.5944 0.7103 0.7457 0.3353 -4.2854 -6.5044 -0.7269 -11.1865 6.2696 -0.7406 11.5323 2.9768 -0.2073 5.3515 0.0000 0.0000 0.0000 -81.8986 -0.3432 -16.1056 21.2238 -32.0886 -6.1684 -0.0000 0.0000 -57.9347 34.4919 31.0572 19.5171 -7.1250 0.0000 -0.0000 4.1388 66.0899 2.1078 0.0000 0.0000 0.0000 80.2547 4.8385 -24.4491 -16.5174 26.2171 -3.8717 0.0000 -0.0000 -23.4386 -34.9711 -6.3751 4.4410 7.1250 -0.0000 -0.0000 -7.0322 -37.6596 -1.2782
-0.5554 18.2214 3.0487 2.9170 -3.8375 -5.5834 0.0000 0.0000 0.0000 -22.1944 0.6157 -13.7215 7.8724 16.0246 52.1020 -0.1338 -9.4609 -3.9070 0.1467 -2.4681 -6.8012 0.0000 0.0000 0.0000 18.7841 16.9650 -8.5864 -7.9081 -16.0512 52.2308 -0.1818 10.8266 -10.1276 -0.0286 1.0913 -3.0000 -2.3410 0.5576 8.4081 -0.5418 0.4968 0.6033 0.6960 0.2831 -4.1057 -6.4546 -0.6941 -11.1341 6.2227 -0.7123 11.8408 2.9591 -0.1959 5.4364 -0.0000 -0.0000 0.0000 -80.2900 -0.4823 -16.4707 21.8128 -32.7648 -6.4842 -0.0000 0.0000 -58.2112 34.5421 30.6285 19.3258 -7.1250 0.0000 -0.0000 4.3703 65.6383 2.1803 -0.0000 -0.0000 0.0000 78.6014 4.9845 -25.1645 -16.9353 26.7724 -4.0581 0.0000 -0.0000 -23.2607 -34.8149 -6.0994 4.2259 7.1250 -0.0000 -0.0000 -6.8851 -37.3165 -1.3094
-0.5500 18.4223 3.0764 2.7498 -3.7409 -5.5086 0.0000 0.0000 0.0000 -21.7298 0.6692 -13.2958 7.4367 15.6889 50.5074 -0.1838 -8.3273 -0.6403 0.1178 -2.2124 -6.0931 0.0000 0.0000 0.0000 18.6429 16.8434 -8.0041 -7.4454 -15.6958 50.5395 0.0201 10.2434 -6.8496 -0.0482 1.4176 -3.8985 -2.1161 0.4955 7.9372 -0.4904 0.4491 0.4908 0.6314 0.2555 -3.9559 -6.4581 -0.6474 -10.8516 6.2135 -0.6708 12.0494 2.9613 -0.1811 5.4505 -0.0000 0.0000 0.0000 -78.6250 -0.5408 -16.9138 22.4723 -33.5066 -6.8447 -0.0000 0.0000 -58.4227 34.7255 30.3471 19.2990 -7.1250 0.0000 -0.0000 4.7259 65.3850 2.3304 -0.0000 0.0000 0.0000 76.9082 4.9906 -25.7177 -17.4104 27.3957 -4.2745 0.0000 -0.0000 -23.0982 -34.9666 -5.6286 3.9238 7.1250 -0.0000 -0.0000 -6.9908 -36.7589 -1.4256
-0.5437 18.6202 3.1005 2.7348 -3.7419 -5.4048 0.0000 0.0000 0.0000 -21.4126 0.8412 -12.9011 6.9983 15.3304 48.8678 -0.1511 -6.8743 2.4276 0.0646 -1.6400 -4.5119 0.0000 0.0000 0.0000 18.2618 16.9060 -7.5581 -6.9910 -15.3243 48.8403 0.1615 9.5433 -3.3091 -0.0402 1.2940 -3.5582 -2.0539 0.4905 7.5420 -0.4599 0.4575 0.3343 0.6291 0.2595 -3.8969 -6.4082 -0.6617 -10.7398 6.0450 -0.6936 12.3983 2.9012 -0.2043 5.5412 -0.0000 -0.0000 0.0000 -76.9121 -0.5500 -17.1930 23.1936 -34.2999 -7.2471 -0.0000 0.0000 -58.8778 34.6251 30.0990 19.1001 -7.1250 0.0000 -0.0000 4.6720 65.0841 2.2712 -0.0000 -0.0000 0.0000 75.0721 4.9745 -26.1703 -17.9437 28.0850 -4.5227 0.0000 -0.0000 -22.9841 -35.4009 -5.5691 3.9454 7.1250 -0.0000 -0.0000 -7.3565 -36.7143 -1.5093
-0.5373 18.8111 3.1218 2.7429 -3.6820 -5.2628 0.0000 0.0000 0.0000 -21.1279 0.9074 -12.4327 6.5530 14.9436 47.1627 -0.0538 -5.1575 5.1978 0.0191 -0.8930 -2.4544 0.0000 0.0000 0.0000 17.7868 16.9910 -7.2642 -6.5549 -14.9453 47.1701 0.2116 8.5349 0.3382 -0.0234 0.9877 -2.7149 -2.0343 0.4631 7.1092 -0.4211 0.4345 0.2449 0.6632 0.2475 -3.7463 -6.4308 -0.7054 -10.9678 5.9481 -0.7366 12.8384 2.8765 -0.2313 5.7203 0.0000 0.0000 0.0000 -75.1483 -0.6299 -17.4190 24.0239 -35.1895 -7.7203 -0.0000 0.0000 -59.5347 34.7194 29.8481 19.0280 -7.1250 0.0000 -0.0000 4.8849 64.8367 2.3469 0.0000 0.0000 0.0000 73.1426 5.2659 -27.1182 -18.4265 28.6999 -4.7523 0.0000 -0.0000 -22.2817 -35.4993 -5.1926 3.6935 7.1250 -0.0000 -0.0000 -7.4173 -36.2635 -1.6042
-0.5342 18.9927 3.1470 2.7251 -3.6030 -5.1705 0.0000 0.0000 0.0000 -20.7973 0.9747 -11.8600 6.1080 14.5322 45.4136 0.0754 -3.5819 7.7282 0.0109 -0.6734 -1.8505 0.0000 0.0000 0.0000 17.3732 17.1043 -6.9215 -6.1390 -14.5617 45.5370 0.1756 7.4640 3.7113 -0.0151 0.7931 -2.1798 -1.9992 0.4235 6.6361 -0.3972 0.3973 0.2144 0.6747 0.2269 -3.5113 -6.4163 -0.6805 -11.1738 5.9295 -0.7019 13.1901 2.8759 -0.2132 5.8634 -0.0000 0.0000 0.0000 -73.2723 -0.7297 -17.7009 24.8985 -36.1001 -8.2300 -0.0000 0.0000 -60.2165 34.5121 29.5550 18.7349 -7.1250 0.0000 -0.0000 4.6967 64.4552 2.2146 -0.0000 0.0000 0.0000 71.2383 5.5847 -28.0253 -19.0037 29.4233 -5.0327 0.0000 -0.0000 -21.5158 -35.8432 -5.0300 3.6240 7.1250 -0.0000 -0.0000 -7.6970 -36.0855 -1.6992
-0.5309 19.1623 3.1722 2.7703 -3.5516 -5.0511 0.0000 0.0000 0.0000 -20.5131 1.0403 -11.3342 5.6757 14.1065 43.6658 0.2094 -2.4234 9.8876 0.0317 -1.1491 -3.1591 0.0000 0.0000 0.0000 16.8715 17.2546 -6.6427 -5.7528 -14.1845 43.9815 0.0927 6.6613 6.5986 -0.0181 0.8675 -2.3844 -2.0300 0.3864 6.1393 -0.3856 0.3581 0.1579 0.7103 0.2066 -3.2902 -6.1859 -0.6192 -11.2738 5.6326 -0.6155 13.4200 2.7529 -0.1815 5.9462 0.0000 0.0000 0.0000 -71.2785 -0.8179 -18.0292 25.7313 -36.9422 -8.7257 -0.0000 0.0000 -60.8523 33.5700 29.2287 17.9552 -7.1250 0.0000 -0.0000 3.5430 63.8293 1.6182 0.0000 0.0000 0.0000 69.2337 5.7447 -28.5143 -19.6709 30.2438 -5.3646 0.0000 -0.0000 -21.0310 -36.4890 -5.0807 3.7477 7.1250 -0.0000 -0.0000 -8.2451 -36.1848 -1.8021
-0.5275 19.3198 3.1901 2.5707 -3.5712 -4.8660 0.0000 0.0000 0.0000 -19.9258 1.0181 -10.9009 5.2763 13.6884 42.0032 0.3225 -1.5360 11.3994 0.0693 -1.6985 -4.6731 0.0000 0.0000 0.0000 16.6549 17.5137 -6.4557 -5.4020 -13.8227 42.5316 0.0162 6.4864 8.8262 -0.0346 1.2009 -3.3018 -1.8443 0.3377 5.7142 -0.2957 0.3178 0.0350 0.7040 0.1843 -3.1769 -6.0346 -0.5591 -11.2824 5.3911 -0.5285 13.6099 2.6600 -0.1506 6.0016 0.0000 -0.0000 0.0000 -69.2058 -0.9896 -18.5226 26.5046 -37.7027 -9.1945 -0.0000 0.0000 -61.2525 33.0052 29.0496 17.5049 -7.1250 0.0000 -0.0000 2.8631 63.4754 1.2837 0.0000 -0.0000 0.0000 67.1244 5.8950 -28.9299 -20.3055 31.0087 -5.6879 0.0000 -0.0000 -20.6319 -37.1858 -4.4669 3.3815 7.1250 -0.0000 -0.0000 -8.7805 -35.4667 -2.0767
-0.5232 19.4688 3.2080 2.3110 -3.6117 -4.7272 0.0000 0.0000 0.0000 -19.2885 0.9354 -10.3870 4.9261 13.3000 40.5023 0.3761 -0.7005 11.8596 0.0983 -2.0215 -5.5652 0.0000 0.0000 0.0000 16.5625 17.9222 -6.2118 -5.1019 -13.4977 41.2611 0.0152 7.2089 9.9237 -0.0964 2.0023 -5.5121 -1.5649 0.3007 5.3187 -0.2272 0.2963 -0.0437 0.6211 0.1693 -3.0343 -6.0606 -0.4993 -11.3121 5.4432 -0.4543 13.7959 2.6896 -0.1123 6.0607 -0.0000 -0.0000 0.0000 -66.9506 -1.3264 -19.0387 27.2035 -38.3725 -9.6252 -0.0000 0.0000 -61.4904 33.3013 28.7407 17.5299 -7.1250 0.0000 -0.0000 3.3539 63.2204 1.4839 -0.0000 -0.0000 0.0000 64.9578 6.1743 -29.3560 -20.8987 31.7099 -5.9966 0.0000 -0.0000 -20.2818 -38.0691 -3.9142 3.0604 7.1250 -0.0000 -0.0000 -9.4639 -34.8215 -2.3924
-0.5184 19.6078 3.2281 2.2384 -3.5749 -4.5630 0.0000 0.0000 0.0000 -18.8812 0.8206 -9.9127 4.6446 12.9720 39.2639 0.3407 -0.0813 11.0563 0.1419 -2.4281 -6.6903 0.0000 0.0000 0.0000 16.2516 18.4404 -6.0143 -4.8616 -13.2262 40.2212 0.0671 7.8974 9.7156 -0.1837 2.7606 -7.6130 -1.4889 0.2799 4.8927 -0.2276 0.2802 -0.1470 0.5808 0.1598 -2.9008 -6.0086 -0.4579 -11.3012 5.4638 -0.4156 13.9513 2.6927 -0.0898 6.1053 0.0000 0.0000 0.0000 -64.6004 -1.5645 -19.3663 27.9993 -39.1156 -10.1233 -0.0000 0.0000 -61.7161 33.2969 28.2503 17.2694 -7.1250 0.0000 -0.0000 3.5057 62.6817 1.5068 0.0000 0.0000 0.0000 62.7633 6.2841 -29.6602 -21.6026 32.5249 -6.3708 0.0000 -0.0000 -19.9789 -38.7990 -3.8843 3.1175 7.1250 -0.0000 -0.0000 -10.0656 -34.8166 -2.5495
-0.5146 19.7264 3.2455 2.2258 -3.4993 -4.3340 0.0000 0.0000 0.0000 -18.5312 0.6380 -9.5820 4.4351 12.7179 38.3216 0.2511 0.5068 9.2986 0.2203 -3.0214 -8.3384 0.0000 0.0000 0.0000 15.8856 19.1123 -5.8258 -4.6840 -13.0188 39.4390 0.0955 7.5333 8.2609 -0.2361 3.1270 -8.6324 -1.5100 0.2809 4.4507 -0.2155 0.2876 -0.2847 0.6060 0.1640 -2.7947 -5.9814 -0.4622 -11.2353 5.4795 -0.4343 14.0123 2.6921 -0.0973 6.1143 -0.0000 -0.0000 0.0000 -62.2034 -1.7796 -19.5941 28.8194 -39.8597 -10.6448 -0.0000 0.0000 -61.8836 32.7495 27.8876 16.7441 -7.1250 0.0000 -0.0000 2.9219 62.1352 1.2180 -0.0000 -0.0000 0.0000 60.4602 6.3387 -30.2067 -22.3137 33.3298 -6.7574 0.0000 -0.0000 -19.3278 -39.0453 -3.8012 3.0779 7.1250 -0.0000 -0.0000 -10.2601 -34.7225 -2.6239
-0.5116 19.8185 3.2602 2.1217 -3.4965 -4.2146 0.0000 0.0000 0.0000 -18.0526 0.4787 -9.2223 4.2894 12.5359 37.6552 0.1557 1.4874 7.0813 0.2866 -3.4431 -9.5148 0.0000 0.0000 0.0000 15.6929 19.8348 -5.4573 -4.5642 -12.8756 38.9044 0.0854 6.2505 6.0131 -0.2197 3.0177 -8.3279 -1.4186 0.3035 4.1312 -0.1890 0.3283 -0.3719 0.5804 0.1829 -2.7055 -5.9553 -0.4771 -11.0878 5.5365 -0.4731 13.9065 2.7009 -0.1118 6.0577 -0.0000 -0.0000 0.0000 -59.7100 -2.2247 -20.1278 29.4987 -40.4598 -11.0828 -0.0000 0.0000 -61.5134 32.1862 27.5529 16.2323 -7.1250 0.0000 -0.0000 2.3220 61.6181 0.9394 -0.0000 -0.0000 0.0000 58.0847 6.5125 -30.9415 -22.9580 34.0428 -7.1148 0.0000 -0.0000 -18.4968 -38.8300 -3.5561 2.8580 7.1250 -0.0000 -0.0000 -10.0546 -34.4037 -2.6490
-0.5098 19.8936 3.2763 1.9566 -3.5546 -4.2220 0.0000 0.0000 0.0000 -17.4733 0.3869 -8.7615 4.1902 12.4093 37.1957 0.0687 2.4423 4.7036 0.3737 -3.9265 -10.8700 0.0000 0.0000 0.0000 15.6149 20.5042 -4.9981 -4.4898 -12.7851 38.5694 0.0670 4.9022 3.6326 -0.1831 2.7564 -7.6012 -1.3288 0.2957 3.8744 -0.1053 0.3286 -0.3866 0.6173 0.1817 -2.5763 -5.9435 -0.4937 -11.1443 5.4961 -0.4903 13.9667 2.6855 -0.1222 6.0875 0.0000 0.0000 0.0000 -57.2309 -2.7798 -21.0413 30.1295 -41.0042 -11.4945 -0.0000 0.0000 -60.8550 32.3466 27.2100 16.1502 -7.1250 0.0000 -0.0000 2.6278 61.2850 1.0425 0.0000 0.0000 0.0000 55.5672 6.7977 -31.3575 -23.6153 34.7548 -7.4861 0.0000 -0.0000 -18.0154 -38.9194 -3.3684 2.7162 7.1250 -0.0000 -0.0000 -10.1069 -34.1703 -2.7213
-0.5076 19.9623 3.2888 1.9314 -3.5273 -4.2571 0.0000 0.0000 0.0000 -17.0323 0.1847 -8.2725 4.1193 12.3175 36.8646 0.0031 3.2522 2.4331 0.4729 -4.4106 -12.2349 0.0000 0.0000 0.0000 15.3422 21.0994 -4.6330 -4.4428 -12.7275 38.3567 0.0449 3.7553 1.4213 -0.1931 2.8298 -7.8054 -1.4147 0.2599 3.7086 -0.0447 0.2810 -0.4125 0.7311 0.1593 -2.5096 -5.9492 -0.5150 -11.2739 5.4088 -0.5032 14.1583 2.6602 -0.1346 6.1713 0.0000 -0.0000 0.0000 -54.6568 -3.2504 -21.7127 30.7718 -41.5458 -11.9182 -0.0000 0.0000 -60.4105 32.9399 26.7894 16.2791 -7.1250 0.0000 -0.0000 3.4831 60.9784 1.3569 0.0000 -0.0000 0.0000 52.9863 7.0938 -31.6545 -24.2930 35.4725 -7.8759 0.0000 -0.0000 -17.5501 -39.4016 -3.2272 2.6478 7.1250 -0.0000 -0.0000 -10.4860 -34.0091 -2.8679
-0.5077 20.0234 3.2993 1.9425 -3.4426 -4.4092 0.0000 0.0000 0.0000 -16.5888 -0.0126 -7.6754 4.0590 12.2385 36.5811 -0.0400 4.0774 0.6554 0.5458 -4.7332 -13.1492 0.0000 0.0000 0.0000 15.0680 21.6509 -4.1907 -4.4156 -12.6938 38.2329 0.0160 2.6878 -0.5933 -0.2636 3.3028 -9.1228 -1.5478 0.2304 3.7119 -0.0181 0.2362 -0.4076 0.8357 0.1390 -2.5060 -6.1248 -0.5034 -11.3793 5.6293 -0.4900 14.3154 2.7639 -0.1194 6.2386 -0.0000 -0.0000 0.0000 -51.8983 -3.7542 -22.1969 31.2509 -41.9417 -12.2372 -0.0000 0.0000 -59.6265 32.8328 26.4043 16.0110 -7.1250 0.0000 -0.0000 3.4551 60.5252 1.3088 -0.0000 -0.0000 0.0000 50.4093 7.3121 -31.9948 -24.9415 36.1441 -8.2554 0.0000 -0.0000 -16.9009 -39.4303 -2.7549 2.2633 7.1250 -0.0000 -0.0000 -10.4518 -33.4096 -3.0126
-0.5109 20.0749 3.3052 1.7219 -3.3496 -4.5924 0.0000 0.0000 0.0000 -15.8261 -0.2322 -7.0865 4.0064 12.1689 36.3321 -0.0674 4.7638 -0.4129 0.5488 -4.7460 -13.1854 0.0000 0.0000 0.0000 15.0640 22.1906 -3.7213 -4.3987 -12.6729 38.1560 -0.0134 1.6917 -2.2191 -0.3259 3.6692 -10.1479 -1.4882 0.1923 3.8124 0.0665 0.1888 -0.3705 0.8918 0.1150 -2.5231 -6.2198 -0.4509 -11.4115 5.8266 -0.4307 14.3073 2.8484 -0.0796 6.2379 0.0000 0.0000 0.0000 -49.0638 -4.3440 -22.7326 31.6035 -42.2287 -12.4735 -0.0000 0.0000 -58.5417 32.3451 25.9295 15.4779 -7.1250 0.0000 -0.0000 2.9890 59.8757 1.0858 0.0000 0.0000 0.0000 47.8078 7.4741 -32.1853 -25.6536 36.8646 -8.6790 0.0000 -0.0000 -16.4204 -39.3814 -2.5009 2.0514 7.1250 -0.0000 -0.0000 -10.3809 -33.0852 -3.0743
-0.5149 20.1120 3.3069 1.4592 -3.1976 -4.8216 0.0000 0.0000 0.0000 -14.9980 -0.5445 -6.4851 3.9641 12.1125 36.1313 -0.0780 5.0175 -0.9428 0.5195 -4.6194 -12.8262 0.0000 0.0000 0.0000 15.1042 22.6627 -3.2479 -4.3920 -12.6645 38.1251 -0.0345 0.7950 -3.3176 -0.2806 3.4072 -9.4146 -1.3293 0.1459 4.0452 0.1106 0.1320 -0.3702 0.8510 0.0856 -2.6518 -6.2347 -0.4191 -11.1867 5.9864 -0.4173 14.1296 2.8999 -0.0637 6.1419 0.0000 0.0000 0.0000 -46.1312 -4.9067 -23.2653 31.8933 -42.4620 -12.6688 -0.0000 0.0000 -57.2291 32.0492 25.5898 15.1316 -7.1250 0.0000 -0.0000 2.7243 59.4261 0.9603 0.0000 0.0000 0.0000 45.2597 7.5606 -32.2953 -26.4224 37.6228 -9.1443 0.0000 -0.0000 -16.1320 -39.6946 -2.4978 2.0717 7.1250 -0.0000 -0.0000 -10.6341 -33.0890 -3.1505
-0.5174 20.1393 3.3104 1.2815 -3.0476 -5.1194 0.0000 0.0000 0.0000 -14.2684 -0.8798 -5.7893 3.9317 12.0690 35.9766 -0.0744 4.8497 -1.3256 0.5206 -4.6241 -12.8394 0.0000 0.0000 0.0000 15.0569 23.0409 -2.7453 -4.3943 -12.6674 38.1360 -0.0427 -0.1121 -3.9433 -0.1720 2.6714 -7.3653 -1.2601 0.1021 4.3348 0.1580 0.0743 -0.3535 0.8643 0.0571 -2.7959 -6.3112 -0.4315 -10.9730 6.0975 -0.4443 13.9487 2.9424 -0.0748 6.0498 -0.0000 -0.0000 0.0000 -43.1538 -5.4643 -23.9242 32.0510 -42.5878 -12.7753 -0.0000 0.0000 -55.7494 31.3673 25.6248 14.7697 -7.1250 0.0000 -0.0000 1.9068 59.2948 0.6660 -0.0000 -0.0000 0.0000 42.6359 7.7611 -32.6182 -27.0923 38.2670 -9.5562 0.0000 -0.0000 -15.4391 -40.2945 -2.5079 2.1248 7.1250 -0.0000 -0.0000 -11.1212 -33.1171 -3.2918
-0.5194 20.1539 3.3118 1.1171 -2.8710 -5.4292 0.0000 0.0000 0.0000 -13.5362 -1.1901 -5.1269 3.9092 12.0386 35.8685 -0.0628 4.4402 -1.5342 0.5880 -4.9095 -13.6506 0.0000 0.0000 0.0000 14.9711 23.3583 -2.3009 -4.4105 -12.6875 38.2097 -0.0388 -1.1183 -4.3096 -0.1044 2.0836 -5.7369 -1.2443 0.0540 4.6554 0.2288 0.0090 -0.3018 0.9328 0.0254 -2.9212 -6.3617 -0.4796 -10.9877 6.1000 -0.4988 13.8975 2.9465 -0.1034 6.0400 -0.0000 -0.0000 0.0000 -40.1758 -6.0394 -24.5288 32.2263 -42.7269 -12.8941 -0.0000 0.0000 -54.6707 31.0016 25.5684 14.5388 -7.1250 0.0000 -0.0000 1.4924 59.1428 0.5158 -0.0000 -0.0000 0.0000 39.9174 8.0536 -33.1683 -27.6767 38.8169 -9.9204 0.0000 -0.0000 -14.5727 -40.4457 -2.3294 1.9843 7.1250 -0.0000 -0.0000 -11.2190 -32.8910 -3.3842
-0.5208 20.1566 3.3131 1.1110 -2.6167 -5.7156 0.0000 0.0000 0.0000 -13.0156 -1.6968 -4.4811 3.9001 12.0263 35.8252 -0.0529 4.0955 -1.9023 0.6273 -5.0682 -14.1031 0.0000 0.0000 0.0000 14.6467 23.5565 -1.9310 -4.4362 -12.7193 38.3264 -0.0278 -2.0581 -4.5816 -0.0875 1.9077 -5.2506 -1.3383 0.0013 4.9016 0.2087 -0.0701 -0.2245 0.9709 -0.0127 -2.9778 -6.3914 -0.5245 -11.0844 6.1623 -0.5587 13.8903 2.9669 -0.1278 6.0585 -0.0000 0.0000 0.0000 -37.0921 -6.6443 -24.9794 32.4139 -42.8747 -13.0216 -0.0000 0.0000 -53.8738 31.0501 25.5221 14.5420 -7.1250 0.0000 -0.0000 1.5625 59.1039 0.5386 -0.0000 0.0000 0.0000 37.2125 8.3748 -33.8666 -28.2453 39.3411 -10.2788 0.0000 -0.0000 -13.7693 -40.3423 -2.0599 1.7486 7.1250 -0.0000 -0.0000 -11.0988 -32.5419 -3.4420
-0.5210 20.1424 3.3170 1.2636 -2.2925 -6.0156 0.0000 0.0000 0.0000 -12.7139 -2.3095 -3.7746 3.9093 12.0387 35.8692 -0.0422 3.7791 -2.4591 0.6477 -5.1485 -14.3325 0.0000 0.0000 0.0000 14.1302 23.6306 -1.5288 -4.4736 -12.7653 38.4961 -0.0153 -2.8882 -4.9096 -0.0800 1.8249 -5.0221 -1.5419 -0.0582 5.0840 0.1334 -0.1658 -0.0956 1.0151 -0.0589 -2.9445 -6.4923 -0.5471 -11.2312 6.2925 -0.5822 13.8518 3.0238 -0.1321 6.0735 0.0000 0.0000 0.0000 -33.9989 -7.3225 -25.5577 32.5187 -42.9568 -13.0929 -0.0000 0.0000 -52.9511 31.1635 25.4498 14.5674 -7.1250 0.0000 -0.0000 1.7159 59.0525 0.5893 0.0000 0.0000 0.0000 34.4694 8.7154 -34.6352 -28.7769 39.8217 -10.6176 0.0000 -0.0000 -12.9316 -40.3761 -1.7735 1.5075 7.1250 -0.0000 -0.0000 -11.0866 -32.1738 -3.5383
-0.5238 20.1099 3.3192 1.1684 -2.0489 -6.3132 0.0000 0.0000 0.0000 -12.1155 -2.8809 -3.1325 3.9365 12.0755 35.9995 -0.0348 3.6755 -3.0464 0.6972 -5.3373 -14.8731 0.0000 0.0000 0.0000 13.9233 23.7916 -1.1435 -4.5213 -12.8235 38.7114 -0.0006 -3.6573 -5.2506 -0.0648 1.6423 -4.5180 -1.5459 -0.1235 5.3375 0.1499 -0.2561 0.0015 1.0420 -0.1039 -2.9840 -6.5551 -0.5625 -11.3749 6.3515 -0.5929 13.8583 3.0532 -0.1339 6.1013 -0.0000 -0.0000 0.0000 -30.9915 -7.9004 -26.2388 32.6319 -43.0452 -13.1701 -0.0000 0.0000 -52.0330 31.8650 25.1210 14.7826 -7.1250 0.0000 -0.0000 2.6272 58.8628 0.8906 -0.0000 -0.0000 0.0000 31.7398 8.9425 -35.0727 -29.3670 40.3446 -10.9975 0.0000 -0.0000 -12.2917 -40.7017 -1.7013 1.4629 7.1250 -0.0000 -0.0000 -11.3366 -32.0850 -3.6456
-0.5278 20.0618 3.3197 1.0519 -1.8276 -6.5339 0.0000 0.0000 0.0000 -11.4883 -3.5032 -2.6285 3.9817 12.1360 36.2147 -0.0354 3.8365 -3.4175 0.6966 -5.3353 -14.8674 0.0000 0.0000 0.0000 13.7176 24.0418 -0.8617 -4.5801 -12.8947 38.9756 0.0213 -4.4974 -5.5516 -0.0586 1.5621 -4.2970 -1.5349 -0.2048 5.5186 0.1420 -0.3667 0.0537 1.0373 -0.1591 -3.0287 -6.5406 -0.5629 -11.3437 6.4112 -0.6035 13.7534 3.0675 -0.1338 6.0636 0.0000 -0.0000 0.0000 -27.8962 -8.3652 -27.0041 32.7303 -43.1217 -13.2374 -0.0000 0.0000 -51.2645 32.7982 24.5099 14.9671 -7.1250 0.0000 -0.0000 3.8664 58.4136 1.2697 0.0000 -0.0000 0.0000 29.0813 9.1118 -35.2384 -30.0307 40.9197 -11.4297 0.0000 -0.0000 -12.1861 -41.1859 -1.5982 1.3979 7.1250 -0.0000 -0.0000 -11.7078 -31.9572 -3.8062
-0.5301 20.0020 3.3194 1.0273 -1.5371 -6.7107 0.0000 0.0000 0.0000 -10.9858 -4.2648 -2.1717 4.0414 12.2153 36.4979 -0.0412 4.0734 -3.5156 0.5639 -4.8094 -13.3659 0.0000 0.0000 0.0000 13.3426 24.2056 -0.6421 -4.6465 -12.9742 39.2721 0.0521 -5.3992 -5.7753 -0.0597 1.5766 -4.3369 -1.5798 -0.2925 5.6459 0.0805 -0.4903 0.0985 1.0098 -0.2205 -3.0504 -6.5645 -0.5361 -11.1543 6.5853 -0.5914 13.5036 3.1240 -0.1182 5.9517 -0.0000 0.0000 0.0000 -24.7558 -8.8217 -27.8100 32.8102 -43.1836 -13.2920 -0.0000 0.0000 -50.6286 33.3827 23.7082 14.8394 -7.1250 0.0000 -0.0000 4.7078 57.6581 1.4611 -0.0000 0.0000 0.0000 26.4300 9.3401 -35.6313 -30.6459 41.4406 -11.8348 0.0000 -0.0000 -12.1016 -41.7725 -1.4174 1.2657 7.1250 -0.0000 -0.0000 -12.1463 -31.7269 -4.0233
-0.5323 19.9306 3.3175 0.9887 -1.1930 -6.8620 0.0000 0.0000 0.0000 -10.4707 -5.1343 -1.7629 4.1091 12.3042 36.8167 -0.0478 4.2936 -3.5332 0.3882 -4.0008 -11.0788 0.0000 0.0000 0.0000 12.9418 24.3035 -0.5153 -4.7192 -13.0605 39.5952 0.0893 -6.2562 -5.8374 -0.0558 1.5242 -4.1926 -1.6102 -0.3900 5.7579 0.0365 -0.6253 0.1313 0.9934 -0.2875 -3.0757 -6.6489 -0.5272 -10.8869 6.7371 -0.5938 13.2507 3.1817 -0.1160 5.8268 0.0000 0.0000 0.0000 -21.6893 -9.2692 -28.5618 32.8894 -43.2448 -13.3462 -0.0000 0.0000 -49.9366 33.0528 23.7314 14.6751 -7.1250 0.0000 -0.0000 4.3206 57.6048 1.3351 0.0000 0.0000 0.0000 23.7438 9.5515 -36.2598 -31.2210 41.9172 -12.2172 0.0000 -0.0000 -11.5292 -41.6448 -1.5214 1.3525 7.1250 -0.0000 -0.0000 -12.0611 -31.8619 -3.9539
-0.5354 19.8459 3.3161 1.0315 -0.8431 -7.1328 0.0000 0.0000 0.0000 -10.0574 -5.9397 -1.2169 4.1798 12.3959 37.1472 -0.0570 4.5343 -3.3906 0.3127 -3.5949 -9.9396 0.0000 0.0000 0.0000 12.5069 24.3746 -0.2692 -4.7975 -13.1521 39.9404 0.1224 -6.9256 -5.8400 -0.0505 1.4500 -3.9878 -1.7726 -0.4896 5.9203 -0.0011 -0.7721 0.2537 1.0590 -0.3596 -3.0346 -6.6730 -0.5371 -10.7471 6.7301 -0.6018 13.0283 3.1790 -0.1236 5.7339 -0.0000 -0.0000 0.0000 -18.6784 -9.7760 -29.5299 32.8961 -43.2501 -13.3508 -0.0000 0.0000 -48.8350 31.8012 24.6922 14.5218 -7.1250 0.0000 -0.0000 2.6591 58.3733 0.8702 -0.0000 -0.0000 0.0000 20.9579 9.8521 -37.1058 -31.6910 42.2994 -12.5324 0.0000 -0.0000 -10.8001 -41.0966 -1.2488 1.0891 7.1250 -0.0000 -0.0000 -11.5849 -31.5022 -3.8942
-0.5375 19.7483 3.3174 0.9826 -0.6087 -7.3833 0.0000 0.0000 0.0000 -9.5386 -6.6924 -0.6664 4.2547 12.4918 37.4947 -0.0689 4.7896 -2.9664 0.2912 -3.4703 -9.5910 0.0000 0.0000 0.0000 12.2312 24.6036 0.0260 -4.8747 -13.2413 40.2786 0.1552 -7.4856 -5.6557 -0.0408 1.3029 -3.5828 -1.8355 -0.5514 6.0651 -0.0178 -0.8609 0.3780 1.0854 -0.4044 -2.9841 -6.6691 -0.5496 -10.7746 6.7546 -0.6152 12.8683 3.1831 -0.1275 5.6896 0.0000 -0.0000 0.0000 -15.6752 -10.2882 -30.6546 32.8829 -43.2399 -13.3418 -0.0000 0.0000 -47.5318 31.0704 25.1457 14.3609 -7.1250 0.0000 -0.0000 1.6910 58.6959 0.5663 0.0000 -0.0000 0.0000 18.1498 10.1242 -38.0200 -32.0770 42.6085 -12.7930 0.0000 -0.0000 -10.2102 -41.0175 -0.7755 0.6745 7.1250 -0.0000 -0.0000 -11.4523 -30.8870 -4.0206
-0.5385 19.6380 3.3180 0.9922 -0.3880 -7.5773 0.0000 0.0000 0.0000 -9.1055 -7.4975 -0.1789 4.3286 12.5853 37.8352 -0.0748 4.8887 -2.4713 0.3117 -3.5892 -9.9237 0.0000 0.0000 0.0000 11.8546 24.8377 0.2408 -4.9509 -13.3283 40.6102 0.1822 -7.8588 -5.2229 -0.0313 1.1429 -3.1422 -1.8935 -0.5974 6.2197 -0.0759 -0.9303 0.4685 1.0653 -0.4392 -2.9751 -6.8251 -0.5547 -10.8483 6.9956 -0.6218 12.7517 3.2845 -0.1193 5.6669 0.0000 0.0000 0.0000 -12.7095 -10.7244 -31.7652 32.9432 -43.2863 -13.3831 -0.0000 0.0000 -46.3246 30.8920 25.1473 14.2649 -7.1250 0.0000 -0.0000 1.4830 58.6543 0.4952 0.0000 0.0000 0.0000 15.4099 10.2206 -38.6980 -32.6029 43.0226 -13.1503 0.0000 -0.0000 -10.0226 -41.2974 -0.7563 0.6643 7.1250 -0.0000 -0.0000 -11.6693 -30.8614 -4.1069
-0.5395 19.5163 3.3171 1.0289 -0.1207 -7.7873 0.0000 0.0000 0.0000 -8.7484 -8.3754 0.3186 4.4039 12.6794 38.1798 -0.0729 4.7922 -2.0505 0.3449 -3.7736 -10.4407 0.0000 0.0000 0.0000 11.4739 25.0878 0.5001 -5.0217 -13.4082 40.9163 0.2081 -8.1939 -4.5853 -0.0230 0.9787 -2.6903 -1.9780 -0.6630 6.4374 -0.1347 -1.0297 0.5334 1.0634 -0.4878 -3.0264 -6.9522 -0.6082 -10.5837 7.0854 -0.6853 12.3350 3.3223 -0.1539 5.4971 -0.0000 -0.0000 0.0000 -9.8217 -11.0089 -32.7670 33.1064 -43.4117 -13.4951 -0.0000 0.0000 -45.2723 30.7020 25.3028 14.2406 -7.1250 0.0000 -0.0000 1.2183 58.7786 0.4104 -0.0000 -0.0000 0.0000 12.7029 10.3840 -39.4808 -33.1549 43.4488 -13.5285 0.0000 -0.0000 -9.8786 -41.2757 -0.7573 0.6647 7.1250 -0.0000 -0.0000 -11.6525 -30.8628 -4.1004
-0.5402 19.3839 3.3140 0.9206 0.0753 -8.0357 0.0000 0.0000 0.0000 -8.2712 -9.2659 0.8574 4.4769 12.7693 38.5108 -0.0674 4.6029 -1.4890 0.3434 -3.7656 -10.4180 0.0000 0.0000 0.0000 11.3228 25.4357 0.8351 -5.0909 -13.4855 41.2140 0.2322 -8.5232 -3.6829 -0.0104 0.6598 -1.8133 -1.9382 -0.7286 6.7440 -0.1286 -1.1205 0.5756 1.0602 -0.5324 -3.1521 -6.8997 -0.7089 -9.9972 6.8506 -0.8049 11.6089 3.2183 -0.2353 5.1806 0.0000 0.0000 0.0000 -7.0663 -11.3633 -33.8712 33.2426 -43.5157 -13.5888 -0.0000 0.0000 -43.9419 30.7384 25.3600 14.2892 -7.1250 0.0000 -0.0000 1.2444 58.8501 0.4213 0.0000 0.0000 0.0000 9.9365 10.6623 -40.4944 -33.6122 43.7953 -13.8439 0.0000 -0.0000 -9.5908 -40.7019 -0.3497 0.3008 7.1250 -0.0000 -0.0000 -11.1427 -30.3365 -4.0578
-0.5402 19.2398 3.3129 0.7870 0.2163 -8.3334 0.0000 0.0000 0.0000 -7.7965 -10.1284 1.4618 4.5436 12.8506 38.8119 -0.0568 4.2901 -0.7639 0.3504 -3.8032 -10.5237 0.0000 0.0000 0.0000 11.2357 25.7583 1.2042 -5.1602 -13.5619 41.5102 0.2446 -8.7521 -2.5492 -0.0040 0.4085 -1.1224 -1.8674 -0.7750 7.0998 -0.1197 -1.1838 0.6362 1.0411 -0.5636 -3.2878 -6.9268 -0.7599 -9.5871 6.7648 -0.8641 11.1002 3.1842 -0.2773 4.9585 0.0000 0.0000 0.0000 -4.3854 -11.7077 -34.9934 33.5083 -43.7171 -13.7721 -0.0000 0.0000 -42.7000 30.9077 25.9809 14.6955 -7.1250 0.0000 -0.0000 1.2606 59.5708 0.4485 0.0000 0.0000 0.0000 7.1730 10.8689 -41.4944 -34.0393 44.1138 -14.1404 0.0000 -0.0000 -9.3740 -40.5087 0.0680 -0.0581 7.1250 -0.0000 -0.0000 -10.9321 -29.7988 -4.1215
-0.5403 19.0853 3.3143 0.7395 0.3445 -8.6433 0.0000 0.0000 0.0000 -7.4447 -10.9268 2.0928 4.6030 12.9223 39.0784 -0.0404 3.8396 0.1239 0.4395 -4.2541 -11.7927 0.0000 0.0000 0.0000 11.1037 26.1499 1.6068 -5.2353 -13.6439 41.8295 0.2478 -8.9723 -1.3446 -0.0007 0.1654 -0.4543 -1.8858 -0.8248 7.4438 -0.1379 -1.2592 0.6944 1.0457 -0.5999 -3.4177 -7.0254 -0.7762 -9.5131 6.8539 -0.8846 11.0255 3.2263 -0.2869 4.9251 0.0000 0.0000 0.0000 -1.8646 -11.7635 -35.7951 34.1047 -44.1622 -14.1860 -0.0000 0.0000 -41.5829 31.3297 26.9818 15.4391 -7.1250 0.0000 -0.0000 1.4537 60.7702 0.5588 0.0000 0.0000 0.0000 4.4173 11.1831 -42.5947 -34.4031 44.3812 -14.3943 0.0000 -0.0000 -9.0218 -40.5532 -0.0373 0.0320 7.1250 -0.0000 -0.0000 -10.9817 -29.9342 -4.1047
-0.5392 18.9176 3.3157 0.8442 0.4017 -8.9786 0.0000 0.0000 0.0000 -7.3319 -11.7127 2.7850 4.6580 12.9880 39.3236 -0.0219 3.5023 1.1965 0.5117 -4.5849 -12.7284 0.0000 0.0000 0.0000 10.8783 26.7191 2.0873 -5.3182 -13.7334 42.1799 0.2412 -9.2136 -0.0441 -0.0000 -0.0124 0.0342 -2.0816 -0.8318 7.7848 -0.1613 -1.2927 0.7849 1.1405 -0.6134 -3.5098 -7.0626 -0.8040 -9.5438 6.8133 -0.9079 10.9789 3.2175 -0.3019 4.9177 -0.0000 0.0000 0.0000 0.5013 -11.8642 -36.6226 34.7429 -44.6276 -14.6324 -0.0000 0.0000 -40.1470 31.9210 26.7938 15.6856 -7.1250 0.0000 -0.0000 2.2314 60.7176 0.8551 -0.0000 0.0000 0.0000 1.5683 11.6099 -43.9986 -34.6726 44.5770 -14.5831 0.0000 -0.0000 -8.6003 -40.2819 -0.0882 0.0748 7.1250 -0.0000 -0.0000 -10.7778 -30.0033 -4.0079
-0.5362 18.7312 3.3159 0.9535 0.3469 -9.3301 0.0000 0.0000 0.0000 -7.2632 -12.4701 3.4700 4.7256 13.0679 39.6232 -0.0054 3.1300 1.8921 0.6924 -5.3195 -14.8220 0.0000 0.0000 0.0000 10.7278 27.5528 2.6252 -5.4243 -13.8463 42.6252 0.2572 -9.2188 -1.0214 -0.1883 2.7950 -7.7084 -2.2429 -0.7859 8.0707 -0.1736 -1.2507 0.9700 1.2171 -0.5922 -3.4760 -7.1473 -0.8376 -9.6466 6.7947 -0.9261 10.8271 3.2230 -0.3135 4.8901 -0.0000 0.0000 0.0000 2.7997 -12.2161 -37.9697 35.3604 -45.0678 -15.0679 -0.0000 0.0000 -38.7593 32.3757 26.2388 15.6588 -7.1250 0.0000 -0.0000 2.9430 60.2247 1.0935 -0.0000 0.0000 0.0000 -1.3259 11.9092 -45.4349 -34.9638 44.7863 -14.7878 0.0000 -0.0000 -8.3181 -40.2452 0.0131 -0.0111 7.1250 -0.0000 -0.0000 -10.7350 -29.8733 -4.0254
-0.5334 18.5233 3.3123 1.1607 0.3560 -9.6644 0.0000 0.0000 0.0000 -7.3266 -13.2890 4.0693 4.8230 13.1817 40.0524 0.0023 1.9698 1.5658 1.3764 -7.4242 -20.9782 0.0000 0.0000 0.0000 10.5021 28.5066 3.2393 -5.5849 -14.0137 43.2921 0.2421 -8.6877 -3.4020 -0.8226 5.7869 -16.1674 -2.4884 -0.7545 8.3562 -0.2370 -1.2381 1.1645 1.2913 -0.5852 -3.4302 -7.2605 -0.8512 -9.6827 6.8471 -0.9220 10.5764 3.2560 -0.3117 4.8196 0.0000 0.0000 0.0000 5.0757 -12.5020 -39.4468 36.1887 -45.6425 -15.6573 -0.0000 0.0000 -37.9058 33.1628 26.0425 16.0077 -7.1250 0.0000 -0.0000 3.9506 60.2100 1.4671 0.0000 0.0000 0.0000 -4.1456 12.1327 -46.8947 -35.3165 45.0368 -15.0369 0.0000 -0.0000 -8.0911 -40.2135 -0.0579 0.0489 7.1250 -0.0000 -0.0000 -10.7204 -29.9651 -3.9958
-0.5326 18.2879 3.3013 1.2011 0.4019 -9.9523 0.0000 0.0000 0.0000 -7.1752 -14.1875 4.5682 4.9775 13.3584 40.7254 -0.0005 -0.4290 0.3105 2.2108 -9.2920 -26.7131 0.0000 0.0000 0.0000 10.4014 29.2545 3.8108 -5.8255 -14.2571 44.2772 0.0613 -6.7363 -7.8952 -2.5740 9.9713 -28.8837 -2.5827 -0.7558 8.7443 -0.2431 -1.2594 1.2371 1.3468 -0.5933 -3.5685 -7.4368 -0.8021 -9.4585 6.9633 -0.8446 10.2135 3.3227 -0.2764 4.6658 -0.0000 0.0000 0.0000 7.2329 -12.6015 -40.5059 37.2472 -46.3517 -16.4187 -0.0000 0.0000 -37.6260 34.3139 25.5701 16.4140 -7.1250 0.0000 -0.0000 5.4640 59.9807 2.0010 -0.0000 0.0000 0.0000 -6.9138 12.3719 -48.2549 -35.6778 45.2901 -15.2930 0.0000 -0.0000 -7.6653 -40.4760 -0.2169 0.1851 7.1250 -0.0000 -0.0000 -10.9472 -30.1670 -4.0294
-0.5318 18.0457 3.2896 0.9949 0.3405 -10.2636 0.0000 0.0000 0.0000 -6.7585 -14.9695 5.0994 5.2020 13.6078 41.6884 -0.0238 -4.7775 -2.4308 3.1027 -10.8595 -31.8075 0.0000 0.0000 0.0000 10.5624 29.7645 4.1788 -6.1527 -14.5747 45.5914 -0.1389 -4.3389 -9.9736 -2.3242 9.5109 -27.4071 -2.4112 -0.7367 9.1576 -0.1651 -1.2256 1.2974 1.3343 -0.5765 -3.7393 -7.5313 -0.7489 -9.0569 6.9453 -0.7633 9.6706 3.3313 -0.2465 4.4267 -0.0000 -0.0000 0.0000 9.3253 -12.6509 -41.3526 38.4175 -47.1039 -17.2708 -0.0000 0.0000 -37.7743 34.5317 25.2115 16.3360 -7.1250 0.0000 -0.0000 5.7998 59.6343 2.0765 -0.0000 -0.0000 0.0000 -9.6967 12.5626 -49.5831 -36.0482 45.5463 -15.5569 0.0000 -0.0000 -7.1955 -40.8757 -0.0775 0.0671 7.1250 -0.0000 -0.0000 -11.2384 -29.9820 -4.1909
-0.5245 17.8187 3.2853 0.9429 0.2709 -10.5985 0.0000 0.0000 0.0000 -6.6516 -15.6408 5.6450 5.4940 13.9194 42.9157 -0.0101 -6.9683 -4.6357 2.2852 -9.4364 -27.1703 0.0000 0.0000 0.0000 10.5336 30.1814 4.3526 -6.5326 -14.9253 47.0836 -0.3186 -2.5070 -11.8819 -2.0742 9.0190 -25.8547 -2.3597 -0.7262 9.5044 -0.1020 -1.2113 1.4427 1.3739 -0.5704 -3.7816 -7.5336 -0.7789 -8.9037 6.6900 -0.7675 9.1813 3.2464 -0.2642 4.2518 0.0000 -0.0000 0.0000 11.3221 -12.7353 -42.5462 39.6674 -47.8716 -18.1922 -0.0000 0.0000 -37.9530 33.7503 24.9703 15.7523 -7.1250 0.0000 -0.0000 4.9008 59.1647 1.6986 0.0000 -0.0000 0.0000 -12.5315 12.7563 -51.0685 -36.5289 45.8735 -15.9010 0.0000 -0.0000 -6.9794 -40.7908 0.3099 -0.2674 7.1250 -0.0000 -0.0000 -11.1153 -29.4811 -4.2788
-0.5179 17.5939 3.2803 0.9555 0.2160 -10.9394 0.0000 0.0000 0.0000 -6.6594 -16.2709 6.0665 5.8287 14.2603 44.2905 0.0654 -8.2786 -7.0372 2.8153 -10.3899 -30.2489 0.0000 0.0000 0.0000 10.5123 30.7663 4.5519 -6.9180 -15.2625 48.5635 -0.5185 -1.3422 -14.1535 -2.2600 9.3878 -27.0161 -2.3285 -0.7129 9.9364 -0.0939 -1.1993 1.6127 1.3694 -0.5653 -3.8457 -7.5659 -0.8475 -9.0600 6.5422 -0.8193 8.9109 3.2002 -0.2955 4.1992 -0.0000 -0.0000 0.0000 13.2973 -12.9762 -44.1245 41.0867 -48.7007 -19.2517 -0.0000 0.0000 -38.1927 32.9803 24.8811 15.2709 -7.1250 0.0000 -0.0000 4.0007 58.8723 1.3579 -0.0000 -0.0000 0.0000 -15.2464 12.9011 -52.6703 -37.1184 46.2669 -16.3256 0.0000 -0.0000 -6.8447 -40.2385 0.5829 -0.4932 7.1250 -0.0000 -0.0000 -10.6496 -29.1399 -4.1817
-0.5140 17.3560 3.2713 0.9347 0.1784 -11.3119 0.0000 0.0000 0.0000 -6.6186 -16.8418 6.3673 6.1827 14.6031 45.7105 0.1777 -9.7807 -9.5541 3.6983 -11.7477 -34.8453 0.0000 0.0000 0.0000 10.6073 31.4238 4.8977 -7.2753 -15.5594 49.9081 -0.7742 -0.2128 -16.7084 -2.8129 10.3858 -30.2355 -2.2306 -0.6733 10.4576 -0.1076 -1.1481 1.7730 1.3010 -0.5408 -3.9722 -7.6842 -0.8651 -9.1433 6.6294 -0.8200 8.6173 3.2446 -0.2925 4.1245 0.0000 0.0000 0.0000 15.2318 -13.2874 -45.5139 42.6034 -49.5389 -20.3985 -0.0000 0.0000 -38.6978 32.2440 24.6368 14.7330 -7.1250 0.0000 -0.0000 3.1887 58.4195 1.0472 0.0000 0.0000 0.0000 -17.7742 12.9925 -54.3321 -37.8695 46.7557 -16.8705 0.0000 -0.0000 -6.5301 -40.0765 0.7912 -0.6657 7.1250 -0.0000 -0.0000 -10.4955 -28.8760 -4.1863
-0.5099 17.1141 3.2612 1.1206 0.2306 -11.7506 0.0000 0.0000 0.0000 -6.8163 -17.2636 6.5808 6.5415 14.9334 47.1183 0.2714 -12.0144 -11.7787 3.0474 -10.7714 -31.5128 0.0000 0.0000 0.0000 10.4382 31.8471 5.2457 -7.6111 -15.8256 51.1496 -1.0846 1.4451 -19.2575 -2.9446 10.6048 -30.9584 -2.3784 -0.6453 11.0411 -0.1589 -1.1438 1.9117 1.3390 -0.5357 -4.1490 -7.6944 -0.8355 -8.9013 6.5828 -0.7741 8.1326 3.2300 -0.2745 3.9336 0.0000 0.0000 0.0000 17.0835 -13.5294 -46.6765 44.1615 -50.3510 -21.5912 -0.0000 0.0000 -39.2209 31.2160 24.2803 13.9925 -7.1250 0.0000 -0.0000 2.0837 57.7780 0.6519 0.0000 0.0000 0.0000 -20.1803 13.1001 -55.7937 -38.8761 47.3898 -17.6076 0.0000 -0.0000 -6.1181 -40.3993 0.8263 -0.7031 7.1250 -0.0000 -0.0000 -10.7384 -28.8225 -4.3002
-0.5093 16.8841 3.2485 1.1988 0.2685 -12.1783 0.0000 0.0000 0.0000 -6.8351 -17.4786 6.6015 6.9066 15.2527 48.5201 0.4020 -13.8321 -13.9725 2.8407 -10.4326 -30.3891 0.0000 0.0000 0.0000 10.4436 32.1945 5.4794 -7.9531 -16.0846 52.3935 -1.4282 2.9064 -21.8332 -2.8069 10.3757 -30.2022 -2.5101 -0.6184 11.6670 -0.1312 -1.1388 2.0186 1.4513 -0.5288 -4.3803 -7.6291 -0.8084 -8.5387 6.3714 -0.7328 7.5878 3.1513 -0.2662 3.7048 0.0000 0.0000 0.0000 18.8241 -13.8440 -47.9352 45.8592 -51.1825 -22.9063 -0.0000 0.0000 -39.7045 30.3884 24.1223 13.4775 -7.1250 0.0000 -0.0000 1.1804 57.4100 0.3588 0.0000 0.0000 0.0000 -22.4969 13.2542 -57.2295 -40.0940 48.1255 -18.5092 0.0000 -0.0000 -5.5012 -40.4228 0.7310 -0.6226 7.1250 -0.0000 -0.0000 -10.7701 -28.9446 -4.2815
-0.5123 16.6620 3.2328 1.2914 0.2304 -12.5720 0.0000 0.0000 0.0000 -6.8004 -17.4471 6.4813 7.2928 15.5736 49.9732 0.6709 -14.4953 -16.6307 3.1025 -10.8591 -31.8062 0.0000 0.0000 0.0000 10.4748 32.6071 5.6079 -8.3207 -16.3502 53.7099 -1.7785 3.7079 -24.3091 -2.8547 10.4561 -30.4666 -2.6650 -0.5443 12.3338 -0.1238 -1.0784 2.1143 1.5474 -0.4935 -4.6478 -7.6109 -0.7724 -8.2806 6.3367 -0.6844 7.0647 3.1362 -0.2449 3.5005 0.0000 -0.0000 0.0000 20.5090 -14.2490 -49.2733 47.7846 -52.0619 -24.4157 -0.0000 0.0000 -40.0174 30.1423 24.0270 13.3021 -7.1250 0.0000 -0.0000 0.9270 57.2484 0.2782 0.0000 -0.0000 0.0000 -24.6384 13.3790 -58.6393 -41.5022 48.9352 -19.5645 0.0000 -0.0000 -4.9730 -40.1667 1.0574 -0.8924 7.1250 -0.0000 -0.0000 -10.5272 -28.5313 -4.2869
-0.5172 16.4490 3.2208 1.7583 0.2390 -13.0034 0.0000 0.0000 0.0000 -7.2345 -17.2316 6.3702 7.7076 15.8999 51.5024 0.9680 -14.8440 -19.0877 3.2891 -11.1490 -32.7841 0.0000 0.0000 0.0000 10.1102 33.0112 5.7405 -8.7207 -16.6246 55.1192 -2.1184 4.1717 -26.5458 -2.9340 10.5875 -30.9008 -3.1847 -0.4535 12.9987 -0.2464 -1.0549 2.2463 1.7182 -0.4723 -4.8693 -7.6129 -0.7143 -8.0544 6.4258 -0.6107 6.4956 3.1639 -0.2053 3.2866 0.0000 -0.0000 0.0000 22.1047 -14.5677 -50.4887 49.9706 -52.9836 -26.1507 -0.0000 0.0000 -39.9492 30.0060 23.6332 13.0346 -7.1250 0.0000 -0.0000 0.8760 56.7851 0.2531 0.0000 -0.0000 0.0000 -26.6363 13.5962 -60.0774 -43.1434 49.8258 -20.8102 0.0000 -0.0000 -4.4153 -39.8283 1.6669 -1.3897 7.1250 -0.0000 -0.0000 -10.1835 -27.7608 -4.3314
-0.5238 16.2463 3.2092 2.2512 0.1732 -13.4171 0.0000 0.0000 0.0000 -7.6287 -16.7280 6.0792 8.1532 16.2308 53.1125 1.2093 -15.5022 -21.0233 3.3831 -11.2907 -33.2668 0.0000 0.0000 0.0000 9.7275 33.4351 5.7775 -9.1429 -16.8988 56.5832 -2.4538 4.6875 -28.5778 -2.8664 10.4755 -30.5308 -3.6643 -0.3253 13.6181 -0.4065 -0.9851 2.3432 1.8175 -0.4279 -5.1061 -7.5260 -0.6834 -7.7470 6.4113 -0.5848 6.0623 3.1433 -0.1939 3.1036 0.0000 0.0000 0.0000 23.6266 -14.8947 -51.4403 52.4668 -53.9432 -28.1565 -0.0000 0.0000 -39.7476 29.9367 23.1563 12.7599 -7.1250 0.0000 -0.0000 0.9182 56.2460 0.2533 0.0000 0.0000 0.0000 -28.3735 13.7983 -61.3257 -45.1404 50.8371 -22.3476 0.0000 -0.0000 -3.8091 -39.6355 2.0615 -1.7067 7.1250 -0.0000 -0.0000 -9.9826 -27.2640 -4.3623
-0.5346 16.0545 3.1943 2.4446 -0.0531 -13.7613 0.0000 0.0000 0.0000 -7.5514 -16.0029 5.5239 8.6314 16.5646 54.8064 1.5036 -15.6771 -23.0334 3.3693 -11.2701 -33.1965 0.0000 0.0000 0.0000 9.6645 33.7730 5.5811 -9.5765 -17.1647 58.0633 -2.7926 5.1015 -30.5162 -2.8444 10.4389 -30.4099 -3.8902 -0.1897 14.1811 -0.4631 -0.8670 2.3964 1.8718 -0.3620 -5.3634 -7.3987 -0.6413 -7.6092 6.3270 -0.5401 5.9098 3.0976 -0.1738 3.0315 0.0000 0.0000 0.0000 24.9954 -15.1738 -52.2272 55.2073 -54.8913 -30.3855 -0.0000 0.0000 -39.2873 29.8563 22.5600 12.4195 -7.1250 0.0000 -0.0000 0.9721 55.5724 0.2523 0.0000 0.0000 0.0000 -29.9079 14.0693 -62.4347 -47.5069 51.9391 -24.1969 0.0000 -0.0000 -3.2560 -39.6483 2.6445 -2.1897 7.1250 -0.0000 -0.0000 -9.9110 -26.5187 -4.5064
-0.5447 15.8843 3.1827 2.7657 -0.1877 -13.9842 0.0000 0.0000 0.0000 -7.5974 -15.2516 4.7761 9.1287 16.8898 56.5342 1.8647 -14.9372 -25.1316 3.2042 -11.0185 -32.3422 0.0000 0.0000 0.0000 9.2299 33.7618 5.0555 -10.0003 -17.4100 59.4892 -3.1258 5.3734 -32.3357 -2.8167 10.3922 -30.2565 -4.2640 -0.0984 14.5196 -0.5760 -0.8249 2.4767 1.9597 -0.3346 -5.4627 -7.2054 -0.5687 -7.6092 5.9807 -0.4268 5.5379 3.2956 -0.1435 3.2381 -0.0000 -0.0000 0.0000 26.2821 -15.3580 -53.0245 58.0856 -55.7779 -32.7531 -0.0000 0.0000 -38.4730 29.8848 21.9528 12.1249 -7.1250 0.0000 -0.0000 1.1400 54.9092 0.2775 -0.0000 -0.0000 0.0000 -31.2759 14.3792 -63.5009 -50.1164 53.0424 -26.2672 0.0000 -0.0000 -2.6716 -39.5866 3.3816 -2.7924 7.1250 -0.0000 -0.0000 -9.7612 -25.5814 -4.6536
-0.5530 15.7365 3.1698 2.9763 -0.3166 -14.1424 0.0000 0.0000 0.0000 -7.5147 -14.5310 3.9442 9.6304 17.1967 58.2457 2.1976 -14.0241 -26.9707 3.2082 -11.0247 -32.3632 0.0000 0.0000 0.0000 8.8313 33.5821 4.3847 -10.3980 -17.6277 60.8106 -3.4393 4.9376 -34.0738 -2.8311 10.4165 -30.3362 -4.4742 -0.0129 14.7675 -0.6691 -0.7616 2.5486 1.9705 -0.3002 -5.5246 -7.0937 -0.5229 -7.6025 6.0196 -0.3799 5.5158 3.2895 -0.1161 3.2245 -0.0000 -0.0000 0.0000 27.4032 -15.6175 -53.7988 61.1543 -56.6098 -35.3032 -0.0000 0.0000 -37.2214 29.8175 21.4330 11.8280 -7.1250 0.0000 -0.0000 1.1783 54.3207 0.2699 -0.0000 -0.0000 0.0000 -32.5347 14.4990 -64.2026 -52.7585 54.0492 -28.3925 0.0000 -0.0000 -2.2425 -39.9338 4.0303 -3.3672 7.1250 -0.0000 -0.0000 -9.9238 -24.7282 -4.9334
-0.5621 15.6105 3.1551 2.9816 -0.4206 -14.3410 0.0000 0.0000 0.0000 -7.2390 -13.9560 3.2071 10.1099 17.4712 59.8549 2.4226 -13.7480 -28.2326 3.2212 -11.0447 -32.4309 0.0000 0.0000 0.0000 8.7602 33.3132 3.7903 -10.7699 -17.8206 62.0319 -3.7127 3.8426 -35.6719 -2.9609 10.6314 -31.0467 -4.4559 0.0464 15.0851 -0.7243 -0.6992 2.6244 1.8927 -0.2692 -5.6231 -6.9914 -0.5309 -7.6585 6.0606 -0.4033 5.5861 3.2852 -0.1235 3.2607 -0.0000 0.0000 0.0000 28.3956 -15.9484 -54.6015 64.2651 -57.3433 -37.9117 -0.0000 0.0000 -35.5855 29.3904 20.5734 11.1959 -7.1250 0.0000 -0.0000 0.8992 53.2834 0.1832 -0.0000 0.0000 0.0000 -33.6999 14.6372 -64.8045 -55.2897 54.9182 -30.4529 0.0000 -0.0000 -2.0371 -40.5098 4.5495 -3.8769 7.1250 -0.0000 -0.0000 -10.2664 -24.0147 -5.2814
-0.5730 15.5022 3.1430 2.8456 -0.4974 -14.4993 0.0000 0.0000 0.0000 -6.8372 -13.5850 2.4910 10.5507 17.7081 61.3138 2.5751 -13.8592 -29.0994 3.1117 -10.8738 -31.8553 0.0000 0.0000 0.0000 8.8194 32.9352 3.1677 -11.1056 -17.9864 63.1240 -3.9532 3.0925 -37.0179 -3.0278 10.7399 -31.4075 -4.3033 0.0537 15.2889 -0.7411 -0.6739 2.7323 1.7852 -0.2612 -5.6235 -6.9917 -0.5521 -7.6946 6.4575 -0.4643 5.7882 3.0743 -0.1199 3.0031 -0.0000 -0.0000 0.0000 29.2373 -16.1482 -55.1307 67.2637 -57.9537 -40.4451 -0.0000 0.0000 -33.9144 29.4236 19.3323 10.5762 -7.1250 0.0000 -0.0000 1.1649 51.9148 0.1984 -0.0000 -0.0000 0.0000 -34.7673 14.7810 -65.3489 -57.6424 55.6483 -32.3869 0.0000 -0.0000 -1.8215 -41.0927 5.0797 -4.4156 7.1250 -0.0000 -0.0000 -10.6046 -23.2758 -5.6450
-0.5822 15.4069 3.1292 2.5089 -0.6358 -14.5801 0.0000 0.0000 0.0000 -6.1842 -13.3497 1.7834 10.9419 17.9065 62.5928 2.7261 -13.4756 -29.8922 3.1001 -10.8554 -31.7937 0.0000 0.0000 0.0000 9.0203 32.5032 2.4451 -11.3945 -18.1228 64.0560 -4.1429 2.6240 -38.0375 -2.9286 10.5785 -30.8713 -3.9290 0.0233 15.3715 -0.7054 -0.6522 2.8412 1.6075 -0.2597 -5.5583 -7.0573 -0.5480 -7.6427 6.6777 -0.4641 5.5909 3.1515 -0.1128 2.9360 0.0000 0.0000 0.0000 29.9132 -16.1497 -55.2904 70.2069 -58.4667 -42.9469 -0.0000 0.0000 -32.4476 29.9884 18.4483 10.3491 -7.1250 0.0000 -0.0000 1.8878 51.0347 0.2808 0.0000 0.0000 0.0000 -35.6731 14.7436 -65.5594 -59.7334 56.2385 -34.1193 0.0000 -0.0000 -1.8069 -42.0872 5.0284 -4.5262 7.1250 -0.0000 -0.0000 -11.3279 -23.2441 -6.0530
-0.5880 15.3253 3.1147 2.2318 -0.7429 -14.6696 0.0000 0.0000 0.0000 -5.6613 -13.2202 1.2976 11.2636 18.0617 63.6347 2.9155 -12.3667 -30.8432 3.3713 -11.2732 -33.2069 0.0000 0.0000 0.0000 9.1278 32.0339 1.8200 -11.6229 -18.2266 64.7884 -4.2996 2.2170 -38.8722 -2.8981 10.5283 -30.7050 -3.6100 -0.0221 15.5087 -0.6709 -0.6631 2.9045 1.4668 -0.2707 -5.5688 -7.0990 -0.5155 -7.5973 6.8381 -0.4269 5.4967 3.2087 -0.0894 2.8981 0.0000 0.0000 0.0000 30.3540 -16.1879 -55.3363 73.0347 -58.8840 -45.3627 -0.0000 0.0000 -31.2043 30.5981 17.6094 10.1429 -7.1250 0.0000 -0.0000 2.6227 50.2028 0.3365 0.0000 0.0000 0.0000 -36.4802 14.7908 -65.6428 -61.5036 56.6975 -35.5950 0.0000 -0.0000 -1.9538 -43.2055 4.8262 -4.5183 7.1250 -0.0000 -0.0000 -12.1647 -23.3974 -6.4757
-0.5930 15.2621 3.1025 2.1023 -0.7688 -14.8084 0.0000 0.0000 0.0000 -5.3874 -13.2328 1.0553 11.4961 18.1694 64.3825 3.0277 -11.8171 -31.4225 3.6073 -11.6187 -34.3960 0.0000 0.0000 0.0000 9.0332 31.4627 1.3766 -11.7736 -18.2933 65.2694 -4.4117 1.6894 -39.5198 -3.0312 10.7453 -31.4258 -3.5091 -0.0517 15.7418 -0.6299 -0.6931 2.9196 1.4613 -0.2851 -5.6791 -7.1734 -0.4981 -7.5330 6.9458 -0.4084 5.5226 3.2548 -0.0787 2.8944 -0.0000 -0.0000 0.0000 30.4633 -16.3985 -55.2598 75.6603 -59.2086 -47.6145 -0.0000 0.0000 -30.2069 31.3590 16.6877 9.9262 -7.1250 0.0000 -0.0000 3.4919 49.2923 0.3700 -0.0000 -0.0000 0.0000 -37.2062 14.9106 -65.5511 -62.7532 57.0000 -36.6412 0.0000 -0.0000 -2.1552 -44.0538 4.9265 -4.7497 7.1250 -0.0000 -0.0000 -12.7514 -23.1730 -6.8709
-0.6011 15.2215 3.0930 1.8332 -0.8224 -14.9062 0.0000 0.0000 0.0000 -4.9442 -13.3795 0.9266 11.6221 18.2263 64.7859 3.0240 -12.3333 -31.4205 3.5674 -11.5613 -34.1973 0.0000 0.0000 0.0000 9.0973 30.9244 1.0000 -11.8532 -18.3279 65.5228 -4.4659 1.3368 -39.8564 -3.0173 10.7231 -31.3515 -3.3213 -0.0862 15.8839 -0.5032 -0.7056 2.9037 1.4934 -0.2918 -5.7736 -7.2757 -0.5159 -7.1726 6.6359 -0.4089 5.0946 3.5280 -0.1157 3.0102 0.0000 0.0000 0.0000 30.3043 -16.7254 -55.0465 77.9673 -59.4458 -49.5988 -0.0000 0.0000 -29.4941 32.1419 16.1053 9.8872 -7.1250 0.0000 -0.0000 4.3253 48.7608 0.4019 0.0000 0.0000 0.0000 -37.8746 15.0126 -65.2777 -63.3487 57.1382 -37.1411 0.0000 -0.0000 -2.3427 -44.2327 4.6565 -4.5191 7.1250 -0.0000 -0.0000 -12.9306 -23.5183 -6.8668
-0.6089 15.2067 3.0889 1.6646 -0.8713 -14.9507 0.0000 0.0000 0.0000 -4.6915 -13.5596 0.9822 11.6412 18.2348 64.8469 2.9806 -12.9063 -31.2188 3.5302 -11.5075 -34.0113 0.0000 0.0000 0.0000 9.0604 30.5108 0.7268 -11.8620 -18.3317 65.5509 -4.5049 1.6845 -39.9511 -2.8591 10.4635 -30.4910 -3.1902 -0.1160 15.8727 -0.4349 -0.7183 2.8982 1.4940 -0.2998 -5.7735 -7.2560 -0.5273 -6.7882 6.5490 -0.4379 4.8868 3.4829 -0.1372 2.8662 -0.0000 -0.0000 0.0000 29.9997 -17.0394 -54.7355 79.9732 -59.6167 -51.3277 -0.0000 0.0000 -29.0860 32.5149 16.0956 10.0220 -7.1250 0.0000 -0.0000 4.6977 48.8132 0.4427 -0.0000 -0.0000 0.0000 -38.3560 15.1814 -64.9642 -63.3662 57.1422 -37.1557 0.0000 -0.0000 -2.2998 -44.2753 4.4426 -4.3191 7.1250 -0.0000 -0.0000 -13.0023 -23.8032 -6.8190
-0.6167 15.2157 3.0907 1.7189 -0.8153 -15.0857 0.0000 0.0000 0.0000 -4.8432 -13.7943 1.3465 11.5685 18.2022 64.6143 2.8951 -13.6704 -30.8177 3.4095 -11.3301 -33.4016 0.0000 0.0000 0.0000 8.8181 30.0438 0.7133 -11.7979 -18.3039 65.3467 -4.5197 2.1652 -39.9063 -2.8809 10.4997 -30.6105 -3.2956 -0.1505 15.9579 -0.4430 -0.7859 2.8835 1.5601 -0.3300 -5.8309 -7.2474 -0.5189 -6.6240 6.5233 -0.4389 4.9569 3.4712 -0.1411 2.8583 0.0000 0.0000 0.0000 29.5262 -17.2767 -54.1566 81.5756 -59.7301 -52.7108 -0.0000 0.0000 -29.1169 32.5964 16.2160 10.1245 -7.1250 0.0000 -0.0000 4.7703 48.9658 0.4675 0.0000 0.0000 0.0000 -38.6344 15.3971 -64.4585 -62.8653 57.0263 -36.7353 0.0000 -0.0000 -2.2642 -44.8475 4.7632 -4.7217 7.1250 -0.0000 -0.0000 -13.3474 -23.3073 -7.1669
-0.6236 15.2462 3.0976 1.8446 -0.7350 -15.3009 0.0000 0.0000 0.0000 -5.2143 -14.0694 1.9610 11.4164 18.1329 64.1266 2.8201 -14.0335 -30.4498 3.3116 -11.1832 -32.9002 0.0000 0.0000 0.0000 8.5955 29.6230 0.9657 -11.6656 -18.2457 64.9247 -4.4920 2.6528 -39.6699 -2.9041 10.5382 -30.7378 -3.5192 -0.1933 16.1167 -0.4369 -0.8870 2.8673 1.7160 -0.3734 -5.9259 -7.2835 -0.4516 -6.5615 6.5115 -0.3554 5.1627 3.4807 -0.1029 2.9103 0.0000 0.0000 0.0000 28.7376 -17.4679 -53.3560 82.7545 -59.8007 -53.7294 -0.0000 0.0000 -29.2085 32.5693 16.4777 10.2696 -7.1250 0.0000 -0.0000 4.7237 49.2621 0.4975 0.0000 0.0000 0.0000 -38.7485 15.7059 -63.9516 -62.0425 56.8301 -36.0458 0.0000 -0.0000 -2.3257 -44.5110 4.8135 -4.7157 7.1250 -0.0000 -0.0000 -13.0984 -23.2759 -7.0357
-0.6291 15.2979 3.1063 1.8519 -0.7662 -15.3762 0.0000 0.0000 0.0000 -5.4748 -14.2968 2.5416 11.2113 18.0369 63.4657 2.7655 -13.9057 -30.1446 3.2984 -11.1631 -32.8319 0.0000 0.0000 0.0000 8.4846 29.3148 1.1700 -11.4709 -18.1579 64.3015 -4.4072 3.0937 -39.1825 -2.7902 10.3475 -30.1094 -3.5849 -0.2385 16.0449 -0.4204 -0.9540 2.8567 1.7837 -0.4054 -5.8929 -7.2076 -0.3842 -6.4471 6.4424 -0.2781 5.2540 3.4449 -0.0672 2.9114 -0.0000 0.0000 0.0000 27.7623 -17.5382 -52.4127 83.5400 -59.8417 -54.4084 -0.0000 0.0000 -29.2958 32.6693 16.4837 10.3119 -7.1250 0.0000 -0.0000 4.8237 49.2866 0.5110 -0.0000 0.0000 0.0000 -38.5732 15.9950 -63.4079 -61.0662 56.5874 -35.2296 0.0000 -0.0000 -2.4444 -43.0205 4.2829 -3.9866 7.1250 -0.0000 -0.0000 -12.1299 -24.1392 -6.2437
-0.6346 15.3707 3.1142 1.8366 -0.8257 -15.2785 0.0000 0.0000 0.0000 -5.6645 -14.4136 2.9652 10.9623 17.9166 62.6590 2.7170 -13.3303 -29.8301 3.3873 -11.2970 -33.2883 0.0000 0.0000 0.0000 8.3179 29.0158 1.2230 -11.2220 -18.0420 63.5004 -4.2800 3.4696 -38.5095 -2.7472 10.2741 -29.8691 -3.6131 -0.2732 15.7291 -0.4162 -0.9906 2.8591 1.8068 -0.4264 -5.7156 -6.9691 -0.3835 -6.5357 6.2438 -0.2891 5.5174 3.3341 -0.0744 3.0137 0.0000 0.0000 0.0000 26.6830 -17.5284 -51.4832 83.9005 -59.8590 -54.7202 -0.0000 0.0000 -29.5775 32.3438 16.4417 10.1614 -7.1250 0.0000 -0.0000 4.5002 49.1815 0.4649 0.0000 0.0000 0.0000 -38.2001 16.1070 -62.6543 -59.8003 56.2565 -34.1750 0.0000 -0.0000 -2.7547 -42.1739 3.8271 -3.4602 7.1250 -0.0000 -0.0000 -11.5950 -24.8161 -5.7711
-0.6408 15.4702 3.1235 1.7060 -0.9056 -15.0893 0.0000 0.0000 0.0000 -5.6847 -14.4309 3.2596 10.6728 17.7712 61.7145 2.6199 -12.7701 -29.2504 3.4063 -11.3255 -33.3856 0.0000 0.0000 0.0000 8.3185 28.7703 1.2833 -10.9144 -17.8930 62.5034 -4.1250 4.0679 -37.6555 -2.6974 10.1883 -29.5887 -3.5342 -0.3274 15.2799 -0.3532 -1.0262 2.8518 1.8291 -0.4495 -5.4766 -6.9032 -0.3592 -6.8252 6.1947 -0.2567 5.9879 3.3187 -0.0572 3.2274 -0.0000 -0.0000 0.0000 25.3046 -17.4227 -50.4252 84.0162 -59.8643 -54.8202 -0.0000 0.0000 -29.9036 31.9616 16.5507 10.0783 -7.1250 0.0000 -0.0000 4.1080 49.2401 0.4302 -0.0000 -0.0000 0.0000 -37.7000 16.1291 -61.7345 -58.2957 55.8384 -32.9269 0.0000 -0.0000 -3.0370 -42.1392 3.4811 -3.1447 7.1250 -0.0000 -0.0000 -11.6281 -25.2743 -5.6616
-0.6482 15.5881 3.1303 1.5552 -0.9742 -14.8430 0.0000 0.0000 0.0000 -5.6808 -14.4037 3.4823 10.3520 17.6031 60.6585 2.4777 -12.2353 -28.4080 3.3143 -11.1873 -32.9142 0.0000 0.0000 0.0000 8.3847 28.5834 1.3950 -10.5510 -17.7082 61.3145 -3.9333 4.8071 -36.5929 -2.5636 9.9527 -28.8236 -3.4546 -0.3755 14.8567 -0.2647 -1.0562 2.7598 1.8774 -0.4666 -5.3413 -6.8392 -0.3177 -6.8950 6.4071 -0.2405 6.6169 3.0475 -0.0217 3.1046 -0.0000 0.0000 0.0000 23.6358 -17.3401 -49.1566 83.9067 -59.8592 -54.7255 -0.0000 0.0000 -30.1983 32.0043 16.6791 10.1692 -7.1250 0.0000 -0.0000 4.1396 49.3943 0.4492 -0.0000 0.0000 0.0000 -36.9280 16.0461 -60.4971 -56.9285 55.4343 -31.7983 0.0000 -0.0000 -3.3731 -41.7344 2.8466 -2.5366 7.1250 -0.0000 -0.0000 -11.4349 -26.1358 -5.3289
-0.6557 15.7207 3.1329 1.2344 -1.0158 -14.5320 0.0000 0.0000 0.0000 -5.4853 -14.4388 3.6479 10.0096 17.4152 59.5204 2.2904 -11.8441 -27.2883 3.1079 -10.8677 -31.8351 0.0000 0.0000 0.0000 8.6257 28.2722 1.4984 -10.1371 -17.4862 59.9457 -3.6868 5.0905 -35.3190 -2.5119 9.8594 -28.5228 -3.1574 -0.4470 14.5416 -0.1708 -1.0910 2.5602 1.8117 -0.4848 -5.3825 -6.7328 -0.3351 -6.8410 6.3386 -0.2834 6.9231 3.0089 -0.0445 3.1903 -0.0000 -0.0000 0.0000 21.8029 -17.3327 -47.6910 83.4528 -59.8374 -54.3331 -0.0000 0.0000 -30.4021 31.9526 16.9428 10.3018 -7.1250 0.0000 -0.0000 4.0636 49.6866 0.4702 -0.0000 -0.0000 0.0000 -35.7740 15.9350 -58.9779 -55.6816 55.0449 -30.7739 0.0000 -0.0000 -3.6313 -41.3971 2.1680 -1.9100 7.1250 -0.0000 -0.0000 -11.2926 -27.0427 -5.0148
-0.6605 15.8755 3.1397 1.0568 -0.9728 -14.2258 0.0000 0.0000 0.0000 -5.5524 -14.5130 3.8956 9.6336 17.1986 58.2566 2.1123 -10.9988 -26.1538 3.0524 -10.7794 -31.5393 0.0000 0.0000 0.0000 8.7157 27.8071 1.7525 -9.6704 -17.2203 58.3811 -3.4158 4.9973 -33.9414 -2.5050 9.8469 -28.4825 -3.0353 -0.5197 14.1865 -0.1054 -1.1548 2.3988 1.8189 -0.5165 -5.3564 -6.5928 -0.2937 -6.7786 6.2949 -0.2486 7.1086 2.9753 -0.0267 3.2332 -0.0000 -0.0000 0.0000 19.7807 -17.1250 -46.1126 82.7444 -59.8001 -53.7207 -0.0000 0.0000 -30.5591 31.6681 17.4475 10.4784 -7.1250 0.0000 -0.0000 3.7255 50.2111 0.4791 -0.0000 -0.0000 0.0000 -34.4565 15.8660 -57.5001 -54.4246 54.6313 -29.7462 0.0000 -0.0000 -3.8299 -41.3115 1.7493 -1.5368 7.1250 -0.0000 -0.0000 -11.2940 -27.5931 -4.8660
-0.6637 16.0478 3.1484 1.1134 -0.9070 -13.8839 0.0000 0.0000 0.0000 -5.9111 -14.5180 4.1574 9.2299 16.9534 56.8818 1.9331 -9.6961 -24.9557 3.1005 -10.8559 -31.7956 0.0000 0.0000 0.0000 8.5822 27.4448 2.0891 -9.1776 -16.9206 56.7022 -3.1276 4.8716 -32.4241 -2.5084 9.8532 -28.5027 -3.1767 -0.5548 13.6932 -0.0802 -1.2046 2.3106 1.9259 -0.5408 -5.1723 -6.4636 -0.2700 -6.8648 6.2530 -0.2276 7.2823 2.9437 -0.0135 3.2981 -0.0000 -0.0000 0.0000 17.6123 -16.8021 -44.6553 81.8601 -59.7481 -52.9566 -0.0000 0.0000 -30.9552 31.5452 17.6643 10.5520 -7.1250 0.0000 -0.0000 3.5773 50.4353 0.4797 -0.0000 -0.0000 0.0000 -33.0629 15.6315 -56.0638 -53.1933 54.2049 -28.7448 0.0000 -0.0000 -4.0062 -40.9043 1.4955 -1.2953 7.1250 -0.0000 -0.0000 -11.0249 -27.9400 -4.6538
-0.6686 16.2345 3.1523 1.0880 -0.8515 -13.4755 0.0000 0.0000 0.0000 -6.1416 -14.5792 4.3588 8.8024 16.6789 55.4043 1.7086 -8.5794 -23.4192 3.0366 -10.7541 -31.4549 0.0000 0.0000 0.0000 8.6035 27.2360 2.4393 -8.6692 -16.5901 54.9388 -2.8143 4.7778 -30.6913 -2.4295 9.7086 -28.0383 -3.2335 -0.6022 13.2616 -0.0509 -1.2612 2.1401 1.9920 -0.5667 -5.1096 -6.3957 -0.3165 -7.0210 6.3003 -0.3051 7.6360 2.9464 -0.0459 3.4353 0.0000 -0.0000 0.0000 15.2572 -16.4419 -43.1030 80.9266 -59.6866 -52.1505 -0.0000 0.0000 -31.4675 31.4040 17.9794 10.6720 -7.1250 0.0000 -0.0000 3.3972 50.7667 0.4832 0.0000 -0.0000 0.0000 -31.4047 15.3346 -54.4055 -52.0273 53.7811 -27.8015 0.0000 -0.0000 -4.0945 -40.8061 1.2317 -1.0632 7.1250 -0.0000 -0.0000 -10.9900 -28.2858 -4.5469
-0.6731 16.4375 3.1571 1.1398 -0.8175 -13.1108 0.0000 0.0000 0.0000 -6.4859 -14.6421 4.6508 8.3590 16.3771 53.8458 1.4754 -7.3175 -21.7340 3.0883 -10.8366 -31.7307 0.0000 0.0000 0.0000 8.5835 27.0808 2.8695 -8.1540 -16.2313 53.1154 -2.4765 4.5891 -28.7319 -2.3302 9.5224 -27.4434 -3.3231 -0.6352 12.9030 -0.0729 -1.3090 1.9466 2.0226 -0.5865 -5.1117 -6.3379 -0.3258 -6.9679 6.4164 -0.3447 7.8449 2.9722 -0.0594 3.4919 -0.0000 -0.0000 0.0000 12.8025 -15.9797 -41.3737 79.6345 -59.5901 -51.0356 -0.0000 0.0000 -31.8420 31.2306 18.4212 10.8468 -7.1250 0.0000 -0.0000 3.1651 51.2344 0.4865 -0.0000 -0.0000 0.0000 -29.5177 15.0395 -52.6265 -50.9181 53.3592 -26.9091 0.0000 -0.0000 -4.1563 -40.9398 1.0872 -0.9430 7.1250 -0.0000 -0.0000 -11.1137 -28.4688 -4.5507
-0.6757 16.6551 3.1626 1.2776 -0.8331 -12.7267 0.0000 0.0000 0.0000 -6.9368 -14.6476 4.9302 7.9134 16.0552 52.2502 1.2465 -5.7574 -19.9872 3.2509 -11.0906 -32.5859 0.0000 0.0000 0.0000 8.5206 27.0733 3.3310 -7.6420 -15.8495 51.2626 -2.1251 4.1643 -26.5910 -2.2509 9.3702 -26.9602 -3.4400 -0.6220 12.4868 -0.1419 -1.2983 1.7950 2.0075 -0.5792 -5.0410 -6.1307 -0.3739 -6.8786 6.3899 -0.4348 7.8712 2.9254 -0.1005 3.4906 -0.0000 0.0000 0.0000 10.2881 -15.5282 -39.7686 78.1871 -59.4661 -49.7881 -0.0000 0.0000 -32.2188 30.9378 18.9721 11.0267 -7.1250 0.0000 -0.0000 2.7884 51.8001 0.4672 -0.0000 0.0000 0.0000 -27.5210 14.5416 -50.8332 -49.8072 52.9175 -26.0203 0.0000 -0.0000 -4.2940 -40.9654 1.0321 -0.8960 7.1250 -0.0000 -0.0000 -11.1415 -28.5396 -4.5435
-0.6772 16.8804 3.1654 1.1823 -0.9102 -12.3029 0.0000 0.0000 0.0000 -7.0537 -14.6477 5.0978 7.4811 15.7240 50.6714 1.0045 -4.3641 -17.9853 3.3000 -11.1656 -32.8405 0.0000 0.0000 0.0000 8.7590 27.1927 3.7907 -7.1400 -15.4487 49.4019 -1.7707 3.5553 -24.2810 -2.2205 9.3109 -26.7729 -3.3178 -0.6198 12.0639 -0.1190 -1.2645 1.6388 1.9505 -0.5640 -4.9753 -5.9934 -0.4549 -6.9790 6.3337 -0.5561 8.0792 2.8812 -0.1573 3.5773 0.0000 0.0000 0.0000 7.6497 -14.9875 -38.1680 76.6990 -59.3208 -48.5073 -0.0000 0.0000 -32.9451 30.8533 19.4370 11.2433 -7.1250 0.0000 -0.0000 2.6324 52.3061 0.4737 0.0000 0.0000 0.0000 -25.4252 13.9329 -48.9754 -48.8228 52.5095 -25.2371 0.0000 -0.0000 -4.5706 -41.0233 0.6867 -0.5974 7.1250 -0.0000 -0.0000 -11.2381 -28.9867 -4.4626
-0.6791 17.1117 3.1647 0.9736 -1.0016 -11.8119 0.0000 0.0000 0.0000 -7.0019 -14.7534 5.1484 7.0626 15.3844 49.1108 0.7642 -3.1649 -15.7486 3.2202 -11.0432 -32.4258 0.0000 0.0000 0.0000 9.1193 27.4011 4.1899 -6.6512 -15.0310 47.5424 -1.4196 2.7241 -21.8025 -2.2112 9.2928 -26.7156 -3.1405 -0.6276 11.5820 -0.0203 -1.2312 1.5099 1.9407 -0.5510 -4.8469 -6.0437 -0.4972 -7.2710 6.4184 -0.6141 8.4349 2.9158 -0.1785 3.7372 0.0000 0.0000 0.0000 4.9134 -14.3717 -36.6666 75.0504 -59.1385 -47.0907 -0.0000 0.0000 -33.7505 31.1745 20.0062 11.6944 -7.1250 0.0000 -0.0000 2.8830 53.0089 0.5684 0.0000 0.0000 0.0000 -23.3278 13.3021 -47.2335 -47.8060 52.0714 -24.4326 0.0000 -0.0000 -4.8700 -40.9374 0.1717 -0.1489 7.1250 -0.0000 -0.0000 -11.2492 -29.6577 -4.2839
-0.6831 17.3467 3.1586 0.6575 -1.2108 -11.2953 0.0000 0.0000 0.0000 -6.7590 -14.7919 5.0934 6.6521 15.0318 47.5461 0.5325 -1.9619 -13.2494 2.9596 -10.6294 -31.0398 0.0000 0.0000 0.0000 9.6448 27.8169 4.5054 -6.1808 -14.6013 45.7032 -1.0771 1.6733 -19.1295 -2.1233 9.1183 -26.1662 -2.8823 -0.6115 11.1006 0.1383 -1.1549 1.4185 1.9413 -0.5188 -4.6813 -6.1921 -0.4897 -7.3796 6.5859 -0.5992 8.4700 2.9933 -0.1658 3.7655 0.0000 0.0000 0.0000 2.1564 -13.7205 -35.3344 73.1421 -58.8985 -45.4546 -0.0000 0.0000 -34.4940 31.3797 20.6144 12.1195 -7.1250 0.0000 -0.0000 3.0052 53.7335 0.6458 0.0000 0.0000 0.0000 -21.2432 12.7082 -45.7749 -46.6685 51.5602 -23.5385 0.0000 -0.0000 -4.8275 -40.6077 -0.2216 0.1900 7.1250 -0.0000 -0.0000 -11.0507 -30.1716 -4.0675
-0.6851 17.5867 3.1575 0.4509 -1.4030 -10.7555 0.0000 0.0000 0.0000 -6.6634 -14.7942 5.0095 6.2444 14.6610 45.9547 0.3261 -0.5854 -10.5960 2.5918 -10.0029 -28.9862 0.0000 0.0000 0.0000 10.0314 28.2790 4.8011 -5.7288 -14.1603 43.8835 -0.7731 0.4840 -16.4599 -1.9956 8.8569 -25.3487 -2.6533 -0.5954 10.5877 0.2250 -1.0881 1.2997 1.8848 -0.4905 -4.5265 -6.2387 -0.4955 -7.4127 6.6382 -0.6039 8.4401 3.0167 -0.1665 3.7625 -0.0000 -0.0000 0.0000 -0.5389 -12.9486 -33.9359 71.0300 -58.5956 -43.6490 -0.0000 0.0000 -35.3305 31.2940 21.1940 12.3943 -7.1250 0.0000 -0.0000 2.8152 54.3651 0.6483 -0.0000 -0.0000 0.0000 -19.0572 12.1143 -44.2649 -45.5292 51.0251 -22.6494 0.0000 -0.0000 -4.8112 -40.4345 -0.4582 0.3905 7.1250 -0.0000 -0.0000 -10.9491 -30.4788 -3.9469
-0.6824 17.8266 3.1599 0.4617 -1.4350 -10.2131 0.0000 0.0000 0.0000 -6.9151 -14.9254 4.9832 5.8402 14.2717 44.3369 0.1613 0.9970 -8.0190 2.3084 -9.4809 -27.3116 0.0000 0.0000 0.0000 10.0807 28.5614 5.0295 -5.2998 -13.7137 42.1024 -0.5091 -0.8530 -13.8136 -1.9127 8.6819 -24.8053 -2.5581 -0.5911 10.0870 0.2110 -1.0596 1.1674 1.8051 -0.4790 -4.3893 -6.1177 -0.5614 -7.6547 6.4923 -0.6862 8.6128 2.9491 -0.2065 3.8598 -0.0000 -0.0000 0.0000 -3.2100 -12.2024 -32.6002 68.7086 -58.2159 -41.6716 -0.0000 0.0000 -36.1623 31.1333 21.6720 12.5748 -7.1250 0.0000 -0.0000 2.5540 54.8648 0.6191 -0.0000 -0.0000 0.0000 -16.8107 11.4101 -42.6886 -44.3949 50.4686 -21.7711 0.0000 -0.0000 -5.0076 -40.3534 -0.6761 0.5744 7.1250 -0.0000 -0.0000 -10.9162 -30.7600 -3.8598
-0.6807 18.0595 3.1539 0.4928 -1.4715 -9.6445 0.0000 0.0000 0.0000 -7.1829 -15.1052 4.8883 5.4521 13.8756 42.7413 0.0309 2.7285 -5.4008 2.1401 -9.1521 -26.2721 0.0000 0.0000 0.0000 10.1028 28.8667 5.1419 -4.9005 -13.2709 40.3911 -0.2754 -2.4750 -11.1390 -1.7987 8.4336 -24.0391 -2.5072 -0.5659 9.6614 0.1950 -1.0111 1.0466 1.7473 -0.4564 -4.2817 -5.9943 -0.6392 -8.1480 6.3619 -0.7814 8.9844 2.8868 -0.2479 4.0601 -0.0000 0.0000 0.0000 -5.8147 -11.5378 -31.4746 66.1598 -57.7396 -39.5104 -0.0000 0.0000 -36.7014 31.0627 22.0910 12.7639 -7.1250 0.0000 -0.0000 2.3959 55.3163 0.6071 -0.0000 0.0000 0.0000 -14.5351 10.5788 -41.1406 -43.3019 49.9089 -20.9314 0.0000 -0.0000 -5.2002 -40.2492 -0.6746 0.5711 7.1250 -0.0000 -0.0000 -10.8341 -30.7584 -3.8303
-0.6797 18.2877 3.1470 0.4606 -1.6328 -9.1080 0.0000 0.0000 0.0000 -7.3514 -15.1656 4.7729 5.0838 13.4776 41.1836 -0.0678 4.7136 -2.7541 1.9503 -8.7619 -25.0532 0.0000 0.0000 0.0000 10.2766 29.3204 5.2770 -4.5303 -12.8345 38.7521 -0.0787 -4.3524 -8.6063 -1.5726 7.9124 -22.4483 -2.3980 -0.5113 9.2902 0.2112 -0.9177 0.9315 1.6858 -0.4121 -4.2003 -5.9448 -0.6529 -8.4988 6.2997 -0.7887 9.1739 2.8610 -0.2475 4.1764 0.0000 -0.0000 0.0000 -8.4152 -10.7703 -30.3402 63.5592 -57.1861 -37.3179 -0.0000 0.0000 -37.0638 31.2957 22.2492 12.9623 -7.1250 0.0000 -0.0000 2.6212 55.5436 0.6786 0.0000 -0.0000 0.0000 -12.1936 9.7311 -39.5490 -42.2901 49.3696 -20.1604 0.0000 -0.0000 -5.3838 -40.4816 -0.7228 0.6169 7.1250 -0.0000 -0.0000 -11.0236 -30.8198 -3.8830
-0.6786 18.5046 3.1378 0.3632 -1.7739 -8.5802 0.0000 0.0000 0.0000 -7.4433 -15.2431 4.5838 4.7432 13.0886 39.7012 -0.1351 6.8583 -0.1861 1.6374 -8.0661 -22.9150 0.0000 0.0000 0.0000 10.4961 29.7641 5.3435 -4.1954 -12.4160 37.2198 0.0731 -6.2021 -6.4560 -1.3220 7.2819 -20.5534 -2.2098 -0.4785 8.9209 0.2349 -0.8456 0.8487 1.5908 -0.3802 -4.0859 -5.8799 -0.6564 -8.8927 6.2004 -0.7757 9.3009 2.8221 -0.2381 4.2795 0.0000 0.0000 0.0000 -10.9928 -9.9505 -29.2714 60.8975 -56.5444 -35.0889 -0.0000 0.0000 -37.3289 31.6054 22.3484 13.1688 -7.1250 0.0000 -0.0000 2.9447 55.7230 0.7753 0.0000 0.0000 0.0000 -9.8357 8.9786 -38.2135 -41.2228 48.7779 -19.3541 0.0000 -0.0000 -5.3233 -40.6389 -0.9014 0.7736 7.1250 -0.0000 -0.0000 -11.1727 -31.0504 -3.8743
-0.6763 18.7119 3.1275 0.2290 -1.8171 -8.0208 0.0000 0.0000 0.0000 -7.5121 -15.3892 4.3108 4.4292 12.7106 38.2946 -0.1812 8.9864 1.9587 1.2981 -7.2183 -20.3636 0.0000 0.0000 0.0000 10.7466 30.1349 5.3475 -3.8943 -12.0184 35.7971 0.1989 -8.0080 -4.4590 -1.1266 6.7417 -18.9524 -1.9597 -0.4761 8.5646 0.2489 -0.8105 0.7395 1.4564 -0.3670 -4.0051 -5.8012 -0.6768 -9.3555 6.0854 -0.7868 9.5446 2.7755 -0.2401 4.4313 -0.0000 0.0000 0.0000 -13.4432 -9.1873 -28.2514 58.1234 -55.7888 -32.7844 -0.0000 0.0000 -37.5166 32.2091 22.4858 13.5461 -7.1250 0.0000 -0.0000 3.5915 56.0122 0.9711 -0.0000 0.0000 0.0000 -7.4411 8.1860 -36.9774 -40.2438 48.2137 -18.6208 0.0000 -0.0000 -5.1180 -40.4674 -1.3624 1.1620 7.1250 -0.0000 -0.0000 -11.1024 -31.6449 -3.6876
-0.6725 18.9095 3.1146 0.0941 -1.8533 -7.4299 0.0000 0.0000 0.0000 -7.6102 -15.5926 4.0142 4.1528 12.3609 37.0211 -0.2294 10.8575 3.2983 1.0364 -6.4750 -18.1691 0.0000 0.0000 0.0000 11.0067 30.5274 5.2582 -3.6326 -11.6547 34.5212 0.2941 -9.6221 -2.3903 -0.9070 6.0689 -16.9845 -1.7040 -0.4893 8.2553 0.2515 -0.7993 0.5588 1.3113 -0.3643 -4.0236 -5.7725 -0.6456 -9.5033 6.1002 -0.7442 9.5766 2.7788 -0.2150 4.4631 -0.0000 -0.0000 0.0000 -15.7616 -8.3121 -27.1669 55.3509 -54.9381 -30.5030 -0.0000 0.0000 -37.7323 33.4504 22.4619 14.1661 -7.1250 0.0000 -0.0000 4.9937 56.2690 1.3825 -0.0000 -0.0000 0.0000 -4.9888 7.3951 -35.5902 -39.4082 47.7153 -18.0002 0.0000 -0.0000 -5.1527 -40.6345 -1.7387 1.4915 7.1250 -0.0000 -0.0000 -11.2883 -32.1325 -3.6164
