HIERARCHY
ROOT Hips
{
	OFFSET 0.00000 0.00000 0.00000
	CHANNELS 6 Xposition Yposition Zposition Zrotation Yrotation Xrotation 
	JOINT LHipJoint
	{
		OFFSET 0 0 0
		CHANNELS 3 Zrotation Yrotation Xrotation
		JOINT LeftUpLeg
		{
			OFFSET 1.62067 -1.77917 0.70989
			CHANNELS 3 Zrotation Yrotation Xrotation
			JOINT LeftLeg
			{
				OFFSET 2.34532 -6.44371 0.00000
				CHANNELS 3 Zrotation Yrotation Xrotation
				JOINT LeftFoot
				{
					OFFSET 2.74224 -7.53425 0.00000
					CHANNELS 3 Zrotation Yrotation Xrotation
					JOINT LeftToeBase
					{
						OFFSET 0.17032 -0.46794 2.08086
						CHANNELS 3 Zrotation Yrotation Xrotation
						End Site
						{
							OFFSET 0.00000 -0.00000 1.07476
						}
					}
				}
			}
		}
	}
	JOINT RHipJoint
	{
		OFFSET 0 0 0
		CHANNELS 3 Zrotation Yrotation Xrotation
		JOINT RightUpLeg
		{
			OFFSET -1.55811 -1.77917 0.70989
			CHANNELS 3 Zrotation Yrotation Xrotation
			JOINT RightLeg
			{
				OFFSET -2.33243 -6.40830 0.00000
				CHANNELS 3 Zrotation Yrotation Xrotation
				JOINT RightFoot
				{
					OFFSET -2.78798 -7.65993 0.00000
					CHANNELS 3 Zrotation Yrotation Xrotation
					JOINT RightToeBase
					{
						OFFSET -0.22707 -0.62388 2.04059
						CHANNELS 3 Zrotation Yrotation Xrotation
						End Site
						{
							OFFSET -0.00000 -0.00000 1.07030
						}
					}
				}
			}
		}
	}
	JOINT LowerBack
	{
		OFFSET 0 0 0
		CHANNELS 3 Zrotation Yrotation Xrotation
		JOINT Spine
		{
			OFFSET 0.02203 1.91565 0.07161
			CHANNELS 3 Zrotation Yrotation Xrotation
			JOINT Spine1
			{
				OFFSET 0.01740 1.90525 0.11636
				CHANNELS 3 Zrotation Yrotation Xrotation
				JOINT Neck
				{
					OFFSET 0 0 0
					CHANNELS 3 Zrotation Yrotation Xrotation
					JOINT Neck1
					{
						OFFSET -0.10841 1.83566 0.05067
						CHANNELS 3 Zrotation Yrotation Xrotation
						JOINT Head
						{
							OFFSET 0.06601 1.74760 -0.50505
							CHANNELS 3 Zrotation Yrotation Xrotation
							End Site
							{
								OFFSET 0.03102 1.85215 -0.17697
							}
						}
					}
				}
				JOINT LeftShoulder
				{
					OFFSET 0 0 0
					CHANNELS 3 Zrotation Yrotation Xrotation
					JOINT LeftArm
					{
						OFFSET 2.87059 1.35470 0.16111
						CHANNELS 3 Zrotation Yrotation Xrotation
						JOINT LeftForeArm
						{
							OFFSET 5.43592 -0.00000 0.00000
							CHANNELS 3 Zrotation Yrotation Xrotation
							JOINT LeftHand
							{
								OFFSET 3.25460 -0.00000 0.00000
								CHANNELS 3 Zrotation Yrotation Xrotation
								JOINT LeftFingerBase
								{
									OFFSET 0 0 0
									CHANNELS 3 Zrotation Yrotation Xrotation
									JOINT LeftHandIndex1
									{
										OFFSET 0.49824 -0.00000 0.00000
										CHANNELS 3 Zrotation Yrotation Xrotation
										End Site
										{
											OFFSET 0.40170 -0.00000 0.00000
										}
									}
								}
								JOINT LThumb
								{
									OFFSET 0 0 0
									CHANNELS 3 Zrotation Yrotation Xrotation
									End Site
									{
										OFFSET 0.40783 -0.00000 0.40783
									}
								}
							}
						}
					}
				}
				JOINT RightShoulder
				{
					OFFSET 0 0 0
					CHANNELS 3 Zrotation Yrotation Xrotation
					JOINT RightArm
					{
						OFFSET -2.86643 1.23488 0.45957
						CHANNELS 3 Zrotation Yrotation Xrotation
						JOINT RightForeArm
						{
							OFFSET -5.33830 -0.00000 0.00000
							CHANNELS 3 Zrotation Yrotation Xrotation
							JOINT RightHand
							{
								OFFSET -3.23148 -0.00000 0.00000
								CHANNELS 3 Zrotation Yrotation Xrotation
								JOINT RightFingerBase
								{
									OFFSET 0 0 0
									CHANNELS 3 Zrotation Yrotation Xrotation
									JOINT RightHandIndex1
									{
										OFFSET -0.46364 -0.00000 0.00000
										CHANNELS 3 Zrotation Yrotation Xrotation
										End Site
										{
											OFFSET -0.37380 -0.00000 0.00000
										}
									}
								}
								JOINT RThumb
								{
									OFFSET 0 0 0
									CHANNELS 3 Zrotation Yrotation Xrotation
									End Site
									{
										OFFSET -0.37951 -0.00000 0.37951
									}
								}
							}
						}
					}
				}
			}
		}
	}
}
MOTION
Frames: 360
Frame Time: .0083333
-0.7129 17.5379 0.921 0 0 0 0 0 0 -21 0 0 0 0 0 0 0 0 0 0 0 0 0 0 21 0 0 0 0 0 0 0 0 0 0 0 0 0 0 0 0 0 0 0 0 0 0 -16 0 0 21 0 0 11 0 0 0 -8 0 0 0 0 0 0 0 0 0 0 0 0 0 0 0 0 0 0 0 0 8 0 0 0 0 0 0 0 0 0 0 0 0 0 0 0 0 0
-0.7129 17.5379 0.9210 -3.9694 -5.9274 14.4554 0.0000 0.0000 0.0000 -14.3287 -16.4875 -16.6579 2.0071 8.8808 25.4232 0.4715 11.0654 -21.3127 0.0231 -0.9820 -2.6992 0.0000 0.0000 0.0000 19.9689 20.1720 -17.0279 -1.9147 -8.6861 24.8183 -0.3720 -6.7261 -15.9197 -0.0499 1.4417 -3.9651 2.7393 -0.5794 -12.4902 1.5548 -1.1399 -5.1758 -0.0817 -0.5937 1.5577 -11.8148 -9.1928 -10.8610 5.9213 -12.2817 26.3998 2.4269 -6.1363 11.5137 -0.0000 0.0000 0.0000 -86.3326 7.8758 38.2133 15.5772 -24.9441 -3.4657 -0.0000 0.0000 -8.9353 35.5547 -22.0468 -15.0179 -7.1250 0.0000 -0.0000 4.1343 3.5760 -3.8787 -0.0000 0.0000 0.0000 87.9231 -7.2937 38.4769 -17.2844 27.2312 -4.2167 0.0000 0.0000 7.2316 -31.2930 -47.5027 24.1404 7.1250 -0.0000 -0.0000 27.2720 -81.0025 -22.8642
-0.7126 17.5377 0.9201 -4.0244 -5.9115 14.4692 0.0000 0.0000 0.0000 -14.2548 -16.4061 -16.7283 2.0059 8.8784 25.4157 0.4652 11.0467 -21.2302 0.0222 -0.9623 -2.6451 0.0000 0.0000 0.0000 20.0248 20.1629 -17.0658 -1.9196 -8.6965 24.8506 -0.3738 -6.7101 -15.9291 -0.0475 1.4071 -3.8697 2.7989 -0.5721 -12.4137 1.5897 -1.1350 -5.1726 -0.0772 -0.5920 1.5191 -11.7438 -9.0273 -10.8833 5.9348 -12.0515 26.3238 2.4577 -6.0232 11.4596 0.0000 0.0000 0.0000 -86.3298 7.8326 38.4220 15.5650 -24.9273 -3.4606 -0.0000 0.0000 -9.3674 35.6418 -21.9553 -15.0073 -7.1250 0.0000 -0.0000 4.2041 3.6579 -3.9381 0.0000 0.0000 0.0000 87.8978 -7.2881 38.3847 -17.2813 27.2271 -4.2152 0.0000 0.0000 7.5077 -30.7490 -47.1954 23.5800 7.1250 -0.0000 -0.0000 26.8083 -80.5328 -22.2273
-0.7135 17.5381 0.9194 -3.9741 -5.8552 14.4930 0.0000 0.0000 0.0000 -14.2765 -16.4293 -16.7758 2.0014 8.8691 25.3866 0.4526 11.0180 -21.0756 0.0205 -0.9246 -2.5415 0.0000 0.0000 0.0000 19.9734 20.1351 -17.1260 -1.9251 -8.7082 24.8868 -0.3770 -6.7245 -15.9833 -0.0436 1.3483 -3.7078 2.7192 -0.6078 -12.3200 1.6168 -1.1682 -5.2428 -0.0067 -0.6092 1.3970 -11.5976 -8.8912 -11.0344 5.7607 -11.8308 26.4936 2.3997 -5.9254 11.5087 0.0000 -0.0000 0.0000 -86.3625 7.9212 38.4149 15.5748 -24.9407 -3.4647 -0.0000 0.0000 -9.3728 35.6158 -21.8470 -14.9264 -7.1250 0.0000 -0.0000 4.2079 3.7894 -3.9314 0.0000 -0.0000 0.0000 87.8455 -7.4639 38.4290 -17.3267 27.2864 -4.2360 0.0000 0.0000 7.5110 -30.2139 -47.4122 23.2069 7.1250 -0.0000 -0.0000 28.5334 -80.4626 -23.6462
-0.7161 17.5387 0.9190 -3.9240 -5.8533 14.5292 0.0000 0.0000 0.0000 -14.3039 -16.4913 -16.7912 1.9989 8.8638 25.3701 0.4407 11.0819 -21.0234 0.0187 -0.8830 -2.4270 0.0000 0.0000 0.0000 19.9109 20.2392 -17.1636 -1.9296 -8.7179 24.9168 -0.3682 -6.8340 -15.9689 -0.0414 1.3132 -3.6111 2.6196 -0.6132 -12.3112 1.6359 -1.1628 -5.3015 0.0705 -0.6062 1.3337 -11.4183 -8.7932 -11.2983 5.4899 -11.6410 26.7974 2.2904 -5.8468 11.6275 -0.0000 0.0000 0.0000 -86.3900 8.0825 38.3808 15.6301 -25.0165 -3.4880 -0.0000 0.0000 -9.2142 35.8595 -22.0541 -15.1843 -7.1250 0.0000 -0.0000 4.3187 3.4858 -4.0598 -0.0000 0.0000 0.0000 87.8194 -7.6488 38.4609 -17.3297 27.2903 -4.2374 0.0000 0.0000 7.5866 -30.5592 -47.3604 23.4774 7.1250 -0.0000 -0.0000 27.7934 -80.5745 -23.0811
-0.7195 17.5376 0.9183 -3.9346 -5.9188 14.5634 0.0000 0.0000 0.0000 -14.2744 -16.5163 -16.8002 1.9965 8.8588 25.3545 0.4362 11.1679 -21.0700 0.0207 -0.9278 -2.5502 0.0000 0.0000 0.0000 19.9029 20.4479 -17.1737 -1.9340 -8.7272 24.9456 -0.3522 -6.9901 -15.9052 -0.0448 1.3664 -3.7576 2.5768 -0.5895 -12.3328 1.6566 -1.1281 -5.2969 0.1202 -0.5879 1.3521 -11.2456 -8.6319 -11.6415 5.3754 -11.3889 27.0373 2.2467 -5.7209 11.7433 -0.0000 -0.0000 0.0000 -86.3936 8.0977 38.3506 15.6759 -25.0792 -3.5074 -0.0000 0.0000 -9.0418 35.9551 -22.2035 -15.3287 -7.1250 0.0000 -0.0000 4.3492 3.2878 -4.1047 -0.0000 -0.0000 0.0000 87.8229 -7.7040 38.4571 -17.3316 27.2929 -4.2383 0.0000 0.0000 7.6909 -31.2757 -46.5847 23.8085 7.1250 -0.0000 -0.0000 23.5284 -80.2848 -19.3554
-0.7202 17.5367 0.9191 -3.8972 -5.9824 14.6225 0.0000 0.0000 0.0000 -14.3095 -16.4409 -16.8815 1.9960 8.8577 25.3513 0.4431 11.1113 -21.0786 0.0215 -0.9472 -2.6036 0.0000 0.0000 0.0000 19.8280 20.5424 -17.2326 -1.9360 -8.7314 24.9588 -0.3500 -7.0185 -15.9023 -0.0479 1.4124 -3.8843 2.5156 -0.5747 -12.3484 1.6665 -1.1028 -5.2882 0.1679 -0.5742 1.3716 -11.0441 -8.3929 -12.1691 5.3325 -11.0366 27.3532 2.2342 -5.5345 11.9199 -0.0000 0.0000 0.0000 -86.4212 8.0315 38.2941 15.7185 -25.1375 -3.5255 -0.0000 0.0000 -8.9339 35.8648 -22.1152 -15.2252 -7.1250 0.0000 -0.0000 4.3107 3.4139 -4.0580 -0.0000 0.0000 0.0000 87.8117 -7.6527 38.3727 -17.4139 27.4002 -4.2761 0.0000 0.0000 7.8383 -31.3145 -46.0763 23.6619 7.1250 -0.0000 -0.0000 21.6088 -79.8898 -17.5892
-0.7200 17.5384 0.9195 -3.8598 -6.0067 14.6850 0.0000 0.0000 0.0000 -14.3450 -16.3626 -16.9725 1.9972 8.8603 25.3593 0.4531 11.0118 -21.0738 0.0200 -0.9135 -2.5109 0.0000 0.0000 0.0000 19.7548 20.5808 -17.3091 -1.9356 -8.7307 24.9565 -0.3510 -7.0109 -15.9088 -0.0432 1.3412 -3.6882 2.4716 -0.5573 -12.3490 1.6730 -1.0742 -5.3221 0.2034 -0.5598 1.3379 -10.9044 -8.1390 -12.3890 5.3663 -10.6957 27.5037 2.2721 -5.3584 11.9814 -0.0000 -0.0000 0.0000 -86.4512 8.0534 38.2960 15.7642 -25.1999 -3.5450 -0.0000 0.0000 -8.8951 35.7452 -21.9504 -15.0590 -7.1250 0.0000 -0.0000 4.2681 3.6359 -4.0001 -0.0000 -0.0000 0.0000 87.7897 -7.6710 38.3476 -17.5406 27.5649 -4.3345 0.0000 0.0000 7.8226 -31.5057 -46.2282 23.8743 7.1250 -0.0000 -0.0000 21.8199 -80.0952 -17.8514
-0.7187 17.5382 0.9238 -3.8975 -6.0557 14.6511 0.0000 0.0000 0.0000 -14.3359 -16.4579 -16.8561 1.9986 8.8632 25.3685 0.4558 11.1630 -21.2599 0.0225 -0.9689 -2.6634 0.0000 0.0000 0.0000 19.7985 20.6340 -17.2390 -1.9353 -8.7301 24.9545 -0.3521 -7.0097 -15.9221 -0.0379 1.2563 -3.4542 2.5354 -0.5170 -12.3681 1.6831 -1.0298 -5.2955 0.1834 -0.5379 1.3755 -10.7896 -7.9239 -12.3428 5.3931 -10.4197 27.4557 2.3111 -5.2210 11.9191 -0.0000 -0.0000 0.0000 -86.4607 8.0720 38.3407 15.7968 -25.2443 -3.5588 -0.0000 0.0000 -8.8468 35.5170 -21.5897 -14.7151 -7.1250 0.0000 -0.0000 4.1939 4.1116 -3.8931 -0.0000 -0.0000 0.0000 87.7564 -7.7108 38.4660 -17.6262 27.6759 -4.3742 0.0000 0.0000 7.6004 -31.9125 -46.4692 24.2989 7.1250 -0.0000 -0.0000 22.0024 -80.4651 -18.1621
-0.7167 17.5371 0.9272 -3.9451 -6.1039 14.6148 0.0000 0.0000 0.0000 -14.3102 -16.5858 -16.7507 2.0004 8.8669 25.3799 0.4472 11.3683 -21.3926 0.0253 -1.0260 -2.8205 0.0000 0.0000 0.0000 19.8554 20.6712 -17.1482 -1.9312 -8.7212 24.9271 -0.3528 -7.0048 -15.9260 -0.0377 1.2533 -3.4462 2.6156 -0.4738 -12.3526 1.6989 -0.9817 -5.2885 0.1612 -0.5147 1.3738 -10.6012 -7.7421 -12.4738 5.2450 -10.1506 27.5902 2.2646 -5.0959 11.9504 -0.0000 0.0000 0.0000 -86.4710 8.0843 38.5025 15.7771 -25.2175 -3.5505 -0.0000 0.0000 -8.8500 35.6814 -21.4998 -14.7444 -7.1250 0.0000 -0.0000 4.3108 4.1720 -3.9973 -0.0000 0.0000 0.0000 87.7089 -7.7652 38.5477 -17.6674 27.7292 -4.3934 0.0000 0.0000 7.4764 -32.2190 -46.5995 24.6022 7.1250 -0.0000 -0.0000 21.9616 -80.7025 -18.2297
-0.7186 17.5378 0.9195 -3.9381 -6.0012 14.7033 0.0000 0.0000 0.0000 -14.2415 -16.5793 -16.9384 2.0009 8.8679 25.3831 0.4461 11.2306 -21.2351 0.0221 -0.9593 -2.6368 0.0000 0.0000 0.0000 19.8307 20.7388 -17.2388 -1.9281 -8.7147 24.9069 -0.3411 -7.1641 -15.9235 -0.0415 1.3154 -3.6172 2.5846 -0.4946 -12.2863 1.7154 -1.0004 -5.4046 0.1951 -0.5258 1.2174 -10.4852 -7.5354 -12.4294 5.2386 -9.8836 27.6255 2.2886 -4.9666 11.9211 0.0000 0.0000 0.0000 -86.4615 8.1725 38.6851 15.7948 -25.2416 -3.5580 -0.0000 0.0000 -8.9702 35.9632 -21.6582 -14.9911 -7.1250 0.0000 -0.0000 4.4544 3.9144 -4.1528 0.0000 0.0000 0.0000 87.6969 -7.8581 38.5593 -17.6411 27.6952 -4.3812 0.0000 0.0000 7.4809 -31.6156 -46.8093 24.1709 7.1250 -0.0000 -0.0000 23.8306 -80.6096 -19.7581
-0.7141 17.5353 0.9335 -4.0376 -6.3168 14.6417 0.0000 0.0000 0.0000 -14.2540 -16.6049 -16.7014 1.9981 8.8621 25.3649 0.4279 11.5465 -21.3935 0.0153 -0.7977 -2.1922 0.0000 0.0000 0.0000 19.9113 20.8253 -17.0960 -1.9263 -8.7109 24.8951 -0.3560 -6.9709 -15.9366 -0.0443 1.3584 -3.7354 2.7484 -0.3573 -12.3770 1.7060 -0.8426 -5.3448 0.1126 -0.4480 1.3280 -10.4645 -7.3012 -12.1996 5.4477 -9.6199 27.3930 2.4135 -4.8260 11.7675 -0.0000 -0.0000 0.0000 -86.4652 8.1620 38.7125 15.8276 -25.2863 -3.5720 -0.0000 0.0000 -8.9908 36.1329 -22.1815 -15.4104 -7.1250 0.0000 -0.0000 4.4614 3.2647 -4.2130 -0.0000 -0.0000 0.0000 87.7006 -7.8382 38.5088 -17.5767 27.6118 -4.3513 0.0000 0.0000 7.5978 -30.7895 -46.5047 23.3771 7.1250 -0.0000 -0.0000 24.0296 -80.0130 -19.6461
-0.7167 17.5363 0.9273 -3.9640 -6.1458 14.7127 0.0000 0.0000 0.0000 -14.2580 -16.6070 -16.8514 1.9935 8.8525 25.3350 0.4343 11.3644 -21.2610 0.0171 -0.8449 -2.3223 0.0000 0.0000 0.0000 19.8263 20.8538 -17.2006 -1.9280 -8.7144 24.9060 -0.3504 -7.1037 -15.9879 -0.0412 1.3096 -3.6012 2.6431 -0.4126 -12.3219 1.7181 -0.9007 -5.3810 0.1774 -0.4763 1.2617 -10.2954 -7.0985 -12.3162 5.3939 -9.3409 27.4585 2.4066 -4.6870 11.7759 0.0000 -0.0000 0.0000 -86.4909 8.0937 38.7691 15.8259 -25.2840 -3.5713 -0.0000 0.0000 -8.9544 36.2583 -22.7023 -15.8053 -7.1250 0.0000 -0.0000 4.4394 2.6302 -4.2439 0.0000 -0.0000 0.0000 87.6898 -7.8226 38.4005 -17.5577 27.5872 -4.3425 0.0000 0.0000 7.7773 -30.7375 -46.2857 23.2582 7.1250 -0.0000 -0.0000 23.3161 -79.8158 -18.9642
-0.7171 17.5379 0.9283 -3.8550 -6.1209 14.7489 0.0000 0.0000 0.0000 -14.3605 -16.6793 -16.8619 1.9895 8.8442 25.3091 0.4378 11.3359 -21.2653 0.0174 -0.8526 -2.3432 0.0000 0.0000 0.0000 19.6906 20.8518 -17.2747 -1.9294 -8.7175 24.9157 -0.3410 -7.1925 -15.9485 -0.0437 1.3494 -3.7106 2.5476 -0.4079 -12.3422 1.6798 -0.8825 -5.4175 0.1938 -0.4667 1.2360 -9.9827 -6.9039 -12.6730 5.1360 -9.0435 27.8376 2.2959 -4.5453 11.9362 -0.0000 0.0000 0.0000 -86.4552 8.0780 38.9583 15.8242 -25.2816 -3.5705 -0.0000 0.0000 -9.0634 36.1953 -22.7416 -15.7952 -7.1250 0.0000 -0.0000 4.3939 2.6025 -4.2024 -0.0000 0.0000 0.0000 87.7042 -7.8996 38.4146 -17.5567 27.5858 -4.3420 0.0000 0.0000 7.7294 -30.8264 -46.5180 23.4122 7.1250 -0.0000 -0.0000 24.0192 -80.0394 -19.6499
-0.7182 17.5385 0.9317 -3.8150 -6.1972 14.7666 0.0000 0.0000 0.0000 -14.4147 -16.7364 -16.8282 1.9867 8.8383 25.2907 0.4275 11.4591 -21.2950 0.0203 -0.9209 -2.5312 0.0000 0.0000 0.0000 19.6359 20.8428 -17.3177 -1.9331 -8.7253 24.9398 -0.3401 -7.1764 -15.9212 -0.0485 1.4212 -3.9085 2.5149 -0.3607 -12.4044 1.6340 -0.8180 -5.4064 0.1724 -0.4340 1.2820 -9.6726 -6.6794 -12.9437 4.9975 -8.7378 28.0544 2.2342 -4.3873 12.0231 -0.0000 0.0000 0.0000 -86.3710 7.9882 39.1963 15.7856 -25.2291 -3.5541 -0.0000 0.0000 -9.2600 36.3537 -22.8080 -15.9241 -7.1250 0.0000 -0.0000 4.4768 2.4817 -4.2921 -0.0000 0.0000 0.0000 87.7515 -7.8903 38.4662 -17.5280 27.5486 -4.3287 0.0000 0.0000 7.6797 -30.9312 -46.3986 23.4576 7.1250 -0.0000 -0.0000 23.4064 -79.9888 -19.1181
-0.7191 17.5382 0.9344 -3.8710 -6.2311 14.7602 0.0000 0.0000 0.0000 -14.3658 -16.7663 -16.7789 1.9842 8.8331 25.2747 0.4066 11.6166 -21.2585 0.0239 -0.9990 -2.7460 0.0000 0.0000 0.0000 19.7174 20.8033 -17.2882 -1.9351 -8.7295 24.9527 -0.3498 -7.1007 -15.9769 -0.0487 1.4236 -3.9152 2.5723 -0.3089 -12.4263 1.6331 -0.7587 -5.3284 0.1463 -0.4037 1.3752 -9.3966 -6.4536 -13.3155 4.9219 -8.4240 28.1626 2.1999 -4.2188 12.0940 -0.0000 -0.0000 0.0000 -86.3408 7.7905 39.4453 15.7402 -25.1671 -3.5348 -0.0000 0.0000 -9.6731 36.9622 -23.3874 -16.6315 -7.1250 0.0000 -0.0000 4.7296 1.6399 -4.6082 -0.0000 -0.0000 0.0000 87.7640 -7.6858 38.4688 -17.4763 27.4814 -4.3049 0.0000 0.0000 7.7687 -30.8614 -46.3821 23.3941 7.1250 -0.0000 -0.0000 23.4610 -79.9458 -19.1436
-0.7198 17.5384 0.9335 -3.9070 -6.1798 14.7904 0.0000 0.0000 0.0000 -14.3021 -16.8709 -16.7781 1.9819 8.8282 25.2593 0.3940 11.6896 -21.2127 0.0192 -0.8945 -2.4586 0.0000 0.0000 0.0000 19.7588 20.8037 -17.3149 -1.9374 -8.7344 24.9679 -0.3498 -7.1157 -15.9905 -0.0456 1.3785 -3.7908 2.6057 -0.2949 -12.4152 1.6586 -0.7446 -5.3103 0.1558 -0.3965 1.3881 -9.1508 -6.2319 -13.7239 4.7987 -8.0967 28.3440 2.1545 -4.0532 12.2016 0.0000 -0.0000 0.0000 -86.3809 7.6603 39.1325 15.8576 -25.3271 -3.5848 -0.0000 0.0000 -8.5388 36.1579 -22.0597 -15.3472 -7.1250 0.0000 -0.0000 4.4992 3.3984 -4.2379 0.0000 -0.0000 0.0000 87.7343 -7.5164 38.4842 -17.4480 27.4446 -4.2918 0.0000 0.0000 7.7811 -30.7493 -46.9876 23.5095 7.1250 -0.0000 -0.0000 25.9594 -80.3740 -21.4322
-0.7208 17.5388 0.9327 -3.8707 -6.1041 14.7942 0.0000 0.0000 0.0000 -14.3154 -16.9594 -16.7577 1.9766 8.8171 25.2249 0.4013 11.6769 -21.2713 0.0143 -0.7721 -2.1220 0.0000 0.0000 0.0000 19.7162 20.8297 -17.3477 -1.9425 -8.7453 25.0017 -0.3455 -7.1760 -15.9915 -0.0412 1.3095 -3.6008 2.5568 -0.3119 -12.3523 1.6713 -0.7581 -5.3536 0.1956 -0.4035 1.3097 -8.9463 -6.0377 -13.8644 4.6549 -7.8160 28.4530 2.1078 -3.9214 12.2323 -0.0000 -0.0000 0.0000 -86.4105 7.6983 39.0786 15.9358 -25.4335 -3.6183 -0.0000 0.0000 -8.1845 35.9844 -21.7122 -15.0362 -7.1250 0.0000 -0.0000 4.4575 3.8464 -4.1613 -0.0000 -0.0000 0.0000 87.7010 -7.5410 38.5063 -17.4845 27.4921 -4.3086 0.0000 0.0000 7.7095 -30.7564 -47.4863 23.6846 7.1250 -0.0000 -0.0000 28.0329 -80.7545 -23.3803
-0.7211 17.5389 0.9339 -3.7734 -6.0677 14.7546 0.0000 0.0000 0.0000 -14.4270 -16.9029 -16.7222 1.9698 8.8029 25.1807 0.4179 11.5621 -21.3112 0.0130 -0.7372 -2.0261 0.0000 0.0000 0.0000 19.6239 20.7989 -17.3379 -1.9483 -8.7576 25.0398 -0.3451 -7.2225 -16.0302 -0.0422 1.3261 -3.6466 2.4797 -0.3058 -12.2659 1.6358 -0.7369 -5.3561 0.2055 -0.3926 1.2614 -8.8635 -5.8854 -13.9125 4.6491 -7.6116 28.5063 2.1238 -3.8210 12.2414 -0.0000 -0.0000 0.0000 -86.3759 7.6254 39.3446 15.9614 -25.4683 -3.6294 -0.0000 0.0000 -8.4913 36.2693 -22.1744 -15.4794 -7.1250 0.0000 -0.0000 4.5455 3.2355 -4.2954 -0.0000 -0.0000 0.0000 87.6991 -7.5489 38.5295 -17.4994 27.5114 -4.3155 0.0000 0.0000 7.6355 -30.7403 -47.4166 23.6476 7.1250 -0.0000 -0.0000 27.7561 -80.6955 -23.1140
-0.7206 17.5395 0.9359 -3.6310 -6.0712 14.7286 0.0000 0.0000 0.0000 -14.6008 -16.8362 -16.7021 1.9651 8.7929 25.1497 0.4226 11.4851 -21.2743 0.0135 -0.7489 -2.0581 0.0000 0.0000 0.0000 19.4829 20.7021 -17.3482 -1.9525 -8.7664 25.0673 -0.3428 -7.2556 -16.0323 -0.0523 1.4759 -4.0593 2.3938 -0.2875 -12.2578 1.5621 -0.7017 -5.3217 0.1817 -0.3740 1.2938 -8.7624 -5.6821 -14.0213 4.7023 -7.3512 28.5795 2.1666 -3.6852 12.2680 0.0000 -0.0000 0.0000 -86.3041 7.5255 39.6469 16.0264 -25.5565 -3.6574 -0.0000 0.0000 -8.9716 36.5169 -23.1393 -16.2229 -7.1250 0.0000 -0.0000 4.5114 2.0544 -4.3605 0.0000 -0.0000 0.0000 87.7409 -7.5390 38.4974 -17.5466 27.5727 -4.3373 0.0000 0.0000 7.7423 -30.8162 -47.0790 23.5965 7.1250 -0.0000 -0.0000 26.2232 -80.4732 -21.7039
-0.7202 17.5392 0.9386 -3.6410 -6.0853 14.7415 0.0000 0.0000 0.0000 -14.6031 -16.8034 -16.6884 1.9609 8.7842 25.1225 0.4232 11.4696 -21.2638 0.0154 -0.8014 -2.2025 0.0000 0.0000 0.0000 19.4958 20.6460 -17.3824 -1.9577 -8.7773 25.1012 -0.3413 -7.2473 -16.0045 -0.0564 1.5321 -4.2143 2.4509 -0.2611 -12.3386 1.5379 -0.6769 -5.2619 0.1268 -0.3613 1.3992 -8.2653 -5.4334 -14.2633 4.3655 -6.9983 28.6094 2.0063 -3.5114 12.2629 -0.0000 -0.0000 0.0000 -86.2570 7.4740 39.7120 16.1443 -25.7160 -3.7084 -0.0000 0.0000 -9.0813 36.4607 -23.6652 -16.5197 -7.1250 0.0000 -0.0000 4.3753 1.4669 -4.2744 -0.0000 -0.0000 0.0000 87.7851 -7.4670 38.4499 -17.5904 27.6295 -4.3576 0.0000 0.0000 7.8828 -30.9735 -46.6658 23.5855 7.1250 -0.0000 -0.0000 24.3373 -80.2195 -19.9996
-0.7205 17.5389 0.9403 -3.7649 -6.0424 14.7812 0.0000 0.0000 0.0000 -14.4563 -16.7468 -16.7237 1.9570 8.7758 25.0966 0.4284 11.3920 -21.2315 0.0186 -0.8812 -2.4220 0.0000 0.0000 0.0000 19.6300 20.6539 -17.4128 -1.9618 -8.7861 25.1284 -0.3401 -7.2737 -16.0139 -0.0540 1.4994 -4.1241 2.6033 -0.2409 -12.4140 1.5663 -0.6723 -5.2128 0.0704 -0.3593 1.4893 -7.5434 -5.2123 -14.5158 3.6998 -6.6450 28.5699 1.6831 -3.3547 12.2136 -0.0000 0.0000 0.0000 -86.2433 7.4147 39.6938 16.2711 -25.8868 -3.7635 -0.0000 0.0000 -8.8127 36.1226 -23.0659 -15.9570 -7.1250 0.0000 -0.0000 4.2884 2.2505 -4.1284 -0.0000 0.0000 0.0000 87.7952 -7.3126 38.4543 -17.5320 27.5538 -4.3306 0.0000 0.0000 7.8828 -31.1171 -46.2524 23.5605 7.1250 -0.0000 -0.0000 22.5667 -79.9498 -18.4058
-0.7205 17.5393 0.9423 -3.6898 -5.9385 14.7841 0.0000 0.0000 0.0000 -14.5201 -16.7290 -16.7610 1.9562 8.7743 25.0919 0.4277 11.3146 -21.1417 0.0207 -0.9298 -2.5557 0.0000 0.0000 0.0000 19.5644 20.5712 -17.4174 -1.9602 -8.7826 25.1176 -0.3430 -7.2980 -16.0753 -0.0524 1.4769 -4.0621 2.5456 -0.2833 -12.4586 1.5701 -0.7239 -5.1935 0.0994 -0.3838 1.5337 -7.1854 -4.9992 -14.6383 3.3528 -6.3174 28.5910 1.5409 -3.2116 12.1965 -0.0000 0.0000 0.0000 -86.2739 7.3560 39.7378 16.3592 -26.0052 -3.8021 -0.0000 0.0000 -8.6311 36.0103 -22.3458 -15.4472 -7.1250 0.0000 -0.0000 4.3563 3.1090 -4.1258 -0.0000 0.0000 0.0000 87.7406 -7.2282 38.5542 -17.4634 27.4647 -4.2989 0.0000 0.0000 7.8017 -31.4341 -45.6095 23.5943 7.1250 -0.0000 -0.0000 19.8303 -79.5516 -15.9928
-0.7203 17.5387 0.9449 -3.5665 -5.8215 14.7450 0.0000 0.0000 0.0000 -14.6409 -16.8312 -16.7220 1.9590 8.7802 25.1103 0.4238 11.3130 -21.1013 0.0203 -0.9207 -2.5307 0.0000 0.0000 0.0000 19.4635 20.4689 -17.3660 -1.9542 -8.7699 25.0782 -0.3454 -7.3193 -16.1273 -0.0467 1.3942 -3.8340 2.4464 -0.3391 -12.4547 1.5596 -0.7862 -5.1725 0.1359 -0.4133 1.5540 -7.1610 -4.8033 -14.6775 3.4019 -6.0521 28.6311 1.5962 -3.0836 12.2037 0.0000 -0.0000 0.0000 -86.3063 7.2693 39.7960 16.3779 -26.0304 -3.8103 -0.0000 0.0000 -8.5366 35.9330 -22.1987 -15.3138 -7.1250 0.0000 -0.0000 4.3367 3.2994 -4.0918 0.0000 -0.0000 0.0000 87.6921 -7.1947 38.6120 -17.4329 27.4249 -4.2848 0.0000 0.0000 7.7923 -31.8295 -44.9181 23.6679 7.1250 -0.0000 -0.0000 17.0084 -79.1223 -13.5508
-0.7193 17.5389 0.9467 -3.6301 -5.6588 14.7046 0.0000 0.0000 0.0000 -14.5563 -16.9377 -16.6622 1.9624 8.7873 25.1322 0.4240 11.2889 -21.0769 0.0187 -0.8836 -2.4287 0.0000 0.0000 0.0000 19.5761 20.4007 -17.2888 -1.9492 -8.7595 25.0457 -0.3413 -7.3874 -16.1395 -0.0432 1.3412 -3.6882 2.5684 -0.3544 -12.3892 1.5718 -0.8181 -5.1666 0.0762 -0.4307 1.5224 -7.1143 -4.6719 -14.6696 3.4164 -5.8793 28.6538 1.6211 -2.9995 12.1982 0.0000 -0.0000 0.0000 -86.3038 7.1813 39.8534 16.4016 -26.0621 -3.8207 -0.0000 0.0000 -8.3678 35.6945 -22.1659 -15.1659 -7.1250 0.0000 -0.0000 4.1978 3.4016 -3.9521 0.0000 -0.0000 0.0000 87.6982 -7.2624 38.5271 -17.4827 27.4897 -4.3078 0.0000 0.0000 7.9043 -31.8554 -44.5662 23.5588 7.1250 -0.0000 -0.0000 15.9693 -78.8239 -12.6203
-0.7176 17.5406 0.9478 -3.7535 -5.4912 14.6800 0.0000 0.0000 0.0000 -14.4140 -16.8885 -16.6746 1.9669 8.7969 25.1619 0.4337 11.1303 -21.0042 0.0146 -0.7807 -2.1456 0.0000 0.0000 0.0000 19.7531 20.2922 -17.2304 -1.9455 -8.7517 25.0216 -0.3397 -7.4251 -16.1543 -0.0463 1.3889 -3.8196 2.7507 -0.3525 -12.3195 1.6037 -0.8343 -5.1617 0.0053 -0.4409 1.4869 -7.0608 -4.5350 -14.6940 3.3866 -5.6845 28.6967 1.6310 -2.9100 12.2045 0.0000 0.0000 0.0000 -86.3006 7.0976 40.0930 16.4580 -26.1377 -3.8455 -0.0000 0.0000 -8.6767 36.1298 -23.0803 -15.9700 -7.1250 0.0000 -0.0000 4.2900 2.2319 -4.1314 0.0000 0.0000 0.0000 87.6932 -7.3263 38.4430 -17.5416 27.5663 -4.3350 0.0000 0.0000 7.9975 -31.7132 -44.3805 23.3737 7.1250 -0.0000 -0.0000 15.7227 -78.6019 -12.3533
-0.7178 17.5415 0.9492 -3.7857 -5.4728 14.6513 0.0000 0.0000 0.0000 -14.3914 -16.7676 -16.6939 1.9739 8.8114 25.2073 0.4552 10.9495 -21.0288 0.0115 -0.6931 -1.9047 0.0000 0.0000 0.0000 19.8085 20.3257 -17.1421 -1.9419 -8.7440 24.9976 -0.3389 -7.4749 -16.1920 -0.0478 1.4109 -3.8803 2.7917 -0.3218 -12.2621 1.6217 -0.7968 -5.1431 0.0064 -0.4224 1.4755 -7.0512 -4.3452 -14.6765 3.3943 -5.4114 28.6598 1.6750 -2.7855 12.1682 -0.0000 -0.0000 0.0000 -86.3264 7.0099 40.2455 16.5221 -26.2235 -3.8738 -0.0000 0.0000 -8.8099 36.2076 -23.6117 -16.3428 -7.1250 0.0000 -0.0000 4.2345 1.6009 -4.1259 -0.0000 -0.0000 0.0000 87.6780 -7.3436 38.3419 -17.5732 27.6072 -4.3496 0.0000 0.0000 8.1204 -31.7071 -44.3919 23.3730 7.1250 -0.0000 -0.0000 15.7640 -78.6096 -12.3884
-0.7197 17.5414 0.9493 -3.7113 -5.5605 14.6617 0.0000 0.0000 0.0000 -14.4779 -16.7014 -16.7381 1.9793 8.8229 25.2428 0.4729 10.8804 -21.1332 0.0157 -0.8083 -2.2214 0.0000 0.0000 0.0000 19.7020 20.5096 -17.1328 -1.9427 -8.7457 25.0031 -0.3289 -7.6124 -16.1970 -0.0483 1.4183 -3.9006 2.6974 -0.2720 -12.2340 1.6066 -0.7176 -5.1848 0.0545 -0.3828 1.4196 -7.0153 -4.1606 -14.4979 3.3251 -5.1411 28.5804 1.6872 -2.6711 12.0790 0.0000 -0.0000 0.0000 -86.3652 6.9637 40.1595 16.5816 -26.3030 -3.9001 -0.0000 0.0000 -8.3010 35.4754 -22.6378 -15.3390 -7.1250 0.0000 -0.0000 3.9779 2.9196 -3.7794 0.0000 -0.0000 0.0000 87.6692 -7.4942 38.2271 -17.6291 27.6796 -4.3756 0.0000 0.0000 8.2045 -31.6212 -44.6148 23.3855 7.1250 -0.0000 -0.0000 16.5217 -78.7718 -13.0431
-0.7218 17.5406 0.9479 -3.6645 -5.5578 14.7332 0.0000 0.0000 0.0000 -14.4900 -16.7085 -16.8489 1.9811 8.8267 25.2547 0.4846 10.8135 -21.1799 0.0200 -0.9124 -2.5078 0.0000 0.0000 0.0000 19.6174 20.6597 -17.2206 -1.9479 -8.7567 25.0372 -0.3144 -7.7951 -16.1888 -0.0505 1.4498 -3.9872 2.6468 -0.2598 -12.2516 1.6025 -0.6943 -5.2653 0.0821 -0.3719 1.3461 -6.9780 -4.0048 -14.3646 3.2509 -4.9120 28.5886 1.6901 -2.5755 12.0369 0.0000 -0.0000 0.0000 -86.4178 6.9817 40.0280 16.6928 -26.4510 -3.9495 -0.0000 0.0000 -7.8996 35.4731 -21.9794 -14.9333 -7.1250 0.0000 -0.0000 4.0968 3.6750 -3.8358 0.0000 -0.0000 0.0000 87.6606 -7.6909 38.1610 -17.7007 27.7722 -4.4089 0.0000 0.0000 8.1632 -31.3961 -44.9846 23.3372 7.1250 -0.0000 -0.0000 17.9708 -79.0026 -14.2814
-0.7230 17.5398 0.9497 -3.6479 -5.4903 14.7802 0.0000 0.0000 0.0000 -14.4723 -16.6981 -16.9379 1.9840 8.8327 25.2733 0.4967 10.6830 -21.1660 0.0162 -0.8229 -2.2617 0.0000 0.0000 0.0000 19.5979 20.6470 -17.2703 -1.9502 -8.7617 25.0525 -0.3157 -7.8192 -16.2298 -0.0498 1.4399 -3.9602 2.6549 -0.2666 -12.3452 1.5990 -0.7084 -5.2353 0.0712 -0.3780 1.4276 -6.9600 -3.8933 -14.5306 3.2622 -4.7469 28.6592 1.7143 -2.4963 12.0881 0.0000 -0.0000 0.0000 -86.4855 6.8969 40.0011 16.7904 -26.5807 -3.9931 -0.0000 0.0000 -8.1826 36.1766 -22.5883 -15.6891 -7.1250 0.0000 -0.0000 4.4115 2.7841 -4.2047 0.0000 -0.0000 0.0000 87.6724 -7.6398 38.1237 -17.6961 27.7663 -4.4068 0.0000 0.0000 8.1619 -31.2690 -45.2471 23.3282 7.1250 -0.0000 -0.0000 18.9773 -79.1759 -15.1555
-0.7233 17.5398 0.9544 -3.6342 -5.4500 14.7758 0.0000 0.0000 0.0000 -14.4895 -16.6325 -16.9740 1.9907 8.8467 25.3171 0.4977 10.6180 -21.1097 0.0158 -0.8108 -2.2283 0.0000 0.0000 0.0000 19.6011 20.5357 -17.2553 -1.9463 -8.7532 25.0264 -0.3225 -7.7489 -16.2476 -0.0478 1.4115 -3.8817 2.6947 -0.2537 -12.4978 1.5768 -0.7045 -5.1154 0.0245 -0.3736 1.6345 -6.9039 -3.8449 -14.8028 3.2418 -4.6636 28.6543 1.7058 -2.4515 12.1346 0.0000 -0.0000 0.0000 -86.5137 6.7107 40.3643 16.7488 -26.5254 -3.9745 -0.0000 0.0000 -9.2714 37.4301 -24.2556 -17.4546 -7.1250 0.0000 -0.0000 4.8332 0.5010 -4.8079 0.0000 -0.0000 0.0000 87.7061 -7.3953 38.1312 -17.5953 27.6359 -4.3599 0.0000 0.0000 8.1518 -31.2497 -45.2343 23.3078 7.1250 -0.0000 -0.0000 18.9717 -79.1570 -15.1438
-0.7230 17.5393 0.9589 -3.7355 -5.3831 14.7717 0.0000 0.0000 0.0000 -14.3851 -16.5563 -16.9962 1.9969 8.8596 25.3570 0.5013 10.5432 -21.0696 0.0193 -0.8976 -2.4671 0.0000 0.0000 0.0000 19.7325 20.4916 -17.1995 -1.9399 -8.7397 24.9843 -0.3206 -7.7706 -16.2456 -0.0466 1.3937 -3.8328 2.8463 -0.2235 -12.5724 1.5913 -0.6875 -5.0357 -0.0443 -0.3646 1.7563 -6.7919 -3.8431 -15.0879 3.0926 -4.6250 28.6956 1.6322 -2.4375 12.2003 -0.0000 0.0000 0.0000 -86.5008 6.5184 40.9656 16.6442 -26.3864 -3.9279 -0.0000 0.0000 -10.2017 38.7628 -25.1283 -18.8279 -7.1250 0.0000 -0.0000 5.4313 -0.9248 -5.5430 -0.0000 0.0000 0.0000 87.7267 -7.2073 38.1365 -17.5112 27.5268 -4.3210 0.0000 0.0000 8.0123 -31.3205 -45.3599 23.4111 7.1250 -0.0000 -0.0000 19.2355 -79.2934 -15.4090
-0.7221 17.5387 0.9632 -3.8275 -5.2864 14.7739 0.0000 0.0000 0.0000 -14.2817 -16.5302 -17.0091 2.0012 8.8686 25.3853 0.5092 10.4571 -21.0606 0.0196 -0.9039 -2.4844 0.0000 0.0000 0.0000 19.8504 20.4711 -17.1439 -1.9330 -8.7250 24.9389 -0.3196 -7.8198 -16.2807 -0.0493 1.4334 -3.9423 2.9702 -0.2083 -12.5490 1.6250 -0.6822 -5.0189 -0.0781 -0.3627 1.7599 -6.6802 -3.7816 -15.4375 2.9188 -4.4941 28.9439 1.5637 -2.3868 12.3566 0.0000 -0.0000 0.0000 -86.5029 6.3579 41.3995 16.6295 -26.3668 -3.9214 -0.0000 0.0000 -10.6134 39.2876 -24.7259 -18.8912 -7.1250 0.0000 -0.0000 5.8251 -0.6313 -5.9195 0.0000 -0.0000 0.0000 87.7107 -7.1653 38.1143 -17.5093 27.5242 -4.3201 0.0000 0.0000 7.8633 -31.4653 -45.7805 23.6814 7.1250 -0.0000 -0.0000 20.3390 -79.7082 -16.4708
-0.7219 17.5388 0.9665 -3.8015 -5.2534 14.7794 0.0000 0.0000 0.0000 -14.3056 -16.6237 -16.9950 2.0055 8.8775 25.4127 0.5020 10.5347 -21.0676 0.0170 -0.8408 -2.3108 0.0000 0.0000 0.0000 19.8207 20.5039 -17.1113 -1.9263 -8.7109 24.8952 -0.3141 -7.9169 -16.3066 -0.0528 1.4828 -4.0784 2.9630 -0.2054 -12.4714 1.6219 -0.6722 -5.0819 -0.0750 -0.3594 1.6524 -6.6048 -3.5390 -15.7754 3.0000 -4.1781 29.4489 1.6301 -2.2277 12.6116 0.0000 0.0000 0.0000 -86.5039 6.3816 41.6167 16.7113 -26.4756 -3.9578 -0.0000 0.0000 -10.8264 39.3110 -24.7540 -18.9245 -7.1250 0.0000 -0.0000 5.8326 -0.6716 -5.9312 0.0000 0.0000 0.0000 87.7185 -7.3227 38.0717 -17.5435 27.5687 -4.3359 0.0000 0.0000 7.8144 -31.5580 -45.9691 23.8255 7.1250 -0.0000 -0.0000 20.8173 -79.9041 -16.9433
-0.7242 17.5377 0.9688 -3.8484 -5.2909 14.7555 0.0000 0.0000 0.0000 -14.2527 -16.6980 -16.9382 2.0057 8.8780 25.4146 0.4923 10.6601 -21.0990 0.0154 -0.8001 -2.1989 0.0000 0.0000 0.0000 19.8826 20.6303 -17.0279 -1.9248 -8.7076 24.8850 -0.3062 -8.0336 -16.3226 -0.0475 1.4063 -3.8675 3.0124 -0.1721 -12.4155 1.6131 -0.6309 -5.0909 -0.1060 -0.3400 1.6129 -6.5897 -3.1693 -16.1692 3.4898 -3.7890 30.0495 1.8809 -1.9898 12.9258 -0.0000 0.0000 0.0000 -86.4571 6.3355 41.7579 16.7722 -26.5565 -3.9850 -0.0000 0.0000 -10.8650 39.3036 -25.3944 -19.3437 -7.1250 0.0000 -0.0000 5.6871 -1.4110 -5.8541 -0.0000 0.0000 0.0000 87.7728 -7.3803 38.0768 -17.5129 27.5289 -4.3217 0.0000 0.0000 7.7494 -31.6035 -45.6546 23.7503 7.1250 -0.0000 -0.0000 19.6813 -79.6605 -15.9139
-0.7271 17.5353 0.9720 -3.8956 -5.3815 14.6918 0.0000 0.0000 0.0000 -14.2261 -16.6662 -16.8367 2.0029 8.8721 25.3961 0.4901 10.7281 -21.1473 0.0154 -0.8010 -2.2014 0.0000 0.0000 0.0000 19.9650 20.6984 -16.9175 -1.9275 -8.7134 24.9029 -0.3065 -8.0413 -16.3342 -0.0457 1.3804 -3.7961 3.0535 -0.1100 -12.3973 1.6056 -0.5541 -5.0349 -0.1267 -0.3011 1.6627 -6.3860 -3.3100 -15.6554 2.9181 -3.8906 29.4516 1.6085 -2.0872 12.5618 0.0000 -0.0000 0.0000 -86.4298 6.2530 41.9241 16.9007 -26.7267 -4.0426 -0.0000 0.0000 -11.0495 39.4344 -25.8714 -19.7412 -7.1250 0.0000 -0.0000 5.6559 -2.0059 -5.8788 0.0000 -0.0000 0.0000 87.8127 -7.3097 38.0684 -17.4683 27.4710 -4.3012 0.0000 0.0000 7.6962 -31.4769 -45.3176 23.5243 7.1250 -0.0000 -0.0000 18.8314 -79.3219 -15.0927
-0.7285 17.5349 0.9759 -3.7944 -5.4253 14.6833 0.0000 0.0000 0.0000 -14.3515 -16.6874 -16.7970 2.0011 8.8683 25.3841 0.4930 10.7570 -21.2049 0.0170 -0.8412 -2.3120 0.0000 0.0000 0.0000 19.8579 20.6933 -16.9200 -1.9304 -8.7196 24.9222 -0.3050 -8.0571 -16.3315 -0.0554 1.5190 -4.1780 2.9382 -0.0747 -12.3258 1.5759 -0.4887 -5.0868 -0.0834 -0.2689 1.5725 -6.4713 -3.1495 -16.1016 3.2537 -3.7227 30.0482 1.7800 -1.9786 12.8991 0.0000 -0.0000 0.0000 -86.4611 6.3374 42.0807 17.0471 -26.9198 -4.1086 -0.0000 0.0000 -11.2736 39.4380 -25.7312 -19.6515 -7.1250 0.0000 -0.0000 5.6896 -1.8454 -5.8987 0.0000 -0.0000 0.0000 87.8424 -7.4052 37.9697 -17.4718 27.4755 -4.3027 0.0000 0.0000 7.7073 -31.1824 -45.2511 23.2586 7.1250 -0.0000 -0.0000 19.1390 -79.1435 -15.2736
-0.7310 17.5354 0.9787 -3.7829 -5.3580 14.7005 0.0000 0.0000 0.0000 -14.3432 -16.6450 -16.8313 1.9975 8.8609 25.3611 0.5013 10.6708 -21.1994 0.0204 -0.9229 -2.5368 0.0000 0.0000 0.0000 19.8545 20.7753 -16.9121 -1.9335 -8.7262 24.9426 -0.2928 -8.2065 -16.3260 -0.0620 1.6070 -4.4208 2.9053 -0.0782 -12.2458 1.5775 -0.4847 -5.1368 -0.0621 -0.2679 1.4775 -6.3618 -3.2464 -15.7469 2.8443 -3.7775 29.6011 1.5939 -2.0440 12.6333 -0.0000 -0.0000 0.0000 -86.4993 6.3351 42.1139 17.0719 -26.9525 -4.1199 -0.0000 0.0000 -11.2007 39.1896 -25.3559 -19.2459 -7.1250 0.0000 -0.0000 5.6296 -1.3285 -5.7863 -0.0000 -0.0000 0.0000 87.8688 -7.5509 37.9322 -17.5728 27.6067 -4.3495 0.0000 0.0000 7.6164 -30.9174 -45.6780 23.1936 7.1250 -0.0000 -0.0000 20.9383 -79.3935 -16.8312
-0.7334 17.5352 0.9844 -3.8436 -5.3489 14.6995 0.0000 0.0000 0.0000 -14.2845 -16.4836 -16.8261 1.9902 8.8457 25.3139 0.5072 10.5648 -21.1499 0.0227 -0.9718 -2.6711 0.0000 0.0000 0.0000 19.9292 20.8453 -16.8790 -1.9382 -8.7362 24.9736 -0.2922 -8.2362 -16.3482 -0.0560 1.5269 -4.1998 2.9363 -0.0601 -12.2513 1.6106 -0.4656 -5.1234 -0.0428 -0.2582 1.4947 -6.3714 -3.0403 -15.9066 3.0654 -3.5361 29.7540 1.7189 -1.9083 12.7191 -0.0000 0.0000 0.0000 -86.5524 6.2064 42.1699 17.0698 -26.9497 -4.1189 -0.0000 0.0000 -11.2338 39.0030 -25.2946 -19.0875 -7.1250 0.0000 -0.0000 5.5347 -1.1957 -5.6753 -0.0000 0.0000 0.0000 87.8614 -7.6198 37.9186 -17.6921 27.7611 -4.4049 0.0000 0.0000 7.4950 -30.9379 -46.2509 23.4117 7.1250 -0.0000 -0.0000 22.8608 -79.8726 -18.6143
-0.7341 17.5360 0.9911 -3.7872 -5.4371 14.6870 0.0000 0.0000 0.0000 -14.3834 -16.4762 -16.7237 1.9813 8.8271 25.2559 0.5003 10.6192 -21.1369 0.0199 -0.9099 -2.5010 0.0000 0.0000 0.0000 19.8598 20.8460 -16.8792 -1.9446 -8.7497 25.0154 -0.3037 -8.1741 -16.4343 -0.0542 1.5030 -4.1339 2.8796 -0.0123 -12.3890 1.5890 -0.4037 -5.0379 -0.0258 -0.2243 1.6603 -6.3239 -2.8552 -16.1704 3.1943 -3.3076 29.9867 1.7974 -1.7838 12.8574 -0.0000 0.0000 0.0000 -86.5729 5.9635 42.3012 17.1149 -27.0090 -4.1394 -0.0000 0.0000 -11.4854 38.8009 -25.0555 -18.8042 -7.1250 0.0000 -0.0000 5.4693 -0.8532 -5.5754 -0.0000 0.0000 0.0000 87.8893 -7.5016 37.7836 -17.6378 27.6909 -4.3796 0.0000 0.0000 7.5872 -31.0445 -46.0269 23.4213 7.1250 -0.0000 -0.0000 21.8952 -79.7353 -17.7586
-0.7350 17.5366 0.9958 -3.6837 -5.4843 14.6861 0.0000 0.0000 0.0000 -14.5114 -16.5881 -16.6207 1.9700 8.8033 25.1819 0.4901 10.7314 -21.1499 0.0167 -0.8347 -2.2940 0.0000 0.0000 0.0000 19.7493 20.8152 -16.9102 -1.9535 -8.7686 25.0742 -0.3103 -8.1760 -16.5211 -0.0620 1.6070 -4.4207 2.8044 0.0109 -12.5649 1.5310 -0.3724 -4.9508 -0.0403 -0.2057 1.8474 -6.2599 -2.7610 -16.2467 3.1753 -3.1787 30.0566 1.8000 -1.7217 12.8926 -0.0000 -0.0000 0.0000 -86.5645 5.8168 42.2891 17.2341 -27.1654 -4.1937 -0.0000 0.0000 -11.5300 38.5808 -24.7369 -18.4598 -7.1250 0.0000 -0.0000 5.4095 -0.4140 -5.4728 -0.0000 -0.0000 0.0000 87.9550 -7.3546 37.6608 -17.5560 27.5848 -4.3417 0.0000 0.0000 7.7661 -30.9969 -45.5762 23.2228 7.1250 -0.0000 -0.0000 20.4746 -79.3416 -16.4328
-0.7353 17.5360 1.0016 -3.5651 -5.4171 14.7380 0.0000 0.0000 0.0000 -14.6292 -16.6290 -16.6171 1.9550 8.7718 25.0840 0.4920 10.6720 -21.1084 0.0164 -0.8279 -2.2755 0.0000 0.0000 0.0000 19.6203 20.6518 -17.0359 -1.9642 -8.7912 25.1443 -0.3115 -8.1512 -16.5105 -0.0678 1.6805 -4.6234 2.6937 -0.0155 -12.6413 1.5064 -0.3952 -5.0056 -0.0069 -0.2168 1.8318 -6.3260 -2.7094 -16.1725 3.2109 -3.1023 30.1720 1.8394 -1.6928 12.9221 -0.0000 0.0000 0.0000 -86.6251 5.9412 42.2007 17.3785 -27.3540 -4.2598 -0.0000 0.0000 -11.3610 38.6092 -24.8940 -18.5797 -7.1250 0.0000 -0.0000 5.3923 -0.6044 -5.4731 -0.0000 0.0000 0.0000 87.9559 -7.4540 37.5921 -17.6139 27.6600 -4.3685 0.0000 0.0000 7.8801 -30.8004 -45.8546 23.1596 7.1250 -0.0000 -0.0000 21.7186 -79.4910 -17.5086
-0.7346 17.5355 1.0108 -3.4563 -5.3370 14.7529 0.0000 0.0000 0.0000 -14.7512 -16.6910 -16.5496 1.9412 8.7425 24.9932 0.4898 10.6302 -21.0438 0.0156 -0.8070 -2.2180 0.0000 0.0000 0.0000 19.5121 20.4420 -17.1081 -1.9719 -8.8074 25.1946 -0.3202 -8.0415 -16.5109 -0.0675 1.6768 -4.6133 2.5843 -0.0461 -12.6601 1.5093 -0.4214 -5.0811 0.0542 -0.2299 1.7638 -6.3743 -2.6853 -16.0924 3.1459 -3.0396 30.3004 1.8345 -1.6816 12.9550 0.0000 0.0000 0.0000 -86.7136 6.1056 42.2208 17.4831 -27.4903 -4.3080 -0.0000 0.0000 -11.1938 38.8300 -25.2956 -18.9790 -7.1250 0.0000 -0.0000 5.4338 -1.1398 -5.5658 0.0000 0.0000 0.0000 87.9060 -7.6299 37.5414 -17.6852 27.7522 -4.4017 0.0000 0.0000 7.9280 -30.5207 -46.1455 23.0309 7.1250 -0.0000 -0.0000 23.1740 -79.6110 -18.7536
-0.7336 17.5363 1.0240 -3.3990 -5.3056 14.7067 0.0000 0.0000 0.0000 -14.8482 -16.7792 -16.3688 1.9304 8.7196 24.9222 0.4813 10.7412 -21.0734 0.0160 -0.8165 -2.2440 0.0000 0.0000 0.0000 19.4673 20.3525 -17.0488 -1.9752 -8.8143 25.2161 -0.3385 -7.9208 -16.6238 -0.0579 1.5525 -4.2704 2.5721 -0.0480 -12.7405 1.4912 -0.4253 -5.0734 0.0413 -0.2313 1.8151 -6.3119 -2.6303 -16.0839 3.0412 -2.9464 30.3923 1.7989 -1.6482 12.9828 -0.0000 -0.0000 0.0000 -86.7245 6.0908 42.2478 17.5805 -27.6166 -4.3530 -0.0000 0.0000 -11.0076 38.4193 -25.0146 -18.5404 -7.1250 0.0000 -0.0000 5.2554 -0.6824 -5.3400 -0.0000 -0.0000 0.0000 87.8940 -7.7265 37.5475 -17.7161 27.7921 -4.4161 0.0000 0.0000 7.8867 -30.4956 -45.8100 22.8938 7.1250 -0.0000 -0.0000 22.0748 -79.3269 -17.7278
-0.7341 17.5372 1.0321 -3.4067 -5.1937 14.6993 0.0000 0.0000 0.0000 -14.8348 -16.8143 -16.3015 1.9232 8.7042 24.8743 0.4799 10.7648 -21.0835 0.0205 -0.9246 -2.5413 0.0000 0.0000 0.0000 19.4941 20.3823 -16.9853 -1.9735 -8.8106 25.2048 -0.3403 -8.0085 -16.7330 -0.0514 1.4632 -4.0243 2.6328 -0.0577 -12.8710 1.4714 -0.4508 -5.0222 -0.0176 -0.2431 1.9379 -6.2432 -2.5940 -16.1610 2.9870 -2.8917 30.4472 1.7749 -1.6231 13.0166 0.0000 -0.0000 0.0000 -86.6923 5.9376 42.0976 17.7639 -27.8538 -4.4384 -0.0000 0.0000 -10.7769 37.2153 -23.8575 -17.0756 -7.1250 0.0000 -0.0000 4.7867 1.0238 -4.7170 0.0000 -0.0000 0.0000 87.9403 -7.7073 37.4754 -17.7338 27.8149 -4.4243 0.0000 0.0000 7.9633 -30.5715 -45.5581 22.8678 7.1250 -0.0000 -0.0000 21.1316 -79.1498 -16.8860
-0.7350 17.5367 1.0359 -3.4285 -5.0403 14.7647 0.0000 0.0000 0.0000 -14.7648 -16.8498 -16.3760 1.9194 8.6962 24.8496 0.4752 10.7070 -20.9773 0.0248 -1.0173 -2.7965 0.0000 0.0000 0.0000 19.5332 20.3193 -17.0152 -1.9678 -8.7987 25.1677 -0.3357 -8.1253 -16.7918 -0.0583 1.5581 -4.2858 2.6809 -0.0839 -12.9930 1.4852 -0.4968 -5.0052 -0.0374 -0.2653 2.0202 -6.3056 -2.5936 -16.2445 3.0073 -2.8735 30.5179 1.7968 -1.6195 13.0646 0.0000 -0.0000 0.0000 -86.7089 5.8576 42.0463 17.9184 -28.0525 -4.5108 -0.0000 0.0000 -10.7218 36.6280 -23.3279 -16.4039 -7.1250 0.0000 -0.0000 4.5414 1.8056 -4.4100 0.0000 -0.0000 0.0000 87.9473 -7.6328 37.4019 -17.7106 27.7851 -4.4135 0.0000 0.0000 8.1362 -30.6294 -45.8139 23.0050 7.1250 -0.0000 -0.0000 21.8668 -79.3860 -17.5842
-0.7341 17.5362 1.0455 -3.4582 -4.9840 14.8237 0.0000 0.0000 0.0000 -14.7264 -16.8942 -16.3950 1.9185 8.6943 24.8436 0.4679 10.7382 -20.9358 0.0234 -0.9878 -2.7152 0.0000 0.0000 0.0000 19.5690 20.1443 -17.0583 -1.9612 -8.7848 25.1245 -0.3437 -8.0500 -16.8175 -0.0616 1.6018 -4.4064 2.7584 -0.0813 -13.0336 1.5050 -0.5036 -5.0583 -0.0613 -0.2700 1.9857 -6.3241 -2.5752 -16.3471 2.9221 -2.8085 30.6870 1.7784 -1.6056 13.1531 -0.0000 -0.0000 0.0000 -86.7585 5.9140 42.1884 17.9808 -28.1326 -4.5402 -0.0000 0.0000 -10.8733 36.7946 -23.5549 -16.6415 -7.1250 0.0000 -0.0000 4.5964 1.4962 -4.4894 -0.0000 -0.0000 0.0000 87.9109 -7.7343 37.3708 -17.7267 27.8058 -4.4210 0.0000 0.0000 8.2224 -30.7267 -46.1262 23.1939 7.1250 -0.0000 -0.0000 22.7691 -79.6822 -18.4533
-0.7350 17.5366 1.0564 -3.4792 -5.0029 14.8529 0.0000 0.0000 0.0000 -14.7154 -16.9239 -16.3584 1.9192 8.6957 24.8480 0.4792 10.7381 -21.0487 0.0193 -0.8963 -2.4636 0.0000 0.0000 0.0000 19.5937 20.0509 -17.0594 -1.9562 -8.7743 25.0919 -0.3546 -7.9154 -16.8206 -0.0548 1.5101 -4.1537 2.7887 -0.0598 -12.9846 1.5188 -0.4749 -5.1514 -0.0593 -0.2579 1.8623 -6.2075 -2.5029 -16.4453 2.7243 -2.6697 30.8805 1.7046 -1.5591 13.2427 0.0000 -0.0000 0.0000 -86.7983 6.0724 42.2573 18.1059 -28.2926 -4.5993 -0.0000 0.0000 -10.9413 36.7655 -23.1843 -16.3912 -7.1250 0.0000 -0.0000 4.6518 1.9311 -4.5074 0.0000 -0.0000 0.0000 87.8966 -7.9845 37.2776 -17.8040 27.9054 -4.4571 0.0000 0.0000 8.2095 -30.7961 -46.4647 23.3687 7.1250 -0.0000 -0.0000 23.8712 -79.9841 -19.5012
-0.7376 17.5365 1.0598 -3.4566 -5.0188 14.8853 0.0000 0.0000 0.0000 -14.7262 -16.9382 -16.3718 1.9207 8.6990 24.8582 0.5044 10.6063 -21.1640 0.0168 -0.8368 -2.3000 0.0000 0.0000 0.0000 19.5695 20.0610 -17.0636 -1.9518 -8.7650 25.0628 -0.3536 -7.9233 -16.8154 -0.0568 1.5373 -4.2285 2.7250 -0.0644 -12.9130 1.5381 -0.4688 -5.2323 -0.0021 -0.2560 1.7400 -6.1887 -2.4237 -16.4168 2.6465 -2.5365 30.9691 1.6936 -1.5103 13.2651 0.0000 -0.0000 0.0000 -86.8134 6.2318 42.4671 18.2118 -28.4276 -4.6496 -0.0000 0.0000 -11.1452 37.0323 -22.9077 -16.3656 -7.1250 0.0000 -0.0000 4.8659 2.1732 -4.6950 0.0000 -0.0000 0.0000 87.8588 -8.0792 37.2953 -17.7967 27.8961 -4.4537 0.0000 0.0000 8.0798 -30.8647 -46.7036 23.5081 7.1250 -0.0000 -0.0000 24.6590 -80.2026 -20.2599
-0.7369 17.5364 1.0583 -3.4483 -4.9730 14.9256 0.0000 0.0000 0.0000 -14.7170 -16.9885 -16.4188 1.9239 8.7057 24.8790 0.5071 10.5790 -21.1635 0.0201 -0.9161 -2.5179 0.0000 0.0000 0.0000 19.5488 20.0028 -17.1109 -1.9463 -8.7532 25.0264 -0.3501 -7.9574 -16.8059 -0.0604 1.5862 -4.3634 2.7426 -0.0878 -12.9229 1.5554 -0.5029 -5.2258 0.0012 -0.2728 1.7515 -6.2188 -2.3731 -16.4558 2.6033 -2.4352 30.9952 1.6984 -1.4753 13.2790 -0.0000 0.0000 0.0000 -86.8297 6.2112 42.8460 18.2186 -28.4361 -4.6528 -0.0000 0.0000 -11.7972 37.5967 -23.1472 -16.8404 -7.1250 0.0000 -0.0000 5.1567 1.7305 -5.0192 -0.0000 0.0000 0.0000 87.7779 -7.9866 37.4626 -17.7627 27.8523 -4.4378 0.0000 0.0000 7.9454 -31.0542 -46.2973 23.5242 7.1250 -0.0000 -0.0000 22.8333 -79.9594 -18.6305
-0.7349 17.5365 1.0603 -3.4912 -4.9533 14.9534 0.0000 0.0000 0.0000 -14.6769 -17.0363 -16.4359 1.9290 8.7167 24.9131 0.4907 10.7124 -21.1370 0.0258 -1.0370 -2.8505 0.0000 0.0000 0.0000 19.5819 19.9363 -17.1331 -1.9405 -8.7411 24.9887 -0.3548 -7.8813 -16.7889 -0.0580 1.5534 -4.2728 2.8359 -0.0797 -12.9831 1.5707 -0.5075 -5.1822 -0.0364 -0.2748 1.8285 -6.2175 -2.3477 -16.5118 2.5452 -2.3736 30.9710 1.6848 -1.4551 13.2769 -0.0000 0.0000 0.0000 -86.8703 6.0742 42.8799 18.2505 -28.4768 -4.6681 -0.0000 0.0000 -11.9699 37.3517 -22.7271 -16.4290 -7.1250 0.0000 -0.0000 5.0932 2.2896 -4.9053 -0.0000 0.0000 0.0000 87.6945 -7.9364 37.6275 -17.7980 27.8977 -4.4543 0.0000 0.0000 7.8556 -31.3269 -45.5628 23.4893 7.1250 -0.0000 -0.0000 19.8656 -79.4676 -15.9884
-0.7376 17.5347 1.0621 -3.5800 -4.9907 14.9509 0.0000 0.0000 0.0000 -14.5746 -17.0401 -16.4466 1.9377 8.7351 24.9701 0.4744 10.8686 -21.1356 0.0272 -1.0652 -2.9282 0.0000 0.0000 0.0000 19.6889 20.0340 -17.0700 -1.9342 -8.7277 24.9473 -0.3491 -7.8991 -16.7353 -0.0572 1.5436 -4.2459 2.8985 -0.0496 -12.9519 1.5932 -0.4747 -5.1773 -0.0435 -0.2591 1.8168 -6.1876 -2.3481 -16.5506 2.4757 -2.3574 30.9808 1.6548 -1.4536 13.2872 0.0000 0.0000 0.0000 -86.8872 5.9917 42.6167 18.3213 -28.5666 -4.7019 -0.0000 0.0000 -11.4472 36.5212 -22.1213 -15.5818 -7.1250 0.0000 -0.0000 4.7083 3.2273 -4.4511 0.0000 0.0000 0.0000 87.6780 -7.8191 37.7317 -17.6577 27.7167 -4.3889 0.0000 0.0000 7.7479 -31.4365 -45.2711 23.4743 7.1250 -0.0000 -0.0000 18.7586 -79.2655 -15.0126
-0.7386 17.5337 1.0630 -3.6434 -4.9789 14.9494 0.0000 0.0000 0.0000 -14.4947 -17.0609 -16.4727 1.9480 8.7570 25.0381 0.4740 10.9274 -21.1928 0.0268 -1.0560 -2.9029 0.0000 0.0000 0.0000 19.7713 20.0105 -17.0447 -1.9276 -8.7137 24.9036 -0.3472 -7.8921 -16.7052 -0.0572 1.5436 -4.2461 2.9719 -0.0306 -13.0416 1.5966 -0.4649 -5.0920 -0.0804 -0.2526 1.9539 -6.0748 -2.3577 -16.8095 2.3339 -2.3416 31.0479 1.5812 -1.4516 13.3672 -0.0000 0.0000 0.0000 -86.8856 5.8484 42.4348 18.4016 -28.6683 -4.7403 -0.0000 0.0000 -11.1218 36.1648 -22.0694 -15.3570 -7.1250 0.0000 -0.0000 4.5016 3.3853 -4.2413 -0.0000 0.0000 0.0000 87.7197 -7.4927 37.7336 -17.3940 27.3742 -4.2669 0.0000 0.0000 7.7038 -31.6388 -45.1200 23.5855 7.1250 -0.0000 -0.0000 17.9443 -79.2192 -14.3381
-0.7382 17.5339 1.0664 -3.7064 -4.9930 14.9651 0.0000 0.0000 0.0000 -14.4314 -17.0874 -16.4815 1.9559 8.7736 25.0898 0.4868 10.9210 -21.3126 0.0237 -0.9943 -2.7332 0.0000 0.0000 0.0000 19.8437 19.9265 -17.0432 -1.9228 -8.7033 24.8715 -0.3508 -7.8389 -16.6974 -0.0599 1.5789 -4.3431 3.0561 -0.0093 -13.1315 1.6085 -0.4525 -5.0552 -0.1141 -0.2458 2.0403 -6.0391 -2.3095 -16.8689 2.3178 -2.2717 31.0272 1.5798 -1.4180 13.3665 -0.0000 -0.0000 0.0000 -86.9267 5.8205 42.3108 18.4964 -28.7882 -4.7859 -0.0000 0.0000 -11.0440 36.3202 -21.8760 -15.3178 -7.1250 0.0000 -0.0000 4.6321 3.5662 -4.3495 -0.0000 -0.0000 0.0000 87.7204 -7.4718 37.7024 -17.3884 27.3670 -4.2644 0.0000 0.0000 7.7731 -31.9671 -44.7036 23.7013 7.1250 -0.0000 -0.0000 16.1485 -78.9904 -12.8174
-0.7416 17.5331 1.0681 -3.7854 -4.9871 14.9630 0.0000 0.0000 0.0000 -14.3256 -17.1376 -16.4814 1.9636 8.7899 25.1404 0.5004 10.9062 -21.4311 0.0192 -0.8935 -2.4559 0.0000 0.0000 0.0000 19.9588 20.0239 -16.9515 -1.9171 -8.6911 24.8338 -0.3393 -7.9719 -16.6837 -0.0627 1.6154 -4.4438 3.0914 -0.0028 -12.9948 1.6405 -0.4401 -5.1557 -0.0980 -0.2427 1.8616 -6.0815 -2.2499 -16.5852 2.3676 -2.2059 30.9252 1.6179 -1.3879 13.2597 0.0000 -0.0000 0.0000 -86.9812 5.9925 42.2490 18.5486 -28.8539 -4.8111 -0.0000 0.0000 -10.9646 36.4845 -21.9006 -15.4214 -7.1250 0.0000 -0.0000 4.7274 3.4928 -4.4461 0.0000 -0.0000 0.0000 87.6987 -7.7784 37.6383 -17.5549 27.5835 -4.3412 0.0000 0.0000 7.9344 -31.9319 -44.7368 23.6848 7.1250 -0.0000 -0.0000 16.3058 -79.0054 -12.9481
-0.7423 17.5332 1.0695 -3.7565 -4.8658 14.8948 0.0000 0.0000 0.0000 -14.3505 -17.2058 -16.4298 1.9726 8.8088 25.1990 0.5174 10.7938 -21.4816 0.0154 -0.8012 -2.2020 0.0000 0.0000 0.0000 19.9692 20.0281 -16.8269 -1.9104 -8.6768 24.7896 -0.3378 -8.0631 -16.7564 -0.0594 1.5729 -4.3267 3.0868 -0.0211 -12.8571 1.6198 -0.4563 -5.1661 -0.1187 -0.2519 1.7759 -6.0459 -2.2566 -16.5442 2.3076 -2.2094 30.9187 1.5878 -1.3934 13.2471 0.0000 -0.0000 0.0000 -86.9919 6.0163 42.2514 18.5386 -28.8413 -4.8062 -0.0000 0.0000 -10.8365 36.5576 -22.4463 -15.8081 -7.1250 0.0000 -0.0000 4.6688 2.8415 -4.4467 0.0000 -0.0000 0.0000 87.7355 -7.7916 37.4858 -17.5363 27.5593 -4.3326 0.0000 0.0000 8.1505 -31.6605 -45.1665 23.6203 7.1250 -0.0000 -0.0000 18.0458 -79.2683 -14.4378
-0.7420 17.5376 1.0722 -3.7546 -4.7389 14.8840 0.0000 0.0000 0.0000 -14.3305 -17.2493 -16.4673 1.9787 8.8216 25.2389 0.5265 10.6610 -21.4362 0.0069 -0.5372 -1.4762 0.0000 0.0000 0.0000 19.9795 19.9682 -16.8098 -1.9075 -8.6707 24.7705 -0.3460 -8.0546 -16.8498 -0.0562 1.5302 -4.2090 3.1509 -0.0329 -12.7417 1.5883 -0.4727 -5.1820 -0.1893 -0.2620 1.6956 -6.0043 -2.2497 -16.6931 2.2970 -2.1991 31.0158 1.5784 -1.3856 13.3188 0.0000 -0.0000 0.0000 -86.9690 6.0292 42.2352 18.5391 -28.8420 -4.8065 -0.0000 0.0000 -10.7240 36.7193 -22.9118 -16.1928 -7.1250 0.0000 -0.0000 4.6770 2.2584 -4.5043 0.0000 -0.0000 0.0000 87.8215 -7.6738 37.3448 -17.3738 27.3479 -4.2576 0.0000 0.0000 8.3386 -31.4479 -45.3530 23.5133 7.1250 -0.0000 -0.0000 18.9917 -79.3402 -15.2294
-0.7445 17.5397 1.0740 -3.8298 -4.6628 14.9795 0.0000 0.0000 0.0000 -14.1833 -17.2244 -16.6590 1.9830 8.8305 25.2666 0.5248 10.6270 -21.3854 0.0001 0.0629 0.1729 0.0000 0.0000 0.0000 20.0503 20.0335 -16.8741 -1.9076 -8.6709 24.7711 -0.3434 -8.1203 -16.8834 -0.0555 1.5201 -4.1812 3.2238 -0.0401 -12.6297 1.5998 -0.4821 -5.3079 -0.2186 -0.2710 1.5024 -6.0615 -2.2158 -16.6456 2.4207 -2.1764 31.0554 1.6415 -1.3665 13.3262 0.0000 -0.0000 0.0000 -86.9504 6.2166 42.2558 18.5590 -28.8670 -4.8161 -0.0000 0.0000 -10.6346 36.9971 -23.1467 -16.4983 -7.1250 0.0000 -0.0000 4.7979 1.9073 -4.6521 0.0000 -0.0000 0.0000 87.8647 -7.7491 37.3064 -17.2634 27.2037 -4.2071 0.0000 0.0000 8.4481 -31.3322 -45.2872 23.3945 7.1250 -0.0000 -0.0000 18.9905 -79.2363 -15.1891
-0.7488 17.5344 1.0733 -3.8373 -4.6725 15.0252 0.0000 0.0000 0.0000 -14.1431 -17.0786 -16.7757 1.9872 8.8393 25.2940 0.5248 10.5871 -21.3453 0.0107 -0.6689 -1.8382 0.0000 0.0000 0.0000 20.0491 20.2126 -16.8900 -1.9100 -8.6761 24.7872 -0.3396 -8.2114 -16.9272 -0.0503 1.4474 -3.9807 3.1593 -0.0448 -12.5384 1.6173 -0.4748 -5.3872 -0.1624 -0.2686 1.3714 -6.1779 -2.2048 -16.5160 2.5783 -2.1843 30.9855 1.7223 -1.3623 13.2724 -0.0000 -0.0000 0.0000 -86.9358 6.3070 42.3397 18.5426 -28.8463 -4.8081 -0.0000 0.0000 -10.6364 36.9941 -23.0338 -16.4246 -7.1250 0.0000 -0.0000 4.8183 2.0386 -4.6605 -0.0000 -0.0000 0.0000 87.8376 -7.8471 37.3700 -17.2637 27.2041 -4.2072 0.0000 0.0000 8.3563 -31.1817 -45.5507 23.3655 7.1250 -0.0000 -0.0000 20.0772 -79.3971 -16.1323
-0.7517 17.5298 1.0740 -3.8353 -4.6602 14.9999 0.0000 0.0000 0.0000 -14.1491 -16.9589 -16.7483 1.9870 8.8389 25.2928 0.5359 10.4313 -21.2972 0.0198 -0.9081 -2.4959 0.0000 0.0000 0.0000 20.0642 20.2450 -16.8941 -1.9184 -8.6940 24.8428 -0.3420 -8.2292 -16.9747 -0.0484 1.4198 -3.9047 3.1286 -0.0422 -12.4477 1.6123 -0.4645 -5.3512 -0.1488 -0.2629 1.3606 -6.2123 -2.2132 -16.6387 2.6464 -2.1982 30.9476 1.7519 -1.3616 13.2848 -0.0000 0.0000 0.0000 -86.8924 6.1886 42.4537 18.5258 -28.8252 -4.8001 -0.0000 0.0000 -10.7552 36.8703 -23.1264 -16.4137 -7.1250 0.0000 -0.0000 4.7259 1.9676 -4.5766 -0.0000 0.0000 0.0000 87.8298 -7.8505 37.3876 -17.3736 27.3477 -4.2576 0.0000 0.0000 8.2612 -31.0666 -45.9396 23.4087 7.1250 -0.0000 -0.0000 21.5583 -79.6728 -17.4552
-0.7517 17.5289 1.0765 -3.7972 -4.6306 14.9804 0.0000 0.0000 0.0000 -14.2024 -16.9688 -16.6780 1.9804 8.8251 25.2497 0.5396 10.3536 -21.2563 0.0196 -0.9043 -2.4856 0.0000 0.0000 0.0000 20.0308 20.1669 -16.9574 -1.9343 -8.7278 24.9475 -0.3470 -8.1880 -16.9955 -0.0489 1.4268 -3.9239 3.1191 -0.0406 -12.4237 1.5824 -0.4607 -5.3078 -0.1740 -0.2604 1.3930 -6.1726 -2.1966 -16.7359 2.6431 -2.1777 30.9539 1.7468 -1.3476 13.3064 0.0000 -0.0000 0.0000 -86.8623 6.1399 42.6681 18.4572 -28.7386 -4.7670 -0.0000 0.0000 -10.9139 37.4922 -23.9355 -17.2873 -7.1250 0.0000 -0.0000 4.9354 0.8507 -4.8798 0.0000 -0.0000 0.0000 87.8476 -7.8727 37.3434 -17.4821 27.4889 -4.3075 0.0000 0.0000 8.3280 -31.1444 -45.8322 23.4350 7.1250 -0.0000 -0.0000 21.0633 -79.6167 -17.0262
-0.7533 17.5291 1.0750 -3.7011 -4.6846 14.9845 0.0000 0.0000 0.0000 -14.3033 -17.0544 -16.6417 1.9740 8.8118 25.2082 0.5269 10.4575 -21.2354 0.0176 -0.8557 -2.3517 0.0000 0.0000 0.0000 19.9019 20.3052 -17.0177 -1.9514 -8.7641 25.0600 -0.3453 -8.2488 -17.0347 -0.0440 1.3544 -3.7245 2.9900 -0.0423 -12.4073 1.5642 -0.4465 -5.3308 -0.1184 -0.2524 1.3618 -6.1332 -2.1619 -16.6388 2.5973 -2.1306 30.9355 1.7298 -1.3289 13.2738 -0.0000 -0.0000 0.0000 -86.8801 6.2609 42.9261 18.3500 -28.6031 -4.7156 -0.0000 0.0000 -11.2397 38.3159 -24.7310 -18.2933 -7.1250 0.0000 -0.0000 5.2555 -0.3224 -5.3073 -0.0000 -0.0000 0.0000 87.8152 -7.9862 37.3928 -17.5699 27.6029 -4.3481 0.0000 0.0000 8.2656 -31.0377 -45.9626 23.3930 7.1250 -0.0000 -0.0000 21.6856 -79.6796 -17.5625
-0.7545 17.5290 1.0751 -3.5798 -4.7221 14.9799 0.0000 0.0000 0.0000 -14.4404 -17.0984 -16.6268 1.9717 8.8069 25.1932 0.5128 10.5587 -21.1988 0.0203 -0.9204 -2.5297 0.0000 0.0000 0.0000 19.7650 20.2791 -17.0842 -1.9656 -8.7941 25.1533 -0.3515 -8.2395 -17.1026 -0.0469 1.3981 -3.8449 2.8368 -0.0476 -12.3948 1.5369 -0.4356 -5.3070 -0.0593 -0.2447 1.3816 -6.0877 -2.1637 -16.6489 2.5295 -2.1232 30.8685 1.6957 -1.3283 13.2459 -0.0000 -0.0000 0.0000 -86.8806 6.2183 43.0683 18.2762 -28.5093 -4.6803 -0.0000 0.0000 -11.5450 38.4151 -24.8997 -18.4634 -7.1250 0.0000 -0.0000 5.2776 -0.5485 -5.3505 -0.0000 -0.0000 0.0000 87.7887 -7.9839 37.4238 -17.6047 27.6481 -4.3643 0.0000 0.0000 8.2441 -30.9973 -46.1454 23.4240 7.1250 -0.0000 -0.0000 22.3875 -79.8122 -18.1971
-0.7554 17.5286 1.0740 -3.5111 -4.7640 15.0398 0.0000 0.0000 0.0000 -14.4972 -17.0459 -16.7580 1.9757 8.8153 25.2194 0.5078 10.5688 -21.1591 0.0245 -1.0097 -2.7755 0.0000 0.0000 0.0000 19.6691 20.2110 -17.2213 -1.9750 -8.8137 25.2144 -0.3554 -8.1761 -17.0871 -0.0521 1.4730 -4.0513 2.7459 -0.0359 -12.4162 1.5099 -0.4115 -5.2478 -0.0333 -0.2306 1.4564 -6.0770 -2.1891 -16.7134 2.5257 -2.1552 30.7234 1.6852 -1.3388 13.2001 0.0000 -0.0000 0.0000 -86.8501 6.0031 43.1187 18.2274 -28.4473 -4.6570 -0.0000 0.0000 -11.6360 38.2109 -24.5769 -18.1295 -7.1250 0.0000 -0.0000 5.2265 -0.1113 -5.2586 0.0000 -0.0000 0.0000 87.8081 -7.8077 37.3814 -17.5672 27.5994 -4.3468 0.0000 0.0000 8.3654 -31.2261 -46.0289 23.5721 7.1250 -0.0000 -0.0000 21.5944 -79.8135 -17.5449
-0.7576 17.5314 1.0697 -3.5340 -4.7897 15.0844 0.0000 0.0000 0.0000 -14.4229 -17.0190 -16.9302 1.9853 8.8354 25.2817 0.5125 10.4875 -21.1243 0.0124 -0.7181 -1.9733 0.0000 0.0000 0.0000 19.6793 20.3477 -17.2774 -1.9800 -8.8244 25.2475 -0.3429 -8.2543 -17.0107 -0.0465 1.3910 -3.8254 2.7429 -0.0124 -12.3379 1.5026 -0.3766 -5.2516 -0.0344 -0.2137 1.4108 -6.1501 -2.2120 -16.6533 2.6491 -2.2086 30.6128 1.7366 -1.3529 13.1460 -0.0000 -0.0000 0.0000 -86.8057 6.0014 43.1673 18.2554 -28.4830 -4.6704 -0.0000 0.0000 -11.6500 38.0815 -24.2421 -17.8347 -7.1250 0.0000 -0.0000 5.2207 0.3158 -5.2136 -0.0000 -0.0000 0.0000 87.8336 -7.7768 37.3444 -17.5987 27.6402 -4.3615 0.0000 0.0000 8.3762 -31.3039 -46.1745 23.6879 7.1250 -0.0000 -0.0000 21.9731 -79.9658 -17.9224
-0.7589 17.5350 1.0696 -3.5346 -4.7466 15.0509 0.0000 0.0000 0.0000 -14.3985 -17.0953 -16.9690 1.9935 8.8526 25.3353 0.5154 10.4257 -21.0899 0.0015 -0.2530 -0.6950 0.0000 0.0000 0.0000 19.7035 20.3703 -17.2483 -1.9853 -8.8354 25.2818 -0.3359 -8.3326 -17.0035 -0.0444 1.3596 -3.7388 2.7741 0.0110 -12.2678 1.4621 -0.3451 -5.2534 -0.0895 -0.1991 1.3711 -6.2489 -2.2565 -16.4815 2.8310 -2.3131 30.5047 1.8076 -1.3856 13.0733 -0.0000 -0.0000 0.0000 -86.7324 6.1244 43.1019 18.3532 -28.6070 -4.7171 -0.0000 0.0000 -11.4172 37.4181 -23.5265 -16.9822 -7.1250 0.0000 -0.0000 4.9740 1.3448 -4.8744 -0.0000 -0.0000 0.0000 87.8722 -7.8549 37.3463 -17.6391 27.6926 -4.3802 0.0000 0.0000 8.3298 -31.2961 -46.1388 23.6688 7.1250 -0.0000 -0.0000 21.8601 -79.9332 -17.8150
-0.7611 17.5333 1.0700 -3.5258 -4.7223 15.0519 0.0000 0.0000 0.0000 -14.4000 -17.1301 -16.9670 1.9992 8.8645 25.3724 0.5184 10.4255 -21.1202 0.0037 -0.3921 -1.0775 0.0000 0.0000 0.0000 19.7010 20.4107 -17.2576 -1.9899 -8.8451 25.3120 -0.3336 -8.3779 -17.0198 -0.0455 1.3774 -3.7877 2.7640 0.0258 -12.2266 1.4369 -0.3226 -5.2311 -0.1071 -0.1877 1.3725 -6.3321 -2.3168 -16.4386 2.9705 -2.4221 30.3876 1.8577 -1.4231 13.0246 -0.0000 0.0000 0.0000 -86.6981 6.1081 42.8164 18.4540 -28.7345 -4.7655 -0.0000 0.0000 -10.9444 36.2105 -22.4400 -15.6147 -7.1250 0.0000 -0.0000 4.4600 2.9454 -4.2380 -0.0000 0.0000 0.0000 87.8776 -7.8017 37.4569 -17.5813 27.6177 -4.3534 0.0000 0.0000 8.2127 -31.3247 -45.8529 23.5911 7.1250 -0.0000 -0.0000 20.8247 -79.7095 -16.8692
-0.7636 17.5286 1.0676 -3.5236 -4.7609 15.0512 0.0000 0.0000 0.0000 -14.4088 -17.0698 -16.9374 2.0039 8.8742 25.4026 0.5198 10.4448 -21.1534 0.0198 -0.9086 -2.4974 0.0000 0.0000 0.0000 19.6965 20.5297 -17.2604 -1.9933 -8.8522 25.3340 -0.3323 -8.3698 -16.9954 -0.0394 1.2812 -3.5229 2.7056 0.0232 -12.0802 1.4483 -0.3135 -5.2504 -0.0608 -0.1835 1.2740 -6.4259 -2.3368 -16.4109 3.1023 -2.4659 30.3106 1.9175 -1.4349 12.9924 -0.0000 0.0000 0.0000 -86.6964 6.0994 42.7841 18.4253 -28.6983 -4.7517 -0.0000 0.0000 -11.0153 35.9562 -22.2311 -15.3465 -7.1250 0.0000 -0.0000 4.3448 3.2558 -4.1030 -0.0000 0.0000 0.0000 87.8482 -7.7450 37.6145 -17.5169 27.5341 -4.3236 0.0000 0.0000 7.9867 -31.5324 -45.7265 23.7175 7.1250 -0.0000 -0.0000 20.0423 -79.6912 -16.2212
-0.7641 17.5291 1.0706 -3.4991 -4.8622 15.0707 0.0000 0.0000 0.0000 -14.4508 -17.0489 -16.9644 2.0074 8.8814 25.4251 0.5096 10.5406 -21.1486 0.0212 -0.9397 -2.5829 0.0000 0.0000 0.0000 19.6463 20.5306 -17.3076 -1.9954 -8.8566 25.3477 -0.3406 -8.2604 -16.9886 -0.0398 1.2873 -3.5396 2.6645 0.0485 -12.0487 1.4304 -0.2733 -5.2777 -0.0510 -0.1637 1.2295 -6.5205 -2.3283 -16.2688 3.2707 -2.4882 30.2349 1.9955 -1.4334 12.9355 0.0000 0.0000 0.0000 -86.6715 6.1778 42.9306 18.3454 -28.5971 -4.7134 -0.0000 0.0000 -11.2414 36.3392 -22.1851 -15.5238 -7.1250 0.0000 -0.0000 4.5859 3.2038 -4.3365 0.0000 0.0000 0.0000 87.8382 -7.7691 37.7513 -17.5018 27.5146 -4.3166 0.0000 0.0000 7.7873 -31.8767 -45.5362 23.9332 7.1250 -0.0000 -0.0000 18.8132 -79.6743 -15.2102
-0.7624 17.5323 1.0810 -3.5386 -4.8779 15.1371 0.0000 0.0000 0.0000 -14.4159 -17.0756 -17.0376 2.0116 8.8903 25.4527 0.5066 10.5666 -21.1456 0.0128 -0.7314 -2.0100 0.0000 0.0000 0.0000 19.6588 20.3727 -17.4056 -1.9943 -8.8542 25.3404 -0.3536 -8.1318 -17.0207 -0.0504 1.4495 -3.9864 2.7498 0.0694 -12.1338 1.4289 -0.2575 -5.3149 -0.0985 -0.1573 1.2363 -6.5416 -2.3041 -16.2333 3.3292 -2.4689 30.2739 2.0258 -1.4204 12.9439 -0.0000 0.0000 0.0000 -86.7073 6.2686 42.5443 18.3391 -28.5892 -4.7104 -0.0000 0.0000 -10.1777 35.9481 -21.3131 -14.7656 -7.1250 0.0000 -0.0000 4.5079 4.3172 -4.1690 -0.0000 0.0000 0.0000 87.8152 -7.8510 37.8333 -17.5103 27.5256 -4.3206 0.0000 0.0000 7.7848 -32.0235 -45.5422 24.0569 7.1250 -0.0000 -0.0000 18.5688 -79.7408 -15.0353
-0.7610 17.5349 1.0873 -3.6015 -4.7360 15.1744 0.0000 0.0000 0.0000 -14.3226 -17.1395 -17.0877 2.0176 8.9026 25.4912 0.5127 10.4648 -21.1034 0.0093 -0.6221 -1.7096 0.0000 0.0000 0.0000 19.7333 20.2449 -17.4461 -1.9930 -8.8515 25.3318 -0.3604 -8.1013 -17.0751 -0.0540 1.4994 -4.1240 2.8611 0.0208 -12.1248 1.4731 -0.3336 -5.3548 -0.1248 -0.1972 1.1874 -6.5082 -2.2658 -16.2744 3.2234 -2.3870 30.3437 1.9926 -1.3952 12.9749 -0.0000 0.0000 0.0000 -86.7549 6.4673 42.9351 18.2534 -28.4805 -4.6695 -0.0000 0.0000 -11.3450 36.9928 -22.6103 -16.1529 -7.1250 0.0000 -0.0000 4.9000 2.5286 -4.6965 -0.0000 0.0000 0.0000 87.7517 -7.9464 37.8869 -17.5535 27.5817 -4.3405 0.0000 0.0000 7.8406 -31.9603 -45.7555 24.0821 7.1250 -0.0000 -0.0000 19.3822 -79.8949 -15.7597
-0.7636 17.5364 1.0879 -3.6124 -4.6692 15.2128 0.0000 0.0000 0.0000 -14.2638 -17.1771 -17.1653 2.0213 8.9102 25.5150 0.5113 10.4451 -21.0695 0.0010 -0.2032 -0.5582 0.0000 0.0000 0.0000 19.7409 20.3597 -17.4737 -1.9966 -8.8590 25.3554 -0.3612 -8.1588 -17.1410 -0.0479 1.4120 -3.8832 2.8571 0.0136 -12.0945 1.4763 -0.3416 -5.3441 -0.1202 -0.2010 1.1821 -6.4532 -2.2808 -16.3203 3.1486 -2.3969 30.2994 1.9516 -1.4020 12.9651 -0.0000 0.0000 0.0000 -86.6965 6.5029 43.2689 18.1872 -28.3961 -4.6379 -0.0000 0.0000 -11.6983 37.5132 -23.0958 -16.7593 -7.1250 0.0000 -0.0000 5.1170 1.8148 -4.9725 -0.0000 0.0000 0.0000 87.7832 -7.9571 37.7897 -17.5900 27.6289 -4.3574 0.0000 0.0000 7.8456 -31.8250 -45.7614 23.9721 7.1250 -0.0000 -0.0000 19.6438 -79.8432 -15.9545
-0.7686 17.5318 1.0873 -3.5962 -4.7209 15.2622 0.0000 0.0000 0.0000 -14.2597 -17.1225 -17.2069 2.0198 8.9071 25.5053 0.5101 10.4922 -21.1050 0.0213 -0.9426 -2.5910 0.0000 0.0000 0.0000 19.6957 20.5851 -17.5370 -2.0070 -8.8806 25.4225 -0.3584 -8.2416 -17.1886 -0.0429 1.3361 -3.6740 2.7798 0.0580 -12.0410 1.4448 -0.2713 -5.3510 -0.1004 -0.1655 1.1480 -6.2943 -2.3493 -16.3856 3.0144 -2.4971 30.2681 1.8550 -1.4446 12.9676 -0.0000 -0.0000 0.0000 -86.5753 6.4498 43.5104 18.1447 -28.3421 -4.6177 -0.0000 0.0000 -11.8971 37.4163 -23.1366 -16.7303 -7.1250 0.0000 -0.0000 5.0509 1.7961 -4.9094 -0.0000 -0.0000 0.0000 87.8846 -7.9739 37.5909 -17.6097 27.6545 -4.3666 0.0000 0.0000 7.9413 -31.6901 -45.7772 23.8661 7.1250 -0.0000 -0.0000 19.9348 -79.7998 -16.1761
-0.7702 17.5279 1.0877 -3.5619 -4.6747 15.2376 0.0000 0.0000 0.0000 -14.3008 -17.0442 -17.1653 2.0156 8.8984 25.4781 0.5149 10.4422 -21.1025 0.0330 -1.1722 -3.2227 0.0000 0.0000 0.0000 19.6680 20.6547 -17.5374 -2.0219 -8.9116 25.5192 -0.3612 -8.2987 -17.2795 -0.0364 1.2320 -3.3874 2.7290 0.0254 -11.9166 1.4459 -0.3031 -5.3789 -0.0744 -0.1818 1.0514 -6.1550 -2.3992 -16.4611 2.8135 -2.5433 30.2803 1.7449 -1.4755 12.9867 -0.0000 0.0000 0.0000 -86.5524 6.4699 43.4690 18.1249 -28.3168 -4.6083 -0.0000 0.0000 -11.9841 37.4448 -23.2327 -16.8086 -7.1250 0.0000 -0.0000 5.0488 1.6765 -4.9183 -0.0000 0.0000 0.0000 87.8841 -8.0591 37.5663 -17.6591 27.7185 -4.3895 0.0000 0.0000 8.0471 -31.6809 -45.7714 23.8564 7.1250 -0.0000 -0.0000 19.9313 -79.7910 -16.1698
-0.7683 17.5275 1.0890 -3.5620 -4.5298 15.1955 0.0000 0.0000 0.0000 -14.3053 -16.9405 -17.1452 2.0124 8.8919 25.4578 0.5289 10.2258 -21.0251 0.0284 -1.0870 -2.9882 0.0000 0.0000 0.0000 19.6942 20.5700 -17.5296 -2.0372 -8.9430 25.6173 -0.3712 -8.2986 -17.4013 -0.0297 1.1118 -3.0564 2.7862 -0.0360 -11.7968 1.4512 -0.3850 -5.4023 -0.1108 -0.2246 0.9599 -6.1903 -2.3994 -16.3848 2.8465 -2.5476 30.2021 1.7626 -1.4768 12.9392 0.0000 0.0000 0.0000 -86.5513 6.5600 43.2039 18.1724 -28.3774 -4.6309 -0.0000 0.0000 -11.6537 37.3538 -23.0373 -16.6306 -7.1250 0.0000 -0.0000 5.0332 1.9295 -4.8799 0.0000 0.0000 0.0000 87.8579 -8.0855 37.6775 -17.6389 27.6923 -4.3801 0.0000 0.0000 8.0539 -31.7155 -45.8476 23.9125 7.1250 -0.0000 -0.0000 20.1267 -79.8694 -16.3613
-0.7672 17.5250 1.0937 -3.5812 -4.4730 15.1865 0.0000 0.0000 0.0000 -14.3039 -16.8291 -17.1393 2.0132 8.8936 25.4631 0.5513 9.9916 -21.0165 0.0255 -1.0314 -2.8353 0.0000 0.0000 0.0000 19.7259 20.4506 -17.5599 -2.0470 -8.9633 25.6805 -0.3783 -8.2737 -17.4621 -0.0314 1.1444 -3.1462 2.8588 -0.0491 -11.7839 1.4392 -0.4091 -5.4055 -0.1669 -0.2381 0.9481 -6.2987 -2.3623 -16.1086 3.0007 -2.5261 30.0256 1.8440 -1.4593 12.8100 0.0000 0.0000 0.0000 -86.5301 6.6294 42.8315 18.2517 -28.4782 -4.6686 -0.0000 0.0000 -11.0730 36.7312 -22.5705 -15.9825 -7.1250 0.0000 -0.0000 4.7500 2.6491 -4.5412 0.0000 0.0000 0.0000 87.8484 -8.0721 37.7978 -17.6062 27.6500 -4.3649 0.0000 0.0000 7.9212 -31.5022 -46.2605 23.8829 7.1250 -0.0000 -0.0000 21.9424 -80.1202 -17.9636
-0.7672 17.5218 1.1029 -3.5699 -4.4920 15.1712 0.0000 0.0000 0.0000 -14.3476 -16.7745 -17.0957 2.0177 8.9027 25.4916 0.5707 9.8937 -21.1127 0.0246 -1.0132 -2.7851 0.0000 0.0000 0.0000 19.7210 20.3549 -17.5626 -2.0533 -8.9763 25.7212 -0.3868 -8.2191 -17.5107 -0.0368 1.2377 -3.4030 2.8729 -0.0481 -11.8806 1.4259 -0.4146 -5.3475 -0.1899 -0.2395 1.0606 -6.2784 -2.3271 -16.0033 2.9696 -2.4764 29.9343 1.8357 -1.4388 12.7465 0.0000 -0.0000 0.0000 -86.5282 6.6601 42.6541 18.2747 -28.5074 -4.6796 -0.0000 0.0000 -10.9688 36.6231 -22.7503 -16.0369 -7.1250 0.0000 -0.0000 4.6503 2.4721 -4.4603 0.0000 -0.0000 0.0000 87.8421 -8.0574 37.8400 -17.7030 27.7752 -4.4100 0.0000 0.0000 7.6954 -31.1610 -46.9547 23.8415 7.1250 -0.0000 -0.0000 25.1666 -80.5268 -20.8418
-0.7684 17.5206 1.1088 -3.5625 -4.5041 15.1565 0.0000 0.0000 0.0000 -14.3618 -16.7934 -17.0671 2.0235 8.9148 25.5290 0.5714 9.9577 -21.1810 0.0251 -1.0220 -2.8093 0.0000 0.0000 0.0000 19.7165 20.3413 -17.5703 -2.0610 -8.9919 25.7701 -0.3947 -8.1675 -17.5545 -0.0380 1.2580 -3.4590 2.8661 -0.0569 -11.9518 1.4168 -0.4314 -5.2311 -0.1984 -0.2451 1.2203 -6.1816 -2.3402 -16.2554 2.8814 -2.4792 29.9612 1.7835 -1.4389 12.8082 -0.0000 -0.0000 0.0000 -86.5110 6.6213 42.7708 18.2089 -28.4239 -4.6483 -0.0000 0.0000 -11.3861 37.3055 -23.7823 -17.0803 -7.1250 0.0000 -0.0000 4.8555 1.0834 -4.7801 -0.0000 -0.0000 0.0000 87.8638 -7.8818 37.8645 -17.6437 27.6985 -4.3824 0.0000 0.0000 7.9869 -31.1790 -46.3655 23.6515 7.1250 -0.0000 -0.0000 22.8727 -80.0677 -18.7117
-0.7723 17.5197 1.1072 -3.5675 -4.5265 15.1576 0.0000 0.0000 0.0000 -14.3306 -16.8221 -17.1125 2.0314 8.9311 25.5802 0.5581 10.0795 -21.1688 0.0298 -1.1135 -3.0612 0.0000 0.0000 0.0000 19.7290 20.4125 -17.6058 -2.0689 -9.0082 25.8208 -0.3947 -8.1583 -17.5457 -0.0353 1.2133 -3.3359 2.8159 -0.0709 -11.9119 1.4295 -0.4458 -5.1248 -0.1591 -0.2497 1.3098 -6.1729 -2.3806 -16.5103 2.8642 -2.5160 29.9113 1.7676 -1.4537 12.8434 -0.0000 -0.0000 0.0000 -86.4980 6.4984 42.8159 18.1478 -28.3459 -4.6192 -0.0000 0.0000 -11.5499 37.9233 -24.5197 -17.9184 -7.1250 0.0000 -0.0000 5.0695 0.0449 -5.0854 -0.0000 -0.0000 0.0000 87.8548 -7.6279 37.8956 -17.5912 27.6305 -4.3580 0.0000 0.0000 8.0797 -31.1330 -46.0369 23.4979 7.1250 -0.0000 -0.0000 21.7802 -79.7807 -17.6836
-0.7741 17.5178 1.1043 -3.5653 -4.5295 15.1835 0.0000 0.0000 0.0000 -14.3110 -16.8147 -17.2039 2.0424 8.9538 25.6510 0.5546 10.0786 -21.1337 0.0327 -1.1674 -3.2095 0.0000 0.0000 0.0000 19.7215 20.4041 -17.6851 -2.0767 -9.0241 25.8706 -0.3988 -8.0904 -17.5287 -0.0308 1.1323 -3.1128 2.8089 -0.0574 -11.8674 1.4150 -0.4263 -5.0736 -0.1677 -0.2392 1.3396 -6.2095 -2.4333 -16.5470 2.8927 -2.5850 29.7824 1.7723 -1.4825 12.8031 0.0000 -0.0000 0.0000 -86.4578 6.3987 42.7905 18.1197 -28.3101 -4.6059 -0.0000 0.0000 -11.3838 38.1411 -24.4707 -18.0185 -7.1250 0.0000 -0.0000 5.2079 0.0332 -5.2265 0.0000 -0.0000 0.0000 87.8592 -7.5513 37.8411 -17.6010 27.6432 -4.3625 0.0000 0.0000 8.1575 -31.0706 -46.0479 23.4502 7.1250 -0.0000 -0.0000 21.9235 -79.7634 -17.7940
-0.7725 17.5158 1.1045 -3.5762 -4.5441 15.2315 0.0000 0.0000 0.0000 -14.3012 -16.7265 -17.3343 2.0573 8.9844 25.7465 0.5668 9.9515 -21.1302 0.0324 -1.1625 -3.1961 0.0000 0.0000 0.0000 19.7034 20.2869 -17.8074 -2.0839 -9.0386 25.9162 -0.4139 -7.9135 -17.5399 -0.0301 1.1203 -3.0798 2.8946 -0.0097 -11.9154 1.3696 -0.3736 -5.0639 -0.2565 -0.2139 1.3758 -6.2829 -2.4595 -16.4521 3.0266 -2.6485 29.7077 1.8263 -1.5009 12.7590 -0.0000 -0.0000 0.0000 -86.3880 6.4395 42.7815 18.0633 -28.2381 -4.5791 -0.0000 0.0000 -11.1117 38.0294 -24.2644 -17.8178 -7.1250 0.0000 -0.0000 5.1853 0.3062 -5.1788 -0.0000 -0.0000 0.0000 87.9065 -7.5838 37.7548 -17.6135 27.6595 -4.3683 0.0000 0.0000 8.2334 -31.2216 -45.6251 23.4248 7.1250 -0.0000 -0.0000 20.2486 -79.4762 -16.3036
-0.7744 17.5147 1.1027 -3.5918 -4.5496 15.2594 0.0000 0.0000 0.0000 -14.2575 -16.6132 -17.4989 2.0747 9.0200 25.8578 0.5852 9.7529 -21.1194 0.0329 -1.1715 -3.2209 0.0000 0.0000 0.0000 19.7161 20.2965 -17.8701 -2.0894 -9.0499 25.9517 -0.4097 -7.9466 -17.5206 -0.0372 1.2443 -3.4213 2.9077 0.0031 -11.9232 1.3712 -0.3581 -5.0776 -0.2601 -0.2065 1.3659 -6.4154 -2.4318 -16.2830 3.2053 -2.6344 29.6078 1.9202 -1.4861 12.6863 0.0000 0.0000 0.0000 -86.3666 6.6100 42.7091 18.0015 -28.1591 -4.5499 -0.0000 0.0000 -10.8598 37.8370 -24.2747 -17.7091 -7.1250 0.0000 -0.0000 5.0696 0.3541 -5.0581 0.0000 0.0000 0.0000 87.9055 -7.5898 37.7426 -17.6070 27.6510 -4.3653 0.0000 0.0000 8.2286 -31.4547 -45.0618 23.4133 7.1250 -0.0000 -0.0000 18.0956 -79.0933 -14.4145
-0.7814 17.5135 1.1020 -3.6604 -4.5609 15.2776 0.0000 0.0000 0.0000 -14.1263 -16.6118 -17.6156 2.0922 9.0556 25.9693 0.5970 9.6690 -21.1552 0.0311 -1.1379 -3.1282 0.0000 0.0000 0.0000 19.8158 20.5265 -17.8323 -2.0921 -9.0553 25.9683 -0.3805 -8.2372 -17.4525 -0.0386 1.2676 -3.4855 2.8754 0.0146 -11.9925 1.4062 -0.3450 -5.0008 -0.2044 -0.1973 1.4845 -6.4365 -2.4371 -16.3237 3.2372 -2.6398 29.4961 1.9337 -1.4847 12.6503 -0.0000 0.0000 0.0000 -86.3264 6.6700 42.6879 17.9882 -28.1420 -4.5437 -0.0000 0.0000 -10.7480 37.7707 -23.9960 -17.4904 -7.1250 0.0000 -0.0000 5.0880 0.6961 -5.0458 -0.0000 0.0000 0.0000 87.9188 -7.3942 37.7086 -17.5945 27.6348 -4.3595 0.0000 0.0000 8.0609 -31.4968 -45.4782 23.5986 7.1250 -0.0000 -0.0000 19.2998 -79.4668 -15.5278
-0.7867 17.5114 1.1057 -3.7544 -4.6283 15.2774 0.0000 0.0000 0.0000 -14.0051 -16.6566 -17.6381 2.1071 9.0857 26.0637 0.6011 9.7532 -21.2747 0.0274 -1.0686 -2.9376 0.0000 0.0000 0.0000 19.9338 20.7487 -17.7587 -2.0936 -9.0584 25.9783 -0.3685 -8.3813 -17.4511 -0.0331 1.1735 -3.2264 2.8977 0.0547 -12.1130 1.4276 -0.3032 -4.8805 -0.1898 -0.1734 1.6763 -6.3416 -2.4749 -16.4868 3.1153 -2.6717 29.4434 1.8638 -1.5020 12.6617 -0.0000 0.0000 0.0000 -86.2797 6.5873 42.4977 18.0133 -28.1741 -4.5555 -0.0000 0.0000 -10.5280 37.2077 -23.2199 -16.6648 -7.1250 0.0000 -0.0000 4.9096 1.7613 -4.7741 -0.0000 0.0000 0.0000 87.9447 -7.1531 37.6618 -17.5662 27.5981 -4.3464 0.0000 0.0000 7.9218 -31.4838 -46.0401 23.7893 7.1250 -0.0000 -0.0000 21.1920 -79.9316 -17.2634
-0.7882 17.5133 1.1103 -3.7304 -4.6298 15.2387 0.0000 0.0000 0.0000 -14.0285 -16.7168 -17.6159 2.1165 9.1047 26.1234 0.6067 9.7950 -21.3680 0.0150 -0.7916 -2.1757 0.0000 0.0000 0.0000 19.9243 20.7917 -17.7066 -2.0979 -9.0671 26.0053 -0.3723 -8.3956 -17.5099 -0.0332 1.1760 -3.2331 2.8596 0.0348 -12.0840 1.4338 -0.3254 -4.8371 -0.1649 -0.1833 1.7056 -6.3554 -2.5212 -16.5249 3.0587 -2.7135 29.4154 1.8371 -1.5290 12.6605 -0.0000 0.0000 0.0000 -86.3221 6.5569 41.9539 18.0760 -28.2543 -4.5851 -0.0000 0.0000 -10.1692 36.1833 -22.4915 -15.6321 -7.1250 0.0000 -0.0000 4.4338 2.8936 -4.2172 -0.0000 0.0000 0.0000 87.8990 -7.0663 37.7491 -17.5117 27.5274 -4.3212 0.0000 0.0000 7.9619 -31.4892 -45.9462 23.7604 7.1250 -0.0000 -0.0000 20.8577 -79.8561 -16.9568
-0.7869 17.5157 1.1146 -3.6458 -4.5703 15.2033 0.0000 0.0000 0.0000 -14.1267 -16.7448 -17.6027 2.1231 9.1179 26.1647 0.6171 9.7494 -21.4252 0.0003 -0.1155 -0.3173 0.0000 0.0000 0.0000 19.8391 20.7142 -17.6965 -2.1067 -9.0849 26.0613 -0.3830 -8.3486 -17.5919 -0.0293 1.1047 -3.0370 2.8064 0.0086 -11.9245 1.3992 -0.3462 -4.8512 -0.1733 -0.1946 1.6042 -6.3775 -2.5779 -16.6141 3.0798 -2.7901 29.4360 1.8366 -1.5621 12.6931 -0.0000 -0.0000 0.0000 -86.3075 6.6125 41.6924 18.1286 -28.3215 -4.6101 -0.0000 0.0000 -10.0895 35.7762 -22.1795 -15.2180 -7.1250 0.0000 -0.0000 4.2449 3.3640 -3.9997 -0.0000 -0.0000 0.0000 87.8936 -7.1078 37.8103 -17.4924 27.5023 -4.3123 0.0000 0.0000 7.9377 -31.6047 -45.6093 23.7350 7.1250 -0.0000 -0.0000 19.5314 -79.6226 -15.7767
-0.7845 17.5109 1.1115 -3.5869 -4.4893 15.1479 0.0000 0.0000 0.0000 -14.2083 -16.7011 -17.5822 2.1313 9.1344 26.2167 0.6268 9.6858 -21.4586 0.0151 -0.7925 -2.1782 0.0000 0.0000 0.0000 19.7879 20.6362 -17.6896 -2.1202 -9.1122 26.1468 -0.3966 -8.3232 -17.7277 -0.0269 1.0593 -2.9120 2.7974 -0.0068 -11.6086 1.3543 -0.3500 -4.9125 -0.2142 -0.1998 1.3687 -6.3299 -2.6142 -16.6663 3.0567 -2.8468 29.4445 1.8102 -1.5845 12.7096 -0.0000 0.0000 0.0000 -86.1985 6.6915 42.0130 18.0243 -28.1882 -4.5607 -0.0000 0.0000 -10.3865 36.4370 -22.7910 -15.9595 -7.1250 0.0000 -0.0000 4.5303 2.4778 -4.3440 -0.0000 0.0000 0.0000 87.9216 -7.2650 37.8015 -17.5191 27.5370 -4.3246 0.0000 0.0000 7.8569 -31.7263 -45.3836 23.7536 7.1250 -0.0000 -0.0000 18.5967 -79.4817 -14.9621
-0.7856 17.5049 1.1022 -3.5778 -4.4114 15.1034 0.0000 0.0000 0.0000 -14.1947 -16.6243 -17.6565 2.1442 9.1602 26.2979 0.6303 9.6315 -21.4417 0.0271 -1.0632 -2.9228 0.0000 0.0000 0.0000 19.8071 20.6464 -17.7227 -2.1380 -9.1478 26.2588 -0.3964 -8.4194 -17.8203 -0.0341 1.1916 -3.2761 2.7928 -0.0368 -11.3560 1.3424 -0.3783 -4.9236 -0.2266 -0.2156 1.2193 -6.3099 -2.6342 -16.5963 3.0184 -2.8730 29.3602 1.7873 -1.5986 12.6611 -0.0000 0.0000 0.0000 -86.1091 6.7194 42.3966 17.8482 -27.9623 -4.4778 -0.0000 0.0000 -10.6683 37.6820 -23.8764 -17.3611 -7.1250 0.0000 -0.0000 5.0600 0.8612 -5.0030 -0.0000 0.0000 0.0000 87.9505 -7.3552 37.7559 -17.5592 27.5891 -4.3432 0.0000 0.0000 7.9267 -31.8397 -45.1241 23.7521 7.1250 -0.0000 -0.0000 17.5984 -79.3054 -14.0897
-0.7862 17.5008 1.1027 -3.6130 -4.3741 15.0975 0.0000 0.0000 0.0000 -14.1446 -16.5055 -17.7855 2.1636 9.1988 26.4192 0.6444 9.5162 -21.4701 0.0289 -1.0973 -3.0166 0.0000 0.0000 0.0000 19.8530 20.5754 -17.8197 -2.1577 -9.1871 26.3822 -0.4048 -8.3645 -17.8649 -0.0413 1.3123 -3.6086 2.8586 -0.0265 -11.3374 1.3190 -0.3719 -4.8514 -0.2871 -0.2121 1.2838 -6.1972 -2.6308 -16.6684 2.9319 -2.8686 29.3049 1.7343 -1.5940 12.6497 0.0000 -0.0000 0.0000 -86.0219 6.6805 42.5066 17.7610 -27.8501 -4.4370 -0.0000 0.0000 -10.7263 38.4174 -24.3911 -18.1344 -7.1250 0.0000 -0.0000 5.3872 0.0380 -5.4076 0.0000 -0.0000 0.0000 88.0268 -7.3139 37.6482 -17.5925 27.6322 -4.3586 0.0000 0.0000 7.9918 -31.9391 -44.9548 23.7714 7.1250 -0.0000 -0.0000 16.9180 -79.1992 -13.5043
-0.7847 17.4970 1.1107 -3.5628 -4.3426 15.0688 0.0000 0.0000 0.0000 -14.2215 -16.3617 -17.9150 2.1923 9.2556 26.5982 0.6693 9.3067 -21.5163 0.0215 -0.9473 -2.6039 0.0000 0.0000 0.0000 19.7975 20.4096 -17.8748 -2.1757 -9.2229 26.4951 -0.4289 -8.2179 -18.0035 -0.0451 1.3705 -3.7688 2.8542 -0.0434 -11.3159 1.2910 -0.3936 -4.7991 -0.3164 -0.2222 1.3258 -6.0983 -2.6147 -16.8612 2.8583 -2.8392 29.3262 1.6925 -1.5781 12.6940 -0.0000 -0.0000 0.0000 -85.9793 6.6918 42.3923 17.7867 -27.8831 -4.4490 -0.0000 0.0000 -10.6922 38.3841 -24.1697 -17.9696 -7.1250 0.0000 -0.0000 5.4142 0.3047 -5.4096 -0.0000 -0.0000 0.0000 88.0584 -7.2750 37.6067 -17.6323 27.6837 -4.3771 0.0000 0.0000 8.0967 -31.8010 -45.3394 23.7990 7.1250 -0.0000 -0.0000 18.3257 -79.4748 -14.7395
-0.7876 17.4946 1.1139 -3.4748 -4.3526 15.0514 0.0000 0.0000 0.0000 -14.2985 -16.1821 -18.1598 2.2247 9.3192 26.7991 0.6905 9.0597 -21.4965 0.0069 -0.5369 -1.4753 0.0000 0.0000 0.0000 19.6993 20.4670 -17.8951 -2.1977 -9.2662 26.6318 -0.4470 -8.2093 -18.2034 -0.0401 1.2917 -3.5519 2.7387 -0.0692 -11.2124 1.2733 -0.4117 -4.7897 -0.2717 -0.2304 1.2799 -6.1554 -2.6437 -16.9967 2.9055 -2.8700 29.3631 1.7151 -1.5911 12.7412 0.0000 -0.0000 0.0000 -85.9538 6.7581 42.3119 17.8308 -27.9400 -4.4697 -0.0000 0.0000 -10.6904 38.1016 -23.4819 -17.3514 -7.1250 0.0000 -0.0000 5.3898 1.1900 -5.3004 0.0000 -0.0000 0.0000 88.0845 -7.2592 37.5713 -17.7018 27.7737 -4.4094 0.0000 0.0000 8.2140 -31.7289 -45.7364 23.8835 7.1250 -0.0000 -0.0000 19.7301 -79.7818 -16.0013
-0.7950 17.4882 1.1135 -3.5496 -4.4192 15.0409 0.0000 0.0000 0.0000 -14.1667 -15.9570 -18.4168 2.2609 9.3897 27.0220 0.7061 8.9028 -21.5070 0.0033 -0.3709 -1.0190 0.0000 0.0000 0.0000 19.7899 20.8229 -17.8775 -2.2288 -9.3272 26.8242 -0.4503 -8.3234 -18.3490 -0.0292 1.1023 -3.0303 2.7462 -0.0249 -11.1777 1.2704 -0.3534 -4.7426 -0.2719 -0.2007 1.3113 -6.2368 -2.7044 -17.0307 3.0123 -2.9640 29.3511 1.7549 -1.6271 12.7522 -0.0000 0.0000 0.0000 -85.8563 6.7517 42.3968 17.7734 -27.8660 -4.4428 -0.0000 0.0000 -10.7318 38.1479 -23.6635 -17.4976 -7.1250 0.0000 -0.0000 5.3800 0.9650 -5.3122 -0.0000 0.0000 0.0000 88.1221 -7.2093 37.6092 -17.7359 27.8177 -4.4253 0.0000 0.0000 8.0276 -31.9414 -45.5696 23.9988 7.1250 -0.0000 -0.0000 18.8049 -79.7297 -15.2242
-0.7923 17.4780 1.1092 -3.5238 -4.2354 15.0021 0.0000 0.0000 0.0000 -14.1847 -15.8192 -18.5867 2.2965 9.4581 27.2391 0.7260 8.6686 -21.4916 0.0136 -0.7534 -2.0705 0.0000 0.0000 0.0000 19.7744 20.5990 -18.0485 -2.2718 -9.4107 27.0885 -0.4752 -8.1572 -18.4729 -0.0242 1.0034 -2.7582 2.8356 -0.0536 -11.1984 1.2348 -0.4025 -4.6527 -0.3653 -0.2245 1.4138 -6.3311 -2.7201 -16.9716 3.1322 -2.9958 29.2096 1.8112 -1.6345 12.6876 -0.0000 0.0000 0.0000 -85.7956 6.7016 42.4041 17.7677 -27.8586 -4.4401 -0.0000 0.0000 -10.8657 38.2333 -24.3602 -18.0027 -7.1250 0.0000 -0.0000 5.2854 0.1318 -5.2959 -0.0000 0.0000 0.0000 88.1007 -7.0920 37.6891 -17.7465 27.8313 -4.4303 0.0000 0.0000 7.7947 -32.0090 -45.4372 24.0065 7.1250 -0.0000 -0.0000 18.2594 -79.6450 -14.7477
-0.8030 17.4621 1.1011 -3.5976 -4.3459 15.0360 0.0000 0.0000 0.0000 -14.0514 -15.5652 -18.8421 2.3357 9.5329 27.4771 0.7534 8.4977 -21.6041 0.0362 -1.2282 -3.3769 0.0000 0.0000 0.0000 19.8286 21.0061 -18.2334 -2.3294 -9.5208 27.4386 -0.4688 -8.3536 -18.5852 -0.0244 1.0076 -2.7696 2.7345 -0.0233 -11.1708 1.3137 -0.3540 -4.6055 -0.2209 -0.1978 1.4507 -6.4784 -2.7102 -16.9697 3.2294 -2.9619 29.0640 1.8778 -1.6212 12.6305 -0.0000 -0.0000 0.0000 -85.8625 6.6994 42.2277 17.8724 -27.9935 -4.4892 -0.0000 0.0000 -11.1020 37.9130 -24.0797 -17.6289 -7.1250 0.0000 -0.0000 5.1550 0.5556 -5.1256 -0.0000 -0.0000 0.0000 88.0392 -7.0032 37.6302 -17.7956 27.8946 -4.4532 0.0000 0.0000 7.8070 -31.7173 -45.6087 23.8277 7.1250 -0.0000 -0.0000 19.3312 -79.6693 -15.6313
-0.7960 17.4535 1.0894 -3.5530 -4.1569 15.0742 0.0000 0.0000 0.0000 -14.0857 -15.4718 -19.1113 2.3803 9.6170 27.7452 0.7868 8.1968 -21.6651 0.0519 -1.4708 -4.0453 0.0000 0.0000 0.0000 19.7238 20.6614 -18.6862 -2.3985 -9.6509 27.8536 -0.5051 -8.0796 -18.7338 -0.0257 1.0357 -2.8470 2.8087 -0.0904 -10.8538 1.3314 -0.4352 -4.7190 -0.2522 -0.2431 1.1575 -6.5724 -2.7130 -17.0011 3.2550 -2.9423 29.0641 1.9067 -1.6193 12.6385 -0.0000 0.0000 0.0000 -85.9564 6.9126 42.0014 17.9628 -28.1096 -4.5317 -0.0000 0.0000 -11.2561 37.8001 -23.6698 -17.2971 -7.1250 0.0000 -0.0000 5.1722 1.0641 -5.0962 -0.0000 0.0000 0.0000 87.9883 -7.1749 37.5651 -17.8989 28.0275 -4.5016 0.0000 0.0000 7.8223 -31.6067 -45.8179 23.8117 7.1250 -0.0000 -0.0000 20.2172 -79.7987 -16.4074
-0.7987 17.4406 1.0850 -3.4874 -4.2036 15.1034 0.0000 0.0000 0.0000 -14.1263 -15.2195 -19.4753 2.4350 9.7187 28.0707 0.8156 7.9083 -21.6984 0.0510 -1.4574 -4.0084 0.0000 0.0000 0.0000 19.6039 20.7393 -19.0060 -2.4710 -9.7850 28.2834 -0.5390 -7.9040 -18.9454 -0.0174 0.8525 -2.3431 2.7068 -0.1120 -10.5065 1.3307 -0.4366 -4.8700 -0.1936 -0.2474 0.8122 -6.5319 -2.6875 -16.9909 3.2012 -2.9023 29.0799 1.8856 -1.6046 12.6387 0.0000 -0.0000 0.0000 -85.9763 7.2220 41.7197 18.0190 -28.1815 -4.5582 -0.0000 0.0000 -11.0391 37.6805 -23.6527 -17.2160 -7.1250 0.0000 -0.0000 5.1047 1.1202 -5.0240 0.0000 -0.0000 0.0000 87.9828 -7.4469 37.6134 -18.0156 28.1772 -4.5566 0.0000 0.0000 7.6784 -31.7971 -46.1399 24.0851 7.1250 -0.0000 -0.0000 20.9981 -80.1466 -17.1925
-0.8076 17.4235 1.0863 -3.5317 -4.4006 15.1528 0.0000 0.0000 0.0000 -14.0398 -14.8479 -19.8754 2.4957 9.8301 28.4282 0.8445 7.6403 -21.7528 0.0513 -1.4613 -4.0190 0.0000 0.0000 0.0000 19.6115 21.1592 -19.2064 -2.5437 -9.9169 28.7080 -0.5506 -7.9947 -19.1498 -0.0159 0.8131 -2.2348 2.6277 -0.0480 -10.3707 1.3226 -0.3385 -4.8916 -0.1463 -0.1985 0.7187 -6.4920 -2.6562 -17.0105 3.2591 -2.8833 28.9674 1.9027 -1.5825 12.5956 -0.0000 0.0000 0.0000 -85.8882 7.2093 41.4509 17.9917 -28.1465 -4.5453 -0.0000 0.0000 -10.3747 37.1660 -23.5528 -16.8534 -7.1250 0.0000 -0.0000 4.8185 1.3894 -4.7171 -0.0000 0.0000 0.0000 88.0445 -7.4644 37.6061 -18.0619 28.2364 -4.5785 0.0000 0.0000 7.7388 -31.6707 -46.4035 24.0738 7.1250 -0.0000 -0.0000 22.1766 -80.3083 -18.2395
-0.8096 17.4091 1.0895 -3.5833 -4.3805 15.1642 0.0000 0.0000 0.0000 -13.9601 -14.5587 -20.2182 2.5650 9.9551 28.8316 0.8835 7.2929 -21.8419 0.0575 -1.5474 -4.2563 0.0000 0.0000 0.0000 19.6650 21.1916 -19.4246 -2.6198 -10.0525 29.1471 -0.5703 -8.0216 -19.3829 -0.0232 0.9844 -2.7058 2.6956 -0.0141 -10.3049 1.2926 -0.2976 -4.8562 -0.2110 -0.1790 0.7197 -6.5485 -2.6819 -16.9456 3.4422 -2.9589 28.7114 1.9681 -1.5956 12.4867 -0.0000 -0.0000 0.0000 -85.7876 7.0928 41.2977 17.9456 -28.0875 -4.5236 -0.0000 0.0000 -9.7020 36.9538 -23.2522 -16.5408 -7.1250 0.0000 -0.0000 4.7513 1.7983 -4.6159 -0.0000 -0.0000 0.0000 88.1048 -7.4034 37.5499 -18.0328 28.1991 -4.5647 0.0000 0.0000 7.9881 -31.3454 -46.3568 23.7866 7.1250 -0.0000 -0.0000 22.5607 -80.1316 -18.4814
-0.8085 17.3944 1.0920 -3.6096 -4.2331 15.1629 0.0000 0.0000 0.0000 -13.9030 -14.3368 -20.5659 2.6429 10.0932 29.2791 0.9428 6.8195 -22.0273 0.0563 -1.5312 -4.2117 0.0000 0.0000 0.0000 19.7094 20.9215 -19.7419 -2.7041 -10.1999 29.6266 -0.6001 -7.9202 -19.6055 -0.0340 1.1901 -3.2720 2.7635 -0.0543 -10.1481 1.3094 -0.3498 -4.9079 -0.2365 -0.2078 0.5787 -6.5795 -2.6848 -16.7180 3.4885 -2.9772 28.4192 1.9858 -1.6001 12.3244 0.0000 0.0000 0.0000 -85.7983 7.2317 41.1726 18.0143 -28.1755 -4.5560 -0.0000 0.0000 -9.5028 36.4389 -22.3910 -15.7082 -7.1250 0.0000 -0.0000 4.6075 2.9385 -4.3797 0.0000 0.0000 0.0000 88.0378 -7.5908 37.6478 -18.0679 28.2440 -4.5813 0.0000 0.0000 8.0599 -31.3572 -46.1092 23.7090 7.1250 -0.0000 -0.0000 21.6511 -79.9348 -17.6433
-0.8118 17.3763 1.0923 -3.6044 -4.2821 15.1824 0.0000 0.0000 0.0000 -13.8774 -14.0765 -20.9755 2.7300 10.2446 29.7724 0.9983 6.4391 -22.2515 0.0464 -1.3902 -3.8231 0.0000 0.0000 0.0000 19.6785 20.9210 -20.0977 -2.7996 -10.3634 30.1616 -0.6232 -7.8609 -19.7928 -0.0474 1.4045 -3.8625 2.6890 -0.0636 -10.0046 1.3509 -0.3488 -4.9789 -0.1509 -0.2078 0.4276 -6.5844 -2.6231 -16.4917 3.4531 -2.8866 28.2072 1.9860 -1.5648 12.1871 -0.0000 0.0000 0.0000 -85.8595 7.4641 40.9966 18.1433 -28.3403 -4.6171 -0.0000 0.0000 -9.6106 34.6584 -20.8453 -13.8212 -7.1250 0.0000 -0.0000 3.7953 5.1864 -3.4444 -0.0000 0.0000 0.0000 87.9240 -7.8867 37.7880 -18.1968 28.4085 -4.6425 0.0000 0.0000 7.9849 -31.5619 -45.8814 23.7973 7.1250 -0.0000 -0.0000 20.5104 -79.8329 -16.6619
-0.8168 17.3551 1.0877 -3.5242 -4.4271 15.1948 0.0000 0.0000 0.0000 -13.9274 -13.8346 -21.4379 2.8298 10.4142 30.3288 1.0424 6.1928 -22.4686 0.0457 -1.3796 -3.7939 0.0000 0.0000 0.0000 19.5273 21.0402 -20.5206 -2.9126 -10.5522 30.7839 -0.6635 -7.6731 -20.0449 -0.0525 1.4784 -4.0661 2.5307 -0.0361 -9.8917 1.3432 -0.2943 -4.9783 -0.0642 -0.1786 0.3691 -6.5724 -2.5826 -16.4271 3.4168 -2.8200 28.0049 1.9784 -1.5366 12.0888 0.0000 0.0000 0.0000 -85.8780 7.5723 40.8974 18.2043 -28.4179 -4.6460 -0.0000 0.0000 -9.8486 36.5593 -22.9751 -16.1434 -7.1250 0.0000 -0.0000 4.5686 2.2311 -4.4014 0.0000 0.0000 0.0000 87.8678 -7.9698 37.9319 -18.3517 28.6052 -4.7164 0.0000 0.0000 7.5213 -31.6763 -46.2015 24.0066 7.1250 -0.0000 -0.0000 21.4290 -80.1459 -17.5491
-0.8224 17.3308 1.0818 -3.5524 -4.5313 15.1985 0.0000 0.0000 0.0000 -13.8421 -13.6226 -21.9286 2.9473 10.6092 30.9731 1.0855 5.9785 -22.6976 0.0544 -1.5047 -4.1386 0.0000 0.0000 0.0000 19.5034 21.1583 -20.9865 -3.0454 -10.7681 31.5018 -0.7111 -7.4373 -20.3267 -0.0519 1.4708 -4.0453 2.4929 -0.0111 -9.7320 1.3520 -0.2533 -4.9306 -0.0296 -0.1574 0.3325 -6.4938 -2.5462 -16.5536 3.3475 -2.7561 27.8413 1.9459 -1.5054 12.0437 -0.0000 -0.0000 0.0000 -85.8594 7.5768 40.9698 18.1278 -28.3204 -4.6097 -0.0000 0.0000 -10.0139 34.9003 -20.2078 -13.5485 -7.1250 0.0000 -0.0000 4.0536 5.8604 -3.6278 -0.0000 -0.0000 0.0000 87.8699 -7.8510 38.0273 -18.2300 28.4507 -4.6583 0.0000 0.0000 7.7663 -32.2639 -45.3204 24.1744 7.1250 -0.0000 -0.0000 17.4290 -79.6505 -14.0732
-0.8252 17.3045 1.0777 -3.5299 -4.6411 15.3444 0.0000 0.0000 0.0000 -13.7982 -13.4110 -22.6179 3.0831 10.8284 31.7033 1.1352 5.7031 -22.9410 0.0624 -1.6119 -4.4343 0.0000 0.0000 0.0000 19.3503 21.2276 -21.6798 -3.1947 -11.0037 32.2923 -0.7650 -7.1148 -20.5980 -0.0515 1.4645 -4.0279 2.4413 0.0166 -9.6723 1.3270 -0.2098 -4.9312 -0.0221 -0.1354 0.3003 -6.4182 -2.5229 -16.7660 3.3402 -2.7249 27.7272 1.9326 -1.4808 12.0385 0.0000 -0.0000 0.0000 -85.7950 7.5854 41.0933 18.0348 -28.2016 -4.5657 -0.0000 0.0000 -9.8677 37.9561 -24.7293 -18.0726 -7.1250 0.0000 -0.0000 5.0447 -0.2066 -5.0826 0.0000 -0.0000 0.0000 87.9515 -7.7055 37.9464 -18.2112 28.4267 -4.6493 0.0000 0.0000 7.8349 -32.1734 -45.3563 24.1127 7.1250 -0.0000 -0.0000 17.7063 -79.6439 -14.2966
-0.8239 17.2726 1.0700 -3.4204 -4.7313 15.4599 0.0000 0.0000 0.0000 -13.8674 -13.1716 -23.3436 3.2351 11.0663 32.5038 1.2020 5.2953 -23.2456 0.0721 -1.7320 -4.7655 0.0000 0.0000 0.0000 19.0892 21.1650 -22.4171 -3.3576 -11.2525 33.1364 -0.8224 -6.8063 -20.9134 -0.0628 1.6163 -4.4464 2.3746 0.0659 -9.5770 1.2352 -0.1345 -4.9184 -0.0721 -0.0978 0.2630 -6.3079 -2.5826 -16.9150 3.3112 -2.8202 27.5292 1.8850 -1.5118 11.9940 -0.0000 0.0000 0.0000 -85.6479 7.5495 41.2429 18.0776 -28.2565 -4.5859 -0.0000 0.0000 -10.1041 37.1344 -22.9774 -16.4678 -7.1250 0.0000 -0.0000 4.9135 2.0630 -4.7512 -0.0000 0.0000 0.0000 88.0549 -7.6766 37.8009 -18.3393 28.5895 -4.7105 0.0000 0.0000 7.7929 -31.9357 -45.8614 24.1001 7.1250 -0.0000 -0.0000 19.7834 -79.9735 -16.1200
-0.8236 17.2366 1.0612 -3.4156 -4.6971 15.3850 0.0000 0.0000 0.0000 -13.8296 -12.8734 -23.9448 3.4129 11.3353 33.4192 1.2806 4.7540 -23.5694 0.0823 -1.8505 -5.0928 0.0000 0.0000 0.0000 19.0448 21.0766 -22.9429 -3.5442 -11.5278 34.0812 -0.8724 -6.7411 -21.3330 -0.0893 1.9277 -5.3058 2.4284 0.0785 -9.2960 1.1943 -0.1131 -4.8512 -0.1424 -0.0887 0.1789 -6.2496 -2.6146 -16.8869 3.2890 -2.8712 27.2087 1.8555 -1.5283 11.8643 0.0000 -0.0000 0.0000 -85.5443 7.4629 41.2858 18.1554 -28.3557 -4.6228 -0.0000 0.0000 -10.7417 34.3578 -18.9203 -12.4987 -7.1250 0.0000 -0.0000 3.9242 7.4746 -3.3885 0.0000 -0.0000 0.0000 88.0585 -7.6106 37.8582 -18.4339 28.7092 -4.7559 0.0000 0.0000 7.6656 -31.9453 -45.8816 24.1153 7.1250 -0.0000 -0.0000 19.8354 -79.9946 -16.1712
-0.8236 17.2003 1.0560 -3.4157 -4.5859 15.3406 0.0000 0.0000 0.0000 -13.7713 -12.5910 -24.6033 3.6079 11.6195 34.3990 1.3546 4.1932 -23.8518 0.0890 -1.9236 -5.2946 0.0000 0.0000 0.0000 19.0065 20.8883 -23.5409 -3.7441 -11.8118 35.0695 -0.9426 -6.5377 -21.8262 -0.1000 2.0392 -5.6140 2.4844 0.0358 -9.1167 1.2066 -0.1689 -4.8062 -0.1661 -0.1176 0.1260 -6.3040 -2.5755 -16.7284 3.3383 -2.8154 26.8491 1.8888 -1.5003 11.6910 0.0000 -0.0000 0.0000 -85.5434 7.4618 41.1984 18.2195 -28.4373 -4.6533 -0.0000 0.0000 -10.9939 32.7629 -16.6717 -10.4603 -7.1250 0.0000 -0.0000 3.2345 10.4022 -2.6016 0.0000 -0.0000 0.0000 87.9474 -7.4139 38.1719 -18.4124 28.6820 -4.7455 0.0000 0.0000 7.4075 -31.8690 -45.7250 23.9953 7.1250 -0.0000 -0.0000 19.4439 -79.8309 -15.7858
-0.8228 17.1512 1.0450 -3.3995 -4.4488 15.3558 0.0000 0.0000 0.0000 -13.6843 -12.4473 -25.4039 3.8283 11.9283 35.4788 1.4204 3.6875 -24.1054 0.0922 -1.9584 -5.3908 0.0000 0.0000 0.0000 18.9135 20.6504 -24.3152 -3.9625 -12.1104 36.1235 -1.0315 -6.1356 -22.3357 -0.0942 1.9796 -5.4493 2.5195 -0.0252 -8.9081 1.2298 -0.2441 -4.8569 -0.1678 -0.1575 -0.0426 -6.3866 -2.5426 -16.5070 3.4203 -2.7753 26.5144 1.9370 -1.4789 11.5178 -0.0000 -0.0000 0.0000 -85.5267 7.6673 41.1381 18.3295 -28.5771 -4.7058 -0.0000 0.0000 -10.9167 32.9989 -17.0892 -10.8037 -7.1250 0.0000 -0.0000 3.3296 9.8756 -2.7139 -0.0000 -0.0000 0.0000 87.8255 -7.3916 38.4972 -18.4083 28.6769 -4.7436 0.0000 0.0000 7.0675 -31.5979 -45.8813 23.8272 7.1250 -0.0000 -0.0000 20.4470 -79.8480 -16.6159
-0.8253 17.1093 1.0310 -3.4136 -4.2754 15.3668 0.0000 0.0000 0.0000 -13.5097 -12.4015 -26.2398 4.0670 12.2490 36.6188 1.4839 3.2490 -24.3786 0.0960 -1.9984 -5.5012 0.0000 0.0000 0.0000 18.8735 20.5406 -25.0626 -4.1944 -12.4146 37.2151 -1.1088 -5.8404 -22.8064 -0.0864 1.8962 -5.2189 2.5571 -0.0966 -8.7163 1.2555 -0.3339 -4.8918 -0.1693 -0.2045 -0.1862 -6.4805 -2.5186 -16.3722 3.5608 -2.7568 26.2190 2.0052 -1.4607 11.3802 -0.0000 0.0000 0.0000 -85.4605 7.8295 41.1440 18.4102 -28.6792 -4.7445 -0.0000 0.0000 -10.9690 33.3992 -17.3978 -11.1529 -7.1250 0.0000 -0.0000 3.5439 9.4392 -2.9205 -0.0000 0.0000 0.0000 87.7353 -7.5196 38.8029 -18.5071 28.8016 -4.7910 0.0000 0.0000 6.6448 -31.3720 -45.7102 23.5792 7.1250 -0.0000 -0.0000 20.2676 -79.6103 -16.3731
-0.8271 17.0638 1.0217 -3.4171 -4.0752 15.3843 0.0000 0.0000 0.0000 -13.3481 -12.3637 -27.1082 4.3310 12.5883 37.8461 1.5559 2.8029 -24.7153 0.1037 -2.0761 -5.7159 0.0000 0.0000 0.0000 18.8141 20.4613 -25.8296 -4.4504 -12.7368 38.3911 -1.1889 -5.4996 -23.2618 -0.0710 1.7187 -4.7290 2.6575 -0.1235 -8.8565 1.2065 -0.3877 -4.6357 -0.2824 -0.2283 0.1538 -6.3340 -2.5805 -16.8061 3.4806 -2.8270 25.9430 1.9348 -1.4804 11.3619 0.0000 -0.0000 0.0000 -85.2899 7.4939 41.3139 18.4873 -28.7767 -4.7815 -0.0000 0.0000 -11.2591 33.3880 -17.5580 -11.2452 -7.1250 0.0000 -0.0000 3.5133 9.2568 -2.9080 0.0000 -0.0000 0.0000 87.7845 -7.2716 38.8240 -18.7324 29.0848 -4.9001 0.0000 0.0000 6.5583 -31.3829 -45.4536 23.4961 7.1250 -0.0000 -0.0000 19.4207 -79.3987 -15.5998
-0.8251 17.0092 1.0152 -3.4167 -3.9301 15.4322 0.0000 0.0000 0.0000 -13.2273 -12.2754 -28.0213 4.6090 12.9295 39.1051 1.6292 2.3549 -25.0609 0.1223 -2.2542 -6.2088 0.0000 0.0000 0.0000 18.7063 20.3748 -26.6664 -4.7239 -13.0659 39.6158 -1.2667 -5.0977 -23.6558 -0.0537 1.4960 -4.1148 2.7154 -0.1490 -8.5515 1.1932 -0.4142 -4.6285 -0.3292 -0.2442 -0.0076 -6.0916 -2.6534 -17.2816 3.1951 -2.8853 25.8169 1.7754 -1.5127 11.4034 -0.0000 0.0000 0.0000 -85.1596 7.5745 41.6389 18.6069 -28.9272 -4.8392 -0.0000 0.0000 -11.5080 33.6448 -18.1052 -11.6852 -7.1250 0.0000 -0.0000 3.5969 8.5724 -3.0267 -0.0000 0.0000 0.0000 87.7851 -7.3611 38.7156 -19.0438 29.4730 -5.0524 0.0000 0.0000 6.7526 -31.3189 -46.0900 23.6705 7.1250 -0.0000 -0.0000 21.6491 -79.9029 -17.6280
-0.8247 16.9488 1.0093 -3.4082 -3.9053 15.4638 0.0000 0.0000 0.0000 -13.1348 -12.1183 -28.9514 4.9136 13.2859 40.4482 1.7229 1.8988 -25.5502 0.1320 -2.3416 -6.4507 0.0000 0.0000 0.0000 18.5776 20.3365 -27.5407 -5.0263 -13.4134 40.9364 -1.3436 -4.8737 -24.1393 -0.0592 1.5697 -4.3180 2.7581 -0.1282 -8.3364 1.1840 -0.3822 -4.5848 -0.3591 -0.2294 -0.0802 -6.1449 -2.7499 -17.4206 3.2290 -2.9980 25.4461 1.7756 -1.5597 11.2980 -0.0000 -0.0000 0.0000 -85.0042 7.6563 42.1856 18.6677 -29.0037 -4.8687 -0.0000 0.0000 -11.3925 35.4712 -19.9793 -13.6830 -7.1250 0.0000 -0.0000 4.4481 5.9844 -3.9724 -0.0000 -0.0000 0.0000 87.7332 -7.4537 38.6864 -19.3510 29.8525 -5.2044 0.0000 0.0000 6.7446 -31.1884 -46.5783 23.7337 7.1250 -0.0000 -0.0000 23.6496 -80.2423 -19.4369
-0.8254 16.8909 0.9997 -3.3166 -3.8470 15.4762 0.0000 0.0000 0.0000 -13.1096 -12.0145 -29.8932 5.2439 13.6533 41.8662 1.8292 1.3191 -26.0758 0.1138 -2.1752 -5.9901 0.0000 0.0000 0.0000 18.3646 20.2627 -28.4594 -5.3571 -13.7750 42.3436 -1.4351 -4.8050 -24.8094 -0.0840 1.8695 -5.1451 2.7032 -0.1416 -8.0625 1.1892 -0.3854 -4.5920 -0.3218 -0.2316 -0.2378 -6.2699 -2.7774 -17.2428 3.2951 -3.0174 24.9134 1.8147 -1.5691 11.0671 -0.0000 -0.0000 0.0000 -84.9527 7.7388 42.1153 19.1462 -29.5999 -5.1029 -0.0000 0.0000 -11.7221 35.9490 -20.9265 -14.5213 -7.1250 0.0000 -0.0000 4.5781 4.7646 -4.1957 -0.0000 -0.0000 0.0000 87.5956 -7.6695 38.7813 -19.6761 30.2501 -5.3672 0.0000 0.0000 6.6244 -31.2539 -46.1909 23.6522 7.1250 -0.0000 -0.0000 22.1164 -79.9579 -18.0373
-0.8279 16.8233 0.9832 -3.3159 -3.7902 15.5423 0.0000 0.0000 0.0000 -12.9393 -11.9327 -30.9556 5.5951 14.0241 43.3342 1.9137 0.8021 -26.4710 0.1092 -2.1305 -5.8664 0.0000 0.0000 0.0000 18.2200 20.3977 -29.4301 -5.7136 -14.1450 43.8213 -1.5247 -4.7861 -25.4730 -0.0951 1.9888 -5.4748 2.6773 -0.1566 -7.8091 1.2262 -0.3956 -4.5302 -0.2690 -0.2361 -0.3132 -6.2620 -2.7356 -17.3422 3.2855 -2.9377 24.3795 1.8164 -1.5271 10.8825 -0.0000 0.0000 0.0000 -84.8966 7.6147 41.9704 19.5225 -30.0628 -5.2901 -0.0000 0.0000 -11.7767 36.2959 -22.0742 -15.4304 -7.1250 0.0000 -0.0000 4.5803 3.3438 -4.3194 -0.0000 0.0000 0.0000 87.4821 -7.6238 38.8656 -19.9651 30.6003 -5.5136 0.0000 0.0000 6.4964 -31.0117 -46.2826 23.4838 7.1250 -0.0000 -0.0000 22.8516 -79.9295 -18.6322
-0.8325 16.7447 0.9651 -3.3931 -3.8132 15.6165 0.0000 0.0000 0.0000 -12.6808 -11.8370 -32.0253 5.9623 14.3917 44.8304 1.9955 0.5165 -26.9272 0.1351 -2.3687 -6.5259 0.0000 0.0000 0.0000 18.1348 20.7454 -30.4037 -6.0944 -14.5192 45.3595 -1.6079 -4.7420 -26.0594 -0.0950 1.9876 -5.4714 2.6769 -0.1349 -7.7729 1.2634 -0.3720 -4.2630 -0.2297 -0.2191 -0.0558 -6.2280 -2.7023 -17.6470 3.3821 -2.8899 23.7245 1.8452 -1.4811 10.6971 -0.0000 0.0000 0.0000 -84.7547 7.1707 42.1916 19.7595 -30.3515 -5.4093 -0.0000 0.0000 -11.9661 36.5326 -22.5135 -15.8370 -7.1250 0.0000 -0.0000 4.6410 2.7709 -4.4260 -0.0000 0.0000 0.0000 87.4227 -7.1957 38.9426 -20.2231 30.9102 -5.6455 0.0000 0.0000 6.3410 -30.9427 -46.3447 23.4484 7.1250 -0.0000 -0.0000 23.1905 -79.9504 -18.9219
-0.8336 16.6707 0.9511 -3.2549 -3.7584 15.6224 0.0000 0.0000 0.0000 -12.6836 -11.8448 -32.9692 6.3418 14.7516 46.3386 2.0937 0.2866 -27.5027 0.1650 -2.6168 -7.2137 0.0000 0.0000 0.0000 17.8176 20.9065 -31.3997 -6.4958 -14.8922 46.9406 -1.6981 -4.5697 -26.6137 -0.0904 1.9397 -5.3390 2.5641 -0.1458 -7.1873 1.2087 -0.3533 -4.4172 -0.2181 -0.2143 -0.5373 -6.5133 -2.6282 -16.9879 3.8754 -2.8580 22.8942 2.0710 -1.4323 10.2776 -0.0000 0.0000 0.0000 -84.5558 7.5379 42.6837 19.9311 -30.5592 -5.4963 -0.0000 0.0000 -12.0109 35.9838 -21.3952 -14.8360 -7.1250 0.0000 -0.0000 4.5150 4.2128 -4.1844 -0.0000 0.0000 0.0000 87.3745 -7.5485 39.0586 -20.5272 31.2723 -5.8026 0.0000 0.0000 6.2374 -31.5619 -45.7155 23.7379 7.1250 -0.0000 -0.0000 19.9542 -79.6942 -16.1503
-0.8351 16.5962 0.9363 -3.0443 -3.6784 15.5732 0.0000 0.0000 0.0000 -12.7648 -11.8484 -33.8806 6.7387 15.1078 47.8790 2.1870 -0.0389 -28.0047 0.1802 -2.7342 -7.5395 0.0000 0.0000 0.0000 17.4413 20.9930 -32.3815 -6.9160 -15.2607 48.5557 -1.7785 -4.3982 -27.0882 -0.0862 1.8939 -5.2124 2.3421 -0.1745 -6.6018 1.1720 -0.3559 -4.5360 -0.1282 -0.2163 -0.9821 -7.0286 -2.5605 -16.1461 4.5587 -2.8237 21.8115 2.3965 -1.3818 9.7466 0.0000 0.0000 0.0000 -84.4524 7.8055 42.8555 20.2800 -30.9782 -5.6747 -0.0000 0.0000 -12.5157 33.8244 -18.7189 -12.1360 -7.1250 0.0000 -0.0000 3.6177 7.8264 -3.0977 0.0000 0.0000 0.0000 87.2269 -7.8678 39.3026 -20.8604 31.6651 -5.9765 0.0000 0.0000 6.1117 -31.8324 -45.8017 23.9928 7.1250 -0.0000 -0.0000 19.7649 -79.8800 -16.0682
-0.8396 16.5143 0.9155 -3.1279 -3.6210 15.5642 0.0000 0.0000 0.0000 -12.4811 -11.8158 -34.8876 7.1628 15.4675 49.4874 2.2614 -0.3362 -28.3881 0.1932 -2.8307 -7.8077 0.0000 0.0000 0.0000 17.3886 21.2478 -33.3707 -7.3467 -15.6170 50.1737 -1.8411 -4.3794 -27.5083 -0.0931 1.9677 -5.4165 2.3327 -0.1673 -6.0256 1.2480 -0.3248 -4.5784 -0.0400 -0.2028 -1.3441 -7.0280 -2.5760 -16.1517 4.5241 -2.8182 21.1876 2.3776 -1.3777 9.5272 0.0000 0.0000 0.0000 -84.4068 7.8311 43.0477 20.4778 -31.2137 -5.7769 -0.0000 0.0000 -12.6204 36.0431 -23.0845 -15.9245 -7.1250 0.0000 -0.0000 4.2371 2.2513 -4.0787 0.0000 0.0000 0.0000 87.0165 -7.9651 39.5957 -21.2015 32.0629 -6.1566 0.0000 0.0000 5.8928 -31.3835 -46.5243 23.8771 7.1250 -0.0000 -0.0000 23.1189 -80.2828 -19.0131
-0.8421 16.4287 0.8960 -3.3426 -3.5113 15.6902 0.0000 0.0000 0.0000 -11.9999 -11.9045 -36.0570 7.6136 15.8276 51.1586 2.3407 -0.5760 -28.8148 0.2064 -2.9251 -8.0702 0.0000 0.0000 0.0000 17.4278 21.5319 -34.4798 -7.7788 -15.9541 51.7619 -1.9068 -4.4097 -27.9676 -0.1042 2.0817 -5.7314 2.5012 -0.1517 -5.7030 1.3525 -0.3001 -4.5287 -0.0246 -0.1937 -1.4723 -6.8914 -2.6689 -16.4809 4.2993 -2.8931 20.7184 2.2597 -1.4187 9.4239 0.0000 0.0000 0.0000 -84.3596 7.7343 43.3245 20.6558 -31.4243 -5.8694 -0.0000 0.0000 -12.6994 36.9538 -23.3434 -16.5988 -7.1250 0.0000 -0.0000 4.7333 1.6931 -4.6073 0.0000 0.0000 0.0000 86.8015 -7.8042 39.8998 -21.4734 32.3768 -6.3015 0.0000 0.0000 5.5408 -31.0521 -46.6826 23.6566 7.1250 -0.0000 -0.0000 24.2727 -80.2666 -19.9680
-0.8422 16.3420 0.8834 -3.4833 -3.4275 15.8366 0.0000 0.0000 0.0000 -11.6037 -12.0296 -37.2570 8.0811 16.1786 52.8541 2.4357 -0.9228 -29.3025 0.1946 -2.8406 -7.8354 0.0000 0.0000 0.0000 17.3616 21.7987 -35.5511 -8.2108 -16.2721 53.3185 -1.9830 -4.3993 -28.4678 -0.1173 2.2084 -6.0821 2.6402 -0.1144 -5.5232 1.4170 -0.2506 -4.4468 -0.0337 -0.1707 -1.4874 -7.0758 -2.8030 -16.5216 4.4540 -3.0450 20.0528 2.3175 -1.4808 9.2151 -0.0000 -0.0000 0.0000 -84.3242 7.6802 43.4050 21.0236 -31.8559 -6.0624 -0.0000 0.0000 -12.8381 37.2562 -23.6213 -16.9491 -7.1250 0.0000 -0.0000 4.8585 1.2837 -4.7657 -0.0000 -0.0000 0.0000 86.5864 -7.7591 40.1573 -21.9136 32.8793 -6.5389 0.0000 0.0000 5.2460 -31.2116 -46.4689 23.7148 7.1250 -0.0000 -0.0000 23.1999 -80.1648 -19.0271
-0.8386 16.2610 0.8765 -3.5986 -3.2704 15.8496 0.0000 0.0000 0.0000 -11.2746 -12.1567 -38.3058 8.5590 16.5154 54.5521 2.5447 -1.2066 -29.8850 0.1886 -2.7973 -7.7148 0.0000 0.0000 0.0000 17.3449 21.8823 -36.4107 -8.6339 -16.5662 54.8150 -2.0716 -4.3414 -29.0158 -0.1289 2.3145 -6.3757 2.8113 -0.1252 -5.2119 1.4818 -0.2596 -4.3970 -0.0621 -0.1792 -1.6103 -7.0837 -2.8813 -16.6708 4.3723 -3.1100 19.6424 2.2773 -1.5155 9.1037 -0.0000 0.0000 0.0000 -84.3347 7.7157 43.2230 21.5756 -32.4940 -6.3563 -0.0000 0.0000 -13.2614 36.3702 -23.0401 -16.0787 -7.1250 0.0000 -0.0000 4.4423 2.2102 -4.2807 -0.0000 0.0000 0.0000 86.3473 -7.9850 40.3713 -22.5298 33.5706 -6.8765 0.0000 0.0000 5.1659 -31.4748 -46.4633 23.9317 7.1250 -0.0000 -0.0000 22.7350 -80.2728 -18.6889
-0.8321 16.1771 0.8628 -3.4968 -3.0335 15.8475 0.0000 0.0000 0.0000 -11.2024 -12.4065 -39.3139 9.0319 16.8282 56.2005 2.6437 -1.1584 -30.4881 0.2351 -3.1209 -8.6156 0.0000 0.0000 0.0000 17.1060 21.6683 -37.3485 -9.0626 -16.8478 56.3062 -2.1605 -4.3153 -29.5700 -0.1775 2.7141 -7.4838 2.8461 -0.2161 -4.7471 1.4814 -0.3630 -4.3824 -0.0831 -0.2342 -1.8567 -6.7882 -2.9155 -17.0050 3.9902 -3.1150 19.2697 2.0906 -1.5305 9.0254 -0.0000 0.0000 0.0000 -84.2860 7.7446 43.5010 21.5292 -32.4409 -6.3314 -0.0000 0.0000 -12.5911 38.0922 -25.0162 -18.3395 -7.1250 0.0000 -0.0000 5.0638 -0.5796 -5.1348 -0.0000 0.0000 0.0000 86.0909 -8.1473 40.6919 -23.0407 34.1333 -7.1611 0.0000 0.0000 5.1248 -31.5775 -46.4835 24.0244 7.1250 -0.0000 -0.0000 22.6355 -80.3330 -18.6326
-0.8427 16.0735 0.8483 -3.7572 -3.2054 15.7587 0.0000 0.0000 0.0000 -10.7150 -12.1973 -40.3366 9.5262 17.1347 57.8927 2.7392 -1.1971 -31.0359 0.2748 -3.3716 -9.3150 0.0000 0.0000 0.0000 17.3138 22.1806 -38.0452 -9.4940 -17.1153 57.7835 -2.1977 -4.6367 -29.9580 -0.2548 3.2475 -8.9686 2.9266 -0.1157 -4.2402 1.5611 -0.2131 -4.2333 -0.0406 -0.1601 -1.9822 -6.4538 -3.0319 -17.4549 3.6432 -3.2430 18.7082 1.8926 -1.5943 8.9094 -0.0000 -0.0000 0.0000 -84.1195 7.4288 43.7628 21.8066 -32.7577 -6.4809 -0.0000 0.0000 -13.1007 38.2285 -25.4983 -18.7321 -7.1250 0.0000 -0.0000 5.0398 -1.1767 -5.1621 -0.0000 -0.0000 0.0000 85.9024 -8.0810 40.9538 -23.4756 34.6048 -7.4066 0.0000 0.0000 5.0453 -31.5118 -46.3771 23.9321 7.1250 -0.0000 -0.0000 22.3518 -80.2190 -18.3463
-0.8437 15.9810 0.8424 -3.8855 -3.1957 15.7135 0.0000 0.0000 0.0000 -10.3873 -12.2590 -41.2023 10.0009 17.4104 59.4914 2.8483 -1.3302 -31.6270 0.2755 -3.3759 -9.3272 0.0000 0.0000 0.0000 17.3561 22.4172 -38.7864 -9.9275 -17.3689 59.2459 -2.2561 -4.7237 -30.3624 -0.2714 3.3512 -9.2582 3.0613 -0.0708 -3.8341 1.5833 -0.1415 -4.1150 -0.0908 -0.1274 -2.0861 -6.2672 -3.1379 -17.9337 3.4589 -3.3566 18.2657 1.7779 -1.6459 8.8430 0.0000 -0.0000 0.0000 -83.9626 7.2835 44.0148 22.1120 -33.1033 -6.6469 -0.0000 0.0000 -13.2477 38.0069 -25.1505 -18.3727 -7.1250 0.0000 -0.0000 4.9853 -0.7065 -5.0656 0.0000 -0.0000 0.0000 85.7565 -8.0177 41.1584 -23.9346 35.0950 -7.6689 0.0000 0.0000 4.8981 -31.4858 -46.1007 23.8125 7.1250 -0.0000 -0.0000 21.4008 -79.9823 -17.4568
-0.8421 15.8975 0.8364 -3.9040 -3.1075 15.7945 0.0000 0.0000 0.0000 -10.1470 -12.4493 -42.1475 10.4683 17.6649 61.0423 2.9557 -1.4958 -32.1897 0.2879 -3.4508 -9.5366 0.0000 0.0000 0.0000 17.2101 22.5433 -39.7065 -10.3668 -17.6110 60.7074 -2.3379 -4.8834 -30.9388 -0.2762 3.3802 -9.3391 3.1279 -0.0806 -3.4233 1.5745 -0.1362 -4.1505 -0.1355 -0.1299 -2.3531 -6.2380 -3.1566 -18.0523 3.5473 -3.3890 17.7179 1.7960 -1.6448 8.6794 -0.0000 -0.0000 0.0000 -83.8661 7.4630 43.9632 22.5734 -33.6190 -6.9007 -0.0000 0.0000 -13.2220 37.6148 -24.3674 -17.6357 -7.1250 0.0000 -0.0000 4.9193 0.3159 -4.9103 -0.0000 -0.0000 0.0000 85.6088 -8.1950 41.4788 -24.5067 35.6955 -8.0003 0.0000 0.0000 4.6610 -31.5169 -45.8760 23.7581 7.1250 -0.0000 -0.0000 20.5703 -79.8095 -16.7015
-0.8381 15.8096 0.8243 -3.7335 -3.0595 15.9072 0.0000 0.0000 0.0000 -10.1138 -12.7069 -43.1573 10.9395 17.9053 62.5848 3.0505 -1.5708 -32.6972 0.3281 -3.6815 -10.1822 0.0000 0.0000 0.0000 16.7819 22.6102 -40.7890 -10.8320 -17.8519 62.2347 -2.4304 -5.1352 -31.6138 -0.3105 3.5824 -9.9046 3.0264 -0.0800 -3.0678 1.5172 -0.1179 -4.1853 -0.1361 -0.1217 -2.5874 -6.1499 -3.1855 -18.1739 3.5103 -3.4254 17.2299 1.7616 -1.6557 8.5344 0.0000 0.0000 0.0000 -83.7959 7.4902 43.9704 22.9410 -34.0242 -7.1053 -0.0000 0.0000 -13.3422 37.6965 -24.5595 -17.8070 -7.1250 0.0000 -0.0000 4.9276 0.0698 -4.9399 0.0000 0.0000 0.0000 85.3915 -8.3970 41.8085 -25.1471 36.3539 -8.3769 0.0000 0.0000 4.4699 -31.5923 -45.7782 23.7855 7.1250 -0.0000 -0.0000 20.1097 -79.7596 -16.3036
-0.8312 15.7078 0.8111 -3.6268 -2.8806 16.0890 0.0000 0.0000 0.0000 -9.9757 -13.1359 -44.2091 11.4394 18.1435 64.2006 3.1424 -1.4298 -33.2370 0.3825 -3.9718 -10.9975 0.0000 0.0000 0.0000 16.3720 22.6014 -42.0279 -11.3324 -18.0939 63.8564 -2.5371 -5.1575 -32.2495 -0.3246 3.6622 -10.1282 3.0391 -0.0970 -2.9202 1.5224 -0.1352 -4.1424 -0.1377 -0.1306 -2.6262 -6.0016 -3.2547 -18.5122 3.2561 -3.4768 16.8404 1.6404 -1.6910 8.4570 0.0000 0.0000 0.0000 -83.8212 7.3324 44.0028 23.1965 -34.3030 -7.2488 -0.0000 0.0000 -13.3020 37.8975 -24.8729 -18.1286 -7.1250 0.0000 -0.0000 4.9801 -0.3532 -5.0297 0.0000 0.0000 0.0000 85.1140 -8.3780 42.0334 -25.6688 36.8798 -8.6881 0.0000 0.0000 4.3838 -31.8814 -45.5049 23.9257 7.1250 -0.0000 -0.0000 18.7040 -79.6496 -15.1119
-0.8286 15.5920 0.7940 -3.7493 -2.7277 16.4396 0.0000 0.0000 0.0000 -9.4914 -13.5412 -45.5283 11.9759 18.3804 65.9124 3.2189 -1.2407 -33.7001 0.4210 -4.1644 -11.5396 0.0000 0.0000 0.0000 16.1369 22.8350 -43.4533 -11.8627 -18.3320 65.5530 -2.6407 -5.0892 -32.8119 -0.3124 3.5934 -9.9355 3.1929 -0.0876 -2.8396 1.6011 -0.1187 -4.1481 -0.1424 -0.1261 -2.6780 -6.0449 -3.3206 -18.6668 3.3007 -3.5404 16.2068 1.6517 -1.7138 8.2746 -0.0000 0.0000 0.0000 -83.9070 7.2204 43.7938 23.5052 -34.6367 -7.4235 -0.0000 0.0000 -13.0192 37.8824 -24.7550 -18.0442 -7.1250 0.0000 -0.0000 4.9960 -0.2130 -5.0337 -0.0000 0.0000 0.0000 84.9055 -8.2709 42.1169 -26.1443 37.3509 -8.9751 0.0000 0.0000 4.4078 -32.0496 -45.5851 24.0942 7.1250 -0.0000 -0.0000 18.6604 -79.7881 -15.1277
-0.8276 15.4767 0.7816 -3.8127 -2.6915 16.7503 0.0000 0.0000 0.0000 -9.0927 -13.8450 -46.8359 12.5229 18.6030 67.6369 3.2984 -1.0586 -34.1736 0.4317 -4.2163 -11.6861 0.0000 0.0000 0.0000 15.8514 23.1461 -44.8007 -12.4176 -18.5617 67.3065 -2.7387 -5.2831 -33.4558 -0.3336 3.7119 -10.2675 3.2359 -0.0819 -2.6140 1.6447 -0.0985 -4.1959 -0.1206 -0.1189 -2.8540 -6.0207 -3.3763 -18.9516 3.2976 -3.5938 15.7414 1.6365 -1.7323 8.1692 0.0000 -0.0000 0.0000 -84.0025 7.1723 43.3883 23.8777 -35.0347 -7.6362 -0.0000 0.0000 -12.8251 37.4530 -24.2589 -17.4703 -7.1250 0.0000 -0.0000 4.8461 0.4903 -4.8217 0.0000 -0.0000 0.0000 84.7591 -8.2979 42.1347 -26.8169 38.0040 -9.3862 0.0000 0.0000 4.5550 -31.7369 -46.4607 24.1493 7.1250 -0.0000 -0.0000 22.2759 -80.3830 -18.3548
-0.8255 15.3701 0.7747 -3.7678 -2.5842 17.0086 0.0000 0.0000 0.0000 -8.8303 -14.2526 -48.0076 13.0742 18.8088 69.3557 3.4101 -0.9098 -34.8023 0.4090 -4.1054 -11.3733 0.0000 0.0000 0.0000 15.4844 23.3576 -46.0697 -12.9873 -18.7776 69.0861 -2.8337 -5.7352 -34.1963 -0.4022 4.0714 -11.2777 3.2145 -0.1072 -2.3722 1.6499 -0.1192 -4.2373 -0.1021 -0.1310 -3.0333 -5.6264 -3.4138 -19.5450 2.8387 -3.6222 15.5333 1.4083 -1.7623 8.1859 0.0000 -0.0000 0.0000 -84.0501 7.1700 42.9877 24.2853 -35.4645 -7.8715 -0.0000 0.0000 -12.5558 36.7446 -23.5969 -16.6393 -7.1250 0.0000 -0.0000 4.5583 1.4625 -4.4547 0.0000 -0.0000 0.0000 84.5956 -8.4753 42.1857 -27.6185 38.7626 -9.8839 0.0000 0.0000 4.7791 -31.1204 -47.0580 23.8431 7.1250 -0.0000 -0.0000 25.6516 -80.5890 -21.2806
-0.8308 15.2525 0.7496 -3.6051 -2.2460 17.4936 0.0000 0.0000 0.0000 -8.4587 -14.9525 -49.6153 13.6633 19.0087 71.1737 3.4821 -0.7136 -35.2304 0.4274 -4.1959 -11.6285 0.0000 0.0000 0.0000 14.8756 23.5706 -47.8528 -13.5999 -18.9882 70.9787 -2.9102 -6.0476 -34.7617 -0.4283 4.1998 -11.6395 3.0217 -0.2084 -2.1438 1.6581 -0.2387 -4.3914 0.0169 -0.1889 -3.3234 -5.1713 -3.3851 -20.1958 2.3788 -3.5786 15.2735 1.1789 -1.7552 8.1897 -0.0000 0.0000 0.0000 -84.0529 7.2229 42.6385 24.6559 -35.8502 -8.0875 -0.0000 0.0000 -12.0945 36.4533 -23.7721 -16.5820 -7.1250 0.0000 -0.0000 4.3499 1.3464 -4.2589 -0.0000 0.0000 0.0000 84.4045 -8.5243 42.3605 -28.2247 39.3223 -10.2658 0.0000 0.0000 4.8562 -30.7523 -46.8161 23.4533 7.1250 -0.0000 -0.0000 25.2758 -80.2424 -20.7942
-0.8423 15.1157 0.7120 -3.3865 -1.8560 18.1827 0.0000 0.0000 0.0000 -7.9590 -15.7329 -51.7097 14.3030 19.2034 73.1277 3.4991 -0.4089 -35.4039 0.5077 -4.5674 -12.6788 0.0000 0.0000 0.0000 14.0775 23.8258 -50.0883 -14.2540 -19.1893 72.9787 -2.9598 -6.2382 -35.1199 -0.4185 4.1525 -11.5062 2.6805 -0.3555 -1.9618 1.6968 -0.4200 -4.6326 0.2527 -0.2723 -3.6769 -4.8668 -3.3563 -20.7034 2.0977 -3.5385 14.8911 1.0358 -1.7417 8.1338 0.0000 0.0000 0.0000 -84.1072 7.2095 42.2556 24.9963 -36.2002 -8.2877 -0.0000 0.0000 -11.9670 36.6407 -24.0152 -16.8410 -7.1250 0.0000 -0.0000 4.4136 1.0133 -4.3478 0.0000 0.0000 0.0000 84.1896 -8.3838 42.6206 -28.7512 39.7986 -10.6011 0.0000 0.0000 4.7397 -30.5873 -46.9561 23.3640 7.1250 -0.0000 -0.0000 26.0896 -80.2798 -21.4938
-0.8495 14.9760 0.6806 -3.4204 -1.8073 18.7532 0.0000 0.0000 0.0000 -7.3064 -16.1350 -53.7364 14.9708 19.3825 75.1487 3.5365 -0.2594 -35.6386 0.5515 -4.7574 -13.2179 0.0000 0.0000 0.0000 13.5357 24.3126 -52.0619 -14.8850 -19.3608 74.8901 -2.9934 -6.4721 -35.4126 -0.4320 4.2178 -11.6903 2.5435 -0.3661 -1.8080 1.7701 -0.4229 -4.7620 0.4075 -0.2700 -3.8967 -5.0199 -3.2827 -20.4204 2.4424 -3.4592 13.8340 1.1920 -1.6747 7.7377 0.0000 0.0000 0.0000 -84.1771 7.0274 41.9022 25.3799 -36.5897 -8.5153 -0.0000 0.0000 -12.1588 36.2818 -22.8127 -15.8874 -7.1250 0.0000 -0.0000 4.4326 2.4965 -4.2482 0.0000 0.0000 0.0000 83.9977 -8.1857 42.7592 -29.3471 40.3272 -10.9846 0.0000 0.0000 4.6485 -30.4120 -46.8738 23.1906 7.1250 -0.0000 -0.0000 26.0399 -80.1408 -21.3820
-0.8543 14.8479 0.6585 -3.4717 -1.9297 19.1236 0.0000 0.0000 0.0000 -6.7962 -16.3072 -55.3488 15.6021 19.5298 77.0440 3.5866 -0.1672 -35.9213 0.5643 -4.8113 -13.3713 0.0000 0.0000 0.0000 13.1061 24.8158 -53.6558 -15.4752 -19.5019 76.6641 -3.0307 -6.7235 -35.7331 -0.4566 4.3350 -12.0210 2.4269 -0.2979 -1.5942 1.8020 -0.3231 -4.7624 0.5055 -0.2159 -4.0156 -6.1113 -2.9990 -18.7636 4.1866 -3.1268 11.3843 1.9983 -1.4105 6.6921 0.0000 -0.0000 0.0000 -84.1896 6.7961 41.6292 25.8447 -37.0549 -8.7939 -0.0000 0.0000 -12.0515 35.9500 -21.9286 -15.1539 -7.1250 0.0000 -0.0000 4.3969 3.6060 -4.1240 0.0000 -0.0000 0.0000 83.8710 -8.0394 42.6901 -29.9533 40.8533 -11.3791 0.0000 0.0000 4.7526 -30.5533 -45.7609 22.9240 7.1250 -0.0000 -0.0000 21.8176 -79.3105 -17.5113
-0.8566 14.7357 0.6477 -3.3770 -1.8765 19.4308 0.0000 0.0000 0.0000 -6.4936 -16.6351 -56.6348 16.1683 19.6443 78.7328 3.6302 -0.0252 -36.1835 0.5748 -4.8553 -13.4964 0.0000 0.0000 0.0000 12.6569 24.9794 -55.0225 -16.0284 -19.6175 78.3163 -3.0910 -6.9657 -36.1675 -0.4738 4.4143 -12.2454 2.2910 -0.2700 -1.4429 1.8074 -0.2814 -4.7440 0.5871 -0.1902 -4.0805 -6.4700 -2.9997 -18.4581 4.7179 -3.1075 10.2430 2.2312 -1.3703 6.2875 0.0000 0.0000 0.0000 -84.2131 6.6515 41.4493 26.3450 -37.5473 -9.0971 -0.0000 0.0000 -11.7627 36.7727 -22.7129 -16.0962 -7.1250 0.0000 -0.0000 4.7476 2.4728 -4.5542 0.0000 0.0000 0.0000 83.6993 -8.1636 42.4417 -30.8517 41.6123 -11.9712 0.0000 0.0000 5.0861 -30.6905 -45.3174 22.8802 7.1250 -0.0000 -0.0000 20.1801 -78.9971 -16.0550
-0.8563 14.6263 0.6403 -3.2304 -1.8402 19.7081 0.0000 0.0000 0.0000 -6.2983 -16.9994 -57.8215 16.6953 19.7361 80.2969 3.6578 0.2780 -36.4129 0.6263 -5.0640 -14.0911 0.0000 0.0000 0.0000 12.1621 25.0899 -56.2778 -16.5657 -19.7148 79.9128 -3.1655 -7.1991 -36.6668 -0.4912 4.4939 -12.4704 2.1494 -0.2586 -1.3752 1.8000 -0.2675 -4.6700 0.6581 -0.1774 -4.0404 -6.5609 -3.0783 -18.6801 4.8284 -3.1733 9.5810 2.2718 -1.3914 6.1180 -0.0000 0.0000 0.0000 -84.2617 6.4076 41.2081 26.7592 -37.9486 -9.3507 -0.0000 0.0000 -11.6731 37.3784 -23.7170 -17.0811 -7.1250 0.0000 -0.0000 4.9120 1.1368 -4.8315 -0.0000 0.0000 0.0000 83.5095 -8.0835 42.2404 -31.7382 42.3375 -12.5641 0.0000 0.0000 5.3347 -30.5650 -45.8392 22.9609 7.1250 -0.0000 -0.0000 22.0577 -79.3799 -17.7371
-0.8565 14.5181 0.6324 -3.0520 -1.9005 19.9924 0.0000 0.0000 0.0000 -6.1704 -17.2592 -59.0157 17.1866 19.8092 81.7491 3.6773 0.5385 -36.5899 0.6664 -5.2204 -14.5384 0.0000 0.0000 0.0000 11.5207 25.3778 -57.6953 -17.0973 -19.7968 81.4853 -3.2281 -7.3132 -37.0421 -0.4881 4.4799 -12.4308 1.9148 -0.2677 -1.2079 1.7769 -0.2779 -4.6490 0.7666 -0.1747 -4.1115 -6.5450 -3.1364 -18.9236 4.8888 -3.2299 8.9534 2.2802 -1.4081 5.9601 0.0000 -0.0000 0.0000 -84.3161 6.1817 40.8101 27.0548 -38.2314 -9.5330 -0.0000 0.0000 -11.5554 37.3136 -24.5852 -17.5937 -7.1250 0.0000 -0.0000 4.6967 0.1582 -4.6995 0.0000 -0.0000 0.0000 83.3805 -7.7765 42.1338 -32.2886 42.7761 -12.9364 0.0000 0.0000 5.6921 -30.4018 -45.8403 22.8275 7.1250 -0.0000 -0.0000 22.3289 -79.3125 -17.9284
-0.8508 14.4223 0.6282 -2.9230 -1.8429 20.3205 0.0000 0.0000 0.0000 -5.9704 -17.6163 -60.2127 17.6667 19.8690 83.1637 3.6955 0.7210 -36.7371 0.6495 -5.1552 -14.3517 0.0000 0.0000 0.0000 10.8903 25.5707 -59.2854 -17.6189 -19.8635 83.0229 -3.2430 -7.4519 -37.1867 -0.4863 4.4714 -12.4068 1.8160 -0.3347 -0.9326 1.7800 -0.3583 -4.7286 0.8302 -0.2123 -4.3500 -6.5691 -3.1371 -19.0955 5.0071 -3.2118 8.3443 2.3226 -1.3867 5.7943 -0.0000 0.0000 0.0000 -84.4013 6.1455 40.2834 27.3972 -38.5553 -9.7456 -0.0000 0.0000 -11.0465 37.2430 -24.5654 -17.5391 -7.1250 0.0000 -0.0000 4.6591 0.2025 -4.6581 -0.0000 0.0000 0.0000 83.2089 -7.7059 42.0563 -32.9633 43.3018 -13.3969 0.0000 0.0000 6.3855 -30.2442 -45.2687 22.4996 7.1250 -0.0000 -0.0000 20.7725 -78.7726 -16.4389
-0.8418 14.3614 0.6221 -2.7615 -1.7679 20.6368 0.0000 0.0000 0.0000 -5.8801 -18.0207 -61.1794 18.0677 19.9102 84.3423 3.6867 1.1198 -36.8192 0.6850 -5.2914 -14.7415 0.0000 0.0000 0.0000 10.4099 25.5548 -60.2914 -18.0056 -19.9044 84.1597 -3.1988 -7.8969 -37.1904 -0.4699 4.3968 -12.1957 1.7297 -0.4279 -0.7035 1.7656 -0.4778 -4.7548 0.8698 -0.2696 -4.5065 -6.3671 -3.0486 -19.3474 4.9074 -3.0973 7.7350 2.2684 -1.3274 5.6279 -0.0000 0.0000 0.0000 -84.4381 6.0598 39.7271 27.8872 -39.0122 -10.0526 -0.0000 0.0000 -10.5248 37.0810 -23.9720 -17.0698 -7.1250 0.0000 -0.0000 4.6839 0.9324 -4.6226 -0.0000 0.0000 0.0000 83.0204 -7.5569 42.0799 -33.9706 44.0629 -14.0926 0.0000 0.0000 6.4313 -30.4051 -46.4883 23.0536 7.1250 -0.0000 -0.0000 24.5886 -79.8363 -20.0253
-0.8389 14.2448 0.6030 -2.5794 -1.7462 21.0382 0.0000 0.0000 0.0000 -5.6503 -18.3746 -62.6265 18.5680 19.9508 85.8098 3.6924 1.3580 -36.9251 0.7443 -5.5108 -15.3715 0.0000 0.0000 0.0000 9.8651 25.6183 -61.3192 -18.4298 -19.9408 85.4046 -3.1867 -8.2404 -37.3081 -0.3693 3.9034 -10.8051 1.5308 -0.4722 -0.5537 1.7380 -0.5380 -4.7512 0.9561 -0.2926 -4.5857 -6.0853 -2.9916 -19.6615 4.7493 -3.0335 7.0444 2.1773 -1.2945 5.4464 -0.0000 -0.0000 0.0000 -84.3895 5.7239 39.4018 28.3771 -39.4611 -10.3625 -0.0000 0.0000 -10.4735 37.0877 -24.0077 -17.0962 -7.1250 0.0000 -0.0000 4.6806 0.8894 -4.6229 -0.0000 -0.0000 0.0000 82.9073 -7.0643 42.0495 -35.4264 45.1142 -15.1147 0.0000 0.0000 4.9575 -29.9681 -50.3063 23.9261 7.1250 -0.0000 -0.0000 44.1353 -82.1937 -38.4170
-0.8397 14.1287 0.5825 -2.4332 -1.7129 21.5050 0.0000 0.0000 0.0000 -5.3301 -18.6388 -64.1318 19.0405 19.9779 87.1935 3.7180 1.4997 -37.0990 0.8004 -5.7101 -15.9456 0.0000 0.0000 0.0000 9.2847 25.7939 -62.5864 -18.8506 -19.9683 86.6376 -3.2227 -8.4021 -37.5732 -0.2910 3.4689 -9.5869 1.3357 -0.5069 -0.2624 1.7487 -0.5774 -4.9147 1.0835 -0.3048 -4.9203 -5.9469 -2.9917 -19.9362 4.6608 -3.0290 6.5815 2.1258 -1.2908 5.3377 0.0000 -0.0000 0.0000 -84.4117 5.5792 39.0050 28.8482 -39.8855 -10.6632 -0.0000 0.0000 -10.3661 37.0562 -24.3897 -17.3180 -7.1250 0.0000 -0.0000 4.5847 0.4605 -4.5624 0.0000 -0.0000 0.0000 82.7350 -6.8154 41.9643 -36.3413 45.7465 -15.7665 0.0000 0.0000 4.5282 -30.0942 -51.2243 24.3141 7.1250 -0.0000 -0.0000 50.3246 -82.6735 -44.4335
-0.8395 14.0297 0.5704 -2.2952 -1.7869 21.9579 0.0000 0.0000 0.0000 -5.1091 -18.7820 -65.3804 19.4576 19.9929 88.4139 3.7481 1.7254 -37.3231 0.8584 -5.9084 -16.5190 0.0000 0.0000 0.0000 8.6685 26.1191 -63.8943 -19.2530 -19.9866 87.8156 -3.2509 -8.7948 -37.9220 -0.2891 3.4576 -9.5554 1.1109 -0.5381 -0.0280 1.7625 -0.6142 -5.1768 1.2317 -0.3135 -5.3266 -5.8432 -2.9167 -19.4373 4.5903 -2.9525 5.6948 2.0982 -1.2608 4.9729 -0.0000 -0.0000 0.0000 -84.4759 5.7123 38.3436 29.3837 -40.3592 -11.0083 -0.0000 0.0000 -9.9564 36.4759 -24.5866 -17.0981 -7.1250 0.0000 -0.0000 4.2017 0.4093 -4.1829 -0.0000 -0.0000 0.0000 82.5287 -6.9712 41.8469 -37.1146 46.2644 -16.3228 0.0000 0.0000 4.9260 -30.0934 -50.5414 24.1057 7.1250 -0.0000 -0.0000 45.5782 -82.3682 -39.8558
-0.8397 13.9434 0.5618 -2.1890 -1.8574 22.3578 0.0000 0.0000 0.0000 -4.8858 -18.9075 -66.4402 19.8190 19.9992 89.4709 3.7892 1.6862 -37.5121 0.8480 -5.8732 -16.4169 0.0000 0.0000 0.0000 8.1370 26.4332 -65.0071 -19.6063 -19.9963 88.8488 -3.2883 -9.1651 -38.3049 -0.2949 3.4918 -9.6510 0.9123 -0.5622 -0.0208 1.7452 -0.6535 -5.1596 1.3267 -0.3245 -5.3097 -5.7270 -2.7944 -19.2121 4.6761 -2.8105 4.5714 2.1234 -1.1839 4.5775 -0.0000 0.0000 0.0000 -84.3882 5.3058 37.7752 29.8862 -40.7957 -11.3352 -0.0000 0.0000 -9.6387 35.9600 -24.4016 -16.6843 -7.1250 0.0000 -0.0000 3.9326 0.7714 -3.8885 -0.0000 0.0000 0.0000 82.4332 -6.6778 41.4797 -37.8781 46.7613 -16.8767 0.0000 0.0000 5.6325 -29.7336 -49.9828 23.6260 7.1250 -0.0000 -0.0000 42.3155 -81.9164 -36.5742
-0.8420 13.8657 0.5411 -2.1883 -1.7543 22.6119 0.0000 0.0000 0.0000 -4.5222 -19.0384 -67.3639 20.1419 19.9995 90.4148 3.8001 1.5586 -37.5237 0.8545 -5.8952 -16.4806 0.0000 0.0000 0.0000 7.8705 26.6299 -65.8965 -19.8974 -19.9997 89.7000 -3.2998 -9.5911 -38.5937 -0.2872 3.4467 -9.5251 0.8807 -0.6128 0.2410 1.7586 -0.7160 -5.1945 1.3656 -0.3536 -5.4948 -5.6302 -2.7073 -19.2409 4.7846 -2.7112 3.9835 2.1524 -1.1253 4.3933 -0.0000 0.0000 0.0000 -84.2270 5.0314 37.3400 30.3538 -41.1947 -11.6419 -0.0000 0.0000 -9.3376 35.9590 -25.0155 -17.0543 -7.1250 0.0000 -0.0000 3.8103 0.0750 -3.8138 -0.0000 0.0000 0.0000 82.3558 -6.4345 41.0312 -38.6878 47.2730 -17.4691 0.0000 0.0000 6.2856 -29.2181 -50.2005 23.2533 7.1250 -0.0000 -0.0000 44.0853 -81.7970 -38.0656
-0.8511 13.7916 0.5258 -2.0094 -1.9791 23.0068 0.0000 0.0000 0.0000 -4.4313 -18.8954 -68.3603 20.3992 19.9962 91.1672 3.7186 1.8812 -37.2297 0.9804 -6.3027 -17.6653 0.0000 0.0000 0.0000 7.2579 27.1207 -66.9184 -20.1727 -19.9993 90.5050 -3.2953 -10.2059 -38.9151 -0.2823 3.4169 -9.4417 0.4266 -0.6111 0.3648 1.7547 -0.7251 -5.3399 1.6205 -0.3362 -5.7132 -5.4709 -2.6560 -19.2179 4.7241 -2.6635 3.4954 2.1132 -1.1031 4.2317 -0.0000 0.0000 0.0000 -84.0888 4.9927 36.7573 31.0264 -41.7571 -12.0874 -0.0000 0.0000 -9.0443 35.6604 -26.3395 -17.6593 -7.1250 0.0000 -0.0000 3.3670 -1.3282 -3.4501 -0.0000 0.0000 0.0000 82.2073 -6.2753 40.7092 -39.4618 47.7478 -18.0398 0.0000 0.0000 7.0099 -29.2506 -49.4028 23.0372 7.1250 -0.0000 -0.0000 39.4410 -81.3686 -33.6251
-0.7455 13.7693 0.4833 -2.6704 -0.6028 23.1255 0.0000 0.0000 0.0000 -3.5733 -20.6582 -68.8156 20.6433 19.9901 91.8813 3.7919 2.4366 -37.7822 0.9001 -6.0465 -16.9193 0.0000 0.0000 0.0000 8.0247 25.3766 -66.9987 -20.3102 -19.9977 90.9069 -3.4743 -10.0734 -39.6938 -0.3094 3.5760 -9.8866 3.2410 -0.9636 1.2821 1.7214 -1.0500 -5.5877 0.0543 -0.6429 -6.5588 -5.4413 -2.5688 -19.1292 4.7306 -2.5488 3.0760 2.1222 -1.0469 4.0815 -0.0000 0.0000 0.0000 -83.9184 5.1172 36.1718 32.0276 -42.5692 -12.7595 -0.0000 0.0000 -8.8545 34.9118 -26.9321 -17.5423 -7.1250 0.0000 -0.0000 2.8104 -1.7656 -2.8991 -0.0000 0.0000 0.0000 81.9915 -6.2812 40.4505 -40.2969 48.2448 -18.6604 0.0000 0.0000 7.8623 -29.3829 -48.0590 22.7257 7.1250 -0.0000 -0.0000 32.5490 -80.5625 -27.1149
-0.8589 13.6878 0.4941 -1.9352 -2.4941 23.6353 0.0000 0.0000 0.0000 -4.1905 -18.4690 -69.8445 20.7439 19.9867 92.1754 3.8314 1.7431 -37.7378 1.0118 -6.4002 -17.9500 0.0000 0.0000 0.0000 6.3022 28.2437 -68.6522 -20.5939 -19.9915 91.7368 -3.4270 -10.7612 -39.8556 -0.2631 3.3001 -9.1153 -0.0504 -0.5395 0.8354 1.7745 -0.6364 -5.6830 1.9160 -0.2634 -6.3452 -5.4668 -2.4981 -19.2567 4.8312 -2.4468 2.9201 2.1669 -0.9892 4.0490 -0.0000 0.0000 0.0000 -83.6288 5.1069 35.7886 33.0684 -43.3826 -13.4690 -0.0000 0.0000 -8.5300 34.4581 -26.8262 -17.2064 -7.1250 0.0000 -0.0000 2.5681 -1.5139 -2.6376 -0.0000 0.0000 0.0000 81.8174 -6.2186 40.0742 -41.1676 48.7466 -19.3125 0.0000 0.0000 8.7281 -29.3900 -48.0383 22.7250 7.1250 -0.0000 -0.0000 32.4453 -80.5513 -27.0195
-0.8676 13.6243 0.4422 -1.4566 -3.1110 24.0476 0.0000 0.0000 0.0000 -4.5723 -18.1597 -70.8208 20.8412 19.9830 92.4603 4.0264 1.3787 -38.5617 0.8408 -5.8489 -16.3465 0.0000 0.0000 0.0000 4.9809 28.8980 -70.2010 -20.8245 -19.9837 92.4113 -3.4463 -11.0982 -40.1387 -0.3570 3.8387 -10.6234 -0.9650 -0.4299 1.3671 1.6561 -0.5341 -5.9424 2.3104 -0.1600 -6.9278 -5.5035 -2.4837 -19.1948 4.9367 -2.4201 2.5060 2.2091 -0.9709 3.9118 0.0000 0.0000 0.0000 -83.3021 5.0374 35.5594 34.1998 -44.2322 -14.2523 -0.0000 0.0000 -8.0839 34.2046 -26.2715 -16.7444 -7.1250 0.0000 -0.0000 2.5299 -0.8243 -2.5686 0.0000 0.0000 0.0000 81.6055 -6.0856 39.6951 -42.1891 49.3147 -20.0838 0.0000 0.0000 9.1848 -29.4334 -48.1330 22.7915 7.1250 -0.0000 -0.0000 32.8208 -80.6358 -27.3923
-0.8722 13.5912 0.4266 -1.3521 -3.2348 24.3401 0.0000 0.0000 0.0000 -4.6123 -18.0971 -71.1935 20.8511 19.9826 92.4891 4.0716 1.7705 -38.9039 0.8300 -5.8124 -16.2411 0.0000 0.0000 0.0000 4.5096 29.2766 -70.8779 -20.9539 -19.9782 92.7899 -3.5511 -11.1870 -40.6742 -0.3645 3.8783 -10.7344 -1.2425 -0.4468 1.5459 1.6986 -0.5686 -6.1264 2.5189 -0.1550 -7.2259 -5.5581 -2.4810 -18.9465 4.9856 -2.4081 2.0401 2.2358 -0.9662 3.7308 0.0000 -0.0000 0.0000 -82.9979 5.0426 35.3657 35.4110 -45.1034 -15.1038 -0.0000 0.0000 -7.7694 33.9495 -25.8982 -16.3859 -7.1250 0.0000 -0.0000 2.4526 -0.3366 -2.4692 0.0000 -0.0000 0.0000 81.2405 -6.0767 39.5240 -43.6056 50.0668 -21.1640 0.0000 0.0000 9.1396 -28.8412 -47.7278 22.1703 7.1250 -0.0000 -0.0000 31.8164 -80.0943 -26.2071
-0.8713 13.5968 0.4374 -1.3212 -3.0763 24.5658 0.0000 0.0000 0.0000 -4.6678 -18.2844 -71.1040 20.7816 19.9853 92.2857 3.9685 2.7638 -38.7513 1.0091 -6.3918 -17.9256 0.0000 0.0000 0.0000 4.3882 29.3921 -70.9853 -20.9728 -19.9773 92.8453 -3.6305 -11.2057 -41.0475 -0.3160 3.6134 -9.9914 -1.2245 -0.5405 1.4512 1.7749 -0.6884 -6.2429 2.5986 -0.2114 -7.2893 -5.6143 -2.4947 -18.7989 4.9721 -2.4136 1.7882 2.2411 -0.9723 3.6313 0.0000 0.0000 0.0000 -82.6010 4.8537 35.3691 36.4091 -45.7925 -15.8151 -0.0000 0.0000 -7.6955 34.1181 -26.3615 -16.7433 -7.1250 0.0000 -0.0000 2.4617 -0.8994 -2.5023 0.0000 0.0000 0.0000 80.8041 -6.1288 39.4352 -45.1047 50.8197 -22.3199 0.0000 0.0000 9.2769 -28.8187 -46.5271 21.7652 7.1250 -0.0000 -0.0000 27.1529 -79.1954 -21.8131
-0.8739 13.6088 0.4477 -1.2448 -2.8185 24.8703 0.0000 0.0000 0.0000 -4.6843 -18.5691 -71.2279 20.6736 19.9891 91.9697 4.1307 2.6853 -39.4913 0.8725 -5.9554 -16.6552 0.0000 0.0000 0.0000 4.2246 29.4040 -71.1569 -20.9428 -19.9787 92.7576 -3.6215 -11.4546 -41.1477 -0.3031 3.5396 -9.7847 -1.1795 -0.6470 1.1416 1.7975 -0.8266 -6.3260 2.6032 -0.2827 -7.1913 -5.6034 -2.5346 -18.6403 4.9531 -2.4694 1.5378 2.2297 -1.0029 3.5325 0.0000 -0.0000 0.0000 -81.9819 4.4734 35.6518 37.4112 -46.4591 -16.5374 -0.0000 0.0000 -7.6360 35.1898 -27.7608 -18.1827 -7.1250 0.0000 -0.0000 2.7993 -2.7699 -2.9347 0.0000 -0.0000 0.0000 80.5011 -6.1362 39.2173 -46.4219 51.4464 -23.3455 0.0000 0.0000 9.7048 -29.6581 -44.4355 21.7349 7.1250 -0.0000 -0.0000 19.3559 -77.8253 -14.9340
-0.8851 13.6248 0.4546 -1.2087 -2.4043 25.1933 0.0000 0.0000 0.0000 -4.5023 -18.9209 -71.4938 20.5361 19.9931 91.5676 4.1011 2.9573 -39.4479 0.8497 -5.8792 -16.4344 0.0000 0.0000 0.0000 4.1612 29.4234 -71.3259 -20.8615 -19.9822 92.5195 -3.5422 -11.9711 -41.0862 -0.3084 3.5702 -9.8705 -1.0635 -0.7793 0.7136 1.7988 -0.9977 -6.3621 2.5434 -0.3772 -6.9736 -5.5652 -2.5668 -18.3413 4.9982 -2.5270 1.0835 2.2352 -1.0325 3.3511 -0.0000 0.0000 0.0000 -81.1856 4.0050 36.0430 38.6297 -47.2368 -17.4264 -0.0000 0.0000 -7.4762 36.1774 -28.5145 -19.2441 -7.1250 0.0000 -0.0000 3.2011 -3.9155 -3.4174 -0.0000 0.0000 0.0000 80.3652 -5.9931 38.8888 -47.6423 51.9992 -24.3036 0.0000 0.0000 10.1391 -30.1734 -43.8603 21.9419 7.1250 -0.0000 -0.0000 17.0391 -77.5268 -13.0236
-0.8956 13.6574 0.4525 -1.1033 -2.1697 25.4284 0.0000 0.0000 0.0000 -4.4725 -19.1807 -71.5650 20.3515 19.9970 91.0279 4.0397 3.0102 -39.1775 0.8339 -5.8256 -16.2793 0.0000 0.0000 0.0000 3.9717 29.5549 -71.3993 -20.7236 -19.9874 92.1160 -3.4137 -12.5369 -40.8388 -0.3376 3.7337 -10.3288 -1.1223 -0.8690 0.5254 1.8036 -1.1202 -6.4200 2.5864 -0.4349 -6.9192 -5.5178 -2.5627 -18.2248 4.9376 -2.5269 0.8257 2.2100 -1.0369 3.2526 0.0000 -0.0000 0.0000 -80.4545 3.5116 36.4157 39.7956 -47.9483 -18.2873 -0.0000 0.0000 -7.3762 35.5295 -27.1080 -18.0238 -7.1250 0.0000 -0.0000 3.1319 -2.1480 -3.2519 0.0000 -0.0000 0.0000 80.1355 -5.8850 38.6373 -49.0657 52.6116 -25.4299 0.0000 0.0000 10.3948 -30.2299 -44.6677 22.2761 7.1250 -0.0000 -0.0000 19.0529 -78.2550 -14.8634
-0.8974 13.7090 0.4511 -1.0235 -2.0088 25.4948 0.0000 0.0000 0.0000 -4.5717 -19.4218 -71.2390 20.1155 19.9997 90.3378 4.0193 2.9824 -39.0707 0.8088 -5.7395 -16.0303 0.0000 0.0000 0.0000 3.8960 29.6325 -71.1161 -20.5152 -19.9936 91.5066 -3.2955 -12.8952 -40.5168 -0.3655 3.8833 -10.7487 -1.1227 -0.9373 0.6490 1.8347 -1.2102 -6.5565 2.6310 -0.4747 -7.1324 -5.3732 -2.5596 -18.1381 4.6489 -2.5429 0.9487 2.0958 -1.0601 3.2712 -0.0000 0.0000 0.0000 -79.8206 3.1047 36.7344 40.8043 -48.5393 -19.0398 -0.0000 0.0000 -7.1975 34.9468 -25.8459 -16.9435 -7.1250 0.0000 -0.0000 3.0492 -0.5636 -3.0834 -0.0000 0.0000 0.0000 79.7221 -6.0435 38.5713 -50.6688 53.2617 -26.7092 0.0000 0.0000 10.4312 -30.2947 -44.5126 22.2732 7.1250 -0.0000 -0.0000 18.5206 -78.1471 -14.4030
-0.8892 13.7805 0.4637 -1.0925 -1.7616 25.3516 0.0000 0.0000 0.0000 -4.6437 -19.7075 -70.4759 19.8277 19.9993 89.4961 3.9876 3.0612 -38.9484 0.7899 -5.6734 -15.8396 0.0000 0.0000 0.0000 4.2225 29.5650 -70.2797 -20.2160 -19.9989 90.6316 -3.1939 -13.1471 -40.2057 -0.3891 4.0055 -11.0923 -0.7866 -0.9864 0.7642 1.8562 -1.2594 -6.5851 2.4717 -0.5169 -7.2331 -5.3140 -2.5950 -18.0712 4.4926 -2.6015 1.1917 2.0325 -1.0977 3.3353 -0.0000 0.0000 0.0000 -79.1461 2.5163 37.1031 41.7759 -49.0876 -19.7711 -0.0000 0.0000 -7.1194 35.7390 -26.6156 -17.8685 -7.1250 0.0000 -0.0000 3.3557 -1.6615 -3.4575 -0.0000 0.0000 0.0000 79.2923 -6.2116 38.5380 -51.9969 53.7698 -27.7770 0.0000 0.0000 10.5226 -31.0679 -43.5081 22.5276 7.1250 -0.0000 -0.0000 14.6848 -77.5631 -11.2203
-0.8755 13.8705 0.4877 -1.2448 -1.4671 25.1578 0.0000 0.0000 0.0000 -4.6766 -20.0184 -69.5192 19.4781 19.9935 88.4739 3.9278 3.1675 -38.7018 0.7673 -5.5937 -15.6099 0.0000 0.0000 0.0000 4.7564 29.3905 -69.1653 -19.8374 -19.9994 89.5246 -3.1055 -13.3285 -39.9092 -0.4056 4.0883 -11.3253 -0.2856 -1.0132 0.7267 1.8872 -1.2703 -6.5462 2.2222 -0.5520 -7.1779 -5.3180 -2.6699 -18.4502 4.4804 -2.6943 1.8033 2.0175 -1.1401 3.5852 0.0000 -0.0000 0.0000 -78.4965 1.8524 37.5595 42.8016 -49.6449 -20.5495 -0.0000 0.0000 -7.1512 36.2127 -27.3273 -18.5799 -7.1250 0.0000 -0.0000 3.4796 -2.6045 -3.6407 0.0000 -0.0000 0.0000 78.8620 -6.3356 38.4751 -53.8380 54.4308 -29.2685 0.0000 0.0000 9.6248 -31.1632 -44.9674 23.1406 7.1250 -0.0000 -0.0000 18.3260 -78.8925 -14.5259
-0.8647 13.9735 0.5137 -1.4491 -1.0604 25.0994 0.0000 0.0000 0.0000 -4.5677 -20.3242 -68.6718 19.0741 19.9794 87.2920 3.8327 3.3075 -38.2954 0.7618 -5.5738 -15.5526 0.0000 0.0000 0.0000 5.3562 29.1617 -68.0991 -19.3978 -19.9913 88.2392 -3.0079 -13.4984 -39.5603 -0.4236 4.1770 -11.5753 0.2482 -1.0700 0.5672 1.9750 -1.3178 -6.6071 2.0156 -0.6044 -7.1587 -5.8475 -2.5923 -17.8799 5.0272 -2.5449 1.7712 2.2884 -1.0483 3.4988 -0.0000 -0.0000 0.0000 -77.8796 1.2226 38.0530 43.7450 -50.1386 -21.2710 -0.0000 0.0000 -7.1072 36.4445 -27.1548 -18.6255 -7.1250 0.0000 -0.0000 3.6500 -2.4844 -3.8124 -0.0000 -0.0000 0.0000 78.4063 -6.5038 38.4372 -54.9129 54.7945 -30.1448 0.0000 0.0000 9.6978 -30.3437 -44.3102 22.2401 7.1250 -0.0000 -0.0000 17.8994 -77.9905 -13.8577
-0.8535 14.0905 0.5373 -1.4586 -0.6462 24.9777 0.0000 0.0000 0.0000 -4.7180 -20.6614 -67.6354 18.6067 19.9534 85.9233 3.7347 3.0468 -37.7215 0.7283 -5.4527 -15.2044 0.0000 0.0000 0.0000 5.8306 28.7823 -66.8566 -18.9029 -19.9711 86.7909 -2.8926 -13.6665 -39.1229 -0.4624 4.3618 -12.0967 0.6407 -1.1505 0.3193 1.9869 -1.4134 -6.5193 1.8058 -0.6763 -6.9267 -6.0046 -2.6390 -18.2063 5.1683 -2.5845 2.4798 2.3514 -1.0578 3.7737 -0.0000 0.0000 0.0000 -77.2037 0.1438 38.5875 44.4089 -50.4756 -21.7818 -0.0000 0.0000 -7.3100 36.8161 -27.0019 -18.7703 -7.1250 0.0000 -0.0000 3.8970 -2.4306 -4.0680 -0.0000 0.0000 0.0000 78.0080 -6.3886 38.4494 -55.7499 55.0667 -30.8298 0.0000 0.0000 9.7019 -30.4686 -44.1106 22.2685 7.1250 -0.0000 -0.0000 17.1733 -77.8649 -13.2459
-0.8360 14.2225 0.5600 -1.3003 -0.3226 24.7810 0.0000 0.0000 0.0000 -5.1947 -20.9843 -66.3654 18.0670 19.9102 84.3403 3.6456 2.5474 -37.0997 0.6591 -5.1925 -14.4584 0.0000 0.0000 0.0000 6.1249 28.2505 -65.4839 -18.3535 -19.9349 85.1810 -2.8232 -13.5440 -38.7041 -0.4803 4.4445 -12.3307 0.9443 -1.2133 0.0444 1.9102 -1.4981 -6.3391 1.5488 -0.7399 -6.5824 -5.9610 -2.7153 -18.8526 5.1086 -2.6815 3.4635 2.3127 -1.1005 4.1807 -0.0000 -0.0000 0.0000 -76.5342 -1.0352 39.1335 45.0691 -50.8023 -22.2923 -0.0000 0.0000 -7.5257 37.1538 -27.0950 -19.0416 -7.1250 0.0000 -0.0000 4.0710 -2.6435 -4.2651 -0.0000 -0.0000 0.0000 77.5852 -6.1538 38.5702 -56.4001 55.2718 -31.3636 0.0000 0.0000 9.7553 -31.1580 -44.0527 22.8021 7.1250 -0.0000 -0.0000 15.8502 -78.0880 -12.2886
-0.8147 14.3719 0.5852 -1.3062 0.1550 24.6184 0.0000 0.0000 0.0000 -5.5384 -21.2351 -65.0411 17.4605 19.8447 82.5564 3.5367 2.3216 -36.4725 0.6242 -5.0558 -14.0678 0.0000 0.0000 0.0000 6.6609 27.5550 -64.0218 -17.7297 -19.8760 83.3488 -2.8101 -13.0933 -38.3357 -0.4545 4.3249 -11.9926 1.5188 -1.2911 -0.1926 1.8727 -1.5902 -6.3009 1.1863 -0.8189 -6.4213 -5.8612 -2.8016 -18.8192 4.9923 -2.8277 4.0626 2.2459 -1.1788 4.3671 0.0000 -0.0000 0.0000 -75.8893 -1.8243 39.7926 45.9399 -51.2207 -22.9692 -0.0000 0.0000 -7.5868 37.7604 -26.6799 -19.1770 -7.1250 0.0000 -0.0000 4.5111 -2.3716 -4.7083 0.0000 -0.0000 0.0000 77.1402 -6.2048 38.7581 -57.0263 55.4640 -31.8788 0.0000 0.0000 10.0379 -31.4840 -44.6449 23.2847 7.1250 -0.0000 -0.0000 16.8479 -78.7426 -13.2929
-0.8158 14.5364 0.6265 -1.4712 0.5445 24.3808 0.0000 0.0000 0.0000 -5.7516 -21.0477 -63.4948 16.7750 19.7488 80.5328 3.4235 1.7291 -35.6866 0.6091 -4.9955 -13.8957 0.0000 0.0000 0.0000 7.5139 27.1529 -62.2419 -17.0247 -19.7864 81.2709 -2.7256 -12.8583 -37.7586 -0.4452 4.2810 -11.8686 1.8558 -1.3046 -0.5588 1.9123 -1.6076 -6.2157 1.0276 -0.8441 -6.1289 -5.7328 -2.8968 -18.6934 4.9173 -2.9990 4.5874 2.1855 -1.2671 4.5180 0.0000 -0.0000 0.0000 -75.2018 -2.6272 40.6512 46.7650 -51.6044 -23.6141 -0.0000 0.0000 -7.8095 38.2712 -26.1526 -19.1743 -7.1250 0.0000 -0.0000 4.9218 -1.9392 -5.1041 0.0000 -0.0000 0.0000 76.6857 -6.3313 39.0109 -57.5033 55.6071 -32.2721 0.0000 0.0000 10.2908 -31.8133 -44.9357 23.6611 7.1250 -0.0000 -0.0000 17.0884 -79.1310 -13.6180
-0.8641 14.7029 0.6913 -1.8167 0.2639 24.0649 0.0000 0.0000 0.0000 -5.8773 -19.8929 -61.8372 16.0336 19.6186 78.3319 3.3165 0.6727 -34.7792 0.6008 -4.9617 -13.7995 0.0000 0.0000 0.0000 8.4869 27.7830 -60.2478 -16.2485 -19.6592 78.9711 -2.5291 -12.9916 -36.8537 -0.4619 4.3594 -12.0900 1.3340 -1.1307 -1.1539 2.1154 -1.3983 -6.0393 1.5002 -0.7068 -5.5821 -5.7482 -2.9435 -18.9919 4.9859 -3.0765 5.5601 2.1992 -1.2966 4.8751 -0.0000 0.0000 0.0000 -74.5462 -3.4796 41.5093 47.4170 -51.8991 -24.1261 -0.0000 0.0000 -8.1535 38.4845 -26.1818 -19.3292 -7.1250 0.0000 -0.0000 5.0385 -2.0430 -5.2349 -0.0000 0.0000 0.0000 76.1278 -6.5145 39.4338 -57.8313 55.7038 -32.5429 0.0000 0.0000 10.4648 -32.1930 -44.5837 23.8417 7.1250 -0.0000 -0.0000 15.4042 -78.9763 -12.2179
-0.8680 14.8970 0.7482 -1.5036 0.0635 23.7946 0.0000 0.0000 0.0000 -6.9075 -19.3600 -59.8995 15.1945 19.4371 75.8219 3.1517 0.2682 -33.7736 0.6134 -5.0126 -13.9445 0.0000 0.0000 0.0000 8.7098 27.4556 -58.2898 -15.4294 -19.4916 76.5269 -2.3885 -12.6900 -35.9085 -0.4835 4.4587 -12.3709 0.9127 -1.0623 -1.7128 2.1010 -1.3249 -6.1962 1.7080 -0.6502 -5.4201 -6.1039 -3.0284 -18.5003 5.0842 -3.1708 6.4537 2.2803 -1.3516 5.0927 0.0000 0.0000 0.0000 -74.1706 -3.6094 42.3570 48.2726 -52.2746 -24.8012 -0.0000 0.0000 -8.3803 38.9311 -26.2588 -19.6664 -7.1250 0.0000 -0.0000 5.2788 -2.2804 -5.5077 0.0000 0.0000 0.0000 75.4499 -7.4974 39.9226 -58.4865 55.8929 -33.0848 0.0000 0.0000 10.6733 -32.5478 -44.5516 24.1210 7.1250 -0.0000 -0.0000 14.6598 -79.0918 -11.6578
-0.8708 15.1015 0.8009 -1.3199 -0.0687 23.2810 0.0000 0.0000 0.0000 -7.8426 -18.6809 -57.7329 14.3127 19.2061 73.1572 2.9356 -0.2747 -32.4195 0.6227 -5.0496 -14.0501 0.0000 0.0000 0.0000 9.2651 27.0338 -55.9507 -14.5641 -19.2763 73.9200 -2.2357 -12.3929 -34.8744 -0.4809 4.4470 -12.3376 0.6112 -0.9965 -2.0682 2.1289 -1.2461 -6.1998 1.8952 -0.5959 -5.2158 -6.2722 -3.1140 -17.9947 5.0075 -3.2864 7.1046 2.2743 -1.4260 5.2262 0.0000 -0.0000 0.0000 -73.8575 -3.8256 43.1131 49.2571 -52.6914 -25.5821 -0.0000 0.0000 -8.4738 39.5199 -26.0538 -19.9164 -7.1250 0.0000 -0.0000 5.6639 -2.2452 -5.9100 0.0000 -0.0000 0.0000 74.8595 -8.2270 40.3543 -58.9400 56.0208 -33.4606 0.0000 0.0000 10.7417 -33.1025 -44.7511 24.6548 7.1250 -0.0000 -0.0000 14.1598 -79.4957 -11.3732
-0.8651 15.3338 0.8594 -1.2032 -0.0983 22.7303 0.0000 0.0000 0.0000 -8.7328 -17.9991 -55.3757 13.3723 18.9125 70.2779 2.6754 -1.0072 -30.7164 0.6418 -5.1252 -14.2659 0.0000 0.0000 0.0000 9.8927 26.4036 -53.5955 -13.6629 -19.0086 71.1724 -2.0498 -11.9400 -33.5076 -0.4976 4.5223 -12.5508 0.5731 -0.8845 -2.5260 2.0549 -1.1085 -6.0892 1.8248 -0.5289 -4.8431 -6.2483 -3.1739 -17.7086 4.9429 -3.4053 7.8883 2.2396 -1.4929 5.4336 -0.0000 0.0000 0.0000 -73.3893 -4.2793 44.0876 50.0757 -53.0260 -26.2346 -0.0000 0.0000 -8.5924 40.0129 -25.6788 -19.9899 -7.1250 0.0000 -0.0000 6.0332 -1.9816 -6.2726 -0.0000 0.0000 0.0000 74.5141 -8.6001 40.6158 -58.8241 55.9884 -33.3645 0.0000 0.0000 10.7718 -33.5569 -44.4770 24.9258 7.1250 -0.0000 -0.0000 12.5156 -79.4341 -10.0308
-0.8519 15.5921 0.9375 -1.0939 -0.0082 22.3461 0.0000 0.0000 0.0000 -9.5841 -17.4266 -52.9533 12.4013 18.5552 67.2553 2.3953 -1.7370 -28.8320 0.6957 -5.3318 -14.8575 0.0000 0.0000 0.0000 10.4583 25.5303 -51.3907 -12.7284 -18.6819 68.2799 -1.8020 -11.3961 -31.6428 -0.5610 4.7975 -13.3320 0.7868 -0.8032 -3.3856 1.9221 -1.0191 -6.0945 1.5505 -0.4985 -4.3703 -6.2405 -3.2258 -17.0976 4.8771 -3.5320 8.7546 2.2091 -1.5689 5.6156 0.0000 0.0000 0.0000 -72.8952 -4.4460 45.2060 50.7504 -53.2937 -26.7746 -0.0000 0.0000 -8.8921 40.4020 -25.4349 -20.0797 -7.1250 0.0000 -0.0000 6.3132 -1.8336 -6.5514 0.0000 0.0000 0.0000 74.2925 -9.1987 40.9529 -58.4006 55.8685 -33.0137 0.0000 0.0000 11.0962 -33.4455 -43.7870 24.5635 7.1250 -0.0000 -0.0000 10.9887 -78.7572 -8.6515
-0.8392 15.8437 1.0089 -0.9996 0.1313 22.0738 0.0000 0.0000 0.0000 -10.2761 -16.9021 -50.8245 11.4708 18.1578 64.3011 2.0665 -2.4970 -26.5379 0.7297 -5.4579 -15.2193 0.0000 0.0000 0.0000 11.0348 24.5806 -49.2238 -11.7935 -18.3020 65.3328 -1.4912 -10.9887 -29.3529 -0.6816 5.2785 -14.7047 1.0493 -0.7465 -4.1635 1.8251 -0.9603 -6.2806 1.2930 -0.4831 -4.1347 -6.3671 -3.2672 -16.0720 4.8329 -3.6380 9.4414 2.2134 -1.6435 5.6740 -0.0000 0.0000 0.0000 -72.5628 -4.2329 46.2239 51.5825 -53.6141 -27.4431 -0.0000 0.0000 -9.3355 40.3129 -25.4022 -19.9994 -7.1250 0.0000 -0.0000 6.2692 -1.7645 -6.4979 -0.0000 0.0000 0.0000 74.0710 -10.1645 41.3577 -58.0025 55.7537 -32.6844 0.0000 0.0000 11.7988 -33.0091 -43.1521 23.9560 7.1250 -0.0000 -0.0000 10.3852 -77.9947 -8.0125
-0.8327 16.0889 1.0647 -0.8342 0.1223 21.7721 0.0000 0.0000 0.0000 -10.9821 -16.2756 -48.8841 10.5782 17.7224 61.4039 1.6860 -3.0421 -23.7678 0.8557 -5.8993 -16.4926 0.0000 0.0000 0.0000 11.4860 23.8196 -46.9580 -10.8523 -17.8621 62.3010 -1.1448 -10.7853 -26.7562 -0.8493 5.8777 -16.4299 1.0390 -0.6289 -4.6489 1.7250 -0.8126 -6.4191 1.1912 -0.4109 -4.0106 -6.4053 -3.3141 -15.3309 4.7228 -3.7437 10.0771 2.1807 -1.7162 5.7580 0.0000 -0.0000 0.0000 -72.4044 -4.0250 46.8745 52.7984 -54.0636 -28.4248 -0.0000 0.0000 -9.5721 40.0972 -25.5428 -19.9537 -7.1250 0.0000 -0.0000 6.1127 -1.8532 -6.3429 0.0000 -0.0000 0.0000 73.9810 -10.9700 41.5176 -57.6360 55.6464 -32.3816 0.0000 0.0000 12.3325 -32.9858 -42.9570 23.8597 7.1250 -0.0000 -0.0000 10.0143 -77.8027 -7.6857
-0.8275 16.3424 1.1132 -0.6447 -0.0087 21.5198 0.0000 0.0000 0.0000 -11.6659 -15.6083 -47.0869 9.7194 17.2490 58.5462 1.2979 -3.3974 -20.6853 1.1336 -6.7620 -19.0122 0.0000 0.0000 0.0000 11.7260 23.2552 -44.8766 -9.9298 -17.3702 59.2535 -0.8004 -10.5133 -23.7856 -1.0749 6.5905 -18.5078 0.9296 -0.5311 -5.0218 1.6333 -0.6875 -6.5251 1.1559 -0.3456 -3.9139 -6.2703 -3.3316 -15.0916 4.4559 -3.7978 10.9186 2.0703 -1.7628 5.9802 -0.0000 -0.0000 0.0000 -72.1208 -4.3939 47.7443 53.0995 -54.1716 -28.6688 -0.0000 0.0000 -10.2805 40.3127 -25.8216 -20.2821 -7.1250 0.0000 -0.0000 6.1729 -2.2517 -6.4477 -0.0000 -0.0000 0.0000 73.8960 -11.4472 41.8238 -56.9116 55.4292 -31.7844 0.0000 0.0000 12.7291 -33.3457 -42.7841 24.0823 7.1250 -0.0000 -0.0000 8.9777 -77.7789 -6.8834
-0.8088 16.6407 1.1827 -0.7158 -0.4636 20.8049 0.0000 0.0000 0.0000 -12.3054 -14.5798 -44.6265 8.8508 16.7107 55.5726 0.9289 -4.0914 -17.2995 1.3124 -7.2565 -20.4775 0.0000 0.0000 0.0000 12.2797 22.8689 -42.1300 -8.9838 -16.7973 56.0340 -0.4886 -9.9087 -20.3033 -1.4159 7.5256 -21.2822 1.2318 -0.3290 -5.1549 1.5421 -0.4303 -6.4622 0.8946 -0.2317 -3.7798 -6.3319 -3.3155 -14.8066 4.4442 -3.8035 11.7698 2.0789 -1.7754 6.2046 -0.0000 0.0000 0.0000 -72.0084 -4.0784 48.0670 54.1743 -54.5463 -29.5422 -0.0000 0.0000 -10.6792 40.1023 -26.0332 -20.2849 -7.1250 0.0000 -0.0000 6.0034 -2.4230 -6.2859 -0.0000 0.0000 0.0000 73.7856 -11.9752 42.2709 -56.0337 55.1569 -31.0626 0.0000 0.0000 13.3049 -33.5517 -42.2518 24.0329 7.1250 -0.0000 -0.0000 7.5570 -77.3502 -5.7246
-0.7995 16.9526 1.2379 -0.6925 -0.3780 20.6007 0.0000 0.0000 0.0000 -12.5717 -14.1996 -42.8590 7.9775 16.1027 52.4815 0.5364 -4.9990 -13.0370 1.5171 -7.7780 -22.0418 0.0000 0.0000 0.0000 12.5693 22.3523 -40.1818 -8.0738 -16.1732 52.8280 -0.1554 -9.5098 -15.9357 -1.8936 8.6408 -24.6779 1.4543 -0.2744 -5.6501 1.4865 -0.3725 -6.6356 0.7119 -0.2135 -3.6878 -6.5392 -3.2517 -13.9635 4.6641 -3.7770 12.2898 2.1949 -1.7673 6.2352 -0.0000 0.0000 0.0000 -71.9863 -3.5537 48.4516 55.2879 -54.9176 -30.4514 -0.0000 0.0000 -11.2136 40.0876 -26.5038 -20.5871 -7.1250 0.0000 -0.0000 5.8860 -2.9610 -6.2144 -0.0000 0.0000 0.0000 73.8264 -12.6850 42.5319 -55.0975 54.8553 -30.2957 0.0000 0.0000 13.8772 -33.6720 -42.1372 24.0830 7.1250 -0.0000 -0.0000 7.1184 -77.2857 -5.3822
-0.7962 17.2845 1.2952 -0.5933 -0.3359 20.5266 0.0000 0.0000 0.0000 -12.7786 -13.9735 -41.2567 7.0926 15.4093 49.2235 0.1808 -5.6252 -7.9760 1.6319 -8.0532 -22.8757 0.0000 0.0000 0.0000 12.6971 22.0032 -38.3698 -7.1804 -15.4820 49.5534 0.1133 -9.2337 -10.8781 -2.4043 9.6618 -27.8883 1.4607 -0.2280 -6.1987 1.4303 -0.3209 -6.8588 0.6501 -0.1894 -3.6167 -6.4783 -3.1851 -13.1227 4.5979 -3.7547 12.6801 2.1751 -1.7714 6.2130 -0.0000 0.0000 0.0000 -71.9469 -3.0101 48.8885 56.1947 -55.2076 -31.1949 -0.0000 0.0000 -12.0275 40.4229 -27.1872 -21.2644 -7.1250 0.0000 -0.0000 5.9156 -3.8669 -6.3340 -0.0000 0.0000 0.0000 73.9944 -13.3431 42.7032 -53.8580 54.4377 -29.2847 0.0000 0.0000 14.5299 -33.7063 -42.8340 24.3957 7.1250 -0.0000 -0.0000 8.3856 -77.9656 -6.4606
-0.7867 17.6390 1.3698 -0.5146 -0.7093 20.2364 0.0000 0.0000 0.0000 -13.1145 -13.5218 -39.3018 6.2321 14.6496 45.9063 -0.0427 -5.5835 -2.4515 1.3729 -7.4152 -20.9516 0.0000 0.0000 0.0000 12.8322 21.8043 -36.2674 -6.3203 -14.7317 46.2542 0.2197 -8.5604 -5.4697 -2.8143 10.3882 -30.2430 1.4357 -0.0794 -6.5867 1.3779 -0.1317 -6.9017 0.6145 -0.0942 -3.4460 -6.2575 -3.2237 -13.1706 4.2080 -3.8113 13.5624 2.0085 -1.8215 6.4938 0.0000 0.0000 0.0000 -72.0127 -2.5553 49.1739 56.8050 -55.3966 -31.6966 -0.0000 0.0000 -13.0089 40.8944 -27.7225 -21.9436 -7.1250 0.0000 -0.0000 6.0524 -4.6541 -6.5590 0.0000 0.0000 0.0000 74.0937 -13.7902 42.9156 -52.5149 53.9608 -28.1954 0.0000 0.0000 15.1175 -33.9002 -43.3217 24.7515 7.1250 -0.0000 -0.0000 9.0307 -78.5024 -7.0586
-0.7751 17.9815 1.4457 -0.5266 -0.9751 20.0558 0.0000 0.0000 0.0000 -13.2448 -13.2271 -37.5243 5.4549 13.8784 42.7526 -0.0829 -5.1702 2.7850 0.9087 -6.0744 -17.0006 0.0000 0.0000 0.0000 12.9850 21.4999 -34.4646 -5.5188 -13.9452 43.0184 0.1684 -7.7086 -0.0394 -2.9325 10.5850 -30.8929 1.5639 0.0598 -7.1483 1.3678 0.0343 -6.8999 0.5379 -0.0153 -3.1328 -5.1657 -3.6280 -15.3434 2.3797 -4.2115 16.4042 1.1601 -2.1024 7.7526 0.0000 -0.0000 0.0000 -72.1821 -2.1724 49.3767 57.2476 -55.5307 -32.0612 -0.0000 0.0000 -14.2911 41.3102 -28.3467 -22.6497 -7.1250 0.0000 -0.0000 6.1306 -5.5251 -6.7294 0.0000 -0.0000 0.0000 74.1524 -14.1711 43.1040 -51.3098 53.5103 -27.2237 0.0000 0.0000 15.4160 -34.1989 -42.5374 24.6759 7.1250 -0.0000 -0.0000 6.8382 -77.8719 -5.2531
-0.7587 18.3198 1.5043 -0.5105 -1.0390 20.0546 0.0000 0.0000 0.0000 -13.1965 -13.4499 -36.0480 4.7813 13.1332 39.8691 0.0165 -4.4089 6.8792 0.5651 -4.8146 -13.3804 0.0000 0.0000 0.0000 12.9631 21.0073 -33.0952 -4.7648 -13.1140 39.7966 0.0077 -7.4085 5.0159 -2.5486 9.9257 -28.7364 1.8304 0.1679 -7.8535 1.2813 0.1450 -6.9034 0.3051 0.0296 -2.7464 -4.7498 -3.7534 -15.9111 1.7804 -4.3550 17.6255 0.8622 -2.2031 8.2422 -0.0000 -0.0000 0.0000 -72.2607 -1.6598 49.5012 57.9598 -55.7413 -32.6491 -0.0000 0.0000 -15.8182 41.8731 -29.1038 -23.5574 -7.1250 0.0000 -0.0000 6.2502 -6.6069 -6.9672 -0.0000 -0.0000 0.0000 74.3950 -14.5653 43.0785 -50.2690 53.1034 -26.3891 0.0000 0.0000 15.5205 -34.0700 -41.5336 24.1523 7.1250 -0.0000 -0.0000 5.3244 -76.8494 -3.9755
-0.7400 18.6530 1.5472 -0.4944 -1.2331 20.1487 0.0000 0.0000 0.0000 -13.1016 -13.8091 -34.8207 4.2396 12.4726 37.4252 0.1703 -2.7043 9.2794 0.4816 -4.4504 -12.3474 0.0000 0.0000 0.0000 12.7985 20.5734 -32.1131 -4.1148 -12.3116 36.8434 -0.2537 -7.8679 9.8211 -1.9285 8.7156 -24.9096 2.0951 0.3115 -8.5252 1.1604 0.2974 -6.8091 0.0427 0.0969 -2.2757 -4.4985 -3.7664 -16.0656 1.6083 -4.3976 17.9777 0.7541 -2.2239 8.3793 -0.0000 -0.0000 0.0000 -72.3280 -1.3201 49.5007 58.5337 -55.9064 -33.1239 -0.0000 0.0000 -17.4085 42.7785 -29.7028 -24.6311 -7.1250 0.0000 -0.0000 6.5899 -7.6518 -7.4551 -0.0000 -0.0000 0.0000 74.7486 -14.7060 42.9374 -49.2357 52.6826 -25.5651 0.0000 0.0000 15.4798 -33.9226 -41.4953 24.0178 7.1250 -0.0000 -0.0000 5.5425 -76.7569 -4.1278
-0.7178 18.9815 1.6122 -0.7884 -1.9683 19.9880 0.0000 0.0000 0.0000 -13.0208 -13.5345 -33.3168 3.8183 11.9147 35.4307 0.2658 0.3341 9.6245 0.5262 -4.6486 -12.9091 0.0000 0.0000 0.0000 12.9721 20.4299 -30.9029 -3.5682 -11.5625 34.2013 -0.6373 -8.1908 14.4869 -1.5070 7.7534 -21.9676 2.5481 0.6246 -9.0706 1.1487 0.6601 -6.5894 -0.1940 0.2685 -1.7385 -4.5174 -3.7463 -16.4663 1.6658 -4.3654 18.4693 0.7710 -2.2024 8.6182 0.0000 -0.0000 0.0000 -72.5692 -0.8700 49.3168 58.9413 -56.0212 -33.4617 -0.0000 0.0000 -18.8315 43.8337 -30.2793 -25.8314 -7.1250 0.0000 -0.0000 7.0065 -8.7484 -8.0466 0.0000 -0.0000 0.0000 74.9026 -14.7649 43.0519 -48.1975 52.2421 -24.7418 0.0000 0.0000 15.3440 -33.8914 -41.7810 24.1123 7.1250 -0.0000 -0.0000 6.0757 -77.0237 -4.5594
-0.7071 19.2772 1.6416 -0.8128 -2.0470 20.2899 0.0000 0.0000 0.0000 -12.9862 -13.6387 -32.6895 3.5256 11.5008 33.9881 0.2753 3.6144 9.3270 0.5224 -4.6323 -12.8627 0.0000 0.0000 0.0000 12.7882 20.0489 -30.7303 -3.1711 -10.9669 32.1685 -1.0570 -8.8111 18.4679 -1.2962 7.2131 -20.3484 2.6594 0.6520 -9.4580 1.1928 0.6786 -6.7788 -0.2064 0.2737 -1.7245 -4.5973 -3.7408 -16.5475 1.7156 -4.3517 18.9084 0.7988 -2.1973 8.7853 0.0000 0.0000 0.0000 -72.8695 0.1462 49.0592 59.6203 -56.2079 -34.0253 -0.0000 0.0000 -19.9910 44.4794 -30.8152 -26.7044 -7.1250 0.0000 -0.0000 7.2037 -9.6362 -8.3688 0.0000 0.0000 0.0000 74.8919 -15.1260 43.3519 -47.3764 51.8810 -24.0942 0.0000 0.0000 14.9901 -33.8450 -41.6537 24.0218 7.1250 -0.0000 -0.0000 5.9498 -76.8824 -4.4472
-0.6946 19.5476 1.6717 -0.9375 -2.5002 20.3910 0.0000 0.0000 0.0000 -13.0238 -13.2205 -32.0865 3.3498 11.2408 33.0963 0.2328 6.7155 9.1468 0.3836 -3.9776 -11.0138 0.0000 0.0000 0.0000 12.7526 19.7629 -30.6028 -2.9109 -10.5495 30.7751 -1.4468 -8.9047 21.5497 -1.2896 7.1955 -20.2959 2.8151 0.8192 -9.7810 1.2069 0.8770 -6.8207 -0.2594 0.3692 -1.5866 -4.3459 -3.7320 -16.5161 1.4076 -4.3423 19.1139 0.6539 -2.2087 8.8362 0.0000 0.0000 0.0000 -73.1037 1.0401 48.7866 60.1082 -56.3387 -34.4311 -0.0000 0.0000 -21.0752 44.3096 -31.1178 -26.7706 -7.1250 0.0000 -0.0000 7.0267 -9.9041 -8.1870 0.0000 0.0000 0.0000 74.9296 -15.4745 43.5075 -46.7587 51.6015 -23.6091 0.0000 0.0000 14.4787 -33.8247 -41.0649 23.7579 7.1250 -0.0000 -0.0000 5.0502 -76.2985 -3.7122
-0.6855 19.7823 1.6698 -0.9843 -2.3884 21.0922 0.0000 0.0000 0.0000 -12.7626 -13.4648 -32.5051 3.2829 11.1395 32.7517 0.1848 9.1067 9.3367 0.5461 -4.7345 -13.1529 0.0000 0.0000 0.0000 12.4610 19.5543 -31.4722 -2.7875 -10.3429 30.0944 -1.5401 -8.9988 22.2367 -1.1459 6.7974 -19.1164 2.9622 0.7815 -10.4862 1.2600 0.7878 -6.9007 -0.2867 0.3232 -1.2888 -4.0796 -3.6682 -16.8157 1.1239 -4.2473 19.1873 0.5208 -2.1735 8.8995 0.0000 -0.0000 0.0000 -73.3991 1.4353 48.2825 60.1886 -56.3600 -34.4981 -0.0000 0.0000 -21.9832 44.2199 -31.1437 -26.7157 -7.1250 0.0000 -0.0000 6.9712 -9.8942 -8.1205 0.0000 -0.0000 0.0000 74.9735 -15.4091 43.5868 -46.1325 51.3114 -23.1194 0.0000 0.0000 14.0824 -33.1686 -40.9380 23.1838 7.1250 -0.0000 -0.0000 6.0596 -75.9323 -4.4084
-0.6783 19.9897 1.6730 -1.0896 -2.4111 21.6818 0.0000 0.0000 0.0000 -12.5401 -13.4262 -32.9991 3.3008 11.1667 32.8442 0.1453 10.1509 9.2964 0.5816 -4.8833 -13.5761 0.0000 0.0000 0.0000 12.2366 19.5855 -32.2769 -2.7634 -10.3019 29.9600 -1.5097 -8.1305 21.9902 -1.2355 7.0489 -19.8602 3.1019 0.7669 -11.1915 1.3227 0.7221 -6.8084 -0.2981 0.2931 -0.8115 -3.7629 -3.5732 -17.2616 0.9096 -4.1300 19.0238 0.4053 -2.1153 8.9080 0.0000 0.0000 0.0000 -73.7603 1.6817 47.6076 60.1028 -56.3373 -34.4266 -0.0000 0.0000 -22.4273 44.5268 -31.0126 -26.8753 -7.1250 0.0000 -0.0000 7.1729 -9.8806 -8.3575 0.0000 0.0000 0.0000 75.1217 -14.8811 43.6981 -45.1012 50.8179 -22.3171 0.0000 0.0000 13.6479 -32.5377 -40.9154 22.6777 7.1250 -0.0000 -0.0000 7.1486 -75.6783 -5.1637
-0.6679 20.1847 1.6984 -1.3799 -2.9977 21.5786 0.0000 0.0000 0.0000 -12.4985 -12.6484 -32.8039 3.3842 11.2925 33.2728 0.1235 10.2461 9.0449 0.4875 -4.4772 -12.4233 0.0000 0.0000 0.0000 12.3626 19.8864 -32.2790 -2.8164 -10.3917 30.2547 -1.4584 -7.0992 21.6102 -1.3391 7.3269 -20.6874 3.3747 0.9501 -11.3640 1.3368 0.9268 -6.6884 -0.4121 0.3915 -0.5846 -3.5902 -3.3269 -16.3186 1.1396 -3.9133 18.0779 0.5038 -1.9801 8.4119 -0.0000 -0.0000 0.0000 -74.0329 2.4502 47.0773 59.8359 -56.2661 -34.2046 -0.0000 0.0000 -22.5321 44.4109 -31.1269 -26.8582 -7.1250 0.0000 -0.0000 7.0782 -9.9589 -8.2534 -0.0000 -0.0000 0.0000 75.4234 -14.7125 43.9035 -43.8786 50.2071 -21.3736 0.0000 0.0000 13.3216 -33.4668 -39.7009 22.8928 7.1250 -0.0000 -0.0000 3.8085 -74.8154 -2.6789
-0.6652 20.3659 1.6858 -1.4261 -3.4075 21.8877 0.0000 0.0000 0.0000 -12.4531 -12.2514 -33.3440 3.5177 11.4894 33.9488 0.1283 9.5898 8.7614 0.4454 -4.2819 -11.8712 0.0000 0.0000 0.0000 12.0384 20.4208 -32.9625 -2.9246 -10.5720 30.8496 -1.4902 -6.7504 21.8604 -1.4237 7.5453 -21.3412 3.3023 0.9781 -11.2903 1.3371 0.9861 -7.1355 -0.3687 0.4123 -1.0927 -3.9956 -2.8632 -13.8119 2.2335 -3.4774 16.4198 1.0237 -1.7065 7.4333 -0.0000 0.0000 0.0000 -74.2684 3.8143 46.6343 59.2381 -56.1035 -33.7079 -0.0000 0.0000 -22.5990 43.8530 -31.3436 -26.5535 -7.1250 0.0000 -0.0000 6.7181 -9.9599 -7.8281 -0.0000 0.0000 0.0000 75.6743 -15.4229 44.2160 -43.2189 49.8655 -20.8679 0.0000 0.0000 13.2610 -34.2033 -38.8885 23.1084 7.1250 -0.0000 -0.0000 1.5549 -74.2566 -1.0747
-0.6595 20.5402 1.6591 -1.4821 -3.8167 22.0367 0.0000 0.0000 0.0000 -12.3993 -11.9704 -33.7844 3.6903 11.7364 34.8058 0.1234 8.5026 8.1316 0.4460 -4.2847 -11.8789 0.0000 0.0000 0.0000 11.8507 20.7932 -33.5359 -3.0586 -10.7893 31.5727 -1.4960 -7.4341 21.8875 -1.2874 7.1896 -20.2782 3.2795 0.9691 -10.9413 1.3459 0.9864 -6.9571 -0.3507 0.4145 -1.0944 -4.1900 -2.5698 -14.1121 3.0005 -3.1502 15.7691 1.3389 -1.4876 7.2776 0.0000 -0.0000 0.0000 -74.5719 3.7920 45.8216 58.0236 -55.7598 -32.7018 -0.0000 0.0000 -22.6174 43.4462 -31.1722 -26.1174 -7.1250 0.0000 -0.0000 6.5487 -9.5926 -7.5940 0.0000 -0.0000 0.0000 75.9713 -14.7815 44.3268 -42.4611 49.4623 -20.2903 0.0000 0.0000 12.8772 -34.4003 -37.7895 22.7616 7.1250 -0.0000 -0.0000 0.1112 -73.2002 -0.0743
-0.6492 20.7034 1.6405 -1.7963 -4.1478 22.1883 0.0000 0.0000 0.0000 -12.0714 -11.6862 -34.2276 3.9017 12.0285 35.8327 0.1380 7.2352 7.7891 0.3961 -4.0411 -11.1924 0.0000 0.0000 0.0000 12.0239 21.0553 -34.0507 -3.2253 -11.0512 32.4527 -1.5022 -7.4141 21.9338 -1.2381 7.0559 -19.8811 3.6103 1.0408 -10.7444 1.3872 1.0603 -6.9179 -0.4886 0.4412 -1.1549 -3.8816 -2.4810 -14.2896 2.9172 -3.0683 15.5210 1.2682 -1.4358 7.2181 0.0000 -0.0000 0.0000 -74.8447 4.0826 45.3054 56.5497 -55.3181 -31.4866 -0.0000 0.0000 -22.5531 43.4375 -30.9710 -25.9788 -7.1250 0.0000 -0.0000 6.6004 -9.3624 -7.6330 0.0000 -0.0000 0.0000 76.2858 -14.3576 44.5280 -41.3943 48.8746 -19.4831 0.0000 0.0000 12.4146 -34.5910 -36.5361 22.3207 7.1250 -0.0000 -0.0000 -1.2658 -71.9647 0.8117
-0.6360 20.8543 1.6353 -2.3557 -4.5307 22.1305 0.0000 0.0000 0.0000 -11.5694 -11.2756 -34.4373 4.1401 12.3446 36.9620 0.1605 5.8340 7.6699 0.3981 -4.0508 -11.2197 0.0000 0.0000 0.0000 12.5418 21.3546 -34.2203 -3.4206 -11.3467 33.4582 -1.4808 -7.0022 21.7818 -1.2753 7.1571 -20.1817 4.2178 1.2153 -10.4267 1.4730 1.2570 -6.9031 -0.7260 0.5197 -1.2992 -3.4772 -2.4099 -14.2740 2.6148 -3.0047 15.4801 1.1103 -1.4092 7.1885 -0.0000 -0.0000 0.0000 -75.1299 4.4851 44.9759 54.7921 -54.7544 -30.0461 -0.0000 0.0000 -22.6304 43.3945 -30.9015 -25.8994 -7.1250 0.0000 -0.0000 6.5967 -9.2659 -7.6194 -0.0000 -0.0000 0.0000 76.5821 -14.1202 44.5668 -40.3931 48.3010 -18.7322 0.0000 0.0000 12.5754 -33.5719 -38.3037 22.3611 7.1250 -0.0000 -0.0000 2.0297 -73.4418 -1.3672
-0.6302 20.9888 1.6082 -2.6831 -4.5777 21.8118 0.0000 0.0000 0.0000 -11.2096 -11.1043 -34.4976 4.3820 12.6521 38.0797 0.1790 4.3814 7.6631 0.4299 -4.2078 -11.6620 0.0000 0.0000 0.0000 12.9515 21.5012 -34.2378 -3.6474 -11.6757 34.5943 -1.4383 -6.6974 21.4682 -1.4265 7.5525 -21.3628 4.5779 1.1608 -9.5147 1.5842 1.2135 -6.9108 -0.8316 0.4790 -1.8044 -2.2448 -2.4875 -15.8588 0.9173 -3.0525 17.1025 0.3243 -1.5067 7.9540 -0.0000 0.0000 0.0000 -75.5247 4.9967 44.4468 52.9616 -54.1223 -28.5570 -0.0000 0.0000 -22.5727 43.1315 -30.4645 -25.4063 -7.1250 0.0000 -0.0000 6.5755 -8.6619 -7.5370 -0.0000 0.0000 0.0000 76.8212 -13.7721 44.7032 -39.3791 47.6977 -17.9787 0.0000 0.0000 12.6705 -32.6808 -40.2667 22.5209 7.1250 -0.0000 -0.0000 5.9400 -75.0948 -4.2156
-0.6322 21.1111 1.5576 -2.7309 -4.6804 21.7022 0.0000 0.0000 0.0000 -11.0100 -11.1149 -34.9529 4.6162 12.9381 39.1370 0.1931 3.4073 7.8241 0.4142 -4.1310 -11.4456 0.0000 0.0000 0.0000 12.9041 21.7854 -34.7130 -3.9147 -12.0461 35.8951 -1.4190 -6.5363 21.3262 -1.4577 7.6309 -21.5986 4.5212 1.0269 -8.6717 1.6633 1.0958 -6.9779 -0.7404 0.4127 -2.3442 -2.8628 -2.1966 -14.5528 1.9834 -2.7321 15.8552 0.8296 -1.2980 7.3326 0.0000 0.0000 0.0000 -75.9140 5.5491 43.8131 51.2649 -53.4931 -27.1876 -0.0000 0.0000 -22.3167 42.9338 -29.8789 -24.8665 -7.1250 0.0000 -0.0000 6.6274 -7.9158 -7.5241 0.0000 0.0000 0.0000 77.0313 -13.3646 45.0610 -38.3197 47.0423 -17.1992 0.0000 0.0000 12.3673 -32.9468 -39.6509 22.4676 7.1250 -0.0000 -0.0000 4.6527 -74.5800 -3.2498
-0.6275 21.2300 1.5282 -2.7963 -5.2081 21.1249 0.0000 0.0000 0.0000 -11.0789 -10.8435 -34.7345 4.8228 13.1814 40.0512 0.1964 2.9439 7.8720 0.4073 -4.0969 -11.3495 0.0000 0.0000 0.0000 12.9943 21.9838 -34.6186 -4.2019 -12.4243 37.2501 -1.4206 -6.2595 21.3510 -1.2962 7.2134 -20.3491 4.5137 1.0576 -7.7774 1.6702 1.1837 -6.7206 -0.7364 0.4563 -2.5619 -2.6854 -2.0717 -14.3481 1.9182 -2.5874 15.4373 0.7971 -1.2256 7.1536 -0.0000 -0.0000 0.0000 -76.2244 5.9335 43.2399 49.8429 -52.9319 -26.0487 -0.0000 0.0000 -22.1823 42.7827 -29.1657 -24.2756 -7.1250 0.0000 -0.0000 6.7350 -7.0410 -7.5592 -0.0000 -0.0000 0.0000 77.3583 -13.0316 45.0922 -37.4540 46.4870 -16.5684 0.0000 0.0000 12.7107 -32.9895 -38.6698 22.0779 7.1250 -0.0000 -0.0000 3.4077 -73.6110 -2.3085
-0.6204 21.3393 1.5001 -2.8023 -5.1486 20.6626 0.0000 0.0000 0.0000 -11.1010 -10.8665 -34.5574 5.0063 13.3909 40.8498 0.1966 2.5260 7.8823 0.3827 -3.9728 -11.0003 0.0000 0.0000 0.0000 13.1583 21.6020 -34.7267 -4.5178 -12.8193 38.6958 -1.3988 -5.8577 21.2060 -1.2688 7.1395 -20.1292 4.6347 0.9151 -6.9008 1.6972 1.0414 -6.6293 -0.7955 0.3747 -2.9570 -2.6511 -1.8780 -14.0467 2.0834 -2.3637 15.1721 0.8710 -1.1035 7.0112 0.0000 -0.0000 0.0000 -76.5425 6.5508 42.7636 48.4304 -52.3425 -24.9261 -0.0000 0.0000 -22.2099 42.3609 -27.9016 -23.1087 -7.1250 0.0000 -0.0000 6.8288 -5.4202 -7.4946 0.0000 -0.0000 0.0000 77.7517 -12.9725 44.9169 -36.7674 46.0337 -16.0724 0.0000 0.0000 13.2057 -32.5696 -38.3267 21.6103 7.1250 -0.0000 -0.0000 3.7291 -73.1191 -2.4865
-0.6004 21.4531 1.4846 -2.9333 -4.8173 20.1037 0.0000 0.0000 0.0000 -11.0517 -11.0362 -34.0933 5.1434 13.5435 41.4387 0.1985 2.3260 7.9317 0.3618 -3.8641 -10.6948 0.0000 0.0000 0.0000 13.5873 20.7247 -34.6115 -4.8264 -13.1856 40.0673 -1.3278 -5.1137 20.7015 -1.3876 7.4531 -21.0650 5.1794 0.6952 -5.8936 1.7518 0.7982 -6.6378 -1.0628 0.2200 -3.5374 -2.7439 -1.6802 -13.4127 2.2618 -2.1173 14.8765 0.9728 -0.9793 6.8027 -0.0000 0.0000 0.0000 -76.8666 7.4393 42.3531 46.7762 -51.6095 -23.6229 -0.0000 0.0000 -22.2080 41.8448 -27.0942 -22.1888 -7.1250 0.0000 -0.0000 6.7414 -4.2871 -7.2755 -0.0000 0.0000 0.0000 78.0831 -13.0161 44.9172 -36.0263 45.5312 -15.5412 0.0000 0.0000 13.0994 -32.0260 -38.5856 21.3115 7.1250 -0.0000 -0.0000 4.9070 -73.1919 -3.2805
-0.6034 21.5377 1.4587 -2.9924 -4.8487 19.7636 0.0000 0.0000 0.0000 -11.0217 -11.0201 -33.9264 5.2252 13.6330 41.7869 0.2207 2.1345 8.3885 0.4226 -4.1721 -11.5615 0.0000 0.0000 0.0000 13.7275 20.6205 -34.7610 -5.1472 -13.5477 41.4550 -1.2517 -5.1137 20.0777 -1.3850 7.4465 -21.0450 5.1856 0.5388 -5.0839 1.8421 0.6481 -6.6099 -0.9826 0.1379 -3.9707 -2.6499 -1.5476 -13.2820 2.1401 -1.9370 14.7987 0.9366 -0.8988 6.7481 -0.0000 -0.0000 0.0000 -77.1557 8.0537 41.8940 44.9447 -50.7414 -22.1959 -0.0000 0.0000 -22.0366 41.6020 -27.0605 -21.9955 -7.1250 0.0000 -0.0000 6.6128 -4.1561 -7.1209 -0.0000 -0.0000 0.0000 78.4670 -12.7330 44.8141 -35.0836 44.8717 -14.8723 0.0000 0.0000 13.1533 -31.6834 -39.0188 21.2352 7.1250 -0.0000 -0.0000 5.9781 -73.5053 -4.0385
-0.5990 21.6120 1.4319 -3.0567 -4.9323 19.2144 0.0000 0.0000 0.0000 -11.1267 -10.9136 -33.3483 5.2280 13.6360 41.7985 0.2403 2.1583 8.7625 0.5304 -4.6670 -12.9611 0.0000 0.0000 0.0000 13.9424 20.3676 -34.6921 -5.4609 -13.8847 42.7776 -1.2086 -5.0363 19.7241 -1.3621 7.3872 -20.8676 5.3386 0.4164 -4.1363 1.8643 0.5429 -6.4122 -1.0520 0.0749 -4.3011 -2.5537 -1.4211 -13.5085 2.1269 -1.7779 14.8791 0.9310 -0.8165 6.8080 0.0000 -0.0000 0.0000 -77.3613 8.3822 41.4660 43.0343 -49.7683 -20.7269 -0.0000 0.0000 -21.7877 41.6187 -26.3951 -21.5519 -7.1250 0.0000 -0.0000 6.7839 -3.3899 -7.2228 0.0000 -0.0000 0.0000 78.9331 -12.2770 44.6309 -34.1782 44.2163 -14.2372 0.0000 0.0000 13.1989 -31.9675 -38.8200 21.3665 7.1250 -0.0000 -0.0000 5.2753 -73.4061 -3.5516
-0.5939 21.6884 1.4147 -2.9530 -5.0908 18.6410 0.0000 0.0000 0.0000 -11.4671 -10.7936 -32.5900 5.1519 13.5528 41.4749 0.2565 2.4254 9.0339 0.4986 -4.5269 -12.5640 0.0000 0.0000 0.0000 13.9536 20.1535 -34.5797 -5.7684 -14.2000 44.0448 -1.1832 -4.8516 19.5250 -1.4113 7.5138 -21.2468 5.3094 0.2873 -3.3501 1.8588 0.4188 -6.2083 -1.0453 0.0121 -4.5365 -2.7806 -1.2315 -13.2511 2.4968 -1.5408 14.7425 1.1116 -0.6849 6.7182 -0.0000 0.0000 0.0000 -77.5808 8.8176 41.1117 41.2063 -48.7685 -19.3416 -0.0000 0.0000 -21.5718 41.6700 -25.3318 -20.8472 -7.1250 0.0000 -0.0000 7.0666 -2.1650 -7.3841 -0.0000 0.0000 0.0000 79.2832 -12.0370 44.5776 -33.5679 43.7621 -13.8133 0.0000 0.0000 12.7794 -32.0108 -39.1535 21.5395 7.1250 -0.0000 -0.0000 5.6076 -73.7540 -3.8180
-0.5945 21.7554 1.4025 -2.5744 -5.4037 18.2355 0.0000 0.0000 0.0000 -12.0725 -10.7169 -31.9095 4.9988 13.3824 40.8175 0.2810 2.7733 9.4405 0.5307 -4.6682 -12.9646 0.0000 0.0000 0.0000 13.5429 20.1669 -34.6292 -6.0377 -14.4648 45.1328 -1.1365 -4.9571 19.1132 -1.4158 7.5254 -21.2815 4.8126 0.1854 -2.8787 1.8343 0.3101 -6.0912 -0.7949 -0.0216 -4.6826 -2.9888 -1.0305 -12.7278 2.7704 -1.2822 14.5387 1.2592 -0.5524 6.5581 -0.0000 0.0000 0.0000 -77.8646 9.3851 40.8002 39.5327 -47.7906 -18.0924 -0.0000 0.0000 -21.4412 41.6537 -24.3960 -20.1737 -7.1250 0.0000 -0.0000 7.2753 -1.0555 -7.4681 -0.0000 0.0000 0.0000 79.5429 -11.9808 44.4817 -33.1192 43.4214 -13.5039 0.0000 0.0000 12.1419 -31.5330 -40.6261 21.7779 7.1250 -0.0000 -0.0000 8.4292 -75.0303 -5.9755
-0.5947 21.8068 1.3941 -2.1189 -5.7812 17.9451 0.0000 0.0000 0.0000 -12.7856 -10.5595 -31.2998 4.7888 13.1419 39.9020 0.3130 2.9536 9.9630 0.6214 -5.0447 -14.0360 0.0000 0.0000 0.0000 12.9673 20.2786 -34.7465 -6.2457 -14.6623 45.9601 -1.1060 -5.3001 18.8212 -1.3630 7.3896 -20.8747 4.2339 0.1316 -2.4245 1.7570 0.2615 -6.0829 -0.5524 -0.0255 -4.9303 -2.9005 -0.9313 -12.4177 2.6340 -1.1498 14.5112 1.2137 -0.4974 6.4905 -0.0000 -0.0000 0.0000 -78.1059 10.1026 40.5258 38.0761 -46.8878 -17.0211 -0.0000 0.0000 -21.2012 41.6107 -22.9839 -19.1269 -7.1250 0.0000 -0.0000 7.5707 0.6405 -7.5520 -0.0000 -0.0000 0.0000 79.9018 -12.0316 44.2206 -32.6682 43.0734 -13.1949 0.0000 0.0000 11.5204 -31.5702 -41.1998 22.0359 7.1250 -0.0000 -0.0000 9.2777 -75.5973 -6.6909
-0.5892 21.8579 1.4011 -1.7024 -6.0447 17.7052 0.0000 0.0000 0.0000 -13.5038 -10.3459 -30.6339 4.5475 12.8554 38.8296 0.3333 3.1233 10.2780 0.6787 -5.2676 -14.6735 0.0000 0.0000 0.0000 12.4514 20.2660 -34.7245 -6.3747 -14.7819 46.4676 -1.1096 -5.7458 18.8285 -1.2348 7.0469 -19.8543 3.8853 0.0877 -2.1740 1.6388 0.2081 -6.0431 -0.4798 -0.0401 -5.0304 -2.8504 -0.9350 -12.1638 2.4476 -1.1399 14.4653 1.1469 -0.5071 6.4305 0.0000 -0.0000 0.0000 -78.2776 10.8447 40.3834 36.6898 -45.9817 -16.0166 -0.0000 0.0000 -20.8224 41.5654 -22.1422 -18.4810 -7.1250 0.0000 -0.0000 7.7300 1.6659 -7.5719 0.0000 -0.0000 0.0000 80.4290 -12.0955 43.6263 -32.2525 42.7476 -12.9119 0.0000 0.0000 11.1170 -31.5028 -40.8369 21.8389 7.1250 -0.0000 -0.0000 8.8068 -75.2232 -6.2802
-0.5842 21.9032 1.4101 -1.2916 -6.2243 17.6329 0.0000 0.0000 0.0000 -14.1487 -10.2026 -30.1831 4.3016 12.5513 37.7114 0.3580 3.6627 10.6393 0.6480 -5.1493 -14.3350 0.0000 0.0000 0.0000 11.9122 20.2560 -34.7503 -6.4254 -14.8283 46.6660 -1.1157 -6.2005 18.8660 -1.0378 6.4793 -18.1815 3.5406 0.0616 -2.2274 1.5445 0.1606 -5.9515 -0.3848 -0.0475 -4.9027 -1.6891 -1.2616 -13.5903 0.5566 -1.4728 15.8936 0.3101 -0.7605 7.1246 -0.0000 0.0000 0.0000 -78.4615 11.2960 40.5197 35.1759 -44.9373 -14.9374 -0.0000 0.0000 -20.8951 41.5686 -22.3252 -18.6180 -7.1250 0.0000 -0.0000 7.6919 1.4448 -7.5645 -0.0000 0.0000 0.0000 80.9800 -11.9693 42.8409 -31.8018 42.3886 -12.6070 0.0000 0.0000 10.6777 -31.3879 -40.1723 21.4834 7.1250 -0.0000 -0.0000 7.9978 -74.5367 -5.5844
-0.5837 21.9248 1.4178 -0.9812 -6.4412 17.8184 0.0000 0.0000 0.0000 -14.6379 -9.9843 -30.1522 4.0750 12.2596 36.6565 0.4144 4.1631 11.4486 0.6652 -5.2160 -14.5258 0.0000 0.0000 0.0000 11.3963 20.4085 -34.9877 -6.4087 -14.8131 46.6008 -1.1034 -6.4664 18.7547 -0.9254 6.1285 -17.1578 3.1728 0.0527 -2.4876 1.5173 0.1319 -5.9363 -0.2075 -0.0437 -4.7378 -1.2568 -1.3100 -14.1463 -0.2345 -1.4778 16.5233 -0.0247 -0.8103 7.4179 -0.0000 -0.0000 0.0000 -78.7163 11.6168 40.5771 33.5958 -43.7830 -13.8326 -0.0000 0.0000 -20.8280 41.1279 -22.6721 -18.6025 -7.1250 0.0000 -0.0000 7.3551 1.1766 -7.2630 -0.0000 -0.0000 0.0000 81.4375 -11.8002 42.2002 -31.4042 42.0670 -12.3398 0.0000 0.0000 10.1719 -31.4976 -39.9526 21.4784 7.1250 -0.0000 -0.0000 7.5049 -74.3612 -5.2111
-0.5881 21.9281 1.4294 -0.7537 -6.7166 18.1068 0.0000 0.0000 0.0000 -15.0426 -9.6181 -30.3101 3.8800 11.9990 35.7284 0.4828 4.4588 12.3628 0.7460 -5.5172 -15.3898 0.0000 0.0000 0.0000 10.9516 20.7115 -35.2179 -6.3340 -14.7443 46.3078 -1.0675 -6.5574 18.4429 -0.8992 6.0434 -16.9105 2.8143 0.0528 -2.8276 1.5099 0.1178 -6.0346 -0.0146 -0.0348 -4.6475 -1.1709 -1.1879 -13.9611 -0.3868 -1.3039 16.6716 -0.0698 -0.7369 7.4314 0.0000 -0.0000 0.0000 -78.9612 12.1211 40.1992 32.0999 -42.6266 -12.8084 -0.0000 0.0000 -19.2176 40.0407 -22.7313 -17.9888 -7.1250 0.0000 -0.0000 6.6985 1.4624 -6.5708 0.0000 -0.0000 0.0000 81.8874 -11.8852 41.6394 -31.0833 41.8040 -12.1253 0.0000 0.0000 9.9658 -31.4794 -40.7351 21.7801 7.1250 -0.0000 -0.0000 8.6870 -75.1163 -6.1747
-0.5942 21.9213 1.4343 -0.6311 -7.0172 18.4449 0.0000 0.0000 0.0000 -15.2989 -9.2027 -30.6436 3.7284 11.7900 34.9930 0.5338 4.9109 13.0043 0.7996 -5.7073 -15.9376 0.0000 0.0000 0.0000 10.6201 21.0991 -35.4174 -6.2053 -14.6244 45.8002 -1.0181 -6.4960 18.0058 -0.8961 6.0333 -16.8810 2.5029 0.0698 -3.0141 1.5479 0.1395 -6.2623 0.1997 -0.0118 -4.7807 -1.2162 -1.0803 -13.3901 -0.3913 -1.1557 16.5562 -0.0446 -0.6692 7.2931 0.0000 0.0000 0.0000 -79.1704 12.9036 40.2989 30.7678 -41.5425 -11.9155 -0.0000 0.0000 -18.7305 39.9126 -23.2747 -18.2905 -7.1250 0.0000 -0.0000 6.5065 0.8619 -6.4498 0.0000 0.0000 0.0000 82.2647 -12.1890 41.1517 -30.6929 41.4799 -11.8659 0.0000 0.0000 9.8551 -31.7179 -41.1875 22.1462 7.1250 -0.0000 -0.0000 9.0054 -75.6400 -6.5019
-0.5938 21.9059 1.4447 -0.6162 -7.4255 18.9918 0.0000 0.0000 0.0000 -15.4631 -8.7655 -31.3132 3.6196 11.6362 34.4569 0.5604 5.8021 13.3572 0.7984 -5.7032 -15.9255 0.0000 0.0000 0.0000 10.3301 21.3919 -35.7816 -6.0273 -14.4548 45.0914 -0.9700 -6.0721 17.5714 -0.9775 6.2939 -17.6396 2.3684 0.1481 -3.4328 1.5958 0.2349 -6.4844 0.3247 0.0417 -4.7768 -1.2977 -0.9924 -13.0768 -0.4376 -1.0152 16.5506 -0.0303 -0.6114 7.2360 -0.0000 0.0000 0.0000 -79.4007 13.5908 40.3642 29.6087 -40.5556 -11.1543 -0.0000 0.0000 -18.0998 40.0009 -23.2560 -18.3311 -7.1250 0.0000 -0.0000 6.5627 0.8551 -6.5070 -0.0000 0.0000 0.0000 82.5371 -12.4370 40.7730 -30.4559 41.2810 -11.7093 0.0000 0.0000 9.4575 -31.9483 -41.7333 22.5442 7.1250 -0.0000 -0.0000 9.5382 -76.2484 -7.0103
-0.5897 21.8763 1.4644 -0.7816 -7.7848 19.6897 0.0000 0.0000 0.0000 -15.4611 -8.3107 -32.1739 3.5392 11.5206 34.0566 0.5813 6.8589 13.6924 0.7128 -5.3957 -15.0407 0.0000 0.0000 0.0000 10.2406 21.5301 -36.2050 -5.8159 -14.2475 44.2383 -0.9091 -5.4673 17.0140 -1.1458 6.7972 -19.1159 2.5140 0.2325 -4.1804 1.6648 0.3214 -6.5669 0.3161 0.0816 -4.4411 -1.3069 -0.8658 -13.3183 -0.5216 -0.8190 16.7933 -0.0384 -0.5273 7.3566 0.0000 0.0000 0.0000 -79.6306 13.9318 40.3747 28.4108 -39.4917 -10.3839 -0.0000 0.0000 -17.3500 40.0198 -23.5948 -18.5774 -7.1250 0.0000 -0.0000 6.5006 0.4498 -6.4914 0.0000 0.0000 0.0000 82.7655 -12.3493 40.5297 -30.2484 41.1054 -11.5726 0.0000 0.0000 8.9191 -31.9438 -42.5488 22.8616 7.1250 -0.0000 -0.0000 11.0799 -77.0181 -8.3268
-0.5848 21.8279 1.4784 -1.0920 -7.7936 20.3420 0.0000 0.0000 0.0000 -15.2413 -7.9713 -32.9671 3.4677 11.4162 33.6968 0.6253 7.4288 14.2447 0.6616 -5.2020 -14.4855 0.0000 0.0000 0.0000 10.4435 21.4553 -36.5419 -5.5932 -14.0222 43.3266 -0.8457 -5.1671 16.4075 -1.2549 7.1018 -20.0172 2.9053 0.2080 -4.8116 1.8222 0.2623 -6.6522 0.2616 0.0395 -4.1782 -1.4699 -0.6875 -13.5979 -0.4396 -0.5485 17.1262 0.0412 -0.4031 7.5149 0.0000 -0.0000 0.0000 -79.8766 14.2433 40.5123 27.1363 -38.3088 -9.5835 -0.0000 0.0000 -16.4358 40.1185 -24.2602 -19.0969 -7.1250 0.0000 -0.0000 6.4128 -0.3644 -6.4942 0.0000 -0.0000 0.0000 82.9289 -12.1832 40.3662 -29.8111 40.7309 -11.2862 0.0000 0.0000 8.6556 -32.3586 -42.2864 23.0892 7.1250 -0.0000 -0.0000 9.8268 -76.9291 -7.3633
-0.5765 21.7705 1.4932 -1.2139 -7.4862 20.8884 0.0000 0.0000 0.0000 -15.1030 -7.9452 -33.6366 3.4114 11.3329 33.4112 0.6598 7.5817 14.6283 0.7521 -5.5391 -15.4529 0.0000 0.0000 0.0000 10.5859 21.0746 -36.8168 -5.3791 -13.7984 42.4359 -0.8191 -5.2690 16.1398 -1.2680 7.1375 -20.1234 3.2683 0.1081 -5.4122 1.9342 0.0985 -6.7650 0.1733 -0.0552 -3.9652 -1.6498 -0.5635 -13.5917 -0.3889 -0.3485 17.2712 0.1081 -0.3157 7.5611 -0.0000 0.0000 0.0000 -80.0583 14.7299 40.6195 26.3186 -37.5216 -9.0810 -0.0000 0.0000 -16.0042 38.8385 -22.9914 -17.4571 -7.1250 0.0000 -0.0000 5.9292 1.5353 -5.7996 -0.0000 0.0000 0.0000 83.1313 -12.1304 40.0363 -29.2730 40.2621 -10.9367 0.0000 0.0000 8.7288 -32.7707 -42.1020 23.3447 7.1250 -0.0000 -0.0000 8.7347 -76.9102 -6.5390
-0.5650 21.7082 1.5176 -1.0618 -6.8869 21.1547 0.0000 0.0000 0.0000 -15.1264 -8.3395 -33.8616 3.3504 11.2417 33.0996 0.6628 7.5256 14.6530 0.9334 -6.1542 -17.2324 0.0000 0.0000 0.0000 10.6675 20.3233 -36.7954 -5.1730 -13.5760 41.5647 -0.7752 -5.7512 15.6908 -1.2064 6.9683 -19.6216 3.5640 -0.0753 -5.8633 1.9128 -0.1777 -6.7762 -0.0208 -0.2047 -3.7338 -1.6222 -0.5142 -13.7465 -0.4953 -0.2619 17.3918 0.0772 -0.2838 7.6276 0.0000 0.0000 0.0000 -80.0623 15.2026 41.0317 25.6627 -36.8737 -8.6844 -0.0000 0.0000 -15.8059 36.7058 -19.8220 -14.1877 -7.1250 0.0000 -0.0000 5.2433 5.8564 -4.7012 0.0000 0.0000 0.0000 83.3970 -12.1656 39.6553 -28.9697 39.9937 -10.7412 0.0000 0.0000 8.6794 -32.5421 -42.9201 23.4866 7.1250 -0.0000 -0.0000 10.7602 -77.5962 -8.2145
-0.5634 21.6208 1.5223 -1.4239 -7.5898 22.0134 0.0000 0.0000 0.0000 -14.7712 -8.1349 -34.8043 3.3069 11.1761 32.8761 0.6523 7.8175 14.5840 0.9997 -6.3628 -17.8408 0.0000 0.0000 0.0000 10.7167 20.6341 -37.5213 -4.9775 -13.3585 40.7256 -0.7844 -5.8044 15.7851 -1.2582 7.1109 -20.0442 3.7636 0.2132 -6.4714 1.9531 0.1746 -6.9853 -0.0801 -0.0369 -3.6071 -1.6852 -0.5077 -13.9357 -0.5048 -0.2312 17.6515 0.0870 -0.2765 7.7469 -0.0000 -0.0000 0.0000 -80.0316 15.6510 41.5384 24.9455 -36.1482 -8.2577 -0.0000 0.0000 -15.5878 35.8349 -19.2300 -13.3791 -7.1250 0.0000 -0.0000 4.8032 6.7674 -4.2190 -0.0000 -0.0000 0.0000 83.6565 -12.4692 39.2674 -28.9200 39.9495 -10.7093 0.0000 0.0000 8.5017 -32.4382 -43.3318 23.5635 7.1250 -0.0000 -0.0000 11.8432 -77.9386 -9.1287
-0.5537 21.5350 1.5334 -1.7283 -7.2978 22.3513 0.0000 0.0000 0.0000 -14.2026 -8.5810 -35.0770 3.2582 11.1017 32.6237 0.6582 8.0914 14.6863 0.8590 -5.9102 -16.5241 0.0000 0.0000 0.0000 11.2630 20.0226 -37.6009 -4.7959 -13.1502 39.9335 -0.7502 -6.3835 15.4534 -1.2688 7.1396 -20.1295 4.3599 0.2131 -6.7608 2.0346 0.1419 -7.1254 -0.3282 -0.0792 -3.5995 -1.8640 -0.5313 -13.7533 -0.4733 -0.2334 17.8353 0.1268 -0.2880 7.7758 0.0000 -0.0000 0.0000 -80.0567 16.2571 42.0203 24.2536 -35.4312 -7.8531 -0.0000 0.0000 -15.0545 36.4768 -21.2466 -14.9985 -7.1250 0.0000 -0.0000 4.8441 4.2535 -4.4878 0.0000 -0.0000 0.0000 83.9404 -12.8358 38.7292 -28.7293 39.7790 -10.5870 0.0000 0.0000 8.2522 -32.4999 -43.3489 23.6202 7.1250 -0.0000 -0.0000 11.7679 -77.9787 -9.0801
-0.5421 21.4328 1.5377 -2.2435 -7.0687 22.8166 0.0000 0.0000 0.0000 -13.3605 -9.0512 -35.5189 3.2370 11.0691 32.5134 0.6436 8.2504 14.5623 0.7849 -5.6559 -15.7893 0.0000 0.0000 0.0000 11.9530 19.4831 -37.8883 -4.6351 -12.9606 39.2213 -0.6988 -7.1609 14.9835 -1.1909 6.9249 -19.4932 5.1387 0.2826 -7.0184 2.1592 0.1976 -7.3380 -0.6290 -0.0877 -3.6860 -1.7733 -0.5078 -13.5611 -0.7270 -0.1743 17.9532 0.0347 -0.2793 7.7801 -0.0000 0.0000 0.0000 -80.0072 16.8999 42.7456 23.6438 -34.7853 -7.5024 -0.0000 0.0000 -14.7497 36.7036 -22.0250 -15.6189 -7.1250 0.0000 -0.0000 4.8372 3.2881 -4.5684 -0.0000 0.0000 0.0000 84.2329 -13.1083 38.1788 -28.4855 39.5593 -10.4314 0.0000 0.0000 7.7666 -32.0784 -43.3449 23.2779 7.1250 -0.0000 -0.0000 12.5278 -77.8099 -9.6260
-0.5347 21.3096 1.5434 -2.3609 -6.5615 22.8780 0.0000 0.0000 0.0000 -12.9065 -9.6806 -35.4797 3.2182 11.0402 32.4155 0.6336 7.9094 14.4029 0.8085 -5.7381 -16.0265 0.0000 0.0000 0.0000 12.3706 18.8213 -37.7735 -4.4978 -12.7949 38.6054 -0.6142 -7.9947 14.2127 -1.1417 6.7853 -19.0809 5.5449 0.1676 -6.9385 2.2084 0.0387 -7.4015 -0.8087 -0.1881 -3.8109 -1.6018 -0.4139 -13.5966 -0.9486 -0.0365 18.0665 -0.0524 -0.2247 7.8232 0.0000 -0.0000 0.0000 -79.9386 17.3875 43.3530 23.1626 -34.2662 -7.2297 -0.0000 0.0000 -14.5047 36.0849 -21.7758 -15.1294 -7.1250 0.0000 -0.0000 4.5072 3.7458 -4.2165 0.0000 -0.0000 0.0000 84.4587 -13.3464 37.7691 -28.3983 39.4804 -10.3760 0.0000 0.0000 7.1991 -31.7153 -42.6969 22.7369 7.1250 -0.0000 -0.0000 11.7833 -77.0689 -8.8705
-0.5346 21.1712 1.5495 -2.6463 -6.4602 22.9534 0.0000 0.0000 0.0000 -12.3500 -9.9709 -35.5275 3.2220 11.0460 32.4351 0.6024 7.6757 14.0347 0.8096 -5.7421 -16.0379 0.0000 0.0000 0.0000 12.8383 18.5936 -37.6424 -4.3854 -12.6563 38.0952 -0.5300 -8.5439 13.4144 -1.1250 6.7372 -18.9390 5.8465 0.2001 -7.0135 2.2851 0.0601 -7.2797 -0.8973 -0.1832 -3.6428 -1.5665 -0.3709 -13.8774 -0.9488 0.0228 18.1504 -0.0526 -0.1955 7.9009 -0.0000 0.0000 0.0000 -79.9197 17.5924 43.6832 22.7715 -33.8380 -7.0106 -0.0000 0.0000 -14.1522 35.5527 -21.6328 -14.7604 -7.1250 0.0000 -0.0000 4.2080 4.0526 -3.9109 -0.0000 0.0000 0.0000 84.6799 -13.3576 37.3867 -28.3453 39.4322 -10.3423 0.0000 0.0000 6.4978 -31.8338 -42.0072 22.5620 7.1250 -0.0000 -0.0000 10.2335 -76.4658 -7.5702
-0.5280 21.0226 1.5569 -3.1860 -6.4234 23.1237 0.0000 0.0000 0.0000 -11.5573 -10.1871 -35.5785 3.2189 11.0412 32.4191 0.5526 7.6542 13.4871 0.8292 -5.8094 -16.2324 0.0000 0.0000 0.0000 13.5590 18.2750 -37.6650 -4.3128 -12.5653 37.7625 -0.4347 -8.6872 12.3766 -1.0716 6.5805 -18.4783 6.4604 0.3264 -7.2086 2.3921 0.1794 -7.1130 -1.1242 -0.1376 -3.3583 -1.5822 -0.4306 -14.2158 -0.9211 -0.0533 18.1516 -0.0498 -0.2307 7.9620 0.0000 -0.0000 0.0000 -79.9006 17.7236 44.0808 22.3787 -33.4023 -6.7931 -0.0000 0.0000 -14.0799 35.4855 -21.9234 -14.9053 -7.1250 0.0000 -0.0000 4.1145 3.7361 -3.8478 0.0000 -0.0000 0.0000 84.9486 -13.2211 36.9994 -28.2591 39.3537 -10.2876 0.0000 0.0000 5.4179 -32.5471 -42.0109 23.1296 7.1250 -0.0000 -0.0000 8.9738 -76.7385 -6.6863
-0.5120 20.8600 1.5540 -3.6618 -6.4619 23.3245 0.0000 0.0000 0.0000 -10.8723 -10.4589 -35.7296 3.2514 11.0913 32.5885 0.5027 7.9060 12.9736 0.7002 -5.3486 -14.9054 0.0000 0.0000 0.0000 14.2076 17.7039 -37.7325 -4.2337 -12.4651 37.3979 -0.3740 -8.0662 11.4775 -1.1456 6.7964 -19.1136 7.1105 0.4876 -7.1440 2.4497 0.3749 -7.1504 -1.4166 -0.0689 -3.4278 -1.6118 -0.4793 -14.1621 -0.9137 -0.1172 18.0581 -0.0491 -0.2613 7.9216 0.0000 -0.0000 0.0000 -79.8860 18.3025 44.4750 22.1853 -33.1858 -6.6870 -0.0000 0.0000 -14.0843 35.5031 -23.0025 -15.5767 -7.1250 0.0000 -0.0000 3.9270 2.4952 -3.7612 0.0000 -0.0000 0.0000 85.2196 -13.4473 36.4271 -28.0110 39.1264 -10.1306 0.0000 0.0000 5.0707 -32.8474 -41.0580 22.9800 7.1250 -0.0000 -0.0000 6.8223 -75.9313 -4.9641
-0.5248 20.6787 1.5601 -3.2766 -6.5190 23.1538 0.0000 0.0000 0.0000 -10.9744 -10.9616 -35.5459 3.2761 11.1292 32.7167 0.4671 8.2297 12.6360 0.5181 -4.6133 -12.8088 0.0000 0.0000 0.0000 13.9674 17.6015 -37.3962 -4.1924 -12.4121 37.2057 -0.3278 -7.7208 10.7889 -1.3801 7.4338 -21.0072 6.5057 0.4355 -6.9477 2.3869 0.3504 -7.1834 -1.1477 -0.0605 -3.5671 -1.6357 -0.4433 -13.9144 -0.9188 -0.0683 17.9394 -0.0408 -0.2385 7.8379 0.0000 0.0000 0.0000 -79.8643 19.1907 44.7798 22.2434 -33.2511 -6.7188 -0.0000 0.0000 -13.8549 34.9829 -23.2962 -15.4691 -7.1250 0.0000 -0.0000 3.5586 2.3027 -3.4194 0.0000 0.0000 0.0000 85.5155 -13.9132 35.6002 -28.0915 39.2004 -10.1815 0.0000 0.0000 5.2557 -31.5947 -40.6821 21.8480 7.1250 -0.0000 -0.0000 8.4113 -75.1071 -5.9765
-0.5131 20.5007 1.5540 -4.1026 -6.2225 23.0360 0.0000 0.0000 0.0000 -9.9063 -11.0620 -35.4683 3.3363 11.2205 33.0273 0.4555 7.8484 12.4137 0.5411 -4.7128 -13.0913 0.0000 0.0000 0.0000 15.1861 17.0068 -37.0257 -4.1337 -12.3363 36.9322 -0.3434 -6.6357 10.7337 -1.5564 7.8734 -22.3303 7.5730 0.4543 -6.4840 2.5876 0.3839 -7.1715 -1.5302 -0.0932 -3.8238 -1.7513 -0.3531 -13.7516 -0.8330 0.0590 17.8128 0.0208 -0.1758 7.7666 0.0000 -0.0000 0.0000 -79.9046 20.0193 44.9442 22.3386 -33.3576 -6.7711 -0.0000 0.0000 -13.7754 34.0993 -22.2899 -14.4020 -7.1250 0.0000 -0.0000 3.2027 3.6782 -2.9954 0.0000 -0.0000 0.0000 85.7424 -14.3274 34.9934 -28.3230 39.4119 -10.3281 0.0000 0.0000 5.2294 -31.2596 -39.2180 20.9977 7.1250 -0.0000 -0.0000 6.9133 -73.5544 -4.6791
-0.5173 20.3039 1.5544 -3.7981 -6.5173 22.9196 0.0000 0.0000 0.0000 -10.1732 -11.1851 -35.3520 3.3850 11.2936 33.2767 0.4625 7.1561 12.3595 0.6752 -5.2544 -14.6356 0.0000 0.0000 0.0000 14.7761 17.1552 -36.9365 -4.1298 -12.3311 36.9136 -0.3546 -6.3182 10.8251 -1.5958 7.9679 -22.6167 7.1055 0.4268 -6.3234 2.5244 0.3729 -7.0887 -1.3386 -0.0774 -3.8202 -1.7985 -0.2738 -13.8430 -0.7929 0.1717 17.7084 0.0538 -0.1207 7.7478 -0.0000 0.0000 0.0000 -80.0634 20.6715 44.8337 22.3490 -33.3692 -6.7768 -0.0000 0.0000 -13.8575 33.5505 -21.9847 -13.9422 -7.1250 0.0000 -0.0000 2.9186 4.1621 -2.7026 -0.0000 0.0000 0.0000 85.9094 -14.5425 34.7381 -28.3242 39.4130 -10.3289 0.0000 0.0000 4.1289 -31.9179 -38.0849 21.0172 7.1250 -0.0000 -0.0000 4.5247 -72.6514 -2.9713
-0.5022 20.1028 1.5271 -4.5259 -6.1660 22.8967 0.0000 0.0000 0.0000 -9.2418 -11.2437 -35.4902 3.4758 11.4281 33.7376 0.4950 6.1312 12.6062 0.7747 -5.6197 -15.6849 0.0000 0.0000 0.0000 15.6447 16.7849 -36.8836 -4.1228 -12.3221 36.8810 -0.3505 -5.9655 10.7071 -1.5940 7.9636 -22.6037 8.0678 0.4263 -5.8291 2.6955 0.3893 -6.9461 -1.6944 -0.1088 -3.9566 -1.6140 -0.2924 -14.2124 -1.0345 0.1598 17.4941 -0.0577 -0.1362 7.7431 -0.0000 -0.0000 0.0000 -80.2284 20.9492 44.6509 22.2870 -33.2999 -6.7427 -0.0000 0.0000 -13.9686 33.5718 -22.4477 -14.2207 -7.1250 0.0000 -0.0000 2.8529 3.6332 -2.6697 -0.0000 -0.0000 0.0000 86.1359 -14.2790 34.3395 -27.9491 39.0693 -10.0916 0.0000 0.0000 3.3332 -30.9414 -39.0700 20.6980 7.1250 -0.0000 -0.0000 7.2348 -73.2972 -4.8569
-0.5141 19.8791 1.5119 -4.6362 -6.3190 22.7277 0.0000 0.0000 0.0000 -8.9557 -11.2575 -35.4343 3.5733 11.5698 34.2265 0.5010 5.4599 12.6233 0.7691 -5.6001 -15.6285 0.0000 0.0000 0.0000 15.6567 17.3040 -36.7502 -4.1954 -12.4160 37.2201 -0.3150 -6.2846 10.2629 -1.6462 8.0866 -22.9773 7.8722 0.4643 -5.4447 2.7421 0.4778 -6.7792 -1.5385 -0.0511 -3.9847 -1.3304 -0.3814 -14.2839 -1.4742 0.0565 17.1033 -0.2596 -0.2055 7.6274 0.0000 0.0000 0.0000 -80.2921 21.3781 44.7256 22.3121 -33.3280 -6.7565 -0.0000 0.0000 -14.3145 33.7988 -22.6114 -14.4332 -7.1250 0.0000 -0.0000 2.9632 3.3907 -2.7866 0.0000 0.0000 0.0000 86.3419 -14.1930 33.8535 -27.8139 38.9443 -10.0065 0.0000 0.0000 3.3945 -29.8488 -41.2994 20.7431 7.1250 -0.0000 -0.0000 12.2856 -75.0586 -8.7325
-0.5220 19.6477 1.5010 -4.6508 -6.2474 22.5537 0.0000 0.0000 0.0000 -8.7370 -11.4163 -35.4795 3.7324 11.7955 35.0125 0.4814 4.4712 12.3438 0.7300 -5.4589 -15.2223 0.0000 0.0000 0.0000 15.6980 17.4722 -36.7196 -4.3054 -12.5561 37.7286 -0.2919 -6.2758 9.9272 -1.7820 8.3965 -23.9251 7.7587 0.4368 -4.9332 2.7472 0.5023 -6.8206 -1.4712 -0.0446 -4.3133 -1.2155 -0.3874 -14.2763 -1.6658 0.0582 17.0096 -0.3411 -0.2146 7.5953 0.0000 0.0000 0.0000 -80.3275 22.2205 44.8850 22.3584 -33.3797 -6.7820 -0.0000 0.0000 -14.6756 33.9626 -22.7754 -14.6143 -7.1250 0.0000 -0.0000 3.0344 3.1632 -2.8664 0.0000 0.0000 0.0000 86.5383 -14.5881 33.4785 -27.8575 38.9847 -10.0339 0.0000 0.0000 3.0623 -29.9969 -41.6392 20.9851 7.1250 -0.0000 -0.0000 12.6467 -75.4323 -9.0911
-0.5307 19.3950 1.4767 -4.6772 -6.5030 22.6849 0.0000 0.0000 0.0000 -8.5689 -11.3528 -36.0301 3.9350 12.0734 35.9922 0.4659 3.1974 12.1939 0.7250 -5.4405 -15.1693 0.0000 0.0000 0.0000 15.5316 17.9646 -37.1440 -4.4782 -12.7709 38.5168 -0.2846 -6.2326 9.8091 -1.8458 8.5373 -24.3582 7.5186 0.4982 -4.5501 2.7304 0.6275 -6.8056 -1.3564 0.0235 -4.5009 -1.3320 -0.3355 -14.9735 -1.4791 0.1376 17.1701 -0.2541 -0.1706 7.7715 0.0000 0.0000 0.0000 -80.3975 22.6153 44.7958 22.3484 -33.3685 -6.7765 -0.0000 0.0000 -14.7476 34.3762 -23.2454 -15.1093 -7.1250 0.0000 -0.0000 3.2015 2.5231 -3.0623 0.0000 0.0000 0.0000 86.7794 -14.4914 33.1247 -27.6267 38.7703 -9.8891 0.0000 0.0000 2.6142 -31.0937 -40.2105 21.2735 7.1250 -0.0000 -0.0000 8.5375 -74.4683 -5.9501
-0.5352 19.1241 1.4400 -4.8554 -6.8469 22.9579 0.0000 0.0000 0.0000 -8.2564 -11.2192 -36.9675 4.2351 12.4669 37.4044 0.4488 2.0273 12.1166 0.6788 -5.2679 -14.6743 0.0000 0.0000 0.0000 15.4206 18.5580 -37.8433 -4.7062 -13.0451 39.5374 -0.3013 -5.9558 9.9997 -1.9197 8.6967 -24.8511 7.4382 0.6099 -4.4156 2.7216 0.7750 -6.5475 -1.3227 0.1127 -4.2896 -1.3346 -0.3089 -15.9051 -1.3843 0.1742 17.0081 -0.2198 -0.1456 7.8820 0.0000 -0.0000 0.0000 -80.4524 22.5470 44.5057 22.5602 -33.6043 -6.8933 -0.0000 0.0000 -15.0913 34.2567 -23.0650 -14.9395 -7.1250 0.0000 -0.0000 3.1617 2.7590 -3.0105 0.0000 -0.0000 0.0000 87.0147 -13.8689 32.8134 -27.3548 38.5154 -9.7192 0.0000 0.0000 2.5172 -30.1676 -41.9721 21.2424 7.1250 -0.0000 -0.0000 12.9822 -75.8068 -9.4364
-0.5320 18.8495 1.4157 -4.7540 -5.9038 22.4032 0.0000 0.0000 0.0000 -7.9991 -11.9406 -37.0620 4.6142 12.9356 39.1280 0.4303 0.9959 12.0837 0.5393 -4.7054 -13.0701 0.0000 0.0000 0.0000 15.6646 17.9963 -37.8140 -5.0044 -13.3887 40.8415 -0.2912 -5.7586 9.8108 -1.9196 8.6966 -24.8506 7.7003 0.2513 -3.6882 2.7135 0.3482 -6.1952 -1.4830 -0.1061 -4.3622 -1.1512 -0.3030 -16.5246 -1.5851 0.1858 16.7451 -0.3159 -0.1481 7.9039 0.0000 0.0000 0.0000 -80.5456 22.6895 44.2187 22.8339 -33.9067 -7.0454 -0.0000 0.0000 -15.8162 33.0694 -21.9313 -13.6686 -7.1250 0.0000 -0.0000 2.6316 4.3405 -2.4275 0.0000 0.0000 0.0000 87.1576 -13.5377 32.6076 -27.1290 38.3020 -9.5790 0.0000 0.0000 2.3340 -30.5414 -40.8883 21.1175 7.1250 -0.0000 -0.0000 10.4814 -74.9220 -7.4127
-0.5336 18.5391 1.3727 -5.1357 -6.1947 22.7302 0.0000 0.0000 0.0000 -7.4220 -11.7993 -38.3281 5.1170 13.5144 41.3257 0.2258 -0.3749 9.1198 1.0191 -6.4225 -18.0154 0.0000 0.0000 0.0000 15.6831 18.6601 -38.8921 -5.3947 -13.8149 42.5010 -0.2890 -5.1096 9.6723 -1.7108 8.2357 -23.4323 7.8431 0.3752 -3.1697 2.7712 0.5746 -6.2582 -1.5033 -0.0103 -4.7063 -1.0245 -0.3323 -17.0128 -1.8120 0.1648 16.5323 -0.4150 -0.1728 7.9191 0.0000 -0.0000 0.0000 -80.6672 23.0234 44.1185 22.8234 -33.8951 -7.0396 -0.0000 0.0000 -16.1425 32.5380 -21.3857 -13.0966 -7.1250 0.0000 -0.0000 2.3918 5.0824 -2.1724 0.0000 -0.0000 0.0000 87.2163 -13.4247 32.4436 -26.6921 37.8840 -9.3095 0.0000 0.0000 2.1889 -30.9063 -40.3043 21.1677 7.1250 -0.0000 -0.0000 8.9818 -74.4920 -6.2654
-0.5345 18.2128 1.3352 -5.1040 -6.3837 22.8381 0.0000 0.0000 0.0000 -7.3829 -11.6648 -39.4681 5.7269 14.1584 43.8758 0.0325 -1.8845 4.6340 1.3834 -7.4424 -21.0327 0.0000 0.0000 0.0000 15.3087 19.1819 -39.9057 -5.8992 -14.3300 44.5760 -0.1666 -3.8724 7.3377 -2.0397 8.9483 -25.6336 7.6431 0.3855 -2.5727 2.7424 0.6542 -6.3048 -1.4256 0.0252 -5.0870 -1.0198 -0.3491 -17.4412 -1.9187 0.1664 16.3303 -0.4516 -0.1825 7.9270 0.0000 -0.0000 0.0000 -80.8088 23.4091 44.0279 22.7106 -33.7708 -6.9768 -0.0000 0.0000 -16.1820 32.7811 -21.4987 -13.2793 -7.1250 0.0000 -0.0000 2.5244 4.8977 -2.3019 0.0000 -0.0000 0.0000 87.2427 -13.3389 32.2481 -26.2858 37.4895 -9.0610 0.0000 0.0000 2.4282 -30.2716 -40.8936 20.9127 7.1250 -0.0000 -0.0000 10.9271 -74.8289 -7.7079
-0.5413 17.8662 1.2930 -4.9542 -6.5727 23.0913 0.0000 0.0000 0.0000 -7.4596 -11.3512 -40.9887 6.4663 14.8655 46.8258 -0.0231 -3.3249 -0.8651 1.7729 -8.3761 -23.8624 0.0000 0.0000 0.0000 14.8636 19.5736 -41.2568 -6.5484 -14.9395 47.1450 -0.0306 -2.7452 3.4130 -2.8255 10.4071 -30.3052 7.2414 0.3804 -2.1631 2.6823 0.6886 -6.3704 -1.2681 0.0501 -5.3850 -0.9785 -0.3523 -18.0571 -1.9839 0.1762 16.3386 -0.4809 -0.1850 8.0374 0.0000 0.0000 0.0000 -80.9770 23.8085 43.5666 22.7296 -33.7918 -6.9873 -0.0000 0.0000 -15.7101 32.7234 -21.5577 -13.2844 -7.1250 0.0000 -0.0000 2.4792 4.8449 -2.2631 0.0000 0.0000 0.0000 87.3202 -13.3386 32.0849 -26.2784 37.4824 -9.0566 0.0000 0.0000 2.5792 -29.4495 -42.3557 20.8266 7.1250 -0.0000 -0.0000 14.8853 -75.8915 -10.8582
-0.5519 17.5151 1.2442 -4.7280 -6.7374 23.2993 0.0000 0.0000 0.0000 -7.5877 -10.9670 -42.6373 7.2904 15.5717 49.9644 0.1095 -3.9040 -6.0871 2.2231 -9.3161 -26.7891 0.0000 0.0000 0.0000 14.4811 19.7392 -42.7212 -7.3380 -15.6100 50.1412 0.0075 -2.0131 -2.1136 -2.9424 10.6013 -30.9466 6.7645 0.3818 -1.7980 2.5422 0.7111 -6.3096 -1.1530 0.0789 -5.5228 -0.8644 -0.3609 -18.6199 -1.9557 0.1316 15.9890 -0.4960 -0.1953 8.0175 -0.0000 0.0000 0.0000 -81.0037 23.9828 43.0814 22.7565 -33.8215 -7.0023 -0.0000 0.0000 -14.9295 32.7519 -22.3487 -13.7445 -7.1250 0.0000 -0.0000 2.3673 3.9478 -2.2006 -0.0000 0.0000 0.0000 87.5145 -13.2615 32.0746 -26.1814 37.3873 -8.9976 0.0000 0.0000 2.6231 -30.7507 -41.7249 21.6023 7.1250 -0.0000 -0.0000 11.5654 -75.7930 -8.3970
-0.5615 17.1893 1.1865 -4.2928 -6.9711 23.3482 0.0000 0.0000 0.0000 -7.8502 -10.8211 -44.2673 8.1566 16.2333 53.1249 0.3699 -3.6389 -10.8170 2.3016 -9.4678 -27.2700 0.0000 0.0000 0.0000 13.8204 19.9096 -44.3490 -8.2472 -16.2981 53.4482 -0.0675 -2.2827 -6.3009 -3.7058 11.7583 -34.8821 6.0724 0.3691 -1.2339 2.3332 0.7172 -6.1863 -0.9911 0.1089 -5.7087 -0.6911 -0.3590 -18.7163 -1.9963 0.0777 14.9914 -0.5402 -0.2055 7.7008 -0.0000 0.0000 0.0000 -80.9698 24.0627 42.7560 22.7640 -33.8298 -7.0065 -0.0000 0.0000 -14.3978 32.2092 -22.9511 -13.8014 -7.1250 0.0000 -0.0000 1.9352 3.4054 -1.8179 -0.0000 0.0000 0.0000 87.6786 -13.0735 32.2426 -26.1872 37.3929 -9.0011 0.0000 0.0000 2.3255 -31.8186 -42.7250 22.8302 7.1250 -0.0000 -0.0000 11.6588 -77.1349 -8.7923
-0.5628 16.8947 1.1214 -3.9026 -7.1121 23.4989 0.0000 0.0000 0.0000 -7.8435 -11.0963 -46.1710 9.0293 16.8265 56.1913 0.7047 -3.8145 -15.0263 1.5015 -7.7397 -21.9263 0.0000 0.0000 0.0000 13.0361 20.0587 -46.4731 -9.2308 -16.9539 56.8848 -0.2094 -2.4833 -9.9266 -3.5043 11.4698 -33.8811 5.4910 0.3363 -0.4465 2.1714 0.7151 -6.1705 -0.8408 0.1239 -6.1412 -0.4413 -0.4051 -18.7824 -2.2443 -0.0262 13.9307 -0.6703 -0.2563 7.3601 0.0000 -0.0000 0.0000 -81.0848 24.1382 42.1930 22.8501 -33.9244 -7.0544 -0.0000 0.0000 -13.6917 29.8688 -21.1141 -11.6883 -7.1250 0.0000 -0.0000 0.7677 5.9781 -0.6837 0.0000 -0.0000 0.0000 87.7551 -12.8149 32.3173 -26.2168 37.4220 -9.0191 0.0000 0.0000 2.6684 -32.9958 -43.1370 23.9392 7.1250 -0.0000 -0.0000 10.3775 -77.9755 -8.0024
-0.5514 16.6107 1.0579 -3.7911 -6.9893 23.7011 0.0000 0.0000 0.0000 -7.5091 -11.5382 -48.0717 9.9218 17.3657 59.2268 1.0806 -4.2047 -18.6960 1.4463 -7.6025 -21.5130 0.0000 0.0000 0.0000 12.5875 19.9015 -48.7849 -10.2302 -17.5373 60.2552 -0.4379 -2.2064 -13.5007 -3.0949 10.8472 -31.7661 5.4038 0.2624 0.4336 2.0902 0.6757 -6.1416 -0.8791 0.0968 -6.6194 -0.6137 -0.3484 -18.5884 -1.8994 0.0051 12.4338 -0.5185 -0.2036 6.8372 0.0000 -0.0000 0.0000 -81.3302 23.8973 41.3943 22.7869 -33.8550 -7.0192 -0.0000 0.0000 -12.8702 31.1912 -23.0370 -13.3284 -7.1250 0.0000 -0.0000 1.2987 3.5538 -1.2161 0.0000 -0.0000 0.0000 87.7891 -12.4521 32.3252 -26.1608 37.3671 -8.9851 0.0000 0.0000 3.5258 -33.9095 -43.2454 24.7284 7.1250 -0.0000 -0.0000 8.8466 -78.4341 -6.9020
-0.5411 16.3143 0.9856 -3.8609 -7.1395 23.9248 0.0000 0.0000 0.0000 -7.1377 -11.6454 -49.9391 10.8540 17.8629 62.3065 1.4574 -4.3622 -21.8168 1.5599 -7.8819 -22.3559 0.0000 0.0000 0.0000 12.2700 19.9658 -51.1159 -11.2238 -18.0429 63.5063 -0.6960 -2.4124 -16.8138 -2.9115 10.5503 -30.7779 5.3186 0.2808 1.4413 2.0471 0.7700 -6.1192 -0.8881 0.1355 -7.1744 -1.8357 -0.0745 -16.9682 -0.1291 0.3386 9.4695 0.2869 0.0846 5.6147 -0.0000 -0.0000 0.0000 -81.6334 23.4948 40.5437 22.4573 -33.4900 -6.8365 -0.0000 0.0000 -12.0544 31.9783 -25.0239 -14.7937 -7.1250 0.0000 -0.0000 1.4431 1.1626 -1.4139 -0.0000 -0.0000 0.0000 87.7465 -12.1620 32.6559 -26.1693 37.3755 -8.9903 0.0000 0.0000 3.7216 -35.5813 -42.4221 25.7631 7.1250 -0.0000 -0.0000 3.7965 -78.2887 -2.9476
-0.5378 16.0136 0.9011 -4.1567 -7.6733 24.4905 0.0000 0.0000 0.0000 -6.5300 -11.4267 -52.2960 11.8223 18.3145 65.4246 1.8196 -4.2749 -24.5045 1.4247 -7.5479 -21.3492 0.0000 0.0000 0.0000 11.9226 20.5963 -53.8180 -12.2229 -18.4833 66.6937 -0.9711 -2.1303 -19.4992 -2.4181 9.6874 -27.9703 5.1075 0.4703 2.2124 2.0925 1.0740 -6.1280 -0.7529 0.2901 -7.6194 -1.9683 -0.1554 -17.3303 0.0022 0.2433 8.3870 0.3395 0.0511 5.3304 -0.0000 -0.0000 0.0000 -82.0760 22.8925 39.5336 21.9709 -32.9441 -6.5700 -0.0000 0.0000 -11.1132 32.2513 -26.2150 -15.5748 -7.1250 0.0000 -0.0000 1.3920 -0.2209 -1.3978 -0.0000 -0.0000 0.0000 87.5200 -11.7289 33.2260 -26.3370 37.5396 -9.0922 0.0000 0.0000 3.4231 -36.7936 -42.9369 26.9979 7.1250 -0.0000 -0.0000 2.0446 -79.2567 -1.6277
-0.5364 15.7576 0.8407 -4.8029 -7.7359 24.7700 0.0000 0.0000 0.0000 -5.5442 -11.2439 -54.1374 12.7620 18.6945 68.3846 2.1730 -3.2199 -27.0798 1.4971 -7.7289 -21.8937 0.0000 0.0000 0.0000 12.3469 20.9063 -55.7611 -13.1242 -18.8265 69.5107 -1.2062 -2.4751 -21.7728 -2.2709 9.4090 -27.0832 5.4270 0.5308 2.9933 2.2977 1.2391 -5.9210 -0.7384 0.3572 -7.8463 -2.2105 -0.2217 -18.1247 0.1821 0.2031 7.6995 0.4308 0.0415 5.2391 0.0000 -0.0000 0.0000 -82.6202 21.9859 38.1742 21.4619 -32.3635 -6.2954 -0.0000 0.0000 -9.9894 31.5984 -26.5052 -15.3515 -7.1250 0.0000 -0.0000 0.9542 -0.3655 -0.9604 0.0000 -0.0000 0.0000 87.1437 -11.0748 33.6930 -26.4854 37.6840 -9.1828 0.0000 0.0000 3.9927 -38.6172 -44.8308 29.3862 7.1250 -0.0000 -0.0000 1.4099 -81.8114 -1.1948
-0.5291 15.5169 0.7923 -4.6754 -8.0421 26.4628 0.0000 0.0000 0.0000 -5.1871 -11.5221 -57.6088 13.6579 19.0070 71.1570 2.3935 -1.2241 -28.9577 1.7032 -8.2185 -23.3797 0.0000 0.0000 0.0000 11.2098 21.2648 -59.5572 -13.9775 -19.1072 72.1357 -1.4188 -2.3810 -23.4708 -1.8592 8.5664 -24.4481 5.0700 0.6589 2.1955 2.2159 1.3360 -6.1989 -0.6244 0.4237 -7.6768 -2.2803 -0.2615 -18.6235 0.2219 0.1694 6.9526 0.4505 0.0311 5.0814 -0.0000 -0.0000 0.0000 -83.0306 21.1530 36.6693 21.0463 -31.8824 -6.0744 -0.0000 0.0000 -8.8806 30.9423 -26.7364 -15.0937 -7.1250 0.0000 -0.0000 0.5263 -0.4461 -0.5304 -0.0000 -0.0000 0.0000 86.7779 -10.6364 34.0618 -26.5624 37.7587 -9.2299 0.0000 0.0000 5.1645 -39.3901 -45.3771 30.3032 7.1250 -0.0000 -0.0000 0.4949 -82.6454 -0.4275
-0.5283 15.2900 0.7461 -4.8277 -8.2480 27.9769 0.0000 0.0000 0.0000 -4.4684 -11.6275 -61.0602 14.5952 19.2847 74.0142 2.5308 -0.1359 -30.1142 1.6162 -8.0163 -22.7635 0.0000 0.0000 0.0000 10.5301 21.6891 -62.8000 -14.7591 -19.3283 74.5099 -1.5993 -2.7234 -25.0026 -1.5384 7.8299 -22.1986 4.9547 0.8161 1.4812 2.1920 1.4995 -6.4575 -0.5883 0.5105 -7.5326 -2.6596 -0.2910 -18.4330 0.6645 0.1591 5.8137 0.6477 0.0559 4.6919 0.0000 0.0000 0.0000 -83.2908 20.4671 35.2392 20.6813 -31.4545 -5.8828 -0.0000 0.0000 -7.8534 31.4985 -27.5224 -15.8098 -7.1250 0.0000 -0.0000 0.7093 -1.4476 -0.7270 0.0000 0.0000 0.0000 86.4330 -10.1911 34.2591 -26.5086 37.7065 -9.1970 0.0000 0.0000 6.4264 -39.1284 -45.4446 30.0999 7.1250 -0.0000 -0.0000 1.5156 -82.6053 -1.3079
-0.5294 15.1229 0.7189 -4.7879 -8.1612 27.7982 0.0000 0.0000 0.0000 -4.2282 -11.8085 -62.3199 15.4864 19.5044 76.6976 2.6722 0.1730 -31.0503 1.5180 -7.7803 -22.0487 0.0000 0.0000 0.0000 10.5148 21.6330 -63.6171 -15.4378 -19.4935 76.5520 -1.7951 -3.2755 -26.6611 -1.2705 7.1440 -20.1427 4.8171 0.7912 2.3947 2.1629 1.5136 -6.2731 -0.5576 0.5204 -7.8676 -3.3816 -0.2572 -18.1508 1.5725 0.2684 4.5702 1.0539 0.1626 4.2548 -0.0000 -0.0000 0.0000 -83.4758 19.6582 33.8859 20.2445 -30.9358 -5.6565 -0.0000 0.0000 -6.5961 32.5348 -28.6744 -17.0192 -7.1250 0.0000 -0.0000 1.0871 -2.9867 -1.1425 -0.0000 -0.0000 0.0000 86.1465 -9.5747 34.0510 -26.5139 37.7117 -9.2002 0.0000 0.0000 8.0885 -37.8291 -46.8540 29.5333 7.1250 -0.0000 -0.0000 10.4988 -83.3625 -9.2229
-0.5275 14.9370 0.6730 -4.2789 -8.5378 27.6052 0.0000 0.0000 0.0000 -4.5983 -11.9658 -63.7294 16.3957 19.6856 79.4086 2.7427 0.8037 -31.6653 1.7500 -8.3247 -23.7046 0.0000 0.0000 0.0000 9.4837 21.9043 -65.0096 -16.1796 -19.6464 78.7663 -1.9597 -3.2480 -27.7718 -0.9841 6.3143 -17.6992 3.9574 0.8075 3.3250 2.0483 1.5343 -6.3858 -0.2153 0.5677 -8.5471 -3.0545 -0.3336 -17.8103 1.0451 0.1311 4.3012 0.8239 0.0686 4.1224 -0.0000 0.0000 0.0000 -83.7394 19.2870 32.4857 19.8819 -30.4998 -5.4713 -0.0000 0.0000 -5.5433 33.0105 -29.4385 -17.7085 -7.1250 0.0000 -0.0000 1.2038 -3.9541 -1.2842 -0.0000 0.0000 0.0000 85.8059 -9.6786 33.8327 -26.5380 37.7351 -9.2150 0.0000 0.0000 9.0914 -37.2880 -45.1791 28.3742 7.1250 -0.0000 -0.0000 6.0233 -81.6057 -5.0814
-0.5236 14.7286 0.6046 -4.8916 -8.6163 28.5358 0.0000 0.0000 0.0000 -3.2660 -11.8282 -66.8547 17.4121 19.8387 82.4140 2.7102 1.2248 -31.6222 2.0328 -8.9341 -25.5894 0.0000 0.0000 0.0000 9.1558 22.8342 -67.6670 -16.8977 -19.7677 80.8957 -2.0218 -4.0335 -28.5452 -1.2079 6.9725 -19.6339 4.1477 0.9604 3.5457 2.2038 1.7907 -6.5996 -0.1876 0.6787 -8.9062 -2.8772 -0.3664 -17.8297 0.8868 0.0614 3.6669 0.7394 0.0319 3.9294 0.0000 -0.0000 0.0000 -83.9385 18.4170 31.0242 19.8164 -30.4205 -5.4381 -0.0000 0.0000 -5.1505 32.5625 -29.1286 -17.2681 -7.1250 0.0000 -0.0000 1.0119 -3.4875 -1.0718 0.0000 -0.0000 0.0000 85.5397 -9.3315 33.5828 -26.7385 37.9287 -9.3379 0.0000 0.0000 9.9378 -36.5747 -44.6032 27.5201 7.1250 -0.0000 -0.0000 6.2389 -80.7748 -5.1604
-0.5298 14.5739 0.5633 -5.0623 -8.1201 28.1094 0.0000 0.0000 0.0000 -2.4083 -12.1190 -68.1648 18.3096 19.9314 85.0523 2.7184 0.6770 -31.4826 2.0788 -9.0284 -25.8841 0.0000 0.0000 0.0000 9.4602 22.8907 -68.2401 -17.5118 -19.8509 82.7075 -2.0819 -5.8286 -29.8376 -1.7841 8.4010 -23.9388 4.1456 0.8060 4.7149 2.3494 1.6563 -6.3196 -0.0357 0.6142 -9.3020 -2.7496 -0.2907 -17.8984 0.8411 0.1370 2.7971 0.7100 0.0743 3.6684 0.0000 -0.0000 0.0000 -84.1730 17.5403 29.3930 20.0704 -30.7270 -5.5673 -0.0000 0.0000 -4.6601 33.1141 -29.2080 -17.6554 -7.1250 0.0000 -0.0000 1.3103 -3.7344 -1.3932 0.0000 -0.0000 0.0000 85.2505 -8.6453 33.5107 -27.0454 38.2225 -9.5272 0.0000 0.0000 10.1638 -35.7728 -44.5077 26.7972 7.1250 -0.0000 -0.0000 7.8813 -80.3609 -6.4554
-0.5329 14.4318 0.5265 -5.2547 -7.8115 28.0890 0.0000 0.0000 0.0000 -1.4908 -12.2855 -69.8809 19.1507 19.9827 87.5161 2.7238 -0.4209 -31.1681 1.9357 -8.7307 -24.9566 0.0000 0.0000 0.0000 9.4983 23.1096 -69.1677 -18.0506 -19.9086 84.2919 -2.1452 -6.8473 -30.7903 -1.8546 8.5564 -24.4174 4.1023 0.7191 5.2385 2.4991 1.5728 -6.1419 0.1505 0.5819 -9.4261 -2.7425 -0.2175 -17.7669 0.8474 0.2236 1.6251 0.8024 0.1199 3.7120 0.0000 0.0000 0.0000 -84.4459 16.7464 27.7624 20.1925 -30.8736 -5.6298 -0.0000 0.0000 -3.3827 36.0126 -31.5844 -20.8421 -7.1250 0.0000 -0.0000 2.4034 -7.2292 -2.6890 0.0000 0.0000 0.0000 84.8740 -8.0843 33.4370 -27.7213 38.8584 -9.9484 0.0000 0.0000 10.1243 -35.4504 -44.5536 26.5427 7.1250 -0.0000 -0.0000 8.7330 -80.2731 -7.1390
-0.5299 14.3014 0.4970 -5.5694 -7.5405 28.5981 0.0000 0.0000 0.0000 -0.4553 -12.3822 -71.8884 19.8468 19.9994 89.5521 2.7098 -1.0866 -30.8957 1.8068 -8.4515 -24.0942 0.0000 0.0000 0.0000 9.3542 23.3942 -70.5273 -18.5015 -19.9461 85.6149 -2.2601 -6.8284 -31.4776 -1.6322 8.0539 -22.8779 4.2759 0.6964 5.1515 2.6150 1.5626 -6.1376 0.1794 0.5706 -9.3709 -2.7694 -0.1667 -17.8771 1.0471 0.2844 1.0125 0.8766 0.1643 3.5123 0.0000 0.0000 0.0000 -84.5869 15.7531 26.2740 21.0202 -31.8519 -6.0606 -0.0000 0.0000 -3.9612 35.4200 -30.9775 -20.1051 -7.1250 0.0000 -0.0000 2.2192 -6.3736 -2.4535 0.0000 0.0000 0.0000 84.4980 -7.8246 33.3276 -28.9690 39.9931 -10.7408 0.0000 0.0000 9.8816 -35.6178 -44.9997 26.8654 7.1250 -0.0000 -0.0000 9.5921 -80.7536 -7.9349
-0.5199 14.1697 0.4634 -6.0628 -7.4228 29.4425 0.0000 0.0000 0.0000 0.6704 -12.3123 -74.0456 20.4329 19.9955 91.2657 2.7283 -1.1854 -30.9757 1.8195 -8.4796 -24.1805 0.0000 0.0000 0.0000 9.1866 23.8020 -72.2572 -18.9021 -19.9711 86.7886 -2.3449 -6.9189 -32.0316 -1.8158 8.4714 -24.1554 4.5960 0.7731 4.8132 2.7374 1.6906 -6.2862 0.1201 0.6153 -9.3286 -2.6562 -0.1132 -17.8126 1.0304 0.3295 0.4241 0.8495 0.1904 3.2882 0.0000 0.0000 0.0000 -84.5535 14.7593 25.3097 22.4534 -33.4857 -6.8343 -0.0000 0.0000 -5.7764 33.9340 -28.4784 -17.7876 -7.1250 0.0000 -0.0000 1.9290 -3.1812 -2.0342 0.0000 0.0000 0.0000 84.0816 -7.7314 33.3702 -30.2999 41.1491 -11.6064 0.0000 0.0000 8.9182 -35.3588 -43.8330 26.1708 7.1250 -0.0000 -0.0000 7.1463 -79.5605 -5.7373
-0.5147 14.0954 0.4525 -5.9363 -6.9863 29.2436 0.0000 0.0000 0.0000 0.8676 -12.8669 -74.3239 20.7264 19.9873 92.1244 2.8253 -0.8192 -31.6373 1.9017 -8.6582 -24.7320 0.0000 0.0000 0.0000 9.2531 23.3775 -72.6128 -19.2082 -19.9850 87.6845 -2.4378 -7.3489 -32.8092 -1.5967 7.9701 -22.6232 4.5403 0.6064 5.2270 2.7882 1.4950 -6.3011 0.2262 0.5208 -9.6006 -2.4698 -0.1000 -17.3921 0.8442 0.3074 -0.0014 0.7462 0.1738 3.0572 -0.0000 -0.0000 0.0000 -84.3562 14.1588 24.9659 23.7218 -34.8687 -7.5469 -0.0000 0.0000 -7.1208 32.8847 -26.3205 -15.9963 -7.1250 0.0000 -0.0000 1.7456 -0.5085 -1.7618 -0.0000 -0.0000 0.0000 83.5571 -7.9357 33.6210 -31.8194 42.4027 -12.6188 0.0000 0.0000 7.8760 -38.9911 -40.5484 27.7563 7.1250 -0.0000 -0.0000 -6.3911 -77.6585 4.8808
-0.5098 14.0252 0.4427 -5.6251 -6.8672 29.2613 0.0000 0.0000 0.0000 0.6817 -13.3773 -74.5679 20.8741 19.9817 92.5564 2.9461 -0.0673 -32.5409 1.8117 -8.4623 -24.1274 0.0000 0.0000 0.0000 8.8732 23.0836 -73.2676 -19.4893 -19.9937 88.5067 -2.5700 -7.1602 -33.4583 -1.4741 7.6720 -21.7222 4.2379 0.5553 5.2145 2.6890 1.3866 -6.2858 0.3033 0.4858 -9.5802 -2.3962 -0.1954 -17.2737 0.9036 0.1594 -0.3201 0.7384 0.1048 2.9254 0.0000 -0.0000 0.0000 -83.8597 13.4068 25.2200 24.9743 -36.1777 -8.2747 -0.0000 0.0000 -8.2186 30.1761 -22.2542 -12.4187 -7.1250 0.0000 -0.0000 0.7943 4.6517 -0.7273 0.0000 -0.0000 0.0000 83.1625 -7.7694 33.5573 -33.8577 43.9790 -14.0142 0.0000 0.0000 7.1070 -35.8573 -43.8170 26.5833 7.1250 -0.0000 -0.0000 6.0018 -79.7430 -4.8396
-0.5028 13.9567 0.4388 -5.4448 -6.8329 29.3612 0.0000 0.0000 0.0000 0.5270 -13.8072 -74.6636 20.9213 19.9796 92.6945 3.1073 0.7933 -33.7002 1.5811 -7.9327 -22.5099 0.0000 0.0000 0.0000 8.6019 22.9356 -73.7658 -19.7198 -19.9981 89.1806 -2.6800 -6.6962 -33.8287 -1.3610 7.3842 -20.8587 4.1342 0.5972 4.8552 2.5274 1.3881 -6.1119 0.1904 0.4953 -9.1700 -2.5413 -0.3936 -17.6143 1.2807 -0.0848 -0.4500 0.8717 0.0011 2.9506 -0.0000 0.0000 0.0000 -83.0977 12.1998 25.8212 26.3266 -37.5294 -9.0859 -0.0000 0.0000 -8.9072 30.6313 -22.1415 -12.5808 -7.1250 0.0000 -0.0000 1.0929 4.6748 -1.0004 -0.0000 0.0000 0.0000 82.9768 -7.0376 33.1909 -34.7422 44.6271 -14.6319 0.0000 0.0000 8.7579 -34.4214 -45.8565 26.1853 7.1250 -0.0000 -0.0000 14.9543 -81.0211 -12.4691
-0.4904 13.9099 0.4414 -5.4056 -6.7443 29.2387 0.0000 0.0000 0.0000 0.3888 -14.2599 -74.1997 20.8612 19.9822 92.5187 3.3093 1.5951 -35.0466 1.4143 -7.5214 -21.2696 0.0000 0.0000 0.0000 8.7004 22.7625 -73.8219 -19.8749 -19.9996 89.6342 -2.6330 -7.0671 -33.7615 -1.2535 7.0980 -20.0060 4.2766 0.6085 4.6680 2.3824 1.3857 -5.9675 -0.0418 0.4849 -8.8937 -2.6313 -0.5385 -17.7159 1.5712 -0.2706 -0.4254 0.9707 -0.0781 2.9850 -0.0000 0.0000 0.0000 -82.1740 11.1019 26.6012 27.7439 -38.8794 -9.9625 -0.0000 0.0000 -9.0179 34.6435 -27.3585 -17.6169 -7.1250 0.0000 -0.0000 2.5678 -2.1590 -2.6653 -0.0000 0.0000 0.0000 82.8220 -6.4556 32.8828 -35.6778 45.2901 -15.2930 0.0000 0.0000 9.7444 -33.8096 -45.1977 25.4156 7.1250 -0.0000 -0.0000 14.0735 -80.1848 -11.4977
-0.4811 13.8873 0.4433 -5.2864 -6.7484 29.0023 0.0000 0.0000 0.0000 -0.0231 -14.6386 -73.3564 20.7045 19.9881 92.0603 3.4372 2.8898 -36.1741 1.3075 -7.2435 -20.4389 0.0000 0.0000 0.0000 8.7376 22.6861 -73.8421 -19.9823 -20.0000 89.9482 -2.5047 -8.0550 -33.5868 -1.2256 7.0215 -19.7790 4.1591 0.5773 4.7973 2.2969 1.3355 -5.9832 -0.0619 0.4631 -8.9881 -2.4641 -0.5268 -17.6158 1.4519 -0.2860 -0.2401 0.9001 -0.0915 3.0301 -0.0000 -0.0000 0.0000 -81.2397 10.3447 27.4934 29.3233 -40.3063 -10.9692 -0.0000 0.0000 -8.6287 36.5154 -29.3797 -19.9623 -7.1250 0.0000 -0.0000 3.1977 -4.9834 -3.4686 -0.0000 -0.0000 0.0000 82.4607 -6.1078 32.9836 -36.9892 46.1814 -16.2323 0.0000 0.0000 9.8887 -33.1869 -45.3545 24.9544 7.1250 -0.0000 -0.0000 15.7938 -80.0640 -12.8737
-0.4714 13.8893 0.4507 -5.1667 -6.7612 28.8623 0.0000 0.0000 0.0000 -0.5132 -15.0048 -72.5019 20.5066 19.9938 91.4813 3.4374 4.5512 -36.8333 1.1784 -6.8898 -19.3894 0.0000 0.0000 0.0000 8.7133 22.6427 -73.9370 -20.0396 -20.0000 90.1159 -2.4142 -8.7869 -33.5030 -1.2427 7.0685 -19.9185 3.9523 0.5630 4.8379 2.2981 1.3074 -6.1499 0.0590 0.4585 -9.1994 -2.4717 -0.5263 -17.3848 1.3645 -0.2853 0.1888 0.8738 -0.0972 3.1377 -0.0000 -0.0000 0.0000 -80.4446 9.8250 28.3919 30.9831 -41.7213 -12.0586 -0.0000 0.0000 -7.5941 37.1651 -29.2272 -20.3121 -7.1250 0.0000 -0.0000 3.5979 -5.0312 -3.9070 -0.0000 -0.0000 0.0000 81.9115 -5.8948 33.1492 -38.0636 46.8799 -17.0120 0.0000 0.0000 10.3463 -33.3377 -45.8392 25.2632 7.1250 -0.0000 -0.0000 17.0928 -80.5469 -14.1038
-0.4536 13.9107 0.4646 -5.3944 -6.5489 28.7375 0.0000 0.0000 0.0000 -0.4736 -15.4132 -71.8343 20.3368 19.9973 90.9847 3.4482 5.2808 -37.1992 1.0706 -6.5777 -18.4702 0.0000 0.0000 0.0000 9.1882 22.5258 -73.5999 -19.9895 -20.0000 89.9694 -2.3861 -9.0848 -33.5238 -1.2115 6.9825 -19.6637 4.3014 0.5711 4.7037 2.3652 1.3523 -6.2613 -0.0680 0.4576 -9.2386 -2.9645 -0.6303 -16.9148 1.8259 -0.3629 0.4483 1.1106 -0.1194 3.1495 -0.0000 -0.0000 0.0000 -79.6348 9.1365 29.2448 32.6967 -43.0956 -13.2144 -0.0000 0.0000 -6.0629 38.2742 -29.7869 -21.4036 -7.1250 0.0000 -0.0000 4.0853 -6.0349 -4.5031 -0.0000 -0.0000 0.0000 81.4328 -5.6411 33.0897 -39.1016 47.5286 -17.7737 0.0000 0.0000 11.1254 -33.4315 -45.5558 25.2352 7.1250 -0.0000 -0.0000 15.9602 -80.3418 -13.0984
-0.4596 13.9364 0.4893 -5.0956 -7.1464 28.6399 0.0000 0.0000 0.0000 -1.1526 -15.3555 -71.2256 20.1287 19.9996 90.3762 3.4833 5.3105 -37.3872 1.0104 -6.3957 -17.9369 0.0000 0.0000 0.0000 8.7273 23.0714 -73.3353 -19.8919 -19.9997 89.6838 -2.3132 -9.4300 -33.3222 -1.1577 6.8311 -19.2159 3.4197 0.7495 4.2991 2.2535 1.4820 -6.2688 0.2938 0.5806 -9.0130 -3.4081 -0.6990 -16.6689 2.3226 -0.4038 0.6970 1.3556 -0.1216 3.2003 0.0000 -0.0000 0.0000 -78.7490 8.3040 29.7635 34.8538 -44.7074 -14.7104 -0.0000 0.0000 -4.4916 38.0534 -29.8985 -21.3154 -7.1250 0.0000 -0.0000 3.9357 -6.0813 -4.3403 0.0000 -0.0000 0.0000 81.0487 -5.1622 32.9524 -40.6121 48.4284 -18.8959 0.0000 0.0000 10.6880 -32.2057 -46.4422 24.5346 7.1250 -0.0000 -0.0000 21.3827 -80.5689 -17.6881
-0.4435 13.9990 0.5072 -5.1364 -6.8610 28.3780 0.0000 0.0000 0.0000 -1.1648 -15.9654 -70.4187 19.8970 19.9997 89.6988 3.4167 5.7532 -37.2504 0.9897 -6.3317 -17.7498 0.0000 0.0000 0.0000 9.1291 22.8881 -72.4382 -19.6573 -19.9972 88.9979 -2.2543 -9.7501 -33.1880 -1.1612 6.8410 -19.2452 3.6413 0.6715 4.2852 2.2687 1.3998 -6.3556 0.1968 0.5240 -9.0987 -3.5590 -0.7501 -16.7495 2.4646 -0.4536 1.3869 1.4343 -0.1433 3.4651 0.0000 -0.0000 0.0000 -77.9141 7.7430 30.0673 37.4946 -46.5135 -16.5979 -0.0000 0.0000 -3.0028 37.0461 -29.8325 -20.5810 -7.1250 0.0000 -0.0000 3.3903 -5.6610 -3.7144 0.0000 -0.0000 0.0000 80.5848 -4.9675 32.9024 -41.9896 49.2054 -19.9326 0.0000 0.0000 10.6441 -31.6386 -46.7855 24.1817 7.1250 -0.0000 -0.0000 23.6972 -80.6007 -19.6420
-0.4346 14.0780 0.5332 -5.3672 -6.8574 28.4689 0.0000 0.0000 0.0000 -0.9126 -16.2652 -69.9562 19.6394 19.9969 88.9455 3.2964 6.1344 -36.8189 0.9865 -6.3219 -17.7212 0.0000 0.0000 0.0000 9.4711 23.1609 -71.8104 -19.3439 -19.9897 88.0813 -2.1532 -10.0854 -32.8213 -1.1894 6.9208 -19.4809 3.7858 0.7571 3.6832 2.3185 1.5018 -6.4917 0.1649 0.5683 -8.8880 -3.7437 -0.9005 -17.1509 2.7417 -0.6301 2.7517 1.3969 -0.2122 3.5663 0.0000 0.0000 0.0000 -77.0415 6.9622 30.5626 39.9857 -48.0614 -18.4286 -0.0000 0.0000 -1.7190 36.3941 -30.2719 -20.3840 -7.1250 0.0000 -0.0000 2.9241 -5.9253 -3.2144 0.0000 0.0000 0.0000 80.0405 -4.9419 32.9407 -43.4269 49.9741 -21.0271 0.0000 0.0000 10.9650 -31.7940 -47.5756 24.5877 7.1250 -0.0000 -0.0000 26.7980 -81.2782 -22.6015
-0.4336 14.2065 0.5891 -5.3733 -6.7108 27.8632 0.0000 0.0000 0.0000 -1.1629 -16.6577 -68.2235 19.2390 19.9861 87.7745 3.1584 6.4770 -36.2757 1.0324 -6.4628 -18.1334 0.0000 0.0000 0.0000 10.1596 23.0099 -69.9909 -18.9341 -19.9727 86.8822 -2.0478 -10.5356 -32.5060 -1.2256 7.0214 -19.7789 3.7908 0.7803 3.2231 2.2845 1.4950 -6.2983 0.1320 0.5723 -8.4029 -3.9178 -1.1289 -17.3000 2.9630 -0.9207 3.6845 1.4710 -0.3469 3.8895 0.0000 0.0000 0.0000 -76.0566 5.8576 31.2223 42.2390 -49.3419 -20.1217 -0.0000 0.0000 -0.7992 35.9336 -30.7047 -20.3084 -7.1250 0.0000 -0.0000 2.5673 -6.2456 -2.8341 0.0000 0.0000 0.0000 79.5900 -4.5384 32.9493 -44.3275 50.4347 -21.7191 0.0000 0.0000 11.1262 -32.1099 -47.6469 24.8798 7.1250 -0.0000 -0.0000 26.6101 -81.4719 -22.5388
-0.4371 14.3153 0.5953 -5.6684 -6.7426 27.6326 0.0000 0.0000 0.0000 -0.8742 -16.5438 -67.4778 18.8571 19.9687 86.6568 2.9910 6.2450 -35.2891 1.1238 -6.7338 -18.9290 0.0000 0.0000 0.0000 10.8040 23.3615 -68.9475 -18.4817 -19.9446 85.5567 -1.8662 -10.9211 -31.6883 -1.1909 6.9248 -19.4929 3.7600 0.8879 3.2185 2.3273 1.6452 -6.3922 0.1791 0.6477 -8.5013 -4.2767 -1.2947 -17.0070 3.4273 -1.1276 4.3991 1.6571 -0.4312 4.0789 -0.0000 -0.0000 0.0000 -75.0856 4.8819 31.8776 44.5350 -50.5386 -21.8791 -0.0000 0.0000 -0.3213 36.2266 -31.1102 -20.7330 -7.1250 0.0000 -0.0000 2.6342 -6.7857 -2.9299 -0.0000 -0.0000 0.0000 79.1831 -4.1622 32.9650 -44.8629 50.7011 -22.1326 0.0000 0.0000 11.2338 -32.0370 -46.6597 24.4710 7.1250 -0.0000 -0.0000 22.5163 -80.6724 -18.6824
-0.4353 14.4270 0.5921 -4.7400 -7.2668 27.3925 0.0000 0.0000 0.0000 -2.0854 -16.7984 -66.6667 18.3686 19.9361 85.2252 2.8610 5.8392 -34.3948 1.2647 -7.1283 -20.0961 0.0000 0.0000 0.0000 9.8071 23.3312 -68.4619 -18.0654 -19.9100 84.3355 -1.6927 -10.9198 -30.6099 -1.1504 6.8102 -19.1542 2.4351 0.9889 3.1290 2.0192 1.6619 -6.5358 0.5928 0.7302 -8.6231 -4.7145 -1.4074 -16.7160 4.0074 -1.2633 5.0457 1.8985 -0.4747 4.2476 0.0000 0.0000 0.0000 -74.1295 3.8101 32.5562 46.7407 -51.5933 -23.5950 -0.0000 0.0000 -0.2619 36.7642 -31.3425 -21.2370 -7.1250 0.0000 -0.0000 2.8745 -7.2217 -3.2169 0.0000 0.0000 0.0000 78.7677 -4.0911 32.9784 -45.7477 51.1296 -22.8194 0.0000 0.0000 11.5296 -32.1219 -46.5309 24.4962 7.1250 -0.0000 -0.0000 21.8690 -80.6051 -18.1104
-0.4171 14.6392 0.7269 -5.7600 -6.3741 27.2580 0.0000 0.0000 0.0000 -1.3535 -17.0154 -64.6237 17.7649 19.8798 83.4525 2.8178 5.5992 -34.0438 1.4159 -7.5256 -21.2823 0.0000 0.0000 0.0000 12.0133 22.5703 -65.7693 -17.2927 -19.8234 82.0619 -1.5689 -11.3610 -30.1506 -1.2843 7.1814 -20.2539 4.1571 0.9411 1.1605 2.2206 1.6047 -6.3396 -0.1181 0.6207 -7.2274 -4.8431 -1.5372 -16.4202 4.2510 -1.4657 5.8946 1.9803 -0.5657 4.4774 0.0000 0.0000 0.0000 -73.1828 2.8513 33.1805 48.8716 -52.5301 -25.2757 -0.0000 0.0000 -0.3306 36.2702 -31.2822 -20.8576 -7.1250 0.0000 -0.0000 2.6173 -6.9876 -2.9191 0.0000 0.0000 0.0000 78.3885 -4.2175 33.1215 -46.7018 51.5755 -23.5646 0.0000 0.0000 11.8660 -32.9425 -47.2990 25.4640 7.1250 -0.0000 -0.0000 23.5858 -81.5752 -19.9921
-0.4216 14.8212 0.7717 -5.9287 -6.2216 26.6973 0.0000 0.0000 0.0000 -1.5996 -16.7612 -62.8311 17.1126 19.7989 81.5307 2.6355 5.2350 -32.8517 1.4870 -7.7039 -21.8184 0.0000 0.0000 0.0000 12.9078 22.3453 -63.7043 -16.6110 -19.7224 80.0471 -1.3699 -11.6054 -29.0268 -1.3990 7.4825 -21.1528 4.1692 0.9265 0.8984 2.2868 1.5773 -6.4402 -0.0492 0.6084 -7.1862 -3.7020 -1.9733 -17.8015 2.5463 -2.1031 8.8270 1.1969 -0.9571 5.6150 0.0000 0.0000 0.0000 -72.3471 2.1493 33.7557 50.8868 -53.3470 -26.8840 -0.0000 0.0000 -0.4422 35.6517 -31.0796 -20.3190 -7.1250 0.0000 -0.0000 2.3237 -6.5607 -2.5760 0.0000 0.0000 0.0000 77.9983 -4.4506 33.4255 -47.2819 51.8386 -24.0199 0.0000 0.0000 12.2677 -33.4727 -47.6402 26.0392 7.1250 -0.0000 -0.0000 24.2158 -82.0758 -20.7639
-0.4389 15.0073 0.7748 -5.8703 -6.4543 25.9190 0.0000 0.0000 0.0000 -2.1235 -16.1423 -61.0926 16.3716 19.6814 79.3369 2.4413 4.0639 -31.1767 1.3786 -7.4300 -20.9957 0.0000 0.0000 0.0000 13.3905 22.4812 -61.7010 -15.8613 -19.5843 77.8181 -1.1706 -11.3980 -27.4590 -1.4292 7.5592 -21.3832 3.5108 0.9738 1.5758 2.3049 1.6551 -6.5679 0.3196 0.6784 -7.7310 -3.6525 -2.1198 -18.0094 2.3707 -2.3018 10.3873 1.1098 -1.0672 6.1504 -0.0000 -0.0000 0.0000 -71.5057 1.3353 34.3732 52.8110 -54.0682 -28.4350 -0.0000 0.0000 -0.8878 35.4229 -30.5936 -19.9000 -7.1250 0.0000 -0.0000 2.3091 -5.9569 -2.5382 -0.0000 -0.0000 0.0000 77.6893 -4.4442 33.7677 -47.5241 51.9468 -24.2105 0.0000 0.0000 12.7285 -33.5913 -47.6635 26.1493 7.1250 -0.0000 -0.0000 24.1117 -82.1468 -20.7063
-0.4418 15.1967 0.8145 -6.1294 -6.6243 25.3077 0.0000 0.0000 0.0000 -2.5091 -15.4244 -59.1073 15.5877 19.5267 77.0008 2.2428 3.2155 -29.5878 1.4029 -7.4923 -21.1824 0.0000 0.0000 0.0000 14.1812 22.4133 -59.5545 -15.0891 -19.4117 75.5048 -0.9529 -11.1911 -25.6402 -1.5788 7.9273 -22.4935 3.5235 1.0330 1.6748 2.3085 1.7490 -6.7523 0.3071 0.7192 -7.9876 -3.8915 -2.0459 -17.2363 2.7562 -2.2468 11.3244 1.2824 -1.0257 6.3305 -0.0000 0.0000 0.0000 -70.5901 0.8813 35.0519 54.6465 -54.7058 -29.9272 -0.0000 0.0000 -1.6550 34.7199 -30.1226 -19.1754 -7.1250 0.0000 -0.0000 2.0224 -5.2187 -2.1993 -0.0000 0.0000 0.0000 77.4677 -4.7971 34.3215 -47.9149 52.1191 -24.5185 0.0000 0.0000 13.2208 -33.7706 -47.5813 26.2736 7.1250 -0.0000 -0.0000 23.3776 -82.1639 -20.0767
-0.4213 15.4718 0.9361 -6.4160 -6.7577 24.8114 0.0000 0.0000 0.0000 -3.3671 -14.6803 -56.1123 14.5953 19.2847 74.0145 2.0443 3.2523 -28.3333 1.7774 -8.3862 -23.8933 0.0000 0.0000 0.0000 15.1902 21.6163 -56.6670 -14.1300 -19.1530 72.6010 -0.8234 -10.5627 -24.0251 -1.7689 8.3672 -23.8351 4.1806 1.1154 0.4508 2.2282 1.8180 -6.8674 -0.1250 0.7175 -7.3781 -4.2797 -1.9453 -15.9909 3.2176 -2.1619 12.3304 1.5104 -0.9757 6.4530 0.0000 -0.0000 0.0000 -69.7572 0.7286 35.8402 56.0375 -55.1581 -31.0658 -0.0000 0.0000 -2.3987 35.7227 -29.5438 -19.5254 -7.1250 0.0000 -0.0000 2.7148 -4.9055 -2.9402 0.0000 -0.0000 0.0000 77.2001 -5.6365 35.0064 -48.4335 52.3438 -24.9285 0.0000 0.0000 13.6021 -34.2013 -47.0819 26.4602 7.1250 -0.0000 -0.0000 20.2233 -81.9590 -17.2655
-0.4111 15.7253 1.0018 -6.3289 -7.1658 24.2124 0.0000 0.0000 0.0000 -4.3581 -13.8295 -53.7418 13.6295 18.9978 71.0698 1.8157 2.5006 -26.4599 1.9063 -8.6682 -24.7629 0.0000 0.0000 0.0000 15.6076 21.0981 -54.3669 -13.2122 -18.8574 69.7833 -0.6736 -9.7501 -21.9601 -1.8146 8.4687 -24.1468 4.0673 1.2666 -0.0676 2.0756 1.9750 -6.8781 -0.2205 0.8022 -7.0798 -4.8286 -1.9478 -15.1653 3.8757 -2.2061 13.2673 1.8144 -0.9778 6.6301 0.0000 0.0000 0.0000 -68.9908 0.0316 36.6111 57.2087 -55.5191 -32.0292 -0.0000 0.0000 -3.2315 36.4855 -29.1730 -19.8243 -7.1250 0.0000 -0.0000 3.2279 -4.7451 -3.4892 0.0000 0.0000 0.0000 77.0257 -5.8480 35.4427 -48.4465 52.3494 -24.9388 0.0000 0.0000 13.9161 -34.5808 -46.3312 26.5028 7.1250 -0.0000 -0.0000 16.3454 -81.4990 -13.7889
-0.3997 16.0007 1.0787 -6.4127 -7.5572 23.6662 0.0000 0.0000 0.0000 -5.0936 -12.9518 -51.3891 12.6087 18.6363 67.9056 1.5663 1.4567 -24.2182 1.8173 -8.4746 -24.1651 0.0000 0.0000 0.0000 16.2287 20.5245 -51.9419 -12.2358 -18.4885 66.7342 -0.4913 -8.8527 -19.3036 -1.9803 8.8248 -25.2489 4.1556 1.4578 -0.8055 1.9482 2.1714 -6.6423 -0.3929 0.9054 -6.3852 -5.2491 -2.0010 -14.8127 4.4519 -2.3194 14.0102 2.0635 -1.0097 6.8261 0.0000 0.0000 0.0000 -68.2934 -1.0175 37.2084 58.5714 -55.9171 -33.1551 -0.0000 0.0000 -4.3497 37.0230 -29.0681 -20.1238 -7.1250 0.0000 -0.0000 3.5546 -4.8070 -3.8471 0.0000 0.0000 0.0000 76.9616 -5.4889 35.6902 -48.2536 52.2664 -24.7862 0.0000 0.0000 14.2618 -34.2749 -46.0481 26.1342 7.1250 -0.0000 -0.0000 15.9386 -81.1249 -13.3269
-0.3871 16.2834 1.1643 -6.5771 -7.8194 23.2110 0.0000 0.0000 0.0000 -5.6580 -12.1821 -49.0473 11.6057 18.2189 64.7334 1.2758 0.8668 -21.6797 1.8503 -8.5470 -24.3884 0.0000 0.0000 0.0000 16.9090 19.8309 -49.6054 -11.2962 -18.0770 63.7399 -0.3562 -7.6564 -16.5886 -2.2228 9.3155 -26.7873 4.3529 1.5682 -1.3638 1.9177 2.2865 -6.6399 -0.5231 0.9572 -6.0503 -5.5023 -2.0082 -14.4953 4.7390 -2.3689 14.9722 2.2008 -1.0276 7.0914 0.0000 -0.0000 0.0000 -67.7561 -1.3642 37.7164 60.1849 -56.3590 -34.4949 -0.0000 0.0000 -5.3930 37.0994 -29.0709 -20.1768 -7.1250 0.0000 -0.0000 3.5969 -4.8357 -3.8948 0.0000 -0.0000 0.0000 76.7983 -5.6183 36.1695 -48.2514 52.2654 -24.7844 0.0000 0.0000 14.5819 -33.8545 -45.6334 25.6203 7.1250 -0.0000 -0.0000 15.3698 -80.5870 -12.6857
-0.3690 16.5889 1.2568 -6.3180 -7.9545 22.9025 0.0000 0.0000 0.0000 -6.6091 -11.7939 -46.7316 10.5806 17.7237 61.4120 0.9689 0.5916 -18.8262 1.9237 -8.7053 -24.8776 0.0000 0.0000 0.0000 17.0295 18.7865 -47.6385 -10.3824 -17.6193 60.7588 -0.2412 -6.6796 -14.0515 -2.8748 10.4895 -30.5770 4.3074 1.6051 -2.3597 1.7502 2.2609 -6.5867 -0.6414 0.9549 -5.4190 -5.6960 -2.0701 -14.1441 4.9948 -2.5017 15.7533 2.3097 -1.0854 7.2970 -0.0000 0.0000 0.0000 -67.2251 -1.6543 38.1589 61.7891 -56.7681 -35.8337 -0.0000 0.0000 -6.0221 37.1231 -28.9301 -20.1106 -7.1250 0.0000 -0.0000 3.6426 -4.6871 -3.9358 -0.0000 0.0000 0.0000 76.7163 -5.7827 36.5684 -48.2386 52.2599 -24.7743 0.0000 0.0000 15.1372 -33.5842 -44.2278 24.8511 7.1250 -0.0000 -0.0000 11.8067 -79.2181 -9.4087
-0.3602 16.8795 1.3101 -6.2888 -7.8206 22.9016 0.0000 0.0000 0.0000 -6.9180 -11.5914 -45.1371 9.6149 17.1876 58.1934 0.6382 0.3069 -15.2095 2.0486 -8.9665 -25.6906 0.0000 0.0000 0.0000 17.2799 18.1652 -46.2773 -9.5240 -17.1334 57.8854 -0.1383 -6.0092 -11.6469 -3.7063 11.7590 -34.8847 4.3241 1.5900 -2.9948 1.7179 2.2075 -6.8026 -0.6671 0.9266 -5.2876 -5.9026 -2.0978 -13.6081 5.2174 -2.5901 16.4510 2.4156 -1.1284 7.4410 -0.0000 -0.0000 0.0000 -66.7420 -1.8450 38.7581 63.3278 -57.1334 -37.1235 -0.0000 0.0000 -6.7947 37.2889 -28.6298 -20.0453 -7.1250 0.0000 -0.0000 3.8049 -4.4083 -4.0949 -0.0000 -0.0000 0.0000 76.5946 -6.2303 37.0008 -48.4543 52.3527 -24.9450 0.0000 0.0000 15.6567 -33.4515 -43.0493 24.2749 7.1250 -0.0000 -0.0000 9.3223 -78.0704 -7.2044
-0.3548 17.1906 1.3782 -6.0789 -7.8995 22.6822 0.0000 0.0000 0.0000 -7.5353 -11.2471 -43.1845 8.6329 16.5656 54.8117 0.3469 0.0521 -11.1459 2.1078 -9.0872 -26.0684 0.0000 0.0000 0.0000 17.3471 17.6415 -44.6021 -8.6700 -16.5906 54.9417 0.0939 -6.0323 -5.0075 -2.7423 10.2658 -29.8417 4.0873 1.6392 -3.5412 1.6394 2.2422 -6.9547 -0.6028 0.9550 -5.1412 -6.0817 -2.1028 -13.1238 5.3217 -2.6333 17.2087 2.4840 -1.1591 7.6096 -0.0000 -0.0000 0.0000 -66.3430 -2.0726 39.5175 64.6302 -57.4226 -38.2193 -0.0000 0.0000 -7.8115 37.4197 -28.5770 -20.1015 -7.1250 0.0000 -0.0000 3.8909 -4.3931 -4.1869 -0.0000 -0.0000 0.0000 76.3506 -6.7860 37.5410 -48.7034 52.4590 -25.1423 0.0000 0.0000 15.8826 -33.6526 -41.8208 23.9367 7.1250 -0.0000 -0.0000 6.5971 -76.9726 -4.9443
-0.3454 17.5261 1.4601 -6.0827 -8.1926 22.2990 0.0000 0.0000 0.0000 -8.0486 -10.6159 -40.9774 7.6611 15.8643 51.3327 0.1252 -0.0856 -6.6534 2.0150 -8.8973 -25.4747 0.0000 0.0000 0.0000 17.5639 17.3811 -42.6094 -7.8074 -15.9757 51.8659 0.0923 -5.5762 -0.4680 -2.7667 10.3074 -29.9782 4.1139 1.7849 -4.0836 1.5449 2.3996 -6.9336 -0.6987 1.0362 -4.8007 -6.4668 -2.1079 -12.4459 5.7443 -2.6999 17.6649 2.6888 -1.1880 7.6529 -0.0000 0.0000 0.0000 -65.9955 -2.2768 40.1320 65.6680 -57.6403 -39.0948 -0.0000 0.0000 -8.3027 37.8730 -29.1345 -20.7389 -7.1250 0.0000 -0.0000 4.0168 -5.1690 -4.3727 -0.0000 0.0000 0.0000 76.1870 -7.3424 38.1037 -48.9771 52.5745 -25.3595 0.0000 0.0000 16.1976 -34.0856 -40.4930 23.7211 7.1250 -0.0000 -0.0000 3.7359 -75.8285 -2.7084
-0.3326 17.8755 1.5551 -6.2298 -8.7480 21.8307 0.0000 0.0000 0.0000 -8.4851 -9.8029 -38.6530 6.7150 15.0872 47.7881 0.0072 0.2368 -1.7072 1.8645 -8.5780 -24.4840 0.0000 0.0000 0.0000 17.7635 17.4485 -40.4216 -6.9623 -15.3000 48.7315 -0.0290 -5.5393 4.6988 -2.3524 9.5645 -27.5776 4.2711 1.9698 -4.6143 1.4684 2.6022 -6.7565 -0.8428 1.1394 -4.2966 -6.7646 -2.0735 -12.1753 6.1268 -2.7064 18.2118 2.8730 -1.1812 7.7932 0.0000 -0.0000 0.0000 -65.7106 -2.2575 40.4214 66.8577 -57.8763 -40.1011 -0.0000 0.0000 -8.4856 38.7089 -30.0057 -21.8395 -7.1250 0.0000 -0.0000 4.2733 -6.4327 -4.7377 0.0000 -0.0000 0.0000 76.1025 -7.8349 38.6867 -49.4648 52.7773 -25.7474 0.0000 0.0000 16.6254 -34.3603 -40.5232 23.9525 7.1250 -0.0000 -0.0000 3.2658 -75.9586 -2.3764
-0.3221 18.2231 1.6529 -6.1116 -9.2874 21.0463 0.0000 0.0000 0.0000 -9.1747 -9.1620 -36.0303 5.8142 14.2458 44.2312 0.0359 1.0512 3.3681 1.6175 -8.0192 -22.7724 0.0000 0.0000 0.0000 17.7511 17.3889 -37.8814 -6.1402 -14.5629 45.5419 -0.2449 -5.6691 9.0730 -2.0701 9.0105 -25.8283 4.1517 2.1266 -4.8638 1.3384 2.7810 -6.3893 -0.8918 1.2455 -3.7591 -6.6575 -2.0991 -12.7476 6.0475 -2.7517 19.1765 2.8346 -1.1956 8.2178 -0.0000 -0.0000 0.0000 -65.4796 -2.3378 40.6799 68.1902 -58.1241 -41.2311 -0.0000 0.0000 -8.8029 39.3703 -30.5609 -22.6463 -7.1250 0.0000 -0.0000 4.4995 -7.2906 -5.0488 -0.0000 -0.0000 0.0000 76.0722 -8.1230 39.0479 -49.9012 52.9556 -26.0953 0.0000 0.0000 16.9546 -34.3205 -41.7951 24.4648 7.1250 -0.0000 -0.0000 5.2731 -77.1989 -3.9757
-0.3197 18.5507 1.7050 -5.8493 -8.9474 21.2081 0.0000 0.0000 0.0000 -9.4013 -9.3460 -34.9198 5.0423 13.4313 41.0053 0.2274 1.8026 8.5596 1.3157 -7.2652 -20.5033 0.0000 0.0000 0.0000 17.5737 17.0547 -36.7298 -5.4087 -13.8297 42.5596 -0.4597 -6.6662 12.2438 -2.0322 8.9329 -25.5856 3.8886 2.0373 -5.6442 1.2756 2.6240 -6.4511 -0.7861 1.1822 -3.4013 -6.7301 -2.0949 -12.7761 6.1516 -2.7778 19.8256 2.8883 -1.2039 8.4448 -0.0000 0.0000 0.0000 -65.3126 -2.4231 41.0611 69.3093 -58.3189 -42.1824 -0.0000 0.0000 -9.3144 39.7656 -30.7529 -23.0502 -7.1250 0.0000 -0.0000 4.6672 -7.6511 -5.2635 -0.0000 0.0000 0.0000 76.0213 -8.6308 39.2923 -50.4028 53.1567 -26.4962 0.0000 0.0000 17.1661 -34.4481 -40.1945 23.8790 7.1250 -0.0000 -0.0000 2.6625 -75.6620 -1.9205
-0.3010 18.8993 1.7943 -5.9984 -9.0777 20.7397 0.0000 0.0000 0.0000 -9.5313 -8.9979 -32.9999 4.3998 12.6743 38.1610 0.5082 2.6697 12.8144 1.0760 -6.5936 -18.5168 0.0000 0.0000 0.0000 18.0489 16.3997 -34.6693 -4.7784 -13.1298 39.8563 -0.6554 -7.7235 14.6024 -1.8378 8.5197 -24.3040 4.2266 2.1006 -6.0482 1.2547 2.6719 -6.4269 -0.9784 1.1969 -3.1355 -6.5542 -2.0831 -12.4030 5.8289 -2.7853 20.6194 2.7601 -1.2346 8.6386 -0.0000 -0.0000 0.0000 -65.1925 -2.0030 41.4300 70.4064 -58.4985 -43.1170 -0.0000 0.0000 -10.0201 40.4501 -31.0458 -23.7348 -7.1250 0.0000 -0.0000 4.9646 -8.2371 -5.6444 -0.0000 -0.0000 0.0000 75.9131 -9.7089 39.7080 -51.2263 53.4783 -27.1566 0.0000 0.0000 17.2946 -34.3551 -39.5657 23.5286 7.1250 -0.0000 -0.0000 2.0522 -74.9963 -1.4511
-0.2846 19.2184 1.8748 -6.1574 -8.9683 20.8030 0.0000 0.0000 0.0000 -9.3729 -9.0138 -32.0712 3.9289 12.0652 35.9629 0.8021 3.5271 16.0984 0.8004 -5.7103 -15.9461 0.0000 0.0000 0.0000 18.4272 15.7489 -33.4756 -4.3070 -12.5581 37.7359 -0.7207 -8.6384 15.4016 -1.8446 8.5346 -24.3499 4.6120 2.1095 -6.8120 1.2061 2.6132 -6.2420 -1.2134 1.1665 -2.5043 -5.7454 -2.2922 -14.2334 4.7152 -2.9632 22.4105 2.2335 -1.3488 9.5843 0.0000 -0.0000 0.0000 -65.0305 -2.2121 41.4038 71.3352 -58.6419 -43.9095 -0.0000 0.0000 -10.7966 41.5381 -31.8543 -25.0584 -7.1250 0.0000 -0.0000 5.3353 -9.5633 -6.1721 0.0000 -0.0000 0.0000 75.9095 -9.9984 40.0053 -51.8914 53.7304 -27.6919 0.0000 0.0000 17.1606 -34.3824 -39.7503 23.6317 7.1250 -0.0000 -0.0000 2.2247 -75.1922 -1.5824
-0.2852 19.4895 1.9007 -5.8591 -8.8900 21.1861 0.0000 0.0000 0.0000 -9.4544 -9.2840 -32.0421 3.6012 11.6100 34.3658 1.0000 4.8297 17.9015 0.5791 -4.8728 -13.5461 0.0000 0.0000 0.0000 18.0644 15.9751 -33.0584 -3.9938 -12.1522 36.2724 -0.7110 -10.0705 15.5931 -1.8740 8.5986 -24.5474 4.1608 2.0220 -7.3441 1.1103 2.4875 -6.3409 -1.0508 1.1195 -2.3313 -5.2813 -2.4030 -15.3620 4.0446 -3.0488 23.6579 1.9148 -1.4137 10.2315 -0.0000 -0.0000 0.0000 -64.8466 -2.3394 41.4431 72.1218 -58.7571 -44.5816 -0.0000 0.0000 -11.5727 42.2578 -32.6005 -26.0829 -7.1250 0.0000 -0.0000 5.5110 -10.6833 -6.4642 -0.0000 -0.0000 0.0000 75.8657 -10.4131 40.3988 -52.5802 53.9846 -28.2482 0.0000 0.0000 16.6464 -34.8254 -39.7178 23.9671 7.1250 -0.0000 -0.0000 1.3677 -75.3176 -0.9764
-0.2768 19.7433 1.9421 -5.7574 -8.8439 21.2959 0.0000 0.0000 0.0000 -9.5418 -9.4092 -31.7164 3.4182 11.3431 33.4460 0.9613 6.5236 17.4926 0.7015 -5.3535 -14.9196 0.0000 0.0000 0.0000 17.8672 16.2298 -32.5468 -3.8360 -11.9389 35.5160 -0.7218 -11.2356 15.9855 -1.6368 8.0646 -22.9106 4.1146 2.0157 -7.9529 1.0286 2.4438 -6.2894 -1.0898 1.1050 -1.9418 -5.2802 -2.4371 -15.4202 3.9414 -3.0781 24.0102 1.8768 -1.4397 10.3706 -0.0000 -0.0000 0.0000 -64.6655 -2.3333 41.6215 72.9814 -58.8768 -45.3170 -0.0000 0.0000 -12.2628 42.4837 -32.4712 -26.1822 -7.1250 0.0000 -0.0000 5.6676 -10.6347 -6.6457 -0.0000 -0.0000 0.0000 75.7620 -11.0193 40.6983 -53.4994 54.3129 -28.9933 0.0000 0.0000 15.9277 -34.7700 -38.9639 23.5842 7.1250 -0.0000 -0.0000 0.6216 -74.5324 -0.4333
-0.2647 19.9737 1.9754 -5.7299 -8.6786 21.3898 0.0000 0.0000 0.0000 -9.6304 -9.4278 -31.6003 3.3490 11.2397 33.0926 0.8244 8.3285 16.3494 1.0241 -6.4376 -18.0595 0.0000 0.0000 0.0000 17.7163 16.5638 -32.3164 -3.8129 -11.9072 35.4045 -0.7140 -11.9781 16.1285 -1.5217 7.7893 -22.0760 4.2792 2.0164 -8.5787 0.9084 2.3929 -6.1358 -1.2850 1.0832 -1.4294 -5.3251 -2.5271 -15.3873 4.0137 -3.2157 24.0610 1.8921 -1.4989 10.3922 -0.0000 -0.0000 0.0000 -64.4059 -2.3448 41.7582 74.0016 -59.0105 -46.1910 -0.0000 0.0000 -12.8905 43.1673 -32.4687 -26.7275 -7.1250 0.0000 -0.0000 6.0310 -10.9210 -7.0999 -0.0000 -0.0000 0.0000 75.8162 -11.4755 40.7917 -54.3997 54.6229 -29.7259 0.0000 0.0000 15.2639 -34.2249 -38.6771 23.0304 7.1250 -0.0000 -0.0000 1.2908 -74.0492 -0.8864
-0.2499 20.1850 2.0034 -5.7397 -8.6231 21.6226 0.0000 0.0000 0.0000 -9.6421 -9.5690 -31.8282 3.3713 11.2732 33.2067 0.6944 11.1434 15.7106 0.9164 -6.0995 -17.0735 0.0000 0.0000 0.0000 17.5646 16.9781 -32.4131 -3.8842 -12.0047 35.7485 -0.7158 -12.2376 16.2236 -1.5281 7.8049 -22.1229 4.4730 2.0795 -9.1539 0.7611 2.4279 -6.0916 -1.5218 1.1001 -1.0537 -5.2742 -2.6006 -15.1621 4.0663 -3.3566 23.9840 1.8839 -1.5554 10.3283 0.0000 -0.0000 0.0000 -64.1360 -2.4422 41.9807 74.5553 -59.0792 -46.6659 -0.0000 0.0000 -13.4540 43.9997 -33.1062 -27.8093 -7.1250 0.0000 -0.0000 6.2829 -11.9878 -7.4910 0.0000 -0.0000 0.0000 75.9842 -12.0702 40.7966 -55.2638 54.9098 -30.4317 0.0000 0.0000 14.6998 -33.9453 -38.9841 22.9509 7.1250 -0.0000 -0.0000 2.1149 -74.2631 -1.4622
-0.2314 20.3876 2.0280 -5.6657 -8.5909 21.7681 0.0000 0.0000 0.0000 -9.6455 -10.0239 -32.0922 3.4747 11.4265 33.7323 0.5092 14.2795 15.1560 0.5368 -4.6946 -13.0394 0.0000 0.0000 0.0000 17.3831 17.1889 -32.6637 -4.0462 -12.2217 36.5207 -0.7371 -11.8152 16.2852 -1.6578 8.1136 -23.0596 4.4986 2.0891 -9.1590 0.6995 2.4472 -6.3917 -1.6037 1.0974 -1.3605 -5.2425 -2.5537 -14.5059 3.9152 -3.2946 24.0107 1.8381 -1.5499 10.2049 -0.0000 -0.0000 0.0000 -64.0834 -2.2756 42.4024 74.2769 -59.0450 -46.4270 -0.0000 0.0000 -13.7982 43.8954 -33.2176 -27.7935 -7.1250 0.0000 -0.0000 6.1950 -12.0648 -7.3915 -0.0000 -0.0000 0.0000 75.9286 -13.0511 41.0530 -55.7205 55.0573 -30.8057 0.0000 0.0000 14.1556 -33.9728 -38.9938 22.9765 7.1250 -0.0000 -0.0000 2.0773 -74.2825 -1.4370
-0.2162 20.5647 2.0301 -5.5013 -8.2382 22.0179 0.0000 0.0000 0.0000 -9.6784 -10.3269 -32.7891 3.6306 11.6519 34.5113 0.4511 15.1581 15.0435 0.4712 -4.4025 -12.2119 0.0000 0.0000 0.0000 17.1672 17.2174 -33.3206 -4.2877 -12.5337 37.6473 -0.7416 -11.3622 16.1983 -1.8352 8.5139 -24.2863 4.3968 1.9442 -9.4847 0.7127 2.2429 -6.3870 -1.5402 1.0014 -1.1934 -5.3005 -2.4950 -14.3250 3.8032 -3.1733 23.9069 1.8246 -1.5140 10.1256 -0.0000 -0.0000 0.0000 -64.1636 -2.6696 42.4212 73.6010 -58.9591 -45.8477 -0.0000 0.0000 -14.0067 43.5285 -33.1538 -27.4516 -7.1250 0.0000 -0.0000 6.0215 -11.8338 -7.1637 -0.0000 -0.0000 0.0000 75.7913 -13.1790 41.3245 -55.6616 55.0385 -30.7575 0.0000 0.0000 13.8111 -34.1125 -38.0338 22.6530 7.1250 -0.0000 -0.0000 0.8365 -73.3525 -0.5618
-0.2030 20.7152 2.0225 -5.5742 -7.9897 22.2119 0.0000 0.0000 0.0000 -9.6250 -10.0756 -33.5594 3.8112 11.9048 35.3960 0.5311 14.0208 15.2404 0.6015 -4.9646 -13.8076 0.0000 0.0000 0.0000 17.2180 17.3903 -34.0101 -4.5909 -12.9077 39.0240 -0.7162 -11.3679 15.9715 -1.8271 8.4962 -24.2317 4.4895 1.8547 -9.5590 0.7531 2.1115 -6.3417 -1.5587 0.9357 -1.1120 -5.3408 -2.4479 -14.4063 3.7982 -3.0907 23.9169 1.8401 -1.4792 10.1412 0.0000 0.0000 0.0000 -64.2837 -3.0241 42.2689 72.9550 -58.8732 -45.2944 -0.0000 0.0000 -14.0295 43.4767 -33.5803 -27.6748 -7.1250 0.0000 -0.0000 5.8677 -12.2800 -7.0141 0.0000 0.0000 0.0000 75.7500 -13.4538 41.5008 -55.9864 55.1419 -31.0238 0.0000 0.0000 13.8094 -34.0022 -36.9419 22.0684 7.1250 -0.0000 -0.0000 0.0364 -72.1895 -0.0235
-0.1893 20.8616 2.0146 -5.5967 -8.1285 22.1345 0.0000 0.0000 0.0000 -9.7162 -9.7303 -33.9926 4.0003 12.1608 36.3033 0.5565 12.6046 14.9098 0.5834 -4.8906 -13.5969 0.0000 0.0000 0.0000 17.2174 17.6785 -34.4900 -4.9211 -13.2944 40.4808 -0.6648 -11.7239 15.6094 -1.6226 8.0312 -22.8089 4.4210 1.8767 -9.3186 0.7674 2.1572 -6.2400 -1.5072 0.9621 -1.1365 -5.4269 -2.4095 -14.5007 3.8685 -3.0292 23.9851 1.8877 -1.4497 10.1832 -0.0000 -0.0000 0.0000 -64.5565 -3.3625 42.0776 72.0502 -58.7469 -44.5204 -0.0000 0.0000 -13.8102 42.9994 -33.5917 -27.2903 -7.1250 0.0000 -0.0000 5.6148 -12.0862 -6.6946 -0.0000 -0.0000 0.0000 75.7522 -13.9189 41.5074 -56.4485 55.2868 -31.4033 0.0000 0.0000 13.9322 -33.8779 -36.4012 21.7243 7.1250 -0.0000 -0.0000 -0.2005 -71.5868 0.1269
-0.1779 21.0060 1.9903 -5.2158 -7.9138 22.0422 0.0000 0.0000 0.0000 -10.0146 -9.7971 -34.5581 4.1932 12.4132 37.2097 0.5734 10.6013 14.4025 0.5194 -4.6189 -12.8248 0.0000 0.0000 0.0000 16.9157 17.5024 -35.1742 -5.2473 -13.6570 41.8804 -0.5935 -12.2198 15.1149 -1.4858 7.7009 -21.8093 3.9528 1.7218 -8.8882 0.7439 2.0099 -6.2656 -1.2951 0.8966 -1.4184 -5.5338 -2.4210 -14.3786 3.8914 -3.0315 24.0213 1.9148 -1.4593 10.1753 -0.0000 0.0000 0.0000 -64.9638 -3.4938 41.9386 71.1006 -58.6064 -43.7092 -0.0000 0.0000 -13.6021 42.1156 -32.9508 -26.1850 -7.1250 0.0000 -0.0000 5.3359 -11.0098 -6.2813 -0.0000 0.0000 0.0000 75.7734 -14.3171 41.4973 -56.5123 55.3066 -31.4558 0.0000 0.0000 14.0106 -34.2403 -36.4275 22.0066 7.1250 -0.0000 -0.0000 -0.7706 -71.7346 0.4902
-0.1599 21.1480 1.9806 -5.0785 -7.5519 21.8733 0.0000 0.0000 0.0000 -10.1279 -9.7784 -34.9149 4.3723 12.6400 38.0353 0.5892 8.0984 13.9647 0.5828 -4.8880 -13.5894 0.0000 0.0000 0.0000 16.9704 16.9748 -35.6548 -5.5633 -13.9914 43.2030 -0.5179 -12.2570 14.4172 -1.3921 7.4646 -21.0994 3.9411 1.5856 -8.6103 0.7451 1.8426 -6.1869 -1.3066 0.8129 -1.4972 -5.4884 -2.5003 -14.2680 3.7060 -3.1139 24.0566 1.8314 -1.5159 10.1679 -0.0000 -0.0000 0.0000 -65.3421 -3.6371 41.8347 69.9889 -58.4315 -42.7611 -0.0000 0.0000 -13.4133 41.4240 -32.3290 -25.2613 -7.1250 0.0000 -0.0000 5.1432 -10.0422 -5.9833 -0.0000 -0.0000 0.0000 75.8252 -14.4756 41.5455 -56.1482 55.1930 -31.1567 0.0000 0.0000 14.1792 -34.5460 -37.4081 22.6963 7.1250 -0.0000 -0.0000 -0.4791 -72.8560 0.3166
-0.1395 21.2856 1.9771 -5.3003 -7.0388 21.7202 0.0000 0.0000 0.0000 -9.8934 -9.6550 -35.2380 4.5560 12.8656 38.8673 0.6393 5.6457 14.2466 0.5119 -4.5861 -12.7318 0.0000 0.0000 0.0000 17.4468 16.3774 -35.9763 -5.8427 -14.2742 44.3472 -0.4481 -11.8466 13.5750 -1.2742 7.1542 -20.1731 4.3879 1.4487 -8.3338 0.8453 1.6451 -6.0812 -1.4725 0.7027 -1.5427 -5.5076 -2.5080 -14.2083 3.6584 -3.1135 24.1495 1.8190 -1.5241 10.1897 -0.0000 -0.0000 0.0000 -65.7158 -3.8707 41.7061 68.4525 -58.1708 -41.4539 -0.0000 0.0000 -13.0121 40.9947 -31.9373 -24.6910 -7.1250 0.0000 -0.0000 5.0207 -9.4379 -5.7965 -0.0000 -0.0000 0.0000 75.8508 -14.5977 41.6508 -55.6571 55.0370 -30.7538 0.0000 0.0000 14.5857 -34.6583 -38.1272 23.1153 7.1250 -0.0000 -0.0000 -0.0210 -73.6366 0.0143
-0.1272 21.4055 1.9361 -4.7269 -6.9930 21.0603 0.0000 0.0000 0.0000 -10.6325 -9.5269 -35.1912 4.7293 13.0723 39.6396 0.7805 3.9649 15.8246 0.1728 -2.6781 -7.3839 0.0000 0.0000 0.0000 17.0164 16.1258 -36.0231 -6.1076 -14.5318 45.4122 -0.4370 -11.3694 13.2785 -1.2374 7.0541 -19.8756 3.6967 1.2656 -6.9179 0.7688 1.5146 -6.0490 -1.2041 0.6453 -2.3072 -5.6859 -2.4192 -14.0667 3.8741 -3.0085 24.1978 1.9411 -1.4689 10.1804 0.0000 -0.0000 0.0000 -66.2160 -4.0026 41.5481 66.8526 -57.8754 -40.0968 -0.0000 0.0000 -12.5890 40.1820 -31.2555 -23.6624 -7.1250 0.0000 -0.0000 4.7638 -8.3666 -5.4237 0.0000 -0.0000 0.0000 75.8451 -14.8930 41.7219 -55.1971 54.8880 -30.3772 0.0000 0.0000 15.0087 -35.1483 -37.9697 23.4211 7.1250 -0.0000 -0.0000 -1.0314 -73.6429 0.6992
-0.1102 21.5179 1.9072 -4.8803 -6.6226 20.3609 0.0000 0.0000 0.0000 -10.6026 -9.2340 -35.0356 4.8981 13.2681 40.3806 0.7104 2.5317 15.2642 0.4778 -4.4329 -12.2978 0.0000 0.0000 0.0000 17.5384 15.6851 -35.7009 -6.3126 -14.7246 46.2239 -0.4412 -11.1478 13.2398 -1.1511 6.8122 -19.1603 3.9001 1.1407 -5.5089 0.8866 1.4119 -5.9509 -1.2278 0.5789 -2.9918 -5.8753 -2.3588 -13.9568 4.0573 -2.9298 24.2111 2.0494 -1.4301 10.1654 0.0000 -0.0000 0.0000 -66.8178 -4.0536 41.4053 65.3770 -57.5803 -38.8491 -0.0000 0.0000 -12.4226 39.0487 -30.0887 -22.1308 -7.1250 0.0000 -0.0000 4.4408 -6.6478 -4.9391 0.0000 -0.0000 0.0000 75.8478 -15.1910 41.6863 -54.5897 54.6868 -29.8809 0.0000 0.0000 15.3832 -35.4997 -38.5128 23.9487 7.1250 -0.0000 -0.0000 -1.1627 -74.3252 0.8054
-0.0869 21.6223 1.8960 -5.0879 -6.2361 19.6081 0.0000 0.0000 0.0000 -10.6177 -8.8829 -34.6682 5.0369 13.4253 40.9820 0.6820 1.4203 15.1809 0.7995 -5.7070 -15.9365 0.0000 0.0000 0.0000 18.1288 15.0921 -35.1986 -6.4759 -14.8741 46.8629 -0.4262 -11.3385 13.1541 -1.0182 6.4195 -18.0067 4.2845 1.0038 -4.4235 1.0126 1.2744 -5.6872 -1.3333 0.4958 -3.3271 -6.0173 -2.2793 -13.7964 4.1439 -2.8099 24.0821 2.1193 -1.3788 10.0845 0.0000 -0.0000 0.0000 -67.3995 -4.2236 41.1965 63.8102 -57.2426 -37.5289 -0.0000 0.0000 -12.4102 38.6421 -29.3128 -21.3760 -7.1250 0.0000 -0.0000 4.4046 -5.6364 -4.8296 0.0000 -0.0000 0.0000 75.8513 -15.2918 41.6595 -53.8914 54.4493 -29.3119 0.0000 0.0000 15.5390 -35.2025 -39.7436 24.2780 7.1250 -0.0000 -0.0000 0.6900 -75.4787 -0.4949
-0.0650 21.7183 1.8866 -5.1178 -6.3614 19.0508 0.0000 0.0000 0.0000 -10.9056 -8.4869 -34.4043 5.1212 13.5190 41.3437 0.7180 0.9745 15.7074 0.9512 -6.2110 -17.3977 0.0000 0.0000 0.0000 18.3111 14.9332 -34.8675 -6.5743 -14.9627 47.2454 -0.4427 -11.4988 13.3861 -0.9441 6.1885 -17.3323 4.3024 0.9810 -3.5535 1.0755 1.2892 -5.4968 -1.2920 0.5009 -3.6165 -6.0756 -2.1841 -13.4137 4.1139 -2.6700 23.8367 2.1355 -1.3257 9.9153 0.0000 -0.0000 0.0000 -68.0256 -4.2890 40.9202 62.2370 -56.8772 -36.2086 -0.0000 0.0000 -12.2772 38.7829 -29.1197 -21.3568 -7.1250 0.0000 -0.0000 4.5297 -5.4703 -4.9558 0.0000 -0.0000 0.0000 75.8063 -15.4654 41.7410 -53.3106 54.2465 -28.8400 0.0000 0.0000 15.2331 -35.1263 -40.1656 24.4064 7.1250 -0.0000 -0.0000 1.3453 -75.8780 -0.9764
-0.0504 21.8053 1.8793 -5.3048 -6.6419 18.6949 0.0000 0.0000 0.0000 -10.9068 -8.2448 -34.3027 5.1517 13.5526 41.4740 0.7976 1.4039 16.4568 0.8625 -5.9219 -16.5580 0.0000 0.0000 0.0000 18.5891 15.1033 -34.6370 -6.6299 -15.0122 47.4604 -0.4473 -11.7289 13.5211 -0.8717 5.9529 -16.6477 4.3000 1.0450 -2.7770 1.1930 1.4209 -5.4246 -1.1827 0.5635 -3.9744 -6.2367 -2.1796 -13.1914 4.2057 -2.6619 23.8156 2.1970 -1.3285 9.8684 0.0000 -0.0000 0.0000 -68.7659 -4.2797 40.6501 60.5096 -56.4442 -34.7655 -0.0000 0.0000 -12.0283 38.9254 -29.1478 -21.4731 -7.1250 0.0000 -0.0000 4.6025 -5.5526 -5.0419 0.0000 -0.0000 0.0000 75.7915 -15.6658 41.7333 -52.6630 54.0146 -28.3152 0.0000 0.0000 14.7055 -35.5475 -40.3625 24.8326 7.1250 -0.0000 -0.0000 0.7756 -76.2289 -0.5687
-0.0330 21.9010 1.9032 -5.0661 -6.4268 18.1327 0.0000 0.0000 0.0000 -11.3277 -8.4191 -33.6750 5.0983 13.4937 41.2457 0.8439 2.0913 16.7767 0.7413 -5.5001 -15.3406 0.0000 0.0000 0.0000 18.6144 14.4372 -34.1444 -6.6333 -15.0152 47.4736 -0.4248 -11.6926 13.2772 -0.8305 5.8139 -16.2455 4.1377 0.9169 -2.3309 1.2027 1.2671 -5.1665 -1.0874 0.4967 -3.9661 -6.4083 -2.1998 -13.2861 4.3319 -2.6768 23.8773 2.2691 -1.3359 9.9138 -0.0000 -0.0000 0.0000 -69.5078 -4.3421 40.3187 58.7891 -55.9785 -33.3355 -0.0000 0.0000 -11.7156 39.2908 -29.1210 -21.7121 -7.1250 0.0000 -0.0000 4.8130 -5.6534 -5.2816 -0.0000 -0.0000 0.0000 75.8818 -15.6579 41.5859 -51.6968 53.6574 -27.5352 0.0000 0.0000 14.3429 -35.6791 -39.8461 24.7050 7.1250 -0.0000 -0.0000 -0.1035 -75.7533 0.0749
-0.0239 21.9731 1.8841 -4.9652 -5.4685 17.6708 0.0000 0.0000 0.0000 -11.3139 -9.0108 -33.3224 5.0073 13.3920 40.8541 0.8893 2.1361 17.2274 0.7026 -5.3576 -14.9315 0.0000 0.0000 0.0000 18.9471 13.6213 -33.9569 -6.6092 -14.9937 47.3802 -0.4292 -11.6640 13.3116 -0.8385 5.8410 -16.3239 4.1721 0.5502 -1.4377 1.2932 0.8278 -5.0709 -1.0176 0.2715 -4.3943 -6.3956 -2.1781 -13.2640 4.2891 -2.6402 23.8995 2.2568 -1.3231 9.9146 -0.0000 0.0000 0.0000 -70.1244 -4.3274 40.0165 57.2535 -55.5325 -32.0661 -0.0000 0.0000 -11.4598 39.5834 -28.7593 -21.6923 -7.1250 0.0000 -0.0000 5.0644 -5.3521 -5.5355 -0.0000 0.0000 0.0000 76.0494 -15.6612 41.4202 -50.4008 53.1559 -26.4945 0.0000 0.0000 14.4867 -35.3539 -38.2490 23.7115 7.1250 -0.0000 -0.0000 -1.1447 -74.0024 0.7849
-0.0029 22.0322 1.8906 -5.1067 -5.1604 17.3352 0.0000 0.0000 0.0000 -11.2568 -9.2375 -32.8359 4.8568 13.2206 40.2002 0.9103 2.2001 17.4228 0.7048 -5.3658 -14.9550 0.0000 0.0000 0.0000 19.3196 13.2620 -33.6560 -6.5350 -14.9275 47.0928 -0.4743 -11.2701 13.6249 -0.8454 5.8644 -16.3916 4.5167 0.4360 -0.9442 1.3298 0.7074 -4.9780 -1.1731 0.1959 -4.5822 -6.3900 -2.1082 -13.0184 4.3479 -2.5748 23.9164 2.2861 -1.2888 9.8698 0.0000 0.0000 0.0000 -70.7126 -4.3400 39.7590 55.4602 -54.9736 -30.5925 -0.0000 0.0000 -11.1125 39.4603 -28.4137 -21.3900 -7.1250 0.0000 -0.0000 5.0789 -4.9174 -5.5165 0.0000 0.0000 0.0000 76.2212 -15.8402 41.2586 -49.1449 52.6448 -25.4929 0.0000 0.0000 14.7991 -35.0064 -38.0460 23.3468 7.1250 -0.0000 -0.0000 -0.7104 -73.6729 0.4820
0.0172 22.0752 1.8981 -5.1896 -5.1319 17.2843 0.0000 0.0000 0.0000 -11.2563 -9.4471 -32.6117 4.6904 13.0264 39.4674 0.9227 2.6231 17.4585 0.7168 -5.4105 -15.0831 0.0000 0.0000 0.0000 19.4734 13.2302 -33.6627 -6.4504 -14.8511 46.7637 -0.5228 -10.7835 13.9522 -0.8539 5.8931 -16.4746 4.7051 0.4223 -0.6730 1.3442 0.7099 -4.9777 -1.2655 0.1867 -4.7358 -6.4461 -2.0693 -12.7166 4.4211 -2.5424 23.8152 2.3252 -1.2735 9.7754 0.0000 -0.0000 0.0000 -71.3778 -4.2603 39.4904 53.7515 -54.4009 -29.1981 -0.0000 0.0000 -10.6455 39.2535 -28.3822 -21.2275 -7.1250 0.0000 -0.0000 4.9702 -4.8079 -5.3889 0.0000 -0.0000 0.0000 76.3476 -16.0951 41.1230 -48.3226 52.2962 -24.8407 0.0000 0.0000 14.3121 -34.7864 -39.1844 23.6968 7.1250 -0.0000 -0.0000 0.8303 -74.7628 -0.5829
0.0338 22.1184 1.9051 -5.0954 -5.2987 17.3376 0.0000 0.0000 0.0000 -11.4765 -9.5525 -32.4494 4.5034 12.8017 38.6306 0.9456 3.3333 17.5591 0.6934 -5.3231 -14.8323 0.0000 0.0000 0.0000 19.3795 13.3676 -33.7346 -6.3330 -14.7434 46.3039 -0.5521 -10.7085 14.2230 -0.7797 5.6377 -15.7367 4.5891 0.4698 -0.5332 1.3256 0.7799 -4.9962 -1.2236 0.2238 -4.8311 -6.4619 -2.1031 -12.3640 4.3109 -2.5779 23.6763 2.2844 -1.3065 9.6603 0.0000 -0.0000 0.0000 -72.0211 -3.9917 39.3698 52.4655 -53.9427 -28.1554 -0.0000 0.0000 -10.5887 39.0121 -28.2493 -20.9790 -7.1250 0.0000 -0.0000 4.8660 -4.5724 -5.2567 0.0000 -0.0000 0.0000 76.4506 -16.2415 41.0054 -47.5421 51.9548 -24.2247 0.0000 0.0000 13.1948 -34.7869 -38.6323 23.4465 7.1250 -0.0000 -0.0000 0.2466 -74.1995 -0.1701
0.0518 22.1408 1.9167 -4.8026 -5.2180 17.4882 0.0000 0.0000 0.0000 -11.8420 -9.7634 -32.5194 4.3398 12.5993 37.8866 0.9882 3.6646 17.9171 0.6442 -5.1344 -14.2923 0.0000 0.0000 0.0000 19.1012 13.2639 -34.0462 -6.2472 -14.6636 45.9658 -0.5307 -11.0662 14.1226 -0.6566 5.1827 -14.4304 4.3458 0.4078 -0.5937 1.2834 0.6874 -5.0292 -1.1278 0.1864 -4.8367 -6.4035 -2.0967 -12.1563 4.1275 -2.5509 23.7093 2.2148 -1.3116 9.6282 -0.0000 0.0000 0.0000 -72.6209 -3.7867 39.0420 51.1972 -53.4671 -27.1332 -0.0000 0.0000 -9.8471 39.0187 -28.5418 -21.1651 -7.1250 0.0000 -0.0000 4.8002 -4.9046 -5.2107 -0.0000 0.0000 0.0000 76.5786 -16.3150 40.8370 -46.5971 51.5273 -23.4826 0.0000 0.0000 12.3770 -34.8511 -38.0572 23.2318 7.1250 -0.0000 -0.0000 -0.4256 -73.6310 0.2884
0.0705 22.1512 1.9405 -4.7603 -4.9598 17.9330 0.0000 0.0000 0.0000 -11.8885 -9.9408 -32.8891 4.1867 12.4048 37.1794 1.0412 3.4961 18.4333 0.6553 -5.1778 -14.4163 0.0000 0.0000 0.0000 19.0767 13.1295 -34.5686 -6.1465 -14.5689 45.5670 -0.4824 -10.5869 13.4729 -0.7881 5.6672 -15.8217 4.4315 0.2957 -1.0011 1.3102 0.5200 -5.1542 -1.1396 0.0999 -4.7452 -6.2374 -1.9982 -12.1832 3.9370 -2.4075 23.9738 2.1401 -1.2532 9.7140 -0.0000 0.0000 0.0000 -73.1975 -3.5365 38.8129 49.8543 -52.9366 -26.0578 -0.0000 0.0000 -9.7090 38.9226 -28.6165 -21.1451 -7.1250 0.0000 -0.0000 4.7284 -4.9548 -5.1360 -0.0000 0.0000 0.0000 76.7333 -16.3956 40.6929 -45.6929 51.1035 -22.7768 0.0000 0.0000 11.8911 -34.5907 -40.3824 24.0747 7.1250 -0.0000 -0.0000 2.6423 -75.9017 -1.9194
0.0673 22.1181 1.9131 -4.4610 -5.1616 18.3951 0.0000 0.0000 0.0000 -12.1172 -9.9876 -33.6311 4.0832 12.2703 36.6951 1.1054 3.2992 19.0468 0.7640 -5.5818 -15.5758 0.0000 0.0000 0.0000 18.6384 13.9909 -35.3242 -6.0698 -14.4956 45.2612 -0.5662 -10.3760 14.2646 -0.7059 5.3699 -14.9667 3.7093 0.2783 -0.7400 1.3157 0.5061 -5.4202 -0.7313 0.1142 -5.1753 -5.9619 -1.8747 -12.1706 3.6986 -2.2406 24.1241 2.0316 -1.1788 9.7490 0.0000 0.0000 0.0000 -73.7610 -3.3526 38.7173 48.3867 -52.3237 -24.8914 -0.0000 0.0000 -9.7562 38.8698 -28.3309 -20.9324 -7.1250 0.0000 -0.0000 4.7665 -4.6145 -5.1518 0.0000 0.0000 0.0000 76.8861 -16.3124 40.6383 -44.6098 50.5759 -21.9369 0.0000 0.0000 11.2848 -34.0331 -42.0900 24.3555 7.1250 -0.0000 -0.0000 6.3403 -77.3770 -4.8049
0.0751 22.1030 1.9493 -4.2183 -5.4025 19.1608 0.0000 0.0000 0.0000 -12.4089 -9.9806 -34.3773 3.9962 12.1554 36.2839 1.1105 2.9917 19.1464 0.9520 -6.2136 -17.4055 0.0000 0.0000 0.0000 18.2173 14.3643 -36.1544 -5.9575 -14.3870 44.8109 -0.5977 -9.4606 14.3405 -0.7778 5.6307 -15.7165 3.3367 0.3501 -1.8871 1.2513 0.5379 -5.4536 -0.5849 0.1534 -4.5563 -5.7671 -1.7780 -12.1200 3.5222 -2.1062 24.0894 1.9526 -1.1184 9.7154 0.0000 -0.0000 0.0000 -74.2994 -3.3758 38.6797 46.8999 -51.6660 -23.7199 -0.0000 0.0000 -9.6155 38.5791 -27.7908 -20.4011 -7.1250 0.0000 -0.0000 4.7283 -3.9037 -5.0561 0.0000 -0.0000 0.0000 77.1130 -16.0326 40.4208 -43.3506 49.9344 -20.9687 0.0000 0.0000 10.7089 -33.3823 -41.9466 23.7715 7.1250 -0.0000 -0.0000 7.3243 -76.9923 -5.4934
0.1136 22.0786 1.9644 -4.6470 -4.9705 19.9188 0.0000 0.0000 0.0000 -11.8685 -10.2855 -35.2366 3.9397 12.0798 36.0148 1.1364 2.9108 19.3913 0.9810 -6.3046 -17.6708 0.0000 0.0000 0.0000 18.6765 13.9240 -37.0628 -5.8330 -14.2645 44.3078 -0.5841 -8.6903 14.0262 -0.7971 5.6985 -15.9120 4.2886 0.2870 -2.5628 1.3274 0.4288 -5.5603 -1.0323 0.0633 -4.2906 -5.6628 -1.6824 -12.1650 3.3715 -1.9551 24.1211 1.9005 -1.0555 9.7247 0.0000 -0.0000 0.0000 -74.7979 -3.3491 38.6364 45.6369 -51.0767 -22.7332 -0.0000 0.0000 -9.6331 38.0008 -27.4737 -19.8217 -7.1250 0.0000 -0.0000 4.4719 -3.3493 -4.7396 0.0000 -0.0000 0.0000 77.3461 -15.7530 40.1157 -42.2213 49.3322 -20.1082 0.0000 0.0000 10.2688 -32.9702 -41.8005 23.3819 7.1250 -0.0000 -0.0000 7.8296 -76.6963 -5.8247
0.1204 22.0203 1.9784 -4.7516 -5.2804 20.9098 0.0000 0.0000 0.0000 -11.6254 -10.3056 -36.4619 3.8738 11.9906 35.6988 1.1926 3.7600 19.7386 0.7836 -5.6513 -15.7759 0.0000 0.0000 0.0000 18.5262 14.7131 -38.1096 -5.7010 -14.1322 43.7694 -0.5807 -8.7389 14.0002 -0.7584 5.5617 -15.5179 4.1221 0.3513 -3.3403 1.4361 0.4804 -5.7774 -0.8235 0.0992 -4.0777 -5.5226 -1.5944 -12.3690 3.0879 -1.7819 24.2556 1.7989 -0.9937 9.7995 0.0000 0.0000 0.0000 -75.3072 -3.1824 38.5207 44.5745 -50.5583 -21.9096 -0.0000 0.0000 -9.7857 37.8374 -27.5060 -19.7341 -7.1250 0.0000 -0.0000 4.3713 -3.3311 -4.6311 0.0000 0.0000 0.0000 77.3620 -15.4489 40.1601 -41.1816 48.7546 -19.3231 0.0000 0.0000 9.5932 -32.9674 -41.2849 23.1684 7.1250 -0.0000 -0.0000 6.9680 -76.1964 -5.1093
0.1296 21.9539 1.9892 -4.7134 -5.4468 21.7569 0.0000 0.0000 0.0000 -11.5228 -10.4516 -37.5272 3.8206 11.9178 35.4418 1.1856 4.7108 19.5599 0.6199 -5.0385 -14.0183 0.0000 0.0000 0.0000 18.2197 15.3011 -39.0582 -5.5655 -13.9936 43.2119 -0.5892 -8.5064 14.0419 -0.7439 5.5096 -15.3680 3.9087 0.3338 -3.9354 1.5036 0.4344 -6.0012 -0.6316 0.0852 -3.9799 -5.3881 -1.4883 -12.5022 2.8159 -1.5888 24.3830 1.7048 -0.9231 9.8582 -0.0000 0.0000 0.0000 -75.8060 -2.8570 38.3989 43.6140 -50.0711 -21.1704 -0.0000 0.0000 -9.9832 37.8933 -27.5443 -19.7942 -7.1250 0.0000 -0.0000 4.3946 -3.3931 -4.6604 -0.0000 0.0000 0.0000 77.3225 -15.2525 40.3498 -40.1926 48.1836 -18.5827 0.0000 0.0000 8.9149 -33.1165 -40.7344 23.0576 7.1250 -0.0000 -0.0000 5.8468 -75.7134 -4.2263
0.1413 21.8828 2.0045 -4.5953 -5.6271 22.3819 0.0000 0.0000 0.0000 -11.5466 -10.5902 -38.2438 3.7638 11.8393 35.1658 1.1327 5.2785 19.0558 0.5467 -4.7370 -13.1599 0.0000 0.0000 0.0000 17.8444 15.7805 -39.7666 -5.4353 -13.8579 42.6712 -0.5669 -8.2677 13.7564 -0.7177 5.4139 -15.0929 3.6540 0.3185 -4.4856 1.5263 0.3923 -6.1274 -0.4639 0.0762 -3.8046 -5.3120 -1.3578 -12.4804 2.7446 -1.4059 24.3592 1.6889 -0.8396 9.8357 0.0000 -0.0000 0.0000 -76.2956 -2.5280 38.3308 42.7473 -49.6159 -20.5080 -0.0000 0.0000 -10.2915 37.4392 -27.3285 -19.3666 -7.1250 0.0000 -0.0000 4.1833 -2.9995 -4.4080 0.0000 -0.0000 0.0000 77.4232 -15.2341 40.2490 -39.5075 47.7754 -18.0737 0.0000 0.0000 8.4186 -33.1217 -40.6694 23.0345 7.1250 -0.0000 -0.0000 5.7418 -75.6515 -4.1427
0.1559 21.7984 2.0222 -4.6760 -5.7363 23.0008 0.0000 0.0000 0.0000 -11.3160 -10.7390 -38.8956 3.7075 11.7606 34.8904 1.0732 5.5684 18.5166 0.5317 -4.6723 -12.9762 0.0000 0.0000 0.0000 17.7020 16.2505 -40.3332 -5.2869 -13.6998 42.0479 -0.5353 -8.2473 13.4085 -0.6456 5.1401 -14.3087 3.5987 0.3427 -5.0346 1.6359 0.4040 -6.2680 -0.3171 0.0874 -3.6449 -5.2597 -1.2706 -12.3198 2.6273 -1.2733 24.2422 1.6540 -0.7865 9.7562 -0.0000 0.0000 0.0000 -76.8541 -2.1617 38.3828 41.9809 -49.2007 -19.9261 -0.0000 0.0000 -10.5860 36.5740 -27.0709 -18.6579 -7.1250 0.0000 -0.0000 3.7426 -2.4312 -3.9062 -0.0000 0.0000 0.0000 77.5392 -15.3755 39.8694 -39.1385 47.5511 -17.8009 0.0000 0.0000 8.0348 -32.5936 -41.1080 22.8006 7.1250 -0.0000 -0.0000 7.3527 -75.8864 -5.3439
0.1718 21.7001 2.0339 -4.9976 -5.5859 23.5594 0.0000 0.0000 0.0000 -10.6421 -11.1240 -39.4653 3.6490 11.6781 34.6024 0.9942 6.0309 17.7937 0.4839 -4.4606 -12.3762 0.0000 0.0000 0.0000 17.8778 16.6310 -40.7327 -5.1159 -13.5131 41.3210 -0.5233 -8.2116 13.2684 -0.6023 4.9681 -13.8175 3.9292 0.3531 -5.4127 1.7896 0.3977 -6.4244 -0.3409 0.0730 -3.5996 -5.0769 -1.1844 -12.0393 2.2776 -1.1191 24.0554 1.5180 -0.7368 9.6272 0.0000 0.0000 0.0000 -77.3351 -1.7676 38.5623 41.2626 -48.8004 -19.3839 -0.0000 0.0000 -10.7729 35.8866 -26.8820 -18.1152 -7.1250 0.0000 -0.0000 3.3858 -2.0049 -3.5082 0.0000 0.0000 0.0000 77.6860 -15.4747 39.4453 -38.7049 47.2836 -17.4816 0.0000 0.0000 7.6179 -31.9825 -41.7043 22.5597 7.1250 -0.0000 -0.0000 9.4273 -76.2337 -6.9257
0.1882 21.5926 2.0402 -5.3377 -5.4683 23.9458 0.0000 0.0000 0.0000 -9.8770 -11.6438 -39.7920 3.5862 11.5885 34.2913 0.8862 6.8852 16.8070 0.4099 -4.1099 -11.3860 0.0000 0.0000 0.0000 18.1022 16.9783 -40.9033 -4.9271 -13.3012 40.5067 -0.4926 -8.2531 12.9332 -0.5563 4.7776 -13.2753 4.3541 0.3680 -5.5647 1.8798 0.4005 -6.4689 -0.4837 0.0588 -3.5631 -4.9129 -1.1100 -12.1319 2.0779 -0.9958 24.0120 1.4347 -0.6859 9.6227 -0.0000 -0.0000 0.0000 -77.6866 -1.5380 38.7192 40.6060 -48.4249 -18.8913 -0.0000 0.0000 -10.9840 35.3284 -26.6379 -17.6294 -7.1250 0.0000 -0.0000 3.1126 -1.5623 -3.2010 -0.0000 -0.0000 0.0000 77.8951 -15.2801 39.1563 -38.0045 46.8422 -16.9689 0.0000 0.0000 7.0395 -31.9360 -41.9142 22.6062 7.1250 -0.0000 -0.0000 9.8843 -76.4161 -7.3005
0.2067 21.4799 2.0513 -5.5169 -5.5002 24.1402 0.0000 0.0000 0.0000 -9.3999 -12.1307 -39.7943 3.5135 11.4832 33.9273 0.7709 7.6774 15.7603 0.4120 -4.1205 -11.4158 0.0000 0.0000 0.0000 18.1879 17.2692 -40.8675 -4.7267 -13.0693 39.6283 -0.4750 -8.0838 12.6939 -0.6145 5.0171 -13.9572 4.5944 0.3687 -5.4339 1.9279 0.4066 -6.5352 -0.5677 0.0494 -3.7070 -4.9052 -1.0575 -12.3512 2.0879 -0.9152 24.1089 1.4470 -0.6470 9.6955 0.0000 0.0000 0.0000 -78.0895 -1.2312 38.8176 39.8919 -48.0057 -18.3588 -0.0000 0.0000 -11.1049 34.8184 -26.1701 -17.0529 -7.1250 0.0000 -0.0000 2.9095 -0.8888 -2.9581 0.0000 0.0000 0.0000 78.0666 -15.2805 38.9657 -37.4144 46.4612 -16.5398 0.0000 0.0000 6.6396 -32.1158 -41.1714 22.4511 7.1250 -0.0000 -0.0000 8.2926 -75.7714 -6.0088
0.2247 21.3598 2.0635 -5.5624 -5.4547 24.1557 0.0000 0.0000 0.0000 -9.1221 -12.6119 -39.5544 3.4263 11.3551 33.4869 0.7093 8.2076 15.2212 0.4604 -4.3526 -12.0709 0.0000 0.0000 0.0000 18.2044 17.4040 -40.6869 -4.5266 -12.8300 38.7356 -0.4920 -7.6126 12.7930 -0.8835 5.9918 -16.7608 4.6960 0.3079 -5.1664 1.9503 0.3434 -6.5952 -0.6028 0.0091 -3.9235 -5.0017 -0.9912 -12.2496 2.2731 -0.8519 23.9990 1.5346 -0.6052 9.6352 0.0000 -0.0000 0.0000 -78.4726 -0.8176 38.8987 39.1706 -47.5707 -17.8246 -0.0000 0.0000 -11.0225 34.5018 -25.7000 -16.5975 -7.1250 0.0000 -0.0000 2.8162 -0.2722 -2.8329 0.0000 -0.0000 0.0000 78.2276 -15.4689 38.8643 -37.0769 46.2395 -16.2956 0.0000 0.0000 6.4207 -32.0924 -40.9641 22.3489 7.1250 -0.0000 -0.0000 8.0010 -75.5622 -5.7614
0.2385 21.2312 2.0673 -5.6498 -5.2631 24.0780 0.0000 0.0000 0.0000 -8.6832 -13.1975 -39.2826 3.3380 11.2231 33.0360 0.6796 8.9532 15.0535 0.4861 -4.4705 -12.4044 0.0000 0.0000 0.0000 18.2825 17.5749 -40.3763 -4.3352 -12.5936 37.8657 -0.5021 -7.4383 12.8777 -1.1902 6.9229 -19.4871 4.8144 0.2236 -4.8129 1.9874 0.2524 -6.5742 -0.6323 -0.0438 -4.1048 -5.1924 -1.0365 -12.1811 2.5850 -0.9532 23.8370 1.6620 -0.6335 9.5707 -0.0000 -0.0000 0.0000 -78.7865 -0.4691 39.0005 38.6326 -47.2385 -17.4285 -0.0000 0.0000 -11.0179 33.9763 -25.8071 -16.3507 -7.1250 0.0000 -0.0000 2.4858 -0.2429 -2.4987 -0.0000 -0.0000 0.0000 78.4686 -15.5130 38.6540 -36.8288 46.0747 -16.1166 0.0000 0.0000 6.2577 -31.9600 -41.9700 22.6472 7.1250 -0.0000 -0.0000 9.9438 -76.4781 -7.3576
0.2471 21.0946 2.0619 -5.7125 -5.3010 23.9685 0.0000 0.0000 0.0000 -8.2020 -13.7868 -39.0053 3.2582 11.1017 32.6236 0.6120 10.4358 14.7347 0.3820 -3.9694 -10.9907 0.0000 0.0000 0.0000 18.2448 18.0016 -40.0541 -4.1540 -12.3626 37.0271 -0.5133 -7.5126 13.0197 -1.3983 7.4806 -21.1472 4.7351 0.1926 -4.2744 2.0151 0.2457 -6.4793 -0.5605 -0.0452 -4.3075 -5.1178 -1.1355 -12.5629 2.5857 -1.0875 23.7878 1.6331 -0.6862 9.6313 0.0000 0.0000 0.0000 -79.0696 -0.3119 39.1166 38.1981 -46.9654 -17.1103 -0.0000 0.0000 -11.1963 33.2496 -25.8282 -15.9412 -7.1250 0.0000 -0.0000 2.0530 -0.0645 -2.0567 0.0000 0.0000 0.0000 78.7636 -15.2495 38.2940 -36.4089 45.7924 -15.8149 0.0000 0.0000 6.2289 -31.7930 -42.2559 22.6272 7.1250 -0.0000 -0.0000 10.7727 -76.6854 -8.0202
0.2510 20.9396 2.0528 -5.8462 -5.7039 23.9477 0.0000 0.0000 0.0000 -7.6366 -14.2675 -38.7551 3.2023 11.0156 32.3324 0.4691 12.4125 14.0055 0.2297 -3.0850 -8.5154 0.0000 0.0000 0.0000 18.1320 18.7366 -39.8342 -3.9896 -12.1466 36.2526 -0.4786 -8.1537 12.7513 -1.2374 7.0539 -19.8751 4.4710 0.2184 -3.6492 2.0768 0.3247 -6.4520 -0.3503 0.0028 -4.6271 -4.7459 -1.0671 -13.0567 2.2773 -0.9745 23.8036 1.4759 -0.6324 9.7226 0.0000 0.0000 0.0000 -79.3363 0.0147 39.1595 37.9300 -46.7946 -16.9146 -0.0000 0.0000 -11.4196 32.8355 -25.4907 -15.5215 -7.1250 0.0000 -0.0000 1.8704 0.4216 -1.8576 0.0000 0.0000 0.0000 78.8840 -14.9660 38.2797 -35.9222 45.4595 -15.4670 0.0000 0.0000 6.2636 -31.5951 -42.1347 22.4233 7.1250 -0.0000 -0.0000 10.8874 -76.4962 -8.0630
0.2577 20.7699 2.0595 -6.1228 -5.4372 23.6913 0.0000 0.0000 0.0000 -6.9415 -14.8398 -38.2146 3.1590 10.9481 32.1050 0.3567 13.3792 13.3228 0.2365 -3.1301 -8.6412 0.0000 0.0000 0.0000 18.4488 18.9542 -39.2912 -3.8487 -11.9563 35.5776 -0.3744 -9.1704 11.8115 -0.9262 6.1310 -17.1650 4.6280 0.0044 -2.7925 2.2708 0.1084 -6.6148 -0.2314 -0.1209 -5.2966 -4.4990 -0.8467 -13.0053 2.0545 -0.6720 23.9105 1.3939 -0.4971 9.7369 -0.0000 -0.0000 0.0000 -79.6534 0.9357 39.1508 37.7284 -46.6649 -16.7677 -0.0000 0.0000 -11.5563 32.7981 -25.5403 -15.5271 -7.1250 0.0000 -0.0000 1.8391 0.3767 -1.8279 -0.0000 -0.0000 0.0000 78.7893 -15.4054 38.5924 -35.8316 45.3969 -15.4025 0.0000 0.0000 6.2086 -31.5209 -42.2514 22.4100 7.1250 -0.0000 -0.0000 11.2383 -76.5779 -8.3433
0.2635 20.5794 2.0604 -6.4577 -5.4285 23.6012 0.0000 0.0000 0.0000 -6.3116 -15.0906 -37.9350 3.1322 10.9060 31.9636 0.3110 13.5846 12.9672 0.3703 -3.9089 -10.8204 0.0000 0.0000 0.0000 18.7541 19.2412 -39.0658 -3.7369 -11.8019 35.0347 -0.3582 -9.1054 11.5965 -0.9706 6.2721 -17.5758 4.8157 -0.0444 -2.5405 2.3809 0.0597 -6.4781 -0.2211 -0.1499 -5.2988 -4.3628 -0.7324 -12.9933 2.0124 -0.5321 23.6440 1.3708 -0.4221 9.6340 -0.0000 -0.0000 0.0000 -79.8192 1.2024 39.3336 37.3364 -46.4102 -16.4833 -0.0000 0.0000 -11.7561 32.9103 -25.6122 -15.6296 -7.1250 0.0000 -0.0000 1.8924 0.2669 -1.8846 -0.0000 -0.0000 0.0000 78.9435 -15.3783 38.4326 -35.6709 45.2853 -15.2882 0.0000 0.0000 6.3989 -31.5624 -41.8185 22.2740 7.1250 -0.0000 -0.0000 10.3598 -76.1849 -7.6029
0.2672 20.3768 2.0541 -6.4257 -5.6697 23.4360 0.0000 0.0000 0.0000 -6.0038 -15.4839 -37.6235 3.1173 10.8826 31.8850 0.2576 14.0453 12.6680 0.3854 -3.9864 -11.0384 0.0000 0.0000 0.0000 18.6313 19.5225 -38.9781 -3.6584 -11.6914 34.6489 -0.4004 -8.4749 11.9127 -1.1533 6.8186 -19.1791 4.4002 -0.0886 -1.8416 2.4529 0.0473 -6.5013 0.0888 -0.1397 -5.7193 -4.2038 -0.6804 -12.9613 1.7593 -0.4339 23.4242 1.2658 -0.3886 9.5464 0.0000 0.0000 0.0000 -80.0748 1.7415 39.5630 37.0931 -46.2502 -16.3073 -0.0000 0.0000 -11.9656 32.9577 -25.6627 -15.6840 -7.1250 0.0000 -0.0000 1.9112 0.1983 -1.9057 0.0000 0.0000 0.0000 78.9718 -15.4378 38.4748 -35.3492 45.0599 -15.0600 0.0000 0.0000 6.7132 -32.1008 -40.1788 22.0346 7.1250 -0.0000 -0.0000 6.8125 -74.7992 -4.7931
0.2713 20.1684 2.0563 -6.3871 -5.8749 23.3970 0.0000 0.0000 0.0000 -5.6106 -15.9170 -37.5104 3.1305 10.9034 31.9549 0.2627 13.9982 12.6940 0.3677 -3.8948 -10.7810 0.0000 0.0000 0.0000 18.4911 19.7118 -39.0769 -3.6205 -11.6375 34.4615 -0.4139 -7.9836 11.9471 -1.1540 6.8206 -19.1848 3.9656 -0.1497 -1.4390 2.5612 -0.0137 -6.4654 0.4473 -0.1463 -5.9095 -3.9580 -0.6255 -13.3587 1.4254 -0.3135 23.4014 1.1230 -0.3469 9.6095 0.0000 0.0000 0.0000 -80.4014 2.1997 39.6602 36.8501 -46.0889 -16.1320 -0.0000 0.0000 -11.9308 32.8638 -26.2062 -15.9229 -7.1250 0.0000 -0.0000 1.7547 -0.3767 -1.7670 0.0000 0.0000 0.0000 78.8976 -15.2843 38.6772 -35.3704 45.0748 -15.0750 0.0000 0.0000 6.0094 -33.6359 -39.6207 22.9898 7.1250 -0.0000 -0.0000 3.4094 -74.7953 -2.3966
0.2773 19.9464 2.0593 -6.4763 -5.9517 23.4111 0.0000 0.0000 0.0000 -5.1697 -16.0913 -37.5861 3.1865 10.9910 32.2495 0.3413 12.7650 12.8799 0.4009 -4.0653 -11.2605 0.0000 0.0000 0.0000 18.5240 19.8096 -39.3034 -3.6258 -11.6450 34.4875 -0.4129 -7.4812 11.8184 -1.1677 6.8595 -19.2999 3.8253 -0.1951 -1.2738 2.6419 -0.0703 -6.3112 0.6104 -0.1625 -5.8398 -3.7800 -0.5878 -13.9891 1.3673 -0.2609 23.3741 1.0795 -0.3112 9.7172 0.0000 -0.0000 0.0000 -80.5949 2.5053 39.8552 36.5480 -45.8864 -15.9147 -0.0000 0.0000 -11.5861 32.7396 -26.5339 -16.0256 -7.1250 0.0000 -0.0000 1.6202 -0.7037 -1.6406 0.0000 -0.0000 0.0000 78.9522 -15.0153 38.5158 -35.2737 45.0066 -15.0066 0.0000 0.0000 6.0550 -34.1529 -39.5117 23.3460 7.1250 -0.0000 -0.0000 2.3536 -74.8697 -1.6579
0.2862 19.7006 2.0472 -6.6279 -5.7867 23.3461 0.0000 0.0000 0.0000 -4.7448 -16.0939 -37.8322 3.3083 11.1781 32.8830 0.4275 10.9875 13.0362 0.3834 -3.9762 -11.0098 0.0000 0.0000 0.0000 18.6802 19.8155 -39.5339 -3.6726 -11.7115 34.7189 -0.4219 -6.9894 11.8294 -1.2313 7.0370 -19.8252 3.9134 -0.2342 -0.7254 2.7103 -0.0822 -6.3453 0.6381 -0.1752 -6.1927 -3.8455 -0.5738 -13.9851 1.5379 -0.2668 23.1079 1.1475 -0.2974 9.6222 0.0000 -0.0000 0.0000 -80.6353 3.0524 40.3734 36.7888 -46.0480 -16.0878 -0.0000 0.0000 -12.0644 31.6757 -25.3409 -14.7934 -7.1250 0.0000 -0.0000 1.2069 0.8911 -1.1883 0.0000 -0.0000 0.0000 79.0185 -15.2626 38.2903 -35.3738 45.0772 -15.0774 0.0000 0.0000 5.8826 -32.1565 -42.2451 22.9118 7.1250 -0.0000 -0.0000 10.1098 -76.8132 -7.5517
0.2928 19.4331 2.0364 -6.8135 -5.7199 23.4672 0.0000 0.0000 0.0000 -4.3463 -15.9026 -38.4488 3.5122 11.4813 33.9210 0.5177 9.0624 13.4032 0.3875 -3.9972 -11.0688 0.0000 0.0000 0.0000 18.7368 20.0722 -39.9687 -3.7723 -11.8511 35.2071 -0.4437 -6.5093 12.0222 -1.2809 7.1721 -20.2264 3.9076 -0.3062 -0.3010 2.7787 -0.1507 -6.3158 0.7197 -0.2089 -6.4070 -3.6003 -0.4594 -14.5332 1.5491 -0.1461 22.9305 1.1246 -0.2152 9.6585 0.0000 -0.0000 0.0000 -80.5403 3.2588 40.8575 36.5897 -45.9145 -15.9446 -0.0000 0.0000 -12.1686 32.0558 -25.5603 -15.1198 -7.1250 0.0000 -0.0000 1.3946 0.5510 -1.3816 0.0000 -0.0000 0.0000 79.1149 -15.0695 38.3184 -35.4011 45.0964 -15.0968 0.0000 0.0000 5.2970 -32.2966 -41.1665 22.5909 7.1250 -0.0000 -0.0000 7.9692 -75.8333 -5.7842
0.2986 19.1555 2.0327 -6.9720 -5.7166 23.7826 0.0000 0.0000 0.0000 -3.9706 -15.6704 -39.3850 3.7969 11.8851 35.3267 0.5418 7.4450 13.3322 0.4621 -4.3606 -12.0935 0.0000 0.0000 0.0000 18.5812 20.5382 -40.7234 -3.9446 -12.0863 36.0381 -0.4154 -6.6468 11.6856 -1.1802 6.8948 -19.4042 3.9139 -0.3226 -0.1760 2.8126 -0.1582 -6.4303 0.7554 -0.2152 -6.6021 -3.3596 -0.4495 -14.7660 1.4865 -0.1672 22.6872 1.0584 -0.2082 9.6166 0.0000 -0.0000 0.0000 -80.5510 3.7856 41.2508 36.4606 -45.8273 -15.8520 -0.0000 0.0000 -11.8748 32.5681 -26.1820 -15.7393 -7.1250 0.0000 -0.0000 1.5849 -0.2697 -1.5930 0.0000 -0.0000 0.0000 79.2249 -15.1236 38.0900 -35.3596 45.0672 -15.0674 0.0000 0.0000 5.3804 -30.2229 -42.5205 21.4905 7.1250 -0.0000 -0.0000 13.9633 -76.3355 -10.3097
0.3093 18.8667 2.0232 -7.0396 -5.5702 24.0607 0.0000 0.0000 0.0000 -3.6613 -15.5790 -40.4579 4.1873 12.4055 37.1822 0.4532 6.1704 12.0939 0.5838 -4.8922 -13.6014 0.0000 0.0000 0.0000 18.2949 20.8597 -41.7479 -4.2300 -12.4604 37.3807 -0.3462 -7.2973 10.9211 -0.9451 6.1916 -17.3413 3.9757 -0.3859 -0.0618 2.8237 -0.2328 -6.4476 0.7386 -0.2564 -6.6889 -3.1073 -0.4647 -15.1007 1.2858 -0.1887 22.2604 0.9415 -0.2144 9.5295 -0.0000 -0.0000 0.0000 -80.6130 4.2553 41.3505 36.7460 -46.0194 -16.0570 -0.0000 0.0000 -11.5663 31.9746 -25.8308 -15.2161 -7.1250 0.0000 -0.0000 1.2980 0.2748 -1.2921 -0.0000 -0.0000 0.0000 79.2931 -15.1196 37.9340 -35.5227 45.1818 -15.1829 0.0000 0.0000 5.4352 -32.3839 -39.8905 22.1337 7.1250 -0.0000 -0.0000 5.9330 -74.6169 -4.1500
0.3229 18.5530 2.0170 -6.8722 -5.3651 24.1808 0.0000 0.0000 0.0000 -3.6601 -15.6601 -41.4248 4.6904 13.0264 39.4675 0.2027 4.8187 8.1848 1.1511 -6.8122 -19.1602 0.0000 0.0000 0.0000 17.8344 21.0110 -42.7416 -4.6078 -12.9281 39.0997 -0.3170 -7.4078 10.5581 -0.9010 6.0493 -16.9275 3.8899 -0.4990 -0.0127 2.7744 -0.3939 -6.2994 0.7417 -0.3305 -6.5598 -2.8323 -0.4123 -15.7411 1.0912 -0.1150 21.8213 0.8358 -0.1735 9.4932 0.0000 -0.0000 0.0000 -80.5876 4.4604 41.4313 37.0551 -46.2251 -16.2798 -0.0000 0.0000 -11.3529 31.2495 -25.3813 -14.5796 -7.1250 0.0000 -0.0000 0.9456 0.9552 -0.9298 0.0000 -0.0000 0.0000 79.3880 -14.8691 37.7638 -35.8966 45.4418 -15.4487 0.0000 0.0000 5.3642 -31.9574 -40.4930 22.0525 7.1250 -0.0000 -0.0000 7.5114 -75.0549 -5.3270
0.3240 18.1747 1.9680 -6.5906 -5.3831 24.2429 0.0000 0.0000 0.0000 -3.6714 -15.7002 -42.7234 5.3290 13.7450 42.2256 0.0136 3.5970 3.1054 1.5777 -7.9247 -22.4855 0.0000 0.0000 0.0000 17.0003 21.9508 -43.9206 -5.1187 -13.5162 41.3329 -0.1820 -7.0405 8.4467 -1.4341 7.5716 -21.4202 3.3016 -0.5753 0.8634 2.7268 -0.4670 -6.4435 1.0408 -0.3410 -7.2147 -2.6199 -0.3712 -15.9913 1.0736 -0.0998 21.3914 0.7943 -0.1468 9.3885 0.0000 -0.0000 0.0000 -80.4841 4.9472 41.6770 37.2725 -46.3683 -16.4370 -0.0000 0.0000 -11.0452 30.8632 -25.1560 -14.2537 -7.1250 0.0000 -0.0000 0.7529 1.2989 -0.7357 0.0000 -0.0000 0.0000 79.5214 -15.0420 37.4968 -36.4490 45.8195 -15.8437 0.0000 0.0000 5.3373 -30.6745 -41.1324 21.3147 7.1250 -0.0000 -0.0000 10.6640 -75.2035 -7.6063
0.3328 17.8116 1.9628 -6.9548 -5.2192 24.5946 0.0000 0.0000 0.0000 -3.0434 -15.4865 -44.2556 6.0767 14.5022 45.2887 -0.0065 2.3781 -2.8886 2.1151 -9.1018 -26.1143 0.0000 0.0000 0.0000 17.1221 22.3122 -45.1076 -5.7108 -14.1421 43.8096 -0.0040 -5.3468 3.8703 -2.0937 9.0586 -25.9787 3.6443 -0.6114 0.8062 2.8138 -0.4924 -6.5776 0.9452 -0.3732 -7.3316 -2.4622 -0.3268 -15.9822 1.1118 -0.0871 20.8976 0.7804 -0.1202 9.2142 -0.0000 0.0000 0.0000 -80.3850 5.5682 41.9433 37.4420 -46.4792 -16.5598 -0.0000 0.0000 -10.7567 30.7086 -25.2935 -14.2395 -7.1250 0.0000 -0.0000 0.6372 1.1868 -0.6239 -0.0000 0.0000 0.0000 79.6523 -15.4991 37.3347 -37.1415 46.2821 -16.3422 0.0000 0.0000 4.8823 -30.3893 -40.1168 20.7003 7.1250 -0.0000 -0.0000 9.5397 -74.1254 -6.5812
0.3356 17.4473 1.9406 -6.9028 -5.2173 24.9060 0.0000 0.0000 0.0000 -2.8500 -15.2245 -46.0117 6.8643 15.2166 48.3594 0.1687 1.1706 -8.2777 1.6907 -8.1897 -23.2919 0.0000 0.0000 0.0000 16.9181 22.5262 -46.4249 -6.3833 -14.7898 46.5013 0.0672 -4.5957 -1.5415 -2.9836 10.6685 -31.1699 3.3964 -0.6804 0.9678 2.8258 -0.5854 -6.6366 1.1072 -0.4055 -7.4861 -2.3771 -0.2796 -16.3535 1.2100 -0.0539 20.3676 0.8020 -0.0826 9.0980 -0.0000 -0.0000 0.0000 -80.3188 5.9719 42.1069 37.7378 -46.6710 -16.7746 -0.0000 0.0000 -10.6560 30.7063 -25.7364 -14.4611 -7.1250 0.0000 -0.0000 0.5607 0.7035 -0.5538 -0.0000 -0.0000 0.0000 79.8319 -15.5456 37.0611 -37.7359 46.6698 -16.7732 0.0000 0.0000 4.7682 -29.9852 -39.7148 20.2383 7.1250 -0.0000 -0.0000 9.6017 -73.5929 -6.5141
0.3424 17.0993 1.9132 -6.5602 -5.0429 25.2065 0.0000 0.0000 0.0000 -2.8894 -15.1974 -47.8765 7.6372 15.8458 51.2452 0.4739 0.0481 -13.0242 1.4643 -7.6475 -21.6484 0.0000 0.0000 0.0000 16.6286 22.2791 -47.7767 -7.1186 -15.4310 49.3215 0.0565 -5.8239 -6.4025 -3.9894 12.1462 -36.2512 3.0684 -0.8373 1.0411 2.7507 -0.8144 -6.6354 1.2299 -0.5017 -7.5229 -2.3236 -0.2665 -16.6778 1.3550 -0.0695 19.5303 0.8370 -0.0638 8.8690 0.0000 -0.0000 0.0000 -80.2689 6.2584 42.3222 38.0712 -46.8847 -17.0175 -0.0000 0.0000 -10.7095 30.7585 -25.7892 -14.5163 -7.1250 0.0000 -0.0000 0.5827 0.6328 -0.5763 0.0000 -0.0000 0.0000 80.0818 -15.3661 36.5901 -38.3203 47.0427 -17.1997 0.0000 0.0000 5.6410 -28.3280 -40.4884 19.2910 7.1250 -0.0000 -0.0000 13.2998 -73.7450 -9.0863
0.3529 16.8331 1.8926 -6.7795 -4.7644 25.1907 0.0000 0.0000 0.0000 -2.5234 -14.9363 -49.0959 8.3121 16.3440 53.6790 0.8888 -0.6993 -17.5963 1.2053 -6.9653 -19.6126 0.0000 0.0000 0.0000 16.6494 22.4056 -49.1099 -7.8831 -16.0326 52.1407 -0.1536 -5.6857 -11.5913 -2.5814 9.9845 -28.9264 3.4851 -0.9362 1.4543 2.7736 -0.9035 -6.5875 1.0369 -0.5713 -7.7224 -2.2075 -0.2535 -16.7829 1.4366 -0.0911 18.5986 0.8382 -0.0514 8.5704 0.0000 -0.0000 0.0000 -80.2296 6.5124 42.6185 38.0953 -46.9000 -17.0351 -0.0000 0.0000 -10.4542 31.8540 -26.5834 -15.5384 -7.1250 0.0000 -0.0000 1.0905 -0.5188 -1.1005 0.0000 -0.0000 0.0000 80.4164 -15.4196 36.0666 -39.1477 47.5568 -17.8077 0.0000 0.0000 6.6530 -26.6498 -41.2047 18.2936 7.1250 -0.0000 -0.0000 16.9665 -73.8089 -11.6472
0.3562 16.5495 1.8383 -6.1180 -4.9404 25.1063 0.0000 0.0000 0.0000 -3.1920 -14.8306 -50.3682 8.9284 16.7614 55.8422 1.3098 -0.7741 -21.4046 0.8721 -5.9541 -16.6512 0.0000 0.0000 0.0000 15.5089 22.6770 -50.9858 -8.7197 -16.6239 55.1154 -0.4484 -5.2549 -15.6703 -1.0450 6.5011 -18.2454 2.7318 -0.9928 2.4864 2.5875 -0.9804 -6.7343 1.2973 -0.5712 -8.4733 -2.3110 -0.2386 -17.0485 1.6941 -0.0864 17.9216 0.9397 -0.0251 8.3884 0.0000 0.0000 0.0000 -80.2338 6.7515 42.8930 37.9425 -46.8025 -16.9237 -0.0000 0.0000 -9.7973 33.5402 -27.7144 -17.1340 -7.1250 0.0000 -0.0000 1.8577 -2.2273 -1.9295 0.0000 0.0000 0.0000 80.8835 -15.5917 35.4310 -39.9705 48.0524 -18.4173 0.0000 0.0000 7.1205 -26.3657 -41.0327 18.0246 7.1250 -0.0000 -0.0000 17.0742 -73.5503 -11.6278
0.3540 16.2713 1.7841 -5.4265 -5.2086 24.9897 0.0000 0.0000 0.0000 -4.0004 -14.6768 -51.5095 9.4809 17.1074 57.7389 1.6738 -0.3529 -24.3752 0.6237 -5.0539 -14.0624 0.0000 0.0000 0.0000 14.4909 22.8369 -52.8996 -9.5830 -17.1686 58.0854 -0.7445 -5.4226 -19.1559 -0.5471 4.7388 -13.1650 1.8215 -1.0019 3.5008 2.4299 -1.0287 -6.7991 1.6723 -0.5384 -9.1259 -2.5770 -0.2821 -17.6127 1.9865 -0.1175 17.4202 1.0765 -0.0226 8.3201 -0.0000 -0.0000 0.0000 -80.2210 6.7689 43.1486 37.7236 -46.6619 -16.7643 -0.0000 0.0000 -9.0566 34.3586 -28.1448 -17.8735 -7.1250 0.0000 -0.0000 2.2416 -2.9419 -2.3554 -0.0000 -0.0000 0.0000 81.4088 -15.3254 34.6384 -40.2695 48.2288 -18.6400 0.0000 0.0000 7.7772 -26.4609 -40.5066 17.9157 7.1250 -0.0000 -0.0000 16.0584 -73.1008 -10.7715
0.3489 16.0210 1.7420 -4.2785 -5.7443 24.8755 0.0000 0.0000 0.0000 -5.4542 -14.5925 -52.5394 10.0699 17.4489 59.7216 2.0205 0.8877 -27.2252 0.6148 -5.0183 -13.9607 0.0000 0.0000 0.0000 13.0127 22.8570 -54.8403 -10.4518 -17.6562 60.9879 -1.0706 -5.9092 -22.5243 -0.4211 4.1648 -11.5409 0.3605 -0.9891 3.9212 2.1432 -1.1483 -6.5681 2.2045 -0.5066 -9.0921 -2.6242 -0.3697 -18.6665 1.9738 -0.1890 16.9785 1.0711 -0.0542 8.3585 0.0000 0.0000 0.0000 -80.1379 6.2760 43.2357 37.3260 -46.4034 -16.4757 -0.0000 0.0000 -8.1900 34.8602 -28.7964 -18.5487 -7.1250 0.0000 -0.0000 2.3908 -3.8114 -2.5466 0.0000 0.0000 0.0000 81.8422 -14.2948 33.8736 -39.9775 48.0566 -18.4225 0.0000 0.0000 8.7530 -26.2188 -40.9043 17.8728 7.1250 -0.0000 -0.0000 17.0632 -73.3807 -11.5582
0.3390 15.8172 1.7196 -1.7631 -6.7991 24.9522 0.0000 0.0000 0.0000 -8.4497 -14.9756 -53.6271 10.6325 17.7505 61.5824 2.2514 3.0279 -29.5608 0.8287 -5.8078 -16.2277 0.0000 0.0000 0.0000 9.7401 22.6264 -57.3499 -11.3268 -18.0913 63.8384 -1.4039 -6.4898 -25.5668 -0.4231 4.1746 -11.5684 -2.5967 -0.9833 3.6519 1.4767 -1.4348 -6.3465 3.1769 -0.4817 -8.6328 -3.0348 -0.3279 -19.1159 2.3992 -0.0791 15.9426 1.2894 0.0229 8.0851 0.0000 -0.0000 0.0000 -80.0357 5.6523 43.1909 36.6077 -45.9266 -15.9576 -0.0000 0.0000 -6.8545 35.7734 -29.8929 -19.7528 -7.1250 0.0000 -0.0000 2.6645 -5.3051 -2.9025 0.0000 -0.0000 0.0000 82.1971 -13.2410 33.1072 -39.6389 47.8545 -18.1710 0.0000 0.0000 9.4585 -25.9964 -42.1593 18.1238 7.1250 -0.0000 -0.0000 19.6770 -74.4303 -13.8009
0.3257 15.5819 1.7045 -1.3601 -6.4249 26.0975 0.0000 0.0000 0.0000 -7.9284 -15.9618 -56.7093 11.4738 18.1592 64.3108 2.3298 4.2306 -30.5801 0.9996 -6.3625 -17.8399 0.0000 0.0000 0.0000 9.1236 22.4001 -59.6650 -12.0876 -18.4274 66.2662 -1.4140 -9.2634 -27.5237 -0.7955 5.6932 -15.8969 -2.9513 -1.1617 2.8081 1.4764 -1.6857 -6.6570 3.3834 -0.5836 -8.4485 -3.6620 -0.4112 -18.9615 3.0971 -0.1445 14.8536 1.6075 0.0292 7.6976 0.0000 -0.0000 0.0000 -79.9451 5.5843 43.1093 35.8279 -45.3943 -15.3998 -0.0000 0.0000 -4.8591 36.3298 -30.9158 -20.6975 -7.1250 0.0000 -0.0000 2.7372 -6.6083 -3.0373 0.0000 -0.0000 0.0000 82.6356 -12.9204 32.0070 -39.6872 47.8835 -18.2069 0.0000 0.0000 10.5580 -26.0809 -42.7545 18.3811 7.1250 -0.0000 -0.0000 20.7723 -74.9848 -14.8264
0.3300 15.4394 1.7134 -1.5749 -5.5779 26.7346 0.0000 0.0000 0.0000 -6.6378 -17.1699 -59.0284 12.3724 18.5437 67.1644 2.4227 4.2461 -31.1481 0.9787 -6.2976 -17.6505 0.0000 0.0000 0.0000 8.8657 22.3453 -61.6879 -12.8915 -18.7426 68.7882 -1.6995 -8.5851 -29.0092 -0.5533 4.7651 -13.2397 -2.1638 -1.3918 2.4479 1.5617 -1.9302 -6.9403 3.0502 -0.7496 -8.5432 -4.0374 -0.4994 -18.5875 3.6303 -0.2566 13.8146 1.8213 0.0081 7.2961 0.0000 -0.0000 0.0000 -79.8107 5.9467 42.8540 35.3072 -45.0302 -15.0303 -0.0000 0.0000 -2.6265 36.1949 -31.7142 -21.0402 -7.1250 0.0000 -0.0000 2.4723 -7.4315 -2.7738 0.0000 -0.0000 0.0000 83.2160 -13.0695 30.7021 -40.1129 48.1367 -18.5233 0.0000 0.0000 12.1652 -27.6076 -41.2432 19.0223 7.1250 -0.0000 -0.0000 15.6356 -74.1894 -10.8489
0.3469 15.2723 1.7186 -1.7857 -5.0216 26.7402 0.0000 0.0000 0.0000 -5.5495 -18.1874 -60.8763 13.4404 18.9354 70.4878 2.5297 3.7670 -31.5681 0.8907 -6.0156 -16.8296 0.0000 0.0000 0.0000 8.5499 22.5707 -63.1761 -13.7379 -19.0326 71.4024 -1.8543 -8.4838 -29.9519 -0.5185 4.6149 -12.8133 -1.4156 -1.5443 2.7139 1.5976 -2.0845 -6.9730 2.6945 -0.8710 -8.7469 -3.8508 -0.4981 -18.7425 3.4723 -0.2571 13.1030 1.7331 0.0062 7.0886 -0.0000 -0.0000 0.0000 -79.6877 6.2495 42.3693 35.0279 -44.8320 -14.8330 -0.0000 0.0000 -0.4660 36.0784 -32.3628 -21.3069 -7.1250 0.0000 -0.0000 2.2513 -8.0935 -2.5477 -0.0000 -0.0000 0.0000 83.7863 -13.1760 29.4919 -40.8013 48.5375 -19.0375 0.0000 0.0000 13.5625 -29.6337 -39.0837 19.7298 7.1250 -0.0000 -0.0000 9.2899 -72.8564 -6.1534
0.3569 15.0729 1.7141 -1.5349 -5.0298 26.4666 0.0000 0.0000 0.0000 -5.2261 -18.8610 -62.5013 14.5163 19.2632 73.7752 2.5561 3.4798 -31.5994 0.9139 -6.0914 -17.0498 0.0000 0.0000 0.0000 7.5403 23.0897 -64.6551 -14.6415 -19.2972 74.1545 -1.9979 -8.3768 -30.7884 -0.4986 4.5270 -12.5643 -1.5596 -1.5848 3.0528 1.5346 -2.1570 -6.7961 2.7234 -0.8999 -8.7469 -3.5471 -0.4717 -18.9329 3.0490 -0.2102 12.3695 1.5452 0.0080 6.8782 0.0000 -0.0000 0.0000 -79.6327 6.4383 41.6983 35.1557 -44.9230 -14.9232 -0.0000 -0.0000 1.5311 36.2900 -32.8090 -21.6964 -7.1250 0.0000 -0.0000 2.2562 -8.6470 -2.5716 0.0000 -0.0000 0.0000 84.3833 -12.9364 28.2146 -41.2129 48.7723 -19.3466 0.0000 0.0000 14.4649 -30.9971 -38.8596 20.6537 7.1250 -0.0000 -0.0000 6.8843 -73.1085 -4.5929
0.3607 14.8815 1.7045 -1.8783 -4.8085 26.3324 0.0000 0.0000 0.0000 -4.2095 -19.1477 -64.2528 15.5364 19.5155 76.8472 2.5366 3.3122 -31.4135 1.0719 -6.5815 -18.4814 0.0000 0.0000 0.0000 7.4277 23.6649 -65.8695 -15.4269 -19.4910 76.5193 -2.0668 -8.9088 -31.5461 -0.5119 4.5862 -12.7320 -1.1306 -1.5815 3.1685 1.6559 -2.1108 -6.6089 2.6052 -0.9045 -8.6225 -3.1755 -0.4615 -19.0294 2.5360 -0.1968 11.6347 1.3146 -0.0120 6.6537 -0.0000 0.0000 0.0000 -79.5407 6.5646 41.1074 35.6611 -45.2785 -15.2812 -0.0000 -0.0000 2.9313 36.4348 -33.1277 -21.9708 -7.1250 0.0000 -0.0000 2.2546 -9.0399 -2.5826 -0.0000 0.0000 0.0000 85.0397 -12.6294 27.0298 -42.3244 49.3883 -20.1865 0.0000 0.0000 12.8301 -31.3492 -41.4404 21.9585 7.1250 -0.0000 -0.0000 10.0586 -75.7458 -7.2880
0.3659 14.7367 1.6865 -2.3558 -4.3722 26.1244 0.0000 0.0000 0.0000 -3.1614 -19.2838 -65.5521 16.3302 19.6740 79.2140 2.5301 3.2049 -31.3300 1.2264 -7.0237 -19.7856 0.0000 0.0000 0.0000 7.8679 23.9120 -66.5906 -16.0115 -19.6142 78.2660 -2.0830 -9.9754 -32.3359 -0.5730 4.8476 -13.4743 -0.4236 -1.5792 3.4404 1.8097 -2.0416 -6.4363 2.3697 -0.9119 -8.6157 -2.7819 -0.4560 -19.2742 2.0036 -0.1955 11.0936 1.0760 -0.0386 6.5171 0.0000 -0.0000 0.0000 -79.3228 6.5546 40.8957 36.3026 -45.7202 -15.7388 -0.0000 -0.0000 3.2987 36.6809 -33.5476 -22.3736 -7.1250 0.0000 -0.0000 2.2801 -9.5767 -2.6296 0.0000 -0.0000 0.0000 85.4925 -12.6896 26.2951 -43.6421 50.0856 -21.1920 0.0000 0.0000 11.9967 -33.3278 -42.2228 23.8406 7.1250 -0.0000 -0.0000 7.9261 -77.2371 -5.9861
0.3700 14.6394 1.6714 -2.2597 -4.2658 25.7496 0.0000 0.0000 0.0000 -3.1586 -19.2631 -66.0513 16.8327 19.7578 80.7035 2.5716 3.1521 -31.5517 1.2893 -7.1947 -20.2935 0.0000 0.0000 0.0000 7.8609 23.7676 -66.9142 -16.4059 -19.6874 79.4388 -2.1082 -10.6533 -32.9402 -0.6150 5.0189 -13.9625 -0.3940 -1.5694 3.8411 1.7853 -2.0263 -6.2639 2.3355 -0.9064 -8.6665 -2.4489 -0.4286 -19.6357 1.5429 -0.1635 10.7850 0.8758 -0.0473 6.4743 -0.0000 0.0000 0.0000 -79.0093 6.6635 40.8184 37.1645 -46.2973 -16.3589 -0.0000 -0.0000 2.9498 36.8142 -33.7602 -22.5846 -7.1250 0.0000 -0.0000 2.2967 -9.8515 -2.6578 -0.0000 0.0000 0.0000 85.6968 -12.7421 25.7182 -45.3058 50.9174 -22.4759 0.0000 0.0000 10.6845 -32.7792 -43.0664 23.7357 7.1250 -0.0000 -0.0000 10.6316 -77.8251 -8.1662
0.3731 14.5880 1.6770 -2.3055 -4.2425 25.4528 0.0000 0.0000 0.0000 -3.2330 -19.0128 -66.0929 17.0940 19.7963 81.4757 2.6749 2.8842 -32.0428 1.2516 -7.0928 -19.9907 0.0000 0.0000 0.0000 8.1318 23.4598 -66.8836 -16.6150 -19.7230 80.0588 -2.1095 -10.9863 -33.1763 -0.6582 5.1888 -14.4480 -0.2726 -1.5536 3.9417 1.8017 -1.9936 -6.1199 2.2804 -0.8990 -8.5736 -2.2420 -0.4209 -19.9478 1.2254 -0.1513 10.6365 0.7407 -0.0596 6.4758 -0.0000 0.0000 0.0000 -78.6992 6.9368 40.6702 38.3479 -47.0601 -17.2198 -0.0000 -0.0000 2.1998 34.8630 -32.5744 -20.5597 -7.1250 0.0000 -0.0000 1.5383 -7.9141 -1.7360 -0.0000 0.0000 0.0000 85.7380 -12.6338 25.3233 -46.1752 51.3314 -23.1527 0.0000 0.0000 10.3377 -34.9398 -42.4230 25.2347 7.1250 -0.0000 -0.0000 5.1345 -78.0448 -3.9613
0.3716 14.5643 1.6918 -2.6533 -4.1940 25.1871 0.0000 0.0000 0.0000 -3.0683 -18.5696 -65.8307 17.1818 19.8085 81.7348 2.8141 2.4989 -32.6848 1.1855 -6.9099 -19.4486 0.0000 0.0000 0.0000 8.7767 23.2749 -66.6175 -16.7113 -19.7387 80.3441 -2.1140 -11.0803 -33.2672 -0.6843 5.2889 -14.7345 0.0763 -1.4834 3.9260 1.9197 -1.8618 -6.0544 2.1925 -0.8531 -8.5055 -2.2522 -0.4779 -19.9552 1.0877 -0.2036 10.5998 0.6917 -0.0975 6.4659 -0.0000 -0.0000 0.0000 -78.3006 7.2724 40.8045 39.8154 -47.9602 -18.3021 -0.0000 -0.0000 0.8850 36.0774 -33.0124 -21.6512 -7.1250 0.0000 -0.0000 2.0906 -8.7924 -2.3871 -0.0000 -0.0000 0.0000 85.6246 -12.6526 25.4182 -47.6075 51.9838 -24.2761 0.0000 0.0000 9.5266 -37.2383 -42.2049 27.0497 7.1250 -0.0000 -0.0000 -0.2311 -78.7013 0.1814
0.3578 14.5411 1.6948 -2.9752 -4.3150 24.6986 0.0000 0.0000 0.0000 -3.0545 -17.8494 -65.2287 17.1721 19.8072 81.7063 2.9252 2.3292 -33.2410 1.1746 -6.8791 -19.3578 0.0000 0.0000 0.0000 9.3703 23.4777 -66.1247 -16.7640 -19.7471 80.5002 -2.1244 -11.0713 -33.3212 -0.6551 5.1771 -14.4142 0.1172 -1.3367 4.4082 2.0438 -1.6438 -6.1429 2.2959 -0.7389 -8.8929 -2.2792 -0.5395 -19.7876 0.9918 -0.2689 10.9258 0.6583 -0.1406 6.5458 0.0000 -0.0000 0.0000 -77.7453 7.8613 41.3299 41.1091 -48.7134 -19.2686 -0.0000 -0.0000 0.3616 36.0501 -32.4961 -21.3579 -7.1250 0.0000 -0.0000 2.2033 -8.2276 -2.4977 0.0000 -0.0000 0.0000 85.3947 -12.9932 25.6391 -48.6591 52.4402 -25.1072 0.0000 0.0000 9.3716 -36.3487 -42.0870 26.2540 7.1250 -0.0000 -0.0000 1.5772 -78.2496 -1.2230
0.3489 14.5342 1.6945 -2.8708 -4.2218 24.2351 0.0000 0.0000 0.0000 -3.4560 -17.6201 -64.5474 17.0739 19.7935 81.4162 3.0089 2.4952 -33.7640 1.1627 -6.8454 -19.2582 0.0000 0.0000 0.0000 9.5500 23.2296 -65.6679 -16.7955 -19.7520 80.5933 -2.1895 -10.8321 -33.5299 -0.6131 5.0116 -13.9417 -0.0129 -1.3073 4.7615 2.0207 -1.6119 -6.2550 2.3561 -0.7108 -9.2238 -2.3085 -0.5846 -19.6268 1.0540 -0.3364 11.4008 0.6767 -0.1712 6.6754 0.0000 -0.0000 0.0000 -77.0544 8.2610 41.8650 42.3137 -49.3825 -20.1783 -0.0000 -0.0000 0.2886 36.1836 -32.5056 -21.4582 -7.1250 0.0000 -0.0000 2.2735 -8.2835 -2.5792 0.0000 -0.0000 0.0000 85.0318 -13.5568 26.1819 -49.9641 52.9810 -26.1455 0.0000 0.0000 9.8067 -34.9732 -43.9998 25.9161 7.1250 -0.0000 -0.0000 8.3763 -79.5641 -6.7271
0.3383 14.5357 1.7068 -2.6088 -4.4078 23.8529 0.0000 0.0000 0.0000 -4.0773 -17.2333 -63.8883 16.9375 19.7736 81.0134 3.1433 2.3963 -34.4535 1.0419 -6.4915 -18.2174 0.0000 0.0000 0.0000 9.4652 23.2420 -65.2195 -16.8088 -19.7541 80.6327 -2.2684 -10.4714 -33.7368 -0.5603 4.7945 -13.3233 -0.3979 -1.2077 4.6812 1.9044 -1.5227 -6.2260 2.4338 -0.6464 -9.1406 -2.4718 -0.6849 -19.5047 1.3253 -0.4763 11.8140 0.7765 -0.2231 6.7936 0.0000 -0.0000 0.0000 -76.2211 8.3183 42.4671 43.5263 -50.0257 -21.1032 -0.0000 -0.0000 0.3725 35.4490 -32.2863 -20.8212 -7.1250 0.0000 -0.0000 1.9268 -7.7988 -2.1715 0.0000 -0.0000 0.0000 84.5863 -14.0737 26.9756 -51.6894 53.6546 -27.5292 0.0000 0.0000 10.6057 -37.0770 -45.6490 28.3847 7.1250 -0.0000 -0.0000 8.0223 -81.9545 -6.8249
0.3295 14.5452 1.7169 -2.3760 -4.6289 23.4347 0.0000 0.0000 0.0000 -4.6989 -16.8352 -63.1709 16.7497 19.7448 80.4578 3.1990 2.4271 -34.7616 0.9747 -6.2852 -17.6142 0.0000 0.0000 0.0000 9.4458 23.2265 -64.7055 -16.7409 -19.7434 80.4318 -2.2172 -10.4328 -33.4204 -0.5945 4.9361 -13.7264 -0.8420 -1.0946 4.8431 1.8447 -1.4146 -6.3663 2.6154 -0.5607 -9.3877 -2.8148 -0.8233 -19.0470 1.7696 -0.6606 12.2802 0.9574 -0.2904 6.8768 -0.0000 -0.0000 0.0000 -75.3666 8.6336 43.3404 44.7535 -50.6471 -22.0479 -0.0000 -0.0000 0.5242 33.4421 -31.9959 -19.2868 -7.1250 0.0000 -0.0000 0.8934 -6.8394 -0.9936 -0.0000 -0.0000 0.0000 84.0981 -14.8665 27.7379 -53.5163 54.3189 -29.0070 0.0000 0.0000 11.7906 -38.2849 -46.4009 29.7529 7.1250 -0.0000 -0.0000 7.2991 -83.1510 -6.3794
0.3260 14.5531 1.7489 -2.4423 -4.9034 23.2287 0.0000 0.0000 0.0000 -5.0013 -16.3650 -62.6624 16.5949 19.7197 79.9993 3.1717 2.7615 -34.7422 1.0304 -6.4568 -18.1158 0.0000 0.0000 0.0000 9.6625 23.2732 -64.2417 -16.6225 -19.7243 80.0810 -2.1064 -10.6134 -32.9031 -0.7013 5.3529 -14.9177 -0.9420 -0.9537 4.5388 1.8587 -1.2306 -6.7044 2.6638 -0.4583 -9.5872 -3.1647 -0.9010 -18.1633 2.2309 -0.7844 12.8372 1.1529 -0.3307 6.9178 0.0000 -0.0000 0.0000 -74.5182 9.2504 44.3320 45.8881 -51.1962 -22.9288 -0.0000 -0.0000 1.0140 33.0412 -32.3884 -19.2087 -7.1250 0.0000 -0.0000 0.5846 -7.1338 -0.6527 0.0000 -0.0000 0.0000 83.5910 -16.0150 28.4660 -55.3042 54.9229 -30.4648 0.0000 0.0000 13.1892 -35.7394 -46.3463 27.5042 7.1250 -0.0000 -0.0000 13.8220 -82.0116 -11.7892
0.3203 14.6952 1.8415 -2.5994 -5.7856 23.3754 0.0000 0.0000 0.0000 -5.7113 -15.4069 -61.3620 16.1720 19.6450 78.7436 3.2091 2.8785 -34.9849 1.0290 -6.4524 -18.1029 0.0000 0.0000 0.0000 9.9488 23.5254 -62.9239 -16.1830 -19.6470 78.7764 -2.1440 -10.1597 -32.8165 -0.7175 5.4131 -15.0907 -1.0382 -0.6182 2.8194 1.7827 -0.7875 -6.8524 2.5484 -0.2496 -8.7508 -3.4173 -0.9576 -17.5610 2.5888 -0.8875 13.5443 1.3024 -0.3660 7.0528 -0.0000 -0.0000 0.0000 -73.6376 9.6801 45.2536 47.1094 -51.7610 -23.8843 -0.0000 -0.0000 1.7597 35.8109 -32.7652 -21.3297 -7.1250 0.0000 -0.0000 2.0074 -8.4358 -2.2815 -0.0000 -0.0000 0.0000 83.1521 -16.8733 29.1426 -56.7845 55.3904 -31.6798 0.0000 0.0000 14.5081 -32.6033 -43.4758 23.7534 7.1250 -0.0000 -0.0000 11.8642 -78.1366 -9.1932
0.2979 14.7893 1.8784 -3.0577 -6.8924 23.7456 0.0000 0.0000 0.0000 -5.7256 -14.1405 -60.9587 15.8082 19.5734 77.6598 3.1398 2.3217 -34.4071 0.9843 -6.3150 -17.7011 0.0000 0.0000 0.0000 10.2404 24.4829 -62.3344 -15.7404 -19.5593 77.4574 -2.1025 -9.7224 -32.2846 -0.6569 5.1842 -14.4346 -1.3229 -0.1367 1.6015 1.8227 -0.1479 -7.0418 2.6754 0.0815 -8.2740 -3.7096 -1.0556 -17.2320 2.9942 -1.0406 14.1741 1.4691 -0.4213 7.2113 0.0000 -0.0000 0.0000 -72.7242 9.6790 46.2411 48.2488 -52.2643 -24.7824 -0.0000 -0.0000 2.1267 36.1235 -33.0839 -21.7221 -7.1250 0.0000 -0.0000 2.0977 -8.8850 -2.3980 0.0000 -0.0000 0.0000 82.7425 -17.5104 29.8040 -58.2693 55.8308 -32.9050 0.0000 0.0000 15.4315 -33.1850 -44.7628 24.7277 7.1250 -0.0000 -0.0000 14.0327 -79.5400 -11.2830
0.3007 14.9215 1.9318 -3.0044 -7.0073 23.7572 0.0000 0.0000 0.0000 -6.0734 -14.0516 -59.8930 15.2710 19.4552 76.0518 2.8883 2.0058 -32.9153 1.0114 -6.3988 -17.9461 0.0000 0.0000 0.0000 10.5242 24.1160 -61.2404 -15.1651 -19.4300 75.7334 -2.0152 -9.3607 -31.5240 -0.6399 5.1177 -14.2447 -1.2316 0.0133 0.5411 1.7055 0.0571 -7.1406 2.4770 0.1669 -7.7699 -3.9731 -1.2112 -16.8360 3.3845 -1.2823 14.7014 1.6167 -0.5194 7.3291 0.0000 -0.0000 0.0000 -71.8198 9.5112 47.2635 49.1733 -52.6566 -25.5154 -0.0000 -0.0000 2.2668 35.8398 -33.0733 -21.5122 -7.1250 0.0000 -0.0000 1.9472 -8.7764 -2.2226 0.0000 -0.0000 0.0000 82.3640 -18.2711 30.4921 -59.8734 56.2761 -34.2358 0.0000 0.0000 15.8584 -33.7274 -44.5725 25.1048 7.1250 -0.0000 -0.0000 12.4340 -79.5900 -10.0042
0.3113 15.0961 1.9979 -2.8570 -6.3040 23.1376 0.0000 0.0000 0.0000 -6.4602 -14.5460 -57.8923 14.6183 19.2910 74.0842 2.7391 1.6645 -31.9455 0.9934 -6.3432 -17.7835 0.0000 0.0000 0.0000 11.3615 22.8902 -59.1349 -14.4810 -19.2535 73.6683 -1.9478 -8.9050 -30.8133 -0.6261 5.0631 -14.0887 -0.8278 -0.0776 0.1673 1.6449 -0.0491 -7.2118 2.1924 0.0849 -7.6210 -4.1627 -1.3595 -16.3036 3.5934 -1.5139 15.4299 1.6956 -0.6274 7.4886 0.0000 -0.0000 0.0000 -71.0813 9.7302 48.1632 50.2924 -53.1128 -26.4078 -0.0000 -0.0000 2.4382 35.6780 -33.0004 -21.3580 -7.1250 0.0000 -0.0000 1.8777 -8.6431 -2.1396 0.0000 -0.0000 0.0000 81.9745 -19.1768 31.1951 -61.1132 56.5993 -35.2689 0.0000 0.0000 15.7953 -33.9799 -43.9284 25.0604 7.1250 -0.0000 -0.0000 10.2688 -79.1010 -8.1547
0.3084 15.2936 2.0701 -2.8046 -5.5483 22.0994 0.0000 0.0000 0.0000 -6.9133 -14.7404 -55.2740 13.8762 19.0761 71.8261 2.4758 1.3561 -30.2838 1.1050 -6.6790 -18.7679 0.0000 0.0000 0.0000 12.5769 21.6515 -56.2720 -13.6894 -19.0171 71.2536 -1.7925 -8.9320 -29.8481 -0.7151 5.4041 -15.0648 -0.5833 -0.2089 0.2415 1.6888 -0.2114 -7.2536 2.1135 -0.0085 -7.7022 -4.3863 -1.4032 -15.7415 3.8049 -1.6059 16.3698 1.7990 -0.6720 7.7074 0.0000 -0.0000 0.0000 -70.4736 10.2446 48.9707 51.5348 -53.5961 -27.4047 -0.0000 -0.0000 2.2908 35.5569 -32.6649 -21.0962 -7.1250 0.0000 -0.0000 1.8942 -8.2421 -2.1472 0.0000 -0.0000 0.0000 81.5740 -20.1478 31.9800 -61.9866 56.8165 -35.9990 0.0000 0.0000 15.4893 -34.1487 -43.4305 25.0000 7.1250 -0.0000 -0.0000 8.7735 -78.7024 -6.8930
0.3078 15.5111 2.1500 -2.7000 -4.9357 20.9862 0.0000 0.0000 0.0000 -7.6089 -14.6855 -52.4030 13.0625 18.8046 69.3197 2.2278 0.7275 -28.5222 1.1426 -6.7879 -19.0885 0.0000 0.0000 0.0000 13.6993 20.2654 -53.2157 -12.8276 -18.7190 68.5891 -1.5832 -9.0461 -28.5423 -0.8456 5.8653 -16.3941 -0.3584 -0.3354 0.2362 1.6589 -0.3739 -7.1588 1.9655 -0.1057 -7.5902 -4.5441 -1.4465 -15.5055 3.9453 -1.6913 17.3750 1.8702 -0.7135 8.0054 -0.0000 0.0000 0.0000 -69.8369 10.4937 49.7137 52.4107 -53.9227 -28.1111 -0.0000 -0.0000 1.8360 35.1933 -32.2398 -20.6175 -7.1250 0.0000 -0.0000 1.7982 -7.6638 -2.0229 -0.0000 0.0000 0.0000 81.2881 -20.9267 32.7400 -62.7800 57.0063 -36.6637 0.0000 0.0000 15.2934 -34.1619 -43.6692 25.1072 7.1250 -0.0000 -0.0000 9.2871 -78.9318 -7.3410
0.3119 15.7521 2.2248 -2.7841 -4.5242 19.9457 0.0000 0.0000 0.0000 -8.1717 -14.3321 -49.5247 12.2030 18.4752 66.6309 1.9973 -0.0644 -26.7455 1.1658 -6.8542 -19.2841 0.0000 0.0000 0.0000 14.8295 18.9500 -50.1416 -11.9060 -18.3506 65.6905 -1.3839 -8.4834 -26.7476 -0.8149 5.7604 -16.0909 0.0778 -0.3720 0.0790 1.6352 -0.4090 -6.9153 1.6930 -0.1543 -7.2364 -4.7616 -1.5293 -15.5582 4.0761 -1.8042 18.3913 1.9458 -0.7706 8.3635 -0.0000 -0.0000 0.0000 -69.2457 10.3711 50.3273 52.9091 -54.1035 -28.5144 -0.0000 -0.0000 1.3653 35.0184 -31.6170 -20.1697 -7.1250 0.0000 -0.0000 1.8488 -6.9351 -2.0596 -0.0000 -0.0000 0.0000 81.0698 -21.3753 33.3654 -63.3710 57.1433 -37.1597 0.0000 0.0000 15.2421 -34.2487 -44.1939 25.3894 7.1250 -0.0000 -0.0000 10.3791 -79.4544 -8.3170
0.3105 15.9990 2.2867 -3.1540 -4.2166 19.2154 0.0000 0.0000 0.0000 -8.3286 -13.6869 -47.0348 11.3199 18.0881 63.8162 1.7169 -0.6153 -24.6097 1.4293 -7.5596 -21.3842 0.0000 0.0000 0.0000 15.9985 18.0053 -47.3999 -10.9484 -17.9098 62.6140 -1.1342 -7.6675 -24.2564 -0.7161 5.4080 -15.0759 0.6476 -0.3470 -0.4126 1.6921 -0.3561 -6.9581 1.4254 -0.1614 -7.0019 -5.1506 -1.5269 -14.4476 4.4573 -1.8623 19.0948 2.1407 -0.8013 8.4095 0.0000 -0.0000 0.0000 -68.7369 10.8177 50.9311 53.6391 -54.3618 -29.1068 -0.0000 -0.0000 0.8326 34.9229 -31.3231 -19.9494 -7.1250 0.0000 -0.0000 1.8642 -6.5865 -2.0668 0.0000 -0.0000 0.0000 80.8406 -22.1923 34.0948 -63.3908 57.1478 -37.1764 0.0000 0.0000 15.3512 -34.2543 -43.5594 25.1394 7.1250 -0.0000 -0.0000 8.8481 -78.8652 -6.9812
0.3064 16.2398 2.3440 -3.6580 -3.9289 18.8314 0.0000 0.0000 0.0000 -8.2013 -12.9941 -45.0370 10.4452 17.6527 60.9662 1.4142 -1.3425 -22.0923 1.7682 -8.3655 -23.8299 0.0000 0.0000 0.0000 17.0757 17.2207 -44.9726 -9.9924 -17.4056 59.4631 -0.9248 -6.6249 -21.7271 -0.5611 4.7980 -13.3334 1.2723 -0.2808 -1.1451 1.7701 -0.2587 -6.9438 1.1451 -0.1477 -6.5687 -5.1947 -1.4937 -14.0797 4.4960 -1.8597 20.0008 2.1718 -0.8064 8.6493 0.0000 -0.0000 0.0000 -68.3019 11.0446 51.2663 54.6132 -54.6947 -29.9001 -0.0000 -0.0000 0.1885 34.4412 -31.6874 -19.8103 -7.1250 0.0000 -0.0000 1.5144 -6.8242 -1.6842 0.0000 -0.0000 0.0000 80.7202 -22.5949 34.7725 -63.0534 57.0702 -36.8931 0.0000 0.0000 15.4703 -34.0636 -42.2676 24.4540 7.1250 -0.0000 -0.0000 6.6008 -77.5603 -5.0278
0.2887 16.5222 2.4269 -3.9232 -4.5693 18.1991 0.0000 0.0000 0.0000 -8.4868 -11.7322 -42.5981 9.5033 17.1209 57.8148 1.1113 -2.7241 -19.2040 1.7137 -8.2423 -23.4524 0.0000 0.0000 0.0000 17.7100 17.3592 -41.9969 -9.0213 -16.8214 56.1637 -0.6846 -5.9121 -18.8840 -0.6604 5.1975 -14.4727 1.2437 0.0234 -1.6887 1.7464 0.1332 -6.8728 1.1162 0.0487 -6.1839 -4.8729 -1.4090 -14.2355 4.0588 -1.7507 21.4016 1.9969 -0.7794 9.1460 0.0000 0.0000 0.0000 -67.8536 11.3038 51.5978 55.3716 -54.9449 -30.5200 -0.0000 0.0000 -0.5878 34.0454 -31.8820 -19.6397 -7.1250 0.0000 -0.0000 1.2517 -6.9072 -1.3935 0.0000 0.0000 0.0000 80.7331 -23.0958 35.4030 -62.7587 57.0013 -36.6459 0.0000 0.0000 15.5587 -34.5145 -41.6238 24.5493 7.1250 -0.0000 -0.0000 4.6117 -77.1040 -3.4675
0.2835 16.8318 2.4897 -3.8542 -4.5729 17.8504 0.0000 0.0000 0.0000 -8.8784 -11.3800 -40.4180 8.5391 16.5018 54.4819 0.7652 -3.4966 -15.7150 1.7754 -8.3816 -23.8792 0.0000 0.0000 0.0000 17.9246 16.9086 -39.9155 -8.1150 -16.2032 52.9760 -0.3511 -6.0510 -15.0401 -2.1565 9.1847 -26.3749 1.3217 0.0839 -2.2158 1.6290 0.1994 -7.0059 0.9482 0.0738 -6.0237 -4.7853 -1.4003 -14.2389 3.8404 -1.7434 22.7702 1.9230 -0.7985 9.6219 -0.0000 0.0000 0.0000 -67.4721 11.5280 51.9234 55.6569 -55.0370 -30.7537 -0.0000 0.0000 -1.5251 34.3665 -31.9252 -19.8815 -7.1250 0.0000 -0.0000 1.4185 -7.0561 -1.5825 -0.0000 0.0000 0.0000 80.8413 -23.5893 36.0479 -62.0035 56.8206 -36.0131 0.0000 0.0000 15.8973 -35.6993 -41.8328 25.6059 7.1250 -0.0000 -0.0000 2.5552 -77.7539 -1.9553
0.2862 17.1561 2.5605 -3.6151 -4.6695 17.6593 0.0000 0.0000 0.0000 -9.5315 -11.1361 -38.1678 7.5411 15.7711 50.8925 0.4404 -3.4093 -11.8318 2.1589 -9.1896 -26.3902 0.0000 0.0000 0.0000 17.7737 16.4603 -38.1023 -7.2352 -15.5268 49.7582 -0.1025 -5.6458 -10.5498 -2.9766 10.6571 -31.1320 1.3770 0.1789 -3.2583 1.4162 0.2911 -6.9793 0.6942 0.1116 -5.3994 -5.0068 -1.5028 -14.1642 3.9908 -1.9010 23.7904 2.0060 -0.8795 9.9818 -0.0000 0.0000 0.0000 -67.1491 11.5997 52.1273 55.6441 -55.0328 -30.7432 -0.0000 0.0000 -2.1923 34.8878 -31.9142 -20.2351 -7.1250 0.0000 -0.0000 1.7077 -7.2129 -1.9094 -0.0000 0.0000 0.0000 81.0363 -23.8806 36.5866 -61.0667 56.5875 -35.2301 0.0000 0.0000 16.3857 -36.5957 -42.0645 26.4496 7.1250 -0.0000 -0.0000 0.9984 -78.3202 -0.7756
0.2793 17.4853 2.6140 -3.4363 -4.4503 17.7671 0.0000 0.0000 0.0000 -9.8289 -11.2479 -36.4182 6.5829 14.9704 47.2786 0.1516 -3.2881 -6.9523 2.3572 -9.5735 -27.6064 0.0000 0.0000 0.0000 17.4705 16.4083 -36.6837 -6.4139 -14.8178 46.6212 0.0393 -4.8335 -5.2934 -2.9407 10.5984 -30.9371 1.4301 0.1570 -4.2771 1.2665 0.2335 -7.1426 0.5118 0.0766 -4.9941 -5.2555 -1.5731 -13.9977 4.2169 -2.0346 24.8194 2.1255 -0.9450 10.3331 0.0000 -0.0000 0.0000 -66.8865 12.0543 52.1198 55.6924 -55.0483 -30.7827 -0.0000 0.0000 -2.4051 34.9817 -31.6212 -20.1465 -7.1250 0.0000 -0.0000 1.8277 -6.9276 -2.0357 0.0000 -0.0000 0.0000 81.2672 -24.3617 37.0533 -60.2843 56.3852 -34.5778 0.0000 0.0000 16.7963 -36.7704 -41.5293 26.3563 7.1250 -0.0000 -0.0000 -0.1903 -77.8510 0.1460
0.2877 17.8366 2.6958 -3.3592 -4.6791 17.6117 0.0000 0.0000 0.0000 -10.2526 -11.1434 -34.2197 5.6695 14.1002 43.6405 -0.0007 -2.5132 -1.7102 2.3522 -9.5642 -27.5765 0.0000 0.0000 0.0000 17.1632 16.6045 -34.7576 -5.6124 -14.0419 43.4056 0.0546 -4.3825 -0.0685 -2.5280 9.8886 -28.6167 1.7149 0.2869 -5.1653 1.1059 0.3768 -7.2855 0.1897 0.1302 -4.6426 -5.4534 -1.5492 -13.5654 4.2547 -2.0146 25.8718 2.1915 -0.9613 10.6360 0.0000 0.0000 0.0000 -66.7841 12.8712 51.9145 55.7679 -55.0725 -30.8446 -0.0000 0.0000 -2.8579 35.3353 -31.9332 -20.5557 -7.1250 0.0000 -0.0000 1.9487 -7.3805 -2.1841 0.0000 0.0000 0.0000 81.4522 -24.8906 37.5411 -59.0732 56.0579 -33.5711 0.0000 0.0000 17.0426 -36.7822 -40.5526 25.9223 7.1250 -0.0000 -0.0000 -1.4941 -76.8690 1.1156
0.2985 18.1692 2.7649 -3.2784 -4.8991 17.6109 0.0000 0.0000 0.0000 -10.5706 -11.1126 -32.5055 4.8741 13.2406 40.2760 0.0209 -1.2198 3.4643 2.1211 -9.1140 -26.1525 0.0000 0.0000 0.0000 16.8364 16.7568 -33.1919 -4.8758 -13.2425 40.2832 -0.0447 -4.4709 4.5851 -2.2581 9.3841 -27.0044 1.9844 0.4547 -6.1333 0.9741 0.5651 -7.4366 -0.0889 0.2093 -4.2556 -5.6069 -1.5559 -13.1016 4.0283 -1.9752 26.8624 2.1566 -0.9975 10.9115 -0.0000 0.0000 0.0000 -66.7069 13.5000 51.8579 55.5158 -54.9915 -30.6380 -0.0000 0.0000 -3.9905 36.1700 -33.0167 -21.7202 -7.1250 0.0000 -0.0000 2.1395 -8.8289 -2.4442 -0.0000 0.0000 0.0000 81.5712 -25.1114 38.0679 -57.2438 55.5296 -32.0581 0.0000 0.0000 16.8222 -37.0767 -40.3781 26.0834 7.1250 -0.0000 -0.0000 -2.3176 -76.7975 1.7272
0.3057 18.4993 2.8198 -3.3246 -5.2245 17.6236 0.0000 0.0000 0.0000 -10.6646 -10.9500 -31.1324 4.1990 12.4206 37.2366 0.1869 0.3940 8.0343 1.6491 -8.0934 -22.9981 0.0000 0.0000 0.0000 16.6834 17.0420 -31.7163 -4.2029 -12.4256 37.2547 -0.2241 -4.8053 8.5609 -2.0526 8.9749 -25.7167 2.2408 0.6695 -6.9395 0.9028 0.8176 -7.5362 -0.2918 0.3238 -3.9045 -5.6548 -1.6815 -13.1876 3.6408 -2.0559 28.0596 2.0295 -1.0956 11.3869 -0.0000 -0.0000 0.0000 -66.6303 13.9750 51.9265 54.9719 -54.8140 -30.1930 -0.0000 0.0000 -5.1858 37.0257 -33.6401 -22.6771 -7.1250 0.0000 -0.0000 2.4408 -9.7981 -2.8229 -0.0000 -0.0000 0.0000 81.6245 -25.2489 38.6543 -55.4801 54.9800 -30.6088 0.0000 0.0000 16.3061 -37.4227 -41.1217 26.7130 7.1250 -0.0000 -0.0000 -2.1740 -77.6798 1.6602
0.3099 18.8238 2.8669 -3.5501 -5.7051 17.8053 0.0000 0.0000 0.0000 -10.4871 -10.7271 -30.2044 3.6799 11.7218 34.7548 0.4196 1.8735 11.7296 1.2708 -7.1450 -20.1456 0.0000 0.0000 0.0000 16.6746 17.5159 -30.4686 -3.6447 -11.6720 34.5813 -0.4400 -5.1656 11.8285 -1.8119 8.4628 -24.1288 2.5630 0.9218 -7.6795 0.9142 1.1164 -7.6588 -0.4391 0.4607 -3.6136 -5.5502 -1.8023 -13.6364 3.0978 -2.0947 29.2923 1.8189 -1.1777 11.9574 -0.0000 0.0000 0.0000 -66.6429 14.4399 51.9210 54.1942 -54.5531 -29.5584 -0.0000 0.0000 -6.1594 37.7426 -33.3796 -23.0684 -7.1250 0.0000 -0.0000 2.8920 -9.7763 -3.3449 -0.0000 0.0000 0.0000 81.6859 -25.4998 39.0758 -54.2232 54.5630 -29.5820 0.0000 0.0000 16.0719 -37.2582 -41.2232 26.6228 7.1250 -0.0000 -0.0000 -1.6796 -77.7223 1.2840
0.3120 19.1336 2.9160 -3.7742 -6.1409 18.1506 0.0000 0.0000 0.0000 -10.2598 -10.6030 -29.6348 3.3169 11.1912 32.9276 0.6412 3.4753 14.3454 0.8820 -5.9869 -16.7464 0.0000 0.0000 0.0000 16.7168 17.8381 -29.5283 -3.2154 -11.0358 32.4007 -0.4769 -6.3673 12.4134 -1.6848 8.1761 -23.2504 2.8867 1.1447 -8.6773 0.9576 1.3583 -7.7121 -0.5459 0.5736 -3.1096 -5.5431 -1.8289 -14.1521 2.6738 -1.9898 30.3722 1.6833 -1.1924 12.4911 -0.0000 0.0000 0.0000 -66.7078 14.8285 51.7844 53.3943 -54.2760 -28.9079 -0.0000 0.0000 -7.1955 38.1345 -33.1651 -23.2424 -7.1250 0.0000 -0.0000 3.1580 -9.6879 -3.6494 -0.0000 0.0000 0.0000 81.8202 -25.5634 39.2223 -52.9021 54.1010 -28.5088 0.0000 0.0000 16.3053 -36.8464 -40.0485 25.7417 7.1250 -0.0000 -0.0000 -2.2062 -76.3779 1.6247
0.3158 19.4141 2.9624 -3.6697 -6.1273 18.1296 0.0000 0.0000 0.0000 -10.3941 -10.7297 -28.9136 3.1014 10.8574 31.8003 0.6527 5.0360 14.3881 1.0333 -6.4657 -18.1418 0.0000 0.0000 0.0000 16.6871 17.6290 -28.5589 -2.9348 -10.5888 30.9052 -0.5422 -6.4975 13.2065 -2.0057 8.8779 -25.4142 2.9846 1.1751 -9.4176 0.9497 1.3596 -7.6444 -0.5943 0.5761 -2.6304 -5.6824 -1.8362 -14.6945 2.4636 -1.8720 31.4278 1.6544 -1.1938 13.0394 0.0000 0.0000 0.0000 -66.7720 15.3139 51.6432 52.8741 -54.0909 -28.4861 -0.0000 0.0000 -8.2006 38.6618 -33.6216 -23.8932 -7.1250 0.0000 -0.0000 3.3179 -10.3767 -3.8671 0.0000 0.0000 0.0000 81.9618 -25.5775 39.2880 -51.4729 53.5725 -27.3549 0.0000 0.0000 16.4209 -36.5896 -38.8616 24.9762 7.1250 -0.0000 -0.0000 -2.8893 -75.0659 2.0475
0.3206 19.6606 2.9770 -3.5422 -6.2351 18.3887 0.0000 0.0000 0.0000 -10.5202 -10.8785 -28.8879 3.0219 10.7305 31.3761 0.6463 6.5772 14.3768 1.1144 -6.7066 -18.8489 0.0000 0.0000 0.0000 16.3817 17.8751 -28.3536 -2.7782 -10.3270 30.0421 -0.5941 -7.0887 13.8618 -2.2069 9.2845 -26.6893 2.9049 1.2449 -9.9407 0.9520 1.4405 -7.8689 -0.5332 0.6185 -2.5811 -5.6767 -1.8765 -14.6407 2.1004 -1.8227 32.0561 1.5255 -1.2290 13.2902 -0.0000 0.0000 0.0000 -66.8461 16.1169 51.6709 52.4096 -53.9223 -28.1103 -0.0000 0.0000 -8.8293 39.6694 -34.0434 -24.9039 -7.1250 0.0000 -0.0000 3.7357 -11.2165 -4.3994 -0.0000 0.0000 0.0000 82.0315 -25.9337 39.4449 -50.5493 53.2147 -26.6135 0.0000 0.0000 15.5862 -36.3693 -38.0709 24.4234 7.1250 -0.0000 -0.0000 -3.1645 -74.1689 2.1817
