HIERARCHY
ROOT Hips
{
	OFFSET 0.00000 0.00000 0.00000
	CHANNELS 6 Xposition Yposition Zposition Zrotation Yrotation Xrotation 
	JOINT LHipJoint
	{
		OFFSET 0 0 0
		CHANNELS 3 Zrotation Yrotation Xrotation
		JOINT LeftUpLeg
		{
			OFFSET 1.38280 -1.96574 0.54427
			CHANNELS 3 Zrotation Yrotation Xrotation
			JOINT LeftLeg
			{
				OFFSET 2.72096 -7.47578 0.00000
				CHANNELS 3 Zrotation Yrotation Xrotation
				JOINT LeftFoot
				{
					OFFSET 2.73041 -7.50176 0.00000
					CHANNELS 3 Zrotation Yrotation Xrotation
					JOINT LeftToeBase
					{
						OFFSET 0.16150 -0.44371 2.18031
						CHANNELS 3 Zrotation Yrotation Xrotation
						End Site
						{
							OFFSET 0.00000 -0.00000 1.12127
						}
					}
				}
			}
		}
	}
	JOINT RHipJoint
	{
		OFFSET 0 0 0
		CHANNELS 3 Zrotation Yrotation Xrotation
		JOINT RightUpLeg
		{
			OFFSET -1.57224 -1.96575 0.54427
			CHANNELS 3 Zrotation Yrotation Xrotation
			JOINT RightLeg
			{
				OFFSET -2.95935 -8.13076 0.00000
				CHANNELS 3 Zrotation Yrotation Xrotation
				JOINT RightFoot
				{
					OFFSET -2.52345 -6.93311 0.00000
					CHANNELS 3 Zrotation Yrotation Xrotation
					JOINT RightToeBase
					{
						OFFSET -0.04475 -0.10171 1.86688
						CHANNELS 3 Zrotation Yrotation Xrotation
						End Site
						{
							OFFSET -0.00000 -0.00000 0.95157
						}
					}
				}
			}
		}
	}
	JOINT LowerBack
	{
		OFFSET 0 0 0
		CHANNELS 3 Zrotation Yrotation Xrotation
		JOINT Spine
		{
			OFFSET 0.00669 2.07367 0.09104
			CHANNELS 3 Zrotation Yrotation Xrotation
			JOINT Spine1
			{
				OFFSET -0.00664 2.06198 -0.04732
				CHANNELS 3 Zrotation Yrotation Xrotation
				JOINT Neck
				{
					OFFSET 0 0 0
					CHANNELS 3 Zrotation Yrotation Xrotation
					JOINT Neck1
					{
						OFFSET -0.00021 1.49948 0.16345
						CHANNELS 3 Zrotation Yrotation Xrotation
						JOINT Head
						{
							OFFSET 0.06080 1.50567 -0.26702
							CHANNELS 3 Zrotation Yrotation Xrotation
							End Site
							{
								OFFSET 0.01726 1.56470 -0.11854
							}
						}
					}
				}
				JOINT LeftShoulder
				{
					OFFSET 0 0 0
					CHANNELS 3 Zrotation Yrotation Xrotation
					JOINT LeftArm
					{
						OFFSET 3.14993 0.82932 -0.22488
						CHANNELS 3 Zrotation Yrotation Xrotation
						JOINT LeftForeArm
						{
							OFFSET 5.68236 -0.00000 -0.00000
							CHANNELS 3 Zrotation Yrotation Xrotation
							JOINT LeftHand
							{
								OFFSET 3.17112 -0.00000 0.00000
								CHANNELS 3 Zrotation Yrotation Xrotation
								JOINT LeftFingerBase
								{
									OFFSET 0 0 0
									CHANNELS 3 Zrotation Yrotation Xrotation
									JOINT LeftHandIndex1
									{
										OFFSET 0.63269 -0.00000 0.00000
										CHANNELS 3 Zrotation Yrotation Xrotation
										End Site
										{
											OFFSET 0.51009 -0.00000 0.00000
										}
									}
								}
								JOINT LThumb
								{
									OFFSET 0 0 0
									CHANNELS 3 Zrotation Yrotation Xrotation
									End Site
									{
										OFFSET 0.51788 -0.00000 0.51788
									}
								}
							}
						}
					}
				}
				JOINT RightShoulder
				{
					OFFSET 0 0 0
					CHANNELS 3 Zrotation Yrotation Xrotation
					JOINT RightArm
					{
						OFFSET -3.10571 0.91279 -0.33334
						CHANNELS 3 Zrotation Yrotation Xrotation
						JOINT RightForeArm
						{
							OFFSET -5.87120 -0.00000 -0.00000
							CHANNELS 3 Zrotation Yrotation Xrotation
							JOINT RightHand
							{
								OFFSET -3.37589 -0.00000 0.00000
								CHANNELS 3 Zrotation Yrotation Xrotation
								JOINT RightFingerBase
								{
									OFFSET 0 0 0
									CHANNELS 3 Zrotation Yrotation Xrotation
									JOINT RightHandIndex1
									{
										OFFSET -0.60326 -0.00000 0.00000
										CHANNELS 3 Zrotation Yrotation Xrotation
										End Site
										{
											OFFSET -0.48636 -0.00000 0.00000
										}
									}
								}
								JOINT RThumb
								{
									OFFSET 0 0 0
									CHANNELS 3 Zrotation Yrotation Xrotation
									End Site
									{
										OFFSET -0.49379 -0.00000 0.49379
									}
								}
							}
						}
					}
				}
			}
		}
	}
}
MOTION
Frames: 360
Frame Time: .0083333
17.3866 18.0959 0.1789 0 0 0 0 0 0 -21 0 0 0 0 0 0 0 0 0 0 0 0 0 0 21 0 0 0 0 0 0 0 0 0 0 0 0 0 0 0 0 0 0 0 0 0 0 -16 0 0 21 0 0 11 0 0 0 -8 0 0 0 0 0 0 0 0 0 0 0 0 0 0 0 0 0 0 0 0 8 0 0 0 0 0 0 0 0 0 0 0 0 0 0 0 0 0
17.3866 18.0959 0.1789 101.6410 -87.8338 -88.1261 0.0000 0.0000 0.0000 -20.8782 -7.8689 -28.2613 4.4238 12.7040 38.2703 1.4950 -6.8072 -21.8948 0.0997 -2.0366 -5.6067 0.0000 0.0000 0.0000 12.9359 16.4902 -24.4657 -4.6272 -12.9513 39.1863 0.4098 15.7336 -5.9903 -3.8519 -11.9607 35.5930 0.2382 0.5144 -10.2994 0.9601 0.5809 1.1673 0.9698 0.2699 7.0106 -5.1814 -1.2202 -14.4957 1.0897 -0.8756 19.9522 1.1170 -0.7609 8.6520 0.0000 0.0000 0.0000 -81.5336 -3.6612 15.8500 18.7593 -29.1185 -4.9132 -0.0000 0.0000 -12.9821 15.7222 33.3418 8.7953 -7.1250 0.0000 -0.0000 -20.6554 63.1689 -9.3118 0.0000 0.0000 0.0000 91.0957 -3.7644 14.2200 -21.3585 32.2444 -6.2401 0.0000 0.0000 14.7206 -26.0115 29.3034 -13.4326 7.1250 -0.0000 -0.0000 2.7871 1.9717 2.8847
17.3744 18.1033 0.2072 100.7580 -87.9169 -87.3075 0.0000 0.0000 0.0000 -20.9316 -7.7706 -28.0899 4.3915 12.6639 38.1228 1.4873 -6.8607 -21.8348 0.0952 -1.9897 -5.4772 0.0000 0.0000 0.0000 12.9689 16.4363 -24.2386 -4.5855 -12.9012 38.9997 0.4038 15.7312 -6.0767 -3.8722 -11.9884 35.6908 0.2784 0.5317 -10.3368 0.8444 0.6074 1.1591 0.8300 0.2870 7.0244 -5.2087 -1.2215 -14.6210 1.2014 -0.8888 20.0875 1.1579 -0.7595 8.7217 -0.0000 -0.0000 0.0000 -82.2037 -3.5520 16.2472 18.4865 -28.7756 -4.7811 -0.0000 0.0000 -12.8618 15.0177 32.9573 8.3036 -7.1250 0.0000 -0.0000 -21.0752 62.6319 -9.2438 -0.0000 -0.0000 0.0000 91.1927 -3.8807 14.6146 -21.1344 31.9849 -6.1210 0.0000 0.0000 14.6680 -26.1141 29.4912 -13.5672 7.1250 -0.0000 -0.0000 2.7582 2.1925 2.8649
17.3626 18.1100 0.2317 98.7018 -88.0304 -85.3242 0.0000 0.0000 0.0000 -20.9093 -7.8262 -27.8924 4.3734 12.6413 38.0402 1.4927 -6.9096 -21.8738 0.0810 -1.8361 -5.0530 0.0000 0.0000 0.0000 13.0506 16.4572 -23.9659 -4.5419 -12.8486 38.8044 0.3884 15.7281 -6.2978 -3.8635 -11.9765 35.6490 0.2634 0.5388 -10.3596 0.7791 0.6236 1.1651 0.7727 0.2959 7.0442 -5.2424 -1.2540 -14.7909 1.2886 -0.9342 20.1983 1.1877 -0.7751 8.7926 -0.0000 -0.0000 0.0000 -82.8686 -3.4692 16.7049 18.2566 -28.4845 -4.6710 -0.0000 0.0000 -12.7323 14.6886 32.7123 8.0630 -7.1250 0.0000 -0.0000 -21.2124 62.3223 -9.1520 -0.0000 -0.0000 0.0000 91.1628 -3.9343 15.2137 -20.8810 31.6892 -5.9873 0.0000 0.0000 14.5097 -26.1905 29.7588 -13.7194 7.1250 -0.0000 -0.0000 2.7577 2.4907 2.8782
17.3521 18.1161 0.2554 95.9547 -88.1316 -82.6377 0.0000 0.0000 0.0000 -20.8827 -7.9780 -27.6688 4.3534 12.6163 37.9487 1.5100 -6.8606 -22.0055 0.0666 -1.6645 -4.5794 0.0000 0.0000 0.0000 13.1213 16.5254 -23.7024 -4.5028 -12.8010 38.6279 0.3723 15.7447 -6.5477 -3.8433 -11.9489 35.5514 0.1355 0.4974 -10.4101 0.8089 0.5821 1.1408 0.8698 0.2699 7.0459 -5.2777 -1.2488 -14.7988 1.2550 -0.9119 20.2484 1.1848 -0.7724 8.8107 0.0000 0.0000 0.0000 -83.6817 -3.2373 17.0682 18.1343 -28.3288 -4.6128 -0.0000 0.0000 -12.3207 14.5533 32.6833 7.9802 -7.1250 0.0000 -0.0000 -21.3332 62.2613 -9.1760 0.0000 0.0000 0.0000 90.8750 -4.0514 16.1890 -20.5897 31.3463 -5.8350 0.0000 0.0000 14.3817 -26.4864 30.1158 -14.0371 7.1250 -0.0000 -0.0000 2.6472 2.9349 2.7822
17.3445 18.1186 0.2817 94.8294 -88.1991 -81.5277 0.0000 0.0000 0.0000 -20.8993 -8.1503 -27.5177 4.3351 12.5934 37.8651 1.5287 -6.7904 -22.1474 0.0565 -1.5340 -4.2195 0.0000 0.0000 0.0000 13.1188 16.6506 -23.5168 -4.4669 -12.7570 38.4657 0.3597 15.7729 -6.7568 -3.8190 -11.9156 35.4340 0.0532 0.4705 -10.4735 0.7970 0.5574 1.0901 0.8999 0.2549 7.0277 -5.2699 -1.2245 -14.8692 1.2392 -0.8761 20.4203 1.1827 -0.7607 8.8811 0.0000 0.0000 0.0000 -84.4396 -2.9581 17.4265 18.0663 -28.2420 -4.5806 -0.0000 0.0000 -11.9829 14.3213 32.5934 7.8301 -7.1250 0.0000 -0.0000 -21.5040 62.1200 -9.1813 0.0000 0.0000 0.0000 90.6197 -4.2246 17.1854 -20.3844 31.1026 -5.7286 0.0000 0.0000 14.3743 -26.5956 30.2517 -14.1567 7.1250 -0.0000 -0.0000 2.6077 3.1034 2.7479
17.3352 18.1173 0.3067 95.5289 -88.2127 -82.1979 0.0000 0.0000 0.0000 -20.9851 -8.2341 -27.4617 4.3169 12.5706 37.7815 1.5433 -6.7487 -22.2577 0.0628 -1.6176 -4.4499 0.0000 0.0000 0.0000 13.0406 16.7463 -23.4245 -4.4339 -12.7165 38.3163 0.3490 15.7444 -6.8747 -3.8246 -11.9232 35.4610 -0.0172 0.4958 -10.5962 0.7060 0.6062 1.0338 0.8528 0.2779 7.0372 -5.2475 -1.2366 -14.9378 1.2986 -0.9106 20.5687 1.1953 -0.7718 8.9457 -0.0000 0.0000 0.0000 -85.0287 -2.6317 18.1035 18.1022 -28.2878 -4.5976 -0.0000 0.0000 -12.1332 14.2966 32.3986 7.7751 -7.1250 0.0000 -0.0000 -21.3583 61.9347 -9.0223 -0.0000 0.0000 0.0000 90.5375 -4.4121 17.8985 -20.3325 31.0409 -5.7018 0.0000 0.0000 14.4346 -26.2357 30.1056 -13.8854 7.1250 -0.0000 -0.0000 2.7891 2.8642 2.9284
17.3235 18.1182 0.3277 93.1693 -88.2048 -79.8427 0.0000 0.0000 0.0000 -21.0886 -8.2268 -27.3826 4.2988 12.5477 37.6982 1.5455 -6.7512 -22.2740 0.0782 -1.8037 -4.9635 0.0000 0.0000 0.0000 12.9775 16.8138 -23.2597 -4.4040 -12.6794 38.1801 0.3353 15.7362 -7.0550 -3.8309 -11.9320 35.4918 -0.1525 0.5067 -10.7452 0.6133 0.6446 0.9815 0.8390 0.2932 7.0655 -5.1368 -1.2662 -14.7817 1.2784 -0.9843 20.5027 1.1614 -0.7995 8.8959 0.0000 0.0000 0.0000 -85.5525 -2.2548 18.8116 18.1719 -28.3767 -4.6307 -0.0000 0.0000 -12.1813 14.0048 32.3049 7.5925 -7.1250 0.0000 -0.0000 -21.5901 61.7756 -9.0439 0.0000 0.0000 0.0000 90.5316 -4.5637 18.2603 -20.2600 30.9543 -5.6645 0.0000 0.0000 14.6689 -25.7706 30.1850 -13.6442 7.1250 -0.0000 -0.0000 3.0687 2.8368 3.2214
17.3138 18.1226 0.3470 87.5383 -88.2537 -74.2414 0.0000 0.0000 0.0000 -21.0883 -8.2878 -27.2400 4.2810 12.5252 37.6163 1.5390 -6.8623 -22.2218 0.0716 -1.7267 -4.7509 0.0000 0.0000 0.0000 13.0226 16.9470 -22.9762 -4.3763 -12.6450 38.0538 0.3160 15.8347 -7.4167 -3.8440 -11.9499 35.5549 -0.2204 0.4964 -10.8284 0.5288 0.6454 0.9156 0.7889 0.2928 7.0428 -4.9561 -1.2840 -14.6701 1.2530 -1.0559 20.5088 1.1144 -0.8228 8.8783 -0.0000 -0.0000 0.0000 -86.0391 -1.9272 19.3048 18.1574 -28.3582 -4.6237 -0.0000 0.0000 -11.9673 13.6299 32.1592 7.3542 -7.1250 0.0000 -0.0000 -21.8649 61.5491 -9.0477 -0.0000 -0.0000 0.0000 90.5683 -4.6077 18.5146 -20.0758 30.7336 -5.5700 0.0000 0.0000 15.0464 -25.5718 30.3657 -13.5985 7.1250 -0.0000 -0.0000 3.2121 2.9782 3.3798
17.3051 18.1253 0.3673 82.5087 -88.3311 -69.1968 0.0000 0.0000 0.0000 -21.0392 -8.4175 -27.1398 4.2643 12.5040 37.5390 1.5471 -6.9452 -22.2788 0.0580 -1.5546 -4.2764 0.0000 0.0000 0.0000 13.1067 16.9185 -22.8076 -4.3494 -12.6114 37.9307 0.3113 15.9526 -7.5963 -3.8925 -12.0160 35.7886 -0.2239 0.4707 -10.9102 0.4776 0.6146 0.8397 0.7320 0.2786 7.0094 -4.9452 -1.2567 -14.7308 1.3664 -1.0451 20.6305 1.1526 -0.8071 8.9308 0.0000 0.0000 0.0000 -86.5639 -1.5863 19.7370 18.1970 -28.4087 -4.6426 -0.0000 0.0000 -11.9236 13.5655 32.0416 7.2949 -7.1250 0.0000 -0.0000 -21.8318 61.4252 -8.9690 0.0000 0.0000 0.0000 90.5090 -4.5830 18.9710 -19.8730 30.4891 -5.4668 0.0000 0.0000 15.3542 -25.6961 30.5051 -13.7261 7.1250 -0.0000 -0.0000 3.1640 3.1527 3.3382
17.2956 18.1253 0.3887 81.2068 -88.3214 -67.8909 0.0000 0.0000 0.0000 -21.1228 -8.5159 -27.0417 4.2490 12.4846 37.4684 1.5654 -6.9160 -22.4145 0.0537 -1.4958 -4.1141 0.0000 0.0000 0.0000 13.0644 16.7291 -22.7422 -4.3224 -12.5775 37.8067 0.3200 15.9813 -7.5110 -3.9172 -12.0494 35.9069 -0.3671 0.4185 -11.0700 0.4590 0.5655 0.8606 0.7869 0.2490 7.1222 -4.9659 -1.2256 -14.8945 1.3662 -0.9828 20.5973 1.1631 -0.7770 8.9476 0.0000 -0.0000 0.0000 -87.1736 -1.4054 20.1357 18.2826 -28.5175 -4.6834 -0.0000 0.0000 -12.0973 13.7350 32.2324 7.4274 -7.1250 0.0000 -0.0000 -21.8162 61.6422 -9.0747 0.0000 -0.0000 0.0000 90.3216 -4.4933 19.5248 -19.8020 30.4031 -5.4308 0.0000 0.0000 15.4678 -25.6242 30.5797 -13.7128 7.1250 -0.0000 -0.0000 3.2173 3.2134 3.3978
17.2849 18.1238 0.4102 82.8445 -88.2453 -69.5767 0.0000 0.0000 0.0000 -21.2969 -8.6937 -26.8282 4.2354 12.4672 37.4055 1.5901 -6.8889 -22.5969 0.0430 -1.3381 -3.6795 0.0000 0.0000 0.0000 12.9278 16.6083 -22.6097 -4.2941 -12.5419 37.6769 0.3257 15.9952 -7.4500 -3.9109 -12.0408 35.8766 -0.5970 0.4175 -11.2346 0.4083 0.5996 0.8914 0.8710 0.2571 7.2465 -4.8961 -1.2440 -14.8782 1.2729 -0.9998 20.4285 1.1174 -0.7854 8.8865 0.0000 -0.0000 0.0000 -87.7608 -1.2880 20.5358 18.2404 -28.4639 -4.6633 -0.0000 0.0000 -12.2132 14.0173 32.2946 7.5973 -7.1250 0.0000 -0.0000 -21.5678 61.7692 -9.0309 0.0000 -0.0000 0.0000 90.2148 -4.4779 19.8075 -19.8145 30.4182 -5.4371 0.0000 0.0000 15.5950 -25.5732 30.5846 -13.6846 7.1250 -0.0000 -0.0000 3.2471 3.2064 3.4291
17.2724 18.1222 0.4303 84.5812 -88.2770 -71.3945 0.0000 0.0000 0.0000 -21.3482 -8.9464 -26.5429 4.2225 12.4508 37.3459 1.6335 -6.8020 -22.9168 0.0345 -1.1997 -3.2984 0.0000 0.0000 0.0000 12.9176 16.5921 -22.3934 -4.2652 -12.5052 37.5433 0.3298 16.0679 -7.4702 -3.9257 -12.0608 35.9475 -0.6728 0.4640 -11.3269 0.3479 0.6760 0.8337 0.8637 0.2926 7.2358 -4.8707 -1.2551 -14.6891 1.3143 -1.0424 20.3546 1.1225 -0.7990 8.8277 0.0000 0.0000 0.0000 -88.2541 -0.9344 20.9783 18.2081 -28.4228 -4.6479 -0.0000 0.0000 -12.3402 14.2729 32.2125 7.7226 -7.1250 0.0000 -0.0000 -21.2210 61.7572 -8.8722 0.0000 0.0000 0.0000 90.1751 -4.6027 19.9771 -19.8076 30.4098 -5.4336 0.0000 0.0000 15.6115 -25.5825 30.6414 -13.7122 7.1250 -0.0000 -0.0000 3.2512 3.2677 3.4367
17.2586 18.1223 0.4487 84.8087 -88.4171 -71.7503 0.0000 0.0000 0.0000 -21.2796 -9.1215 -26.2421 4.2107 12.4357 37.2911 1.6759 -6.6380 -23.2310 0.0377 -1.2527 -3.4444 0.0000 0.0000 0.0000 13.0513 16.6141 -22.1015 -4.2364 -12.4685 37.4100 0.3287 16.1431 -7.5610 -3.9744 -12.1263 36.1802 -0.6591 0.4447 -11.3923 0.3485 0.6484 0.8208 0.8525 0.2794 7.2599 -4.9168 -1.2039 -14.6937 1.4508 -0.9925 20.4167 1.1827 -0.7661 8.8486 -0.0000 -0.0000 0.0000 -88.7425 -0.5725 21.3287 18.2877 -28.5240 -4.6858 -0.0000 0.0000 -12.7175 14.6268 32.2523 7.9286 -7.1250 0.0000 -0.0000 -20.8739 61.8822 -8.7818 -0.0000 -0.0000 0.0000 90.0501 -4.6158 20.3041 -19.7651 30.3583 -5.4121 0.0000 0.0000 15.5710 -25.2842 30.6038 -13.5216 7.1250 -0.0000 -0.0000 3.4151 3.1586 3.6044
17.2459 18.1233 0.4680 83.1422 -88.4968 -70.2248 0.0000 0.0000 0.0000 -21.2690 -9.2899 -25.9365 4.2017 12.4240 37.2491 1.7076 -6.4959 -23.4658 0.0416 -1.3169 -3.6211 0.0000 0.0000 0.0000 13.1343 16.5007 -21.8376 -4.2075 -12.4315 37.2761 0.3309 16.1921 -7.5817 -4.0348 -12.2066 36.4667 -0.7117 0.3903 -11.4992 0.3798 0.5819 0.8725 0.9054 0.2434 7.3764 -5.0074 -1.1527 -14.7497 1.5647 -0.9198 20.3973 1.2450 -0.7259 8.8505 0.0000 0.0000 0.0000 -89.2643 -0.3806 21.5985 18.3235 -28.5694 -4.7029 -0.0000 0.0000 -13.1899 14.8419 32.2978 8.0590 -7.1250 0.0000 -0.0000 -20.6807 61.9781 -8.7436 0.0000 0.0000 0.0000 89.8760 -4.4907 20.5145 -19.7266 30.3116 -5.3927 0.0000 0.0000 15.6835 -24.8410 30.5478 -13.2403 7.1250 -0.0000 -0.0000 3.6591 2.9978 3.8532
17.2360 18.1239 0.4884 81.0980 -88.5038 -68.3152 0.0000 0.0000 0.0000 -21.3346 -9.5000 -25.6345 4.1954 12.4160 37.2199 1.7396 -6.3213 -23.7050 0.0505 -1.4495 -3.9867 0.0000 0.0000 0.0000 13.1437 16.2300 -21.6463 -4.1793 -12.3953 37.1450 0.3441 16.2208 -7.4390 -4.0809 -12.2672 36.6840 -0.8000 0.3962 -11.5667 0.3716 0.6032 0.8821 0.9511 0.2501 7.4240 -4.9828 -1.1678 -14.6267 1.5412 -0.9454 20.2429 1.2297 -0.7359 8.7758 -0.0000 0.0000 0.0000 -89.7257 -0.2341 21.9560 18.2651 -28.4953 -4.6750 -0.0000 0.0000 -13.5759 14.8586 32.4039 8.0917 -7.1250 0.0000 -0.0000 -20.7549 62.0805 -8.8267 -0.0000 0.0000 0.0000 89.7285 -4.4306 20.5428 -19.6979 30.2766 -5.3782 0.0000 0.0000 15.6761 -24.6334 30.6703 -13.1649 7.1250 -0.0000 -0.0000 3.7971 3.0770 4.0041
17.2281 18.1223 0.5082 79.9897 -88.5420 -67.3370 0.0000 0.0000 0.0000 -21.3725 -9.6926 -25.3670 4.1927 12.4125 37.2074 1.7711 -6.0949 -23.9449 0.0726 -1.7380 -4.7822 0.0000 0.0000 0.0000 13.1790 16.0252 -21.4581 -4.1516 -12.3594 37.0156 0.3554 16.2351 -7.3052 -4.0898 -12.2789 36.7259 -0.8486 0.4250 -11.5490 0.3365 0.6504 0.8483 0.9493 0.2723 7.3766 -4.8639 -1.1804 -14.5778 1.4914 -0.9825 20.2015 1.1886 -0.7488 8.7530 0.0000 -0.0000 0.0000 -90.1192 -0.0588 22.3487 18.1948 -28.4059 -4.6415 -0.0000 0.0000 -14.0204 15.1983 32.5392 8.3133 -7.1250 0.0000 -0.0000 -20.5043 62.2916 -8.8174 0.0000 -0.0000 0.0000 89.6323 -4.4502 20.5544 -19.6480 30.2159 -5.3531 0.0000 0.0000 15.6721 -24.7803 30.8201 -13.3072 7.1250 -0.0000 -0.0000 3.7374 3.2659 3.9525
17.2194 18.1211 0.5274 79.3484 -88.6311 -66.7827 0.0000 0.0000 0.0000 -21.3477 -9.9063 -25.1508 4.1940 12.4142 37.2133 1.8109 -5.8866 -24.2419 0.0938 -1.9757 -5.4385 0.0000 0.0000 0.0000 13.2487 15.9705 -21.2642 -4.1229 -12.3221 36.8813 0.3629 16.3041 -7.2778 -4.0586 -12.2380 36.5792 -0.8207 0.4227 -11.5826 0.2848 0.6469 0.8079 0.8783 0.2729 7.3535 -4.7617 -1.1402 -14.6788 1.5473 -0.9592 20.2928 1.1935 -0.7252 8.8010 0.0000 0.0000 0.0000 -90.4616 0.1507 22.5816 18.1480 -28.3462 -4.6193 -0.0000 0.0000 -14.3893 15.5449 32.5521 8.5125 -7.1250 0.0000 -0.0000 -20.1372 62.3916 -8.7001 0.0000 0.0000 0.0000 89.6252 -4.4535 20.5453 -19.6142 30.1747 -5.3361 0.0000 0.0000 15.7398 -24.6947 30.8501 -13.2680 7.1250 -0.0000 -0.0000 3.7910 3.2772 4.0101
17.2100 18.1219 0.5458 76.8687 -88.7120 -64.3610 0.0000 0.0000 0.0000 -21.3080 -10.1453 -24.9560 4.1962 12.4170 37.2237 1.8438 -5.7893 -24.4797 0.0914 -1.9496 -5.3663 0.0000 0.0000 0.0000 13.3161 15.9972 -21.0519 -4.0941 -12.2846 36.7463 0.3647 16.4042 -7.3583 -4.0581 -12.2373 36.5767 -0.7938 0.4131 -11.6837 0.2497 0.6325 0.7427 0.8240 0.2675 7.3423 -4.7780 -1.1070 -14.6887 1.7334 -0.9538 20.3964 1.2604 -0.7063 8.8383 0.0000 0.0000 0.0000 -90.7840 0.4039 22.8288 18.0994 -28.2843 -4.5963 -0.0000 0.0000 -14.5891 15.5075 32.4905 8.4772 -7.1250 0.0000 -0.0000 -20.1241 62.3248 -8.6625 0.0000 0.0000 0.0000 89.6120 -4.4851 20.4579 -19.6118 30.1718 -5.3349 0.0000 0.0000 15.8298 -24.2966 30.8928 -13.0500 7.1250 -0.0000 -0.0000 4.0244 3.2303 4.2550
17.1992 18.1213 0.5641 74.0321 -88.7393 -61.6089 0.0000 0.0000 0.0000 -21.3328 -10.3239 -24.7480 4.1977 12.4189 37.2305 1.8647 -5.7290 -24.6298 0.0905 -1.9404 -5.3410 0.0000 0.0000 0.0000 13.3476 16.0156 -20.8107 -4.0671 -12.2491 36.6190 0.3624 16.4546 -7.4419 -4.0907 -12.2801 36.7301 -0.8945 0.3896 -11.7905 0.2881 0.6124 0.6980 0.9188 0.2526 7.3542 -4.8520 -1.0872 -14.6223 1.8201 -0.9338 20.4270 1.3048 -0.6950 8.8365 -0.0000 0.0000 0.0000 -91.1864 0.5944 23.1490 17.9916 -28.1465 -4.5453 -0.0000 0.0000 -14.7317 15.3295 32.3985 8.3556 -7.1250 0.0000 -0.0000 -20.2382 62.1942 -8.6513 -0.0000 0.0000 0.0000 89.4365 -4.5219 20.4020 -19.6176 30.1789 -5.3378 0.0000 0.0000 15.9555 -24.0408 30.9681 -12.9275 7.1250 -0.0000 -0.0000 4.1818 3.2501 4.4237
17.1869 18.1200 0.5830 73.3388 -88.7494 -61.0724 0.0000 0.0000 0.0000 -21.4177 -10.4512 -24.4614 4.1981 12.4194 37.2324 1.8972 -5.5855 -24.8684 0.1101 -2.1390 -5.8900 0.0000 0.0000 0.0000 13.3605 16.1386 -20.4417 -4.0422 -12.2164 36.5018 0.3521 16.5247 -7.6469 -4.0898 -12.2790 36.7262 -1.0522 0.3670 -11.8491 0.3251 0.6024 0.7047 1.0458 0.2405 7.3930 -4.6956 -1.0750 -14.5892 1.6323 -0.9129 20.3693 1.2172 -0.6922 8.8086 -0.0000 -0.0000 0.0000 -91.5580 0.7027 23.5511 17.8337 -27.9437 -4.4710 -0.0000 0.0000 -14.8745 15.2586 32.3306 8.3003 -7.1250 0.0000 -0.0000 -20.2566 62.1132 -8.6208 -0.0000 -0.0000 0.0000 89.2256 -4.4811 20.3952 -19.5966 30.1533 -5.3272 0.0000 0.0000 15.9708 -23.7559 30.9360 -12.7493 7.1250 -0.0000 -0.0000 4.3390 3.1531 4.5840
17.1774 18.1196 0.6036 72.7484 -88.8149 -60.6379 0.0000 0.0000 0.0000 -21.4512 -10.6127 -24.1741 4.1981 12.4194 37.2324 1.9342 -5.4633 -25.1336 0.1111 -2.1492 -5.9182 0.0000 0.0000 0.0000 13.4138 16.3697 -20.0466 -4.0190 -12.1856 36.3918 0.3298 16.5658 -7.9700 -4.0798 -12.2659 36.6792 -1.0593 0.3875 -11.8901 0.3060 0.6324 0.7013 1.0353 0.2550 7.4121 -4.5210 -1.0951 -14.5948 1.5563 -0.9667 20.4010 1.1560 -0.7127 8.8208 -0.0000 0.0000 0.0000 -91.7584 0.8418 24.1695 17.7148 -27.7904 -4.4155 -0.0000 0.0000 -15.0686 15.1958 32.3822 8.2766 -7.1250 0.0000 -0.0000 -20.3696 62.1454 -8.6866 -0.0000 0.0000 0.0000 89.1459 -4.4305 20.2572 -19.5708 30.1218 -5.3143 0.0000 0.0000 15.9914 -23.1871 30.7751 -12.3618 7.1250 -0.0000 -0.0000 4.6388 2.8618 4.8804
17.1689 18.1193 0.6247 70.5490 -88.8951 -58.5554 0.0000 0.0000 0.0000 -21.4489 -10.7545 -23.9453 4.1977 12.4189 37.2305 1.9639 -5.3996 -25.3422 0.1094 -2.1327 -5.8724 0.0000 0.0000 0.0000 13.4928 16.4486 -19.7850 -3.9982 -12.1580 36.2934 0.3139 16.5295 -8.1322 -4.0679 -12.2502 36.6230 -0.9560 0.4191 -11.9705 0.2585 0.6630 0.6558 0.9328 0.2748 7.4100 -4.5618 -1.1104 -14.5001 1.7426 -1.0287 20.4576 1.2191 -0.7274 8.8255 0.0000 0.0000 0.0000 -91.8581 1.0135 24.8857 17.5909 -27.6302 -4.3579 -0.0000 0.0000 -15.1574 15.1626 32.3617 8.2533 -7.1250 0.0000 -0.0000 -20.3878 62.1180 -8.6815 0.0000 0.0000 0.0000 89.1391 -4.4685 20.0937 -19.5848 30.1388 -5.3213 0.0000 0.0000 15.9680 -22.5354 30.4568 -11.8777 7.1250 -0.0000 -0.0000 4.9649 2.3942 5.1872
17.1599 18.1183 0.6440 67.1523 -88.9119 -55.2691 0.0000 0.0000 0.0000 -21.4987 -10.7710 -23.7654 4.1974 12.4185 37.2291 1.9708 -5.3898 -25.3898 0.1200 -2.2333 -6.1508 0.0000 0.0000 0.0000 13.5308 16.4568 -19.5654 -3.9806 -12.1346 36.2098 0.3036 16.5204 -8.2496 -4.0463 -12.2218 36.5211 -0.9802 0.3939 -12.0855 0.2513 0.6339 0.6341 0.9347 0.2593 7.4526 -4.6457 -1.0785 -14.4165 1.8869 -1.0025 20.4531 1.2853 -0.7072 8.8085 -0.0000 -0.0000 0.0000 -91.9940 1.0921 25.5979 17.4199 -27.4080 -4.2788 -0.0000 0.0000 -15.1911 15.2375 32.3052 8.2827 -7.1250 0.0000 -0.0000 -20.2574 62.0843 -8.6073 -0.0000 -0.0000 0.0000 88.9974 -4.4541 20.1496 -19.6091 30.1685 -5.3335 0.0000 0.0000 15.7460 -21.8979 30.1517 -11.4145 7.1250 -0.0000 -0.0000 5.2882 1.9479 5.4880
17.1516 18.1171 0.6614 63.2852 -88.9083 -51.5444 0.0000 0.0000 0.0000 -21.5606 -10.7254 -23.5755 4.1969 12.4179 37.2268 1.9657 -5.4243 -25.3511 0.1188 -2.2226 -6.1211 0.0000 0.0000 0.0000 13.5755 16.4455 -19.3076 -3.9669 -12.1163 36.1445 0.2962 16.5485 -8.3677 -4.0402 -12.2137 36.4922 -1.0956 0.3330 -12.1342 0.2903 0.5673 0.6535 1.0297 0.2211 7.5011 -4.6317 -1.0509 -14.4612 1.8674 -0.9591 20.4326 1.2813 -0.6869 8.8080 -0.0000 -0.0000 0.0000 -92.1512 1.1127 26.3340 17.2845 -27.2314 -4.2167 -0.0000 0.0000 -15.3775 15.3093 32.4044 8.3456 -7.1250 0.0000 -0.0000 -20.2654 62.1946 -8.6637 -0.0000 -0.0000 0.0000 88.7644 -4.3675 20.3033 -19.6421 30.2088 -5.3501 0.0000 0.0000 15.5897 -21.4488 30.0215 -11.1207 7.1250 -0.0000 -0.0000 5.5292 1.7227 5.7193
17.1426 18.1158 0.6799 59.7418 -88.9041 -48.1637 0.0000 0.0000 0.0000 -21.6245 -10.7393 -23.3396 4.1952 12.4158 37.2191 1.9743 -5.3265 -25.4210 0.1328 -2.3485 -6.4698 0.0000 0.0000 0.0000 13.6270 16.3176 -19.0690 -3.9575 -12.1036 36.0996 0.3008 16.5938 -8.3545 -4.0456 -12.2209 36.5178 -1.1579 0.2951 -12.1252 0.2923 0.5256 0.6479 1.0592 0.1983 7.4905 -4.5250 -1.0580 -14.4710 1.8005 -0.9770 20.3802 1.2385 -0.6929 8.7916 -0.0000 0.0000 0.0000 -92.2419 1.2199 27.1758 17.2198 -27.1467 -4.1871 -0.0000 0.0000 -15.5596 15.6788 32.7756 8.6401 -7.1250 0.0000 -0.0000 -20.1880 62.6334 -8.8381 -0.0000 0.0000 0.0000 88.6403 -4.3290 20.2870 -19.6633 30.2345 -5.3608 0.0000 0.0000 15.6714 -21.3394 30.0945 -11.0837 7.1250 -0.0000 -0.0000 5.6021 1.7752 5.8004
17.1350 18.1142 0.7024 56.6032 -88.8803 -45.1069 0.0000 0.0000 0.0000 -21.7095 -10.7628 -23.1989 4.1918 12.4114 37.2033 1.9776 -5.2171 -25.4570 0.1545 -2.5331 -6.9816 0.0000 0.0000 0.0000 13.6113 16.1216 -18.9781 -3.9520 -12.0962 36.0732 0.3130 16.6583 -8.2683 -4.0495 -12.2260 36.5361 -1.1555 0.2852 -12.2069 0.2561 0.5148 0.6116 1.0181 0.1937 7.4987 -4.4786 -1.0854 -14.5138 1.8488 -1.0354 20.4169 1.2404 -0.7118 8.8138 -0.0000 -0.0000 0.0000 -92.2544 1.3375 28.1912 17.1386 -27.0402 -4.1502 -0.0000 0.0000 -15.6445 16.2862 33.0087 9.0432 -7.1250 0.0000 -0.0000 -19.7274 63.0070 -8.8012 -0.0000 -0.0000 0.0000 88.5494 -4.2681 20.1641 -19.6290 30.1928 -5.3435 0.0000 0.0000 15.7506 -21.2997 30.1934 -11.0937 7.1250 -0.0000 -0.0000 5.6382 1.8683 5.8471
17.1291 18.1132 0.7251 52.1508 -88.8255 -40.7264 0.0000 0.0000 0.0000 -21.7987 -10.5626 -23.1627 4.1886 12.4072 37.1883 1.9457 -5.3667 -25.2231 0.1569 -2.5521 -7.0340 0.0000 0.0000 0.0000 13.5861 15.9670 -18.8816 -3.9478 -12.0906 36.0531 0.3156 16.7233 -8.2987 -4.0358 -12.2079 36.4716 -1.1519 0.2793 -12.2775 0.2190 0.5093 0.5813 0.9762 0.1918 7.5069 -4.3970 -1.1241 -14.5822 1.8512 -1.1059 20.4526 1.2193 -0.7382 8.8403 0.0000 -0.0000 0.0000 -92.2024 1.3513 29.2288 16.9528 -26.7955 -4.0660 -0.0000 0.0000 -15.6507 16.8407 32.4397 9.2225 -7.1250 0.0000 -0.0000 -18.6132 62.6176 -8.1152 0.0000 -0.0000 0.0000 88.3878 -4.1318 20.2191 -19.4855 30.0175 -5.2715 0.0000 0.0000 15.5560 -21.4678 30.1202 -11.1635 7.1250 -0.0000 -0.0000 5.5316 1.8275 5.7316
17.1210 18.1131 0.7442 49.4178 -88.7469 -38.1365 0.0000 0.0000 0.0000 -21.9224 -10.2344 -23.0784 4.1881 12.4066 37.1861 1.9056 -5.6508 -24.9184 0.1510 -2.5038 -6.9003 0.0000 0.0000 0.0000 13.5593 15.8738 -18.6593 -3.9422 -12.0831 36.0267 0.3135 16.7923 -8.3904 -4.0111 -12.1752 36.3546 -1.2505 0.2477 -12.2897 0.2047 0.4832 0.5959 1.0122 0.1753 7.5295 -4.2855 -1.1379 -14.6353 1.7512 -1.1228 20.3780 1.1644 -0.7459 8.8240 -0.0000 -0.0000 0.0000 -92.1981 1.2299 30.0064 16.7108 -26.4749 -3.9575 -0.0000 0.0000 -15.4656 17.5806 31.6501 9.4396 -7.1250 0.0000 -0.0000 -17.1400 62.0582 -7.2257 -0.0000 -0.0000 0.0000 88.1365 -3.9100 20.5186 -19.2991 29.7886 -5.1786 0.0000 0.0000 15.1189 -21.5242 29.9953 -11.1540 7.1250 -0.0000 -0.0000 5.4822 1.7111 5.6692
17.1121 18.1126 0.7615 47.2794 -88.7233 -36.1029 0.0000 0.0000 0.0000 -21.9847 -10.0666 -22.9824 4.1908 12.4100 37.1983 1.8996 -5.8553 -24.8560 0.1553 -2.5391 -6.9981 0.0000 0.0000 0.0000 13.5601 15.7513 -18.5118 -3.9350 -12.0734 35.9921 0.3190 16.8335 -8.3645 -4.0000 -12.1604 36.3018 -1.3450 0.2102 -12.4043 0.2447 0.4461 0.6334 1.1022 0.1516 7.6349 -4.4339 -1.1369 -14.7294 1.8435 -1.0983 20.3454 1.2233 -0.7341 8.8308 -0.0000 0.0000 0.0000 -92.2590 1.0294 30.6405 16.5048 -26.2003 -3.8661 -0.0000 0.0000 -15.1979 18.3806 31.3482 9.8075 -7.1250 0.0000 -0.0000 -16.0144 61.9708 -6.7043 -0.0000 0.0000 0.0000 87.8356 -3.7330 20.7497 -19.2601 29.7406 -5.1592 0.0000 0.0000 14.8300 -21.1724 29.8279 -10.9045 7.1250 -0.0000 -0.0000 5.6632 1.4689 5.8348
17.1074 18.1107 0.7790 41.3131 -88.7272 -30.1473 0.0000 0.0000 0.0000 -21.9247 -10.0845 -22.9746 4.1967 12.4176 37.2258 1.9081 -5.9350 -24.9064 0.1609 -2.5844 -7.1237 0.0000 0.0000 0.0000 13.6288 15.7513 -18.4437 -3.9266 -12.0620 35.9518 0.3114 16.8232 -8.4461 -4.0082 -12.1713 36.3407 -1.2913 0.2135 -12.5997 0.2679 0.4430 0.6397 1.0976 0.1505 7.7531 -4.6220 -1.1559 -14.7537 2.0656 -1.1247 20.2943 1.3269 -0.7358 8.8208 0.0000 0.0000 0.0000 -92.1823 0.8433 31.4453 16.3860 -26.0413 -3.8139 -0.0000 0.0000 -14.9652 18.8436 31.4668 10.1011 -7.1250 0.0000 -0.0000 -15.5889 62.2022 -6.6066 0.0000 0.0000 0.0000 87.7101 -3.7056 20.5983 -19.3305 29.8273 -5.1942 0.0000 0.0000 14.9337 -21.4623 29.7192 -11.0289 7.1250 -0.0000 -0.0000 5.4812 1.4158 5.6406
17.1047 18.1079 0.7974 35.2126 -88.6417 -24.0967 0.0000 0.0000 0.0000 -21.9123 -10.1523 -22.9181 4.2050 12.4283 37.2645 1.9021 -6.0391 -24.8556 0.1507 -2.5015 -6.8938 0.0000 0.0000 0.0000 13.6722 15.8503 -18.2721 -3.9190 -12.0518 35.9155 0.2913 16.8405 -8.7016 -4.0156 -12.1811 36.3756 -1.2486 0.2274 -12.7059 0.2288 0.4590 0.6283 1.0359 0.1603 7.8014 -4.5384 -1.1845 -14.6090 2.1262 -1.1996 20.0895 1.3241 -0.7553 8.7266 -0.0000 -0.0000 0.0000 -91.9502 0.7076 32.1865 16.3310 -25.9673 -3.7897 -0.0000 0.0000 -14.7261 18.8503 31.8996 10.2268 -7.1250 0.0000 -0.0000 -15.9214 62.6208 -6.9084 -0.0000 -0.0000 0.0000 87.7636 -3.7044 20.2287 -19.3602 29.8639 -5.2090 0.0000 0.0000 15.1284 -21.9892 29.7789 -11.3404 7.1250 -0.0000 -0.0000 5.1844 1.5842 5.3475
17.1003 18.1055 0.8158 31.5731 -88.5397 -20.6245 0.0000 0.0000 0.0000 -21.9712 -10.0269 -22.7710 4.2143 12.4402 37.3077 1.8796 -6.2875 -24.6804 0.1346 -2.3647 -6.5148 0.0000 0.0000 0.0000 13.7050 15.8043 -18.0080 -3.9143 -12.0455 35.8933 0.2843 16.9330 -8.8695 -4.0198 -12.1868 36.3959 -1.3091 0.2070 -12.6673 0.2306 0.4399 0.6033 1.0679 0.1489 7.7526 -4.4327 -1.1891 -14.3694 2.0883 -1.2302 19.8704 1.2897 -0.7642 8.6083 0.0000 -0.0000 0.0000 -91.7841 0.6497 32.5566 16.2688 -25.8838 -3.7626 -0.0000 0.0000 -14.4878 18.5735 32.3977 10.2061 -7.1250 0.0000 -0.0000 -16.6402 63.0264 -7.3880 0.0000 -0.0000 0.0000 87.6433 -3.7414 20.1058 -19.3622 29.8663 -5.2100 0.0000 0.0000 15.1416 -21.8707 29.9169 -11.3208 7.1250 -0.0000 -0.0000 5.2717 1.7015 5.4488
17.0974 18.1031 0.8343 28.8497 -88.5110 -18.0672 0.0000 0.0000 0.0000 -22.0135 -9.8093 -22.6601 4.2227 12.4510 37.3468 1.8602 -6.4735 -24.5325 0.1208 -2.2403 -6.1704 0.0000 0.0000 0.0000 13.7490 15.6761 -17.8121 -3.9142 -12.0454 35.8928 0.2905 17.0266 -8.8846 -4.0091 -12.1725 36.3450 -1.3421 0.1642 -12.5786 0.2762 0.3832 0.5898 1.1233 0.1197 7.6889 -4.5319 -1.1684 -14.3790 2.1798 -1.1962 19.8401 1.3410 -0.7454 8.5997 0.0000 0.0000 0.0000 -91.6691 0.5235 32.7869 16.1830 -25.7681 -3.7252 -0.0000 0.0000 -14.3562 18.3840 32.5841 10.1474 -7.1250 0.0000 -0.0000 -17.0109 63.1545 -7.6087 0.0000 0.0000 0.0000 87.3565 -3.7839 20.2770 -19.4165 29.9330 -5.2371 0.0000 0.0000 15.0510 -21.7471 29.9564 -11.2652 7.1250 -0.0000 -0.0000 5.3483 1.7167 5.5300
17.0973 18.1001 0.8544 26.7383 -88.4335 -16.0518 0.0000 0.0000 0.0000 -22.0757 -9.7989 -22.5834 4.2315 12.4623 37.3875 1.8552 -6.5124 -24.4953 0.1121 -2.1583 -5.9433 0.0000 0.0000 0.0000 13.7269 15.4677 -17.7533 -3.9166 -12.0485 35.9039 0.2991 17.0288 -8.7868 -3.9876 -12.1439 36.2430 -1.3352 0.1300 -12.5337 0.2655 0.3374 0.6125 1.0992 0.0980 7.6891 -4.5767 -1.1672 -14.6256 2.2533 -1.1851 19.8928 1.3746 -0.7337 8.6628 -0.0000 -0.0000 0.0000 -91.4250 0.2527 33.2565 16.1421 -25.7130 -3.7074 -0.0000 0.0000 -14.5064 18.4218 32.6020 10.1741 -7.1250 0.0000 -0.0000 -16.9834 63.1815 -7.6067 -0.0000 -0.0000 0.0000 87.2307 -3.7574 20.2790 -19.5593 30.1077 -5.3085 0.0000 0.0000 14.9476 -21.6247 29.8092 -11.1484 7.1250 -0.0000 -0.0000 5.3992 1.5409 5.5670
17.0976 18.0962 0.8759 25.1630 -88.2611 -14.5342 0.0000 0.0000 0.0000 -22.1754 -9.8900 -22.5224 4.2413 12.4748 37.4330 1.8504 -6.5876 -24.4574 0.1112 -2.1497 -5.9195 0.0000 0.0000 0.0000 13.6389 15.1639 -17.7778 -3.9206 -12.0540 35.9234 0.3076 16.9896 -8.6499 -3.9840 -12.1391 36.2257 -1.3555 0.1098 -12.5384 0.2272 0.3165 0.6072 1.0662 0.0879 7.6868 -4.5018 -1.1765 -14.6962 2.2110 -1.1994 19.8395 1.3459 -0.7371 8.6573 0.0000 -0.0000 0.0000 -91.1348 0.0300 33.9502 16.1556 -25.7312 -3.7133 -0.0000 0.0000 -14.8911 18.6349 32.6422 10.3089 -7.1250 0.0000 -0.0000 -16.7765 63.2758 -7.5484 0.0000 -0.0000 0.0000 87.2205 -3.7532 19.9847 -19.6951 30.2733 -5.3768 0.0000 0.0000 14.8452 -21.3132 29.7801 -10.9666 7.1250 -0.0000 -0.0000 5.5755 1.4482 5.7416
17.0960 18.0902 0.8947 23.7033 -88.0606 -13.1468 0.0000 0.0000 0.0000 -22.2767 -9.8035 -22.4877 4.2498 12.4856 37.4723 1.8300 -6.8355 -24.3013 0.1183 -2.2174 -6.1068 0.0000 0.0000 0.0000 13.5642 14.9430 -17.7390 -3.9282 -12.0642 35.9595 0.3129 17.0391 -8.6339 -3.9864 -12.1422 36.2370 -1.4314 0.0710 -12.5530 0.2361 0.2751 0.5798 1.1105 0.0647 7.6666 -4.5015 -1.1854 -14.5600 2.1684 -1.2046 19.6751 1.3304 -0.7424 8.5768 0.0000 0.0000 0.0000 -90.9385 -0.1392 34.5145 16.1259 -25.6910 -3.7004 -0.0000 0.0000 -15.1291 18.8070 32.6579 10.4134 -7.1250 0.0000 -0.0000 -16.5948 63.3360 -7.4878 0.0000 0.0000 0.0000 87.0966 -3.7361 19.6783 -19.7018 30.2814 -5.3802 0.0000 0.0000 14.8097 -21.2357 29.8646 -10.9514 7.1250 -0.0000 -0.0000 5.6314 1.5192 5.8066
17.0933 18.0851 0.9099 22.2803 -87.7924 -11.9319 0.0000 0.0000 0.0000 -22.4017 -9.5203 -22.3513 4.2556 12.4930 37.4990 1.7869 -7.1135 -23.9887 0.1328 -2.3485 -6.4698 0.0000 0.0000 0.0000 13.5477 14.7508 -17.4828 -3.9401 -12.0803 36.0165 0.3125 17.1757 -8.7684 -3.9932 -12.1513 36.2695 -1.5508 0.0221 -12.4485 0.2426 0.2265 0.6027 1.1753 0.0366 7.6328 -4.5555 -1.2364 -14.4382 2.1965 -1.2708 19.5306 1.3408 -0.7731 8.5087 0.0000 -0.0000 0.0000 -90.6998 -0.3704 35.0081 16.0369 -25.5707 -3.6619 -0.0000 0.0000 -15.0558 18.3995 32.6427 10.1722 -7.1250 0.0000 -0.0000 -17.0433 63.2143 -7.6475 0.0000 -0.0000 0.0000 86.9412 -3.6570 19.3685 -19.6407 30.2070 -5.3494 0.0000 0.0000 14.8409 -21.3989 29.9402 -11.0664 7.1250 -0.0000 -0.0000 5.5472 1.6293 5.7293
17.0936 18.0819 0.9268 20.8511 -87.5079 -10.7621 0.0000 0.0000 0.0000 -22.5270 -9.3117 -22.1450 4.2606 12.4993 37.5220 1.7482 -7.2835 -23.7115 0.1367 -2.3834 -6.5666 0.0000 0.0000 0.0000 13.5469 14.5079 -17.2069 -3.9576 -12.1037 36.0999 0.3078 17.2859 -8.9268 -3.9802 -12.1341 36.2079 -1.6394 -0.0302 -12.2795 0.2288 0.1699 0.6647 1.1996 0.0063 7.6050 -4.5971 -1.2778 -14.4369 2.2817 -1.3320 19.4191 1.3690 -0.7939 8.4738 -0.0000 0.0000 0.0000 -90.4018 -0.7145 35.5111 15.9012 -25.3864 -3.6035 -0.0000 0.0000 -14.7949 17.5757 32.5713 9.6772 -7.1250 0.0000 -0.0000 -17.9079 62.9315 -7.9291 -0.0000 0.0000 0.0000 86.8209 -3.5479 19.1482 -19.6143 30.1749 -5.3361 0.0000 0.0000 14.8066 -21.5814 29.9912 -11.1845 7.1250 -0.0000 -0.0000 5.4487 1.7186 5.6349
17.0972 18.0783 0.9489 20.3423 -87.3871 -10.3158 0.0000 0.0000 0.0000 -22.6226 -9.2588 -22.1346 4.2677 12.5083 37.5547 1.7289 -7.4018 -23.5728 0.1079 -2.1176 -5.8309 0.0000 0.0000 0.0000 13.4530 14.3139 -17.2643 -3.9811 -12.1352 36.2118 0.3121 17.3097 -8.8997 -3.9449 -12.0868 36.0396 -1.7023 -0.0758 -12.2738 0.2526 0.1172 0.6907 1.2507 -0.0226 7.6313 -4.6193 -1.2460 -14.5221 2.2948 -1.2748 19.3022 1.3832 -0.7637 8.4478 0.0000 0.0000 0.0000 -90.1837 -1.0394 35.9347 15.8688 -25.3424 -3.5896 -0.0000 0.0000 -14.6133 17.0321 32.7585 9.4119 -7.1250 0.0000 -0.0000 -18.6769 62.9667 -8.2973 0.0000 0.0000 0.0000 86.6075 -3.4634 19.1689 -19.6672 30.2393 -5.3628 0.0000 0.0000 14.6720 -21.5872 29.7641 -11.1127 7.1250 -0.0000 -0.0000 5.4149 1.4871 5.5783
17.1004 18.0741 0.9722 20.6798 -87.4169 -10.5630 0.0000 0.0000 0.0000 -22.7035 -9.1391 -22.3342 4.2791 12.5229 37.6076 1.7132 -7.5272 -23.4582 0.0943 -1.9807 -5.4525 0.0000 0.0000 0.0000 13.3026 14.0843 -17.5838 -4.0094 -12.1729 36.3464 0.3284 17.2072 -8.6117 -3.9277 -12.0635 35.9571 -1.7160 -0.0815 -12.3644 0.2635 0.1114 0.6579 1.2692 -0.0265 7.6478 -4.6741 -1.2076 -14.7354 2.3678 -1.2110 19.3331 1.4242 -0.7280 8.4952 0.0000 -0.0000 0.0000 -89.8948 -1.2230 36.4816 16.0022 -25.5236 -3.6469 -0.0000 0.0000 -14.7358 16.6853 33.0317 9.2793 -7.1250 0.0000 -0.0000 -19.3051 63.1324 -8.6622 0.0000 -0.0000 0.0000 86.4113 -3.3591 19.1782 -19.7054 30.2858 -5.3820 0.0000 0.0000 14.5498 -21.4687 29.4859 -10.9556 7.1250 -0.0000 -0.0000 5.4467 1.1781 5.5826
17.1024 18.0715 0.9932 18.7848 -87.3853 -8.6575 0.0000 0.0000 0.0000 -22.6985 -8.9153 -22.4781 4.2943 12.5421 37.6777 1.6965 -7.7065 -23.3367 0.1307 -2.3305 -6.4199 0.0000 0.0000 0.0000 13.2994 13.7807 -17.8102 -4.0435 -12.2181 36.5080 0.3370 17.0418 -8.3493 -3.9194 -12.0524 35.9175 -1.6146 -0.0748 -12.3534 0.2402 0.1062 0.6207 1.1860 -0.0240 7.6019 -4.6797 -1.2029 -14.8566 2.4896 -1.2204 19.3149 1.4650 -0.7182 8.5119 0.0000 0.0000 0.0000 -89.5282 -1.4248 36.9833 16.0550 -25.5952 -3.6697 -0.0000 0.0000 -14.7394 16.1845 33.0975 9.0057 -7.1250 0.0000 -0.0000 -19.9203 63.0631 -8.9170 0.0000 0.0000 0.0000 86.3564 -3.2604 18.9956 -19.6837 30.2594 -5.3711 0.0000 0.0000 14.5156 -21.4606 29.4825 -10.9500 7.1250 -0.0000 -0.0000 5.4510 1.1729 5.5866
17.1074 18.0700 1.0131 14.8611 -87.2179 -4.7906 0.0000 0.0000 0.0000 -22.6056 -8.7461 -22.5445 4.3098 12.5616 37.7488 1.6708 -7.9071 -23.1528 0.1583 -2.5633 -7.0653 0.0000 0.0000 0.0000 13.4094 13.5347 -17.9187 -4.0867 -12.2748 36.7113 0.3381 16.9877 -8.2833 -3.8929 -12.0165 35.7903 -1.4866 -0.0697 -12.3129 0.2530 0.0928 0.6280 1.1246 -0.0255 7.5872 -4.5907 -1.2293 -14.7260 2.4503 -1.2674 19.0438 1.4305 -0.7343 8.3976 -0.0000 0.0000 0.0000 -89.2584 -1.7607 37.3324 16.0043 -25.5264 -3.6478 -0.0000 0.0000 -14.4816 15.6472 33.2992 8.7421 -7.1250 0.0000 -0.0000 -20.6984 63.1100 -9.3035 -0.0000 0.0000 0.0000 86.2681 -3.1625 18.7164 -19.6770 30.2512 -5.3677 0.0000 0.0000 14.5215 -21.4376 29.5655 -10.9648 7.1250 -0.0000 -0.0000 5.4752 1.2534 5.6192
17.1171 18.0671 1.0325 13.5469 -87.0393 -3.4808 0.0000 0.0000 0.0000 -22.6202 -8.6715 -22.6593 4.3241 12.5796 37.8145 1.6445 -8.0752 -22.9650 0.1560 -2.5452 -7.0150 0.0000 0.0000 0.0000 13.3720 13.3637 -18.1228 -4.1404 -12.3450 36.9635 0.3406 16.9891 -8.2551 -3.8450 -11.9512 35.5595 -1.4724 -0.0655 -12.3025 0.2283 0.0986 0.6540 1.0914 -0.0217 7.6090 -4.4467 -1.2741 -14.6416 2.3685 -1.3409 18.7801 1.3698 -0.7631 8.2949 0.0000 -0.0000 0.0000 -88.9231 -2.1384 37.8326 16.0127 -25.5378 -3.6514 -0.0000 0.0000 -14.5176 15.3751 33.6019 8.6528 -7.1250 0.0000 -0.0000 -21.2825 63.3177 -9.6818 0.0000 -0.0000 0.0000 86.1861 -2.9938 18.4640 -19.6761 30.2502 -5.3672 0.0000 0.0000 14.5930 -21.4377 29.4731 -10.9344 7.1250 -0.0000 -0.0000 5.4630 1.1587 5.5977
17.1288 18.0640 1.0504 14.6321 -86.9297 -4.5800 0.0000 0.0000 0.0000 -22.7582 -8.6120 -22.7541 4.3392 12.5986 37.8838 1.6276 -8.1917 -22.8454 0.1599 -2.5761 -7.1007 0.0000 0.0000 0.0000 13.2014 13.2111 -18.3863 -4.2050 -12.4284 37.2647 0.3401 16.8779 -8.1505 -3.7990 -11.8881 35.3371 -1.5646 -0.0985 -12.2140 0.1628 0.0720 0.6552 1.0689 -0.0364 7.5608 -4.2551 -1.2688 -14.6056 2.2997 -1.3597 18.6068 1.3123 -0.7628 8.2290 0.0000 0.0000 0.0000 -88.5270 -2.3934 38.2170 16.0957 -25.6503 -3.6873 -0.0000 0.0000 -14.5888 15.1511 33.7916 8.5643 -7.1250 0.0000 -0.0000 -21.7108 63.4326 -9.9445 0.0000 0.0000 0.0000 86.1759 -2.8883 18.3080 -19.7112 30.2928 -5.3849 0.0000 0.0000 14.7679 -21.5733 29.3592 -10.9709 7.1250 -0.0000 -0.0000 5.3694 1.0690 5.4926
17.1403 18.0597 1.0681 13.9470 -86.8778 -3.8854 0.0000 0.0000 0.0000 -22.7785 -8.5330 -22.8927 4.3583 12.6226 37.9715 1.6045 -8.3391 -22.6818 0.1577 -2.5584 -7.0517 0.0000 0.0000 0.0000 13.1235 13.0244 -18.7217 -4.2812 -12.5255 37.6173 0.3398 16.6719 -7.9507 -3.7593 -11.8331 35.1440 -1.6512 -0.1668 -12.1408 0.2453 -0.0139 0.6420 1.1892 -0.0828 7.5078 -4.2299 -1.2195 -14.5535 2.2102 -1.2755 18.4277 1.2872 -0.7278 8.1560 -0.0000 0.0000 0.0000 -88.3966 -2.6237 38.2322 16.1763 -25.7591 -3.7223 -0.0000 0.0000 -14.4154 14.8269 33.8509 8.3881 -7.1250 0.0000 -0.0000 -22.1246 63.4014 -10.1272 -0.0000 0.0000 0.0000 85.9198 -2.8092 18.3365 -19.7685 30.3624 -5.4139 0.0000 0.0000 14.8228 -21.6184 29.3863 -11.0045 7.1250 -0.0000 -0.0000 5.3468 1.1060 5.4727
17.1502 18.0525 1.0862 11.5030 -86.8511 -1.3917 0.0000 0.0000 0.0000 -22.6781 -8.4461 -23.0868 4.3800 12.6496 38.0706 1.5786 -8.5431 -22.4995 0.1463 -2.4648 -6.7920 0.0000 0.0000 0.0000 13.1450 12.8607 -19.1140 -4.3739 -12.6420 38.0428 0.3432 16.4737 -7.7083 -3.6845 -11.7283 34.7776 -1.6367 -0.1898 -12.0808 0.3594 -0.0572 0.5860 1.2937 -0.1048 7.4154 -4.3089 -1.1797 -14.4194 2.2180 -1.2041 18.2132 1.3104 -0.6966 8.0585 0.0000 0.0000 0.0000 -88.2811 -2.8389 38.4058 16.2434 -25.8496 -3.7515 -0.0000 0.0000 -14.4259 14.7152 33.8653 8.3260 -7.1250 0.0000 -0.0000 -22.2612 63.3851 -10.1844 0.0000 0.0000 0.0000 85.5915 -2.7689 18.3274 -19.7967 30.3967 -5.4281 0.0000 0.0000 14.8313 -21.4944 29.4417 -10.9550 7.1250 -0.0000 -0.0000 5.4261 1.1379 5.5575
17.1591 18.0438 1.1047 10.0246 -86.8213 0.0881 0.0000 0.0000 0.0000 -22.6382 -8.3721 -23.2160 4.4031 12.6783 38.1760 1.5622 -8.7147 -22.3857 0.1388 -2.4012 -6.6158 0.0000 0.0000 0.0000 13.1180 12.7493 -19.4671 -4.4858 -12.7803 38.5514 0.3446 16.2507 -7.4623 -3.5547 -11.5431 34.1341 -1.5562 -0.1545 -11.9752 0.3264 -0.0219 0.5326 1.2194 -0.0825 7.2968 -4.2258 -1.1603 -14.2018 2.2808 -1.2132 17.9589 1.3161 -0.6871 7.9348 0.0000 -0.0000 0.0000 -87.9193 -3.0258 38.8348 16.3118 -25.9417 -3.7813 -0.0000 0.0000 -14.5759 14.8763 33.9704 8.4427 -7.1250 0.0000 -0.0000 -22.1871 63.5232 -10.2205 0.0000 -0.0000 0.0000 85.5573 -2.7484 18.0570 -19.8026 30.4038 -5.4311 0.0000 0.0000 15.0647 -21.2989 29.5055 -10.8690 7.1250 -0.0000 -0.0000 5.5479 1.1642 5.6860
17.1684 18.0379 1.1244 10.3366 -86.8118 -0.2261 0.0000 0.0000 0.0000 -22.7129 -8.2471 -23.3586 4.4282 12.7094 38.2901 1.5443 -8.9164 -22.2640 0.1307 -2.3306 -6.4201 0.0000 0.0000 0.0000 12.9742 12.5889 -19.8822 -4.6183 -12.9406 39.1463 0.3504 15.9861 -7.1109 -3.4277 -11.3572 33.4942 -1.5294 -0.1279 -11.9053 0.2388 0.0157 0.5610 1.1182 -0.0612 7.2862 -4.0951 -1.1691 -14.2752 2.3468 -1.2595 17.8367 1.3108 -0.6907 7.9081 0.0000 0.0000 0.0000 -87.5825 -3.3748 38.9448 16.3415 -25.9815 -3.7943 -0.0000 0.0000 -14.5487 15.0174 33.9372 8.5181 -7.1250 0.0000 -0.0000 -21.9995 63.5304 -10.1335 0.0000 0.0000 0.0000 85.6066 -2.5378 17.8446 -19.7714 30.3659 -5.4153 0.0000 0.0000 15.2030 -21.2024 29.3756 -10.7739 7.1250 -0.0000 -0.0000 5.5870 1.0121 5.7119
17.1775 18.0348 1.1417 10.3426 -86.8233 -0.2386 0.0000 0.0000 0.0000 -22.7666 -7.9838 -23.5505 4.4552 12.7427 38.4127 1.5194 -9.1610 -22.0954 0.1318 -2.3399 -6.4460 0.0000 0.0000 0.0000 12.8575 12.4715 -20.3278 -4.7731 -13.1236 39.8328 0.3590 15.7713 -6.7649 -3.3650 -11.2637 33.1744 -1.5597 -0.1243 -11.7769 0.2210 0.0246 0.5733 1.1178 -0.0570 7.2263 -4.0696 -1.1848 -14.5042 2.3947 -1.2850 17.8779 1.3195 -0.6942 7.9636 0.0000 0.0000 0.0000 -87.3768 -3.6808 38.7612 16.3551 -25.9997 -3.8003 -0.0000 0.0000 -14.4064 15.0080 33.7176 8.4647 -7.1250 0.0000 -0.0000 -21.7969 63.3273 -9.9321 0.0000 0.0000 0.0000 85.5235 -2.3639 17.7711 -19.7725 30.3673 -5.4159 0.0000 0.0000 15.1731 -21.2008 29.2273 -10.7247 7.1250 -0.0000 -0.0000 5.5689 0.8598 5.6786
17.1877 18.0284 1.1556 8.9298 -86.8419 1.1760 0.0000 0.0000 0.0000 -22.7124 -7.7379 -23.7596 4.4864 12.7809 38.5539 1.4991 -9.3650 -21.9594 0.1371 -2.3869 -6.5761 0.0000 0.0000 0.0000 12.8267 12.4490 -20.8245 -4.9487 -13.3258 40.6006 0.3614 15.5157 -6.4518 -3.3846 -11.2931 33.2749 -1.5878 -0.1287 -11.5810 0.2597 0.0155 0.4917 1.1723 -0.0613 7.0283 -4.0450 -1.1716 -14.4740 2.3815 -1.2713 17.8726 1.3126 -0.6876 7.9557 0.0000 0.0000 0.0000 -87.1993 -3.7737 38.5645 16.3919 -26.0491 -3.8164 -0.0000 0.0000 -14.2853 15.0316 33.5260 8.4365 -7.1250 0.0000 -0.0000 -21.5880 63.1581 -9.7467 0.0000 0.0000 0.0000 85.4081 -2.4427 17.6380 -19.8810 30.4987 -5.4708 0.0000 0.0000 15.2253 -21.0666 29.2696 -10.6657 7.1250 -0.0000 -0.0000 5.6524 0.8766 5.7662
17.1996 18.0185 1.1702 8.2939 -86.8745 1.8743 0.0000 0.0000 0.0000 -22.7003 -7.5744 -24.0245 4.5216 12.8239 38.7128 1.4815 -9.5785 -21.8454 0.1244 -2.2737 -6.2626 0.0000 0.0000 0.0000 12.7120 12.3858 -21.4803 -5.1435 -13.5436 41.4391 0.3633 15.1265 -5.9871 -3.4453 -11.3833 33.5836 -1.6039 -0.1389 -11.4504 0.2387 0.0016 0.3957 1.1563 -0.0665 6.8524 -3.9618 -1.1221 -14.2621 2.4377 -1.2397 17.7084 1.3207 -0.6617 7.8619 -0.0000 0.0000 0.0000 -86.9783 -3.8632 38.2794 16.4325 -26.1035 -3.8343 -0.0000 0.0000 -14.1946 15.1109 33.4745 8.4712 -7.1250 0.0000 -0.0000 -21.4523 63.1316 -9.6692 -0.0000 0.0000 0.0000 85.3781 -2.5119 17.5611 -19.9914 30.6319 -5.5269 0.0000 0.0000 15.2130 -21.0553 29.1167 -10.6099 7.1250 -0.0000 -0.0000 5.6397 0.7178 5.7376
17.2122 18.0094 1.1863 8.3183 -86.9490 1.9523 0.0000 0.0000 0.0000 -22.7393 -7.4297 -24.3438 4.5580 12.8681 38.8766 1.4676 -9.7251 -21.7558 0.1172 -2.2068 -6.0774 0.0000 0.0000 0.0000 12.5370 12.3585 -22.2231 -5.3547 -13.7724 42.3332 0.3655 14.7171 -5.4776 -3.4936 -11.4542 33.8273 -1.6214 -0.1382 -11.4354 0.2138 0.0060 0.3777 1.1406 -0.0642 6.8246 -3.8826 -1.1051 -14.0863 2.4492 -1.2334 17.3647 1.3111 -0.6494 7.7162 -0.0000 -0.0000 0.0000 -86.7746 -4.0274 38.0574 16.5708 -26.2884 -3.8953 -0.0000 0.0000 -14.2771 15.2546 33.6392 8.5910 -7.1250 0.0000 -0.0000 -21.4506 63.3203 -9.7632 -0.0000 -0.0000 0.0000 85.3031 -2.3521 17.5561 -20.0014 30.6441 -5.5321 0.0000 0.0000 15.1458 -21.3733 28.9915 -10.7405 7.1250 -0.0000 -0.0000 5.4382 0.6520 5.5246
17.2241 18.0033 1.2017 8.2596 -87.0914 2.0520 0.0000 0.0000 0.0000 -22.7747 -7.2717 -24.5733 4.5886 12.9049 39.0137 1.4580 -9.7773 -21.6897 0.1119 -2.1569 -5.9395 0.0000 0.0000 0.0000 12.3985 12.4411 -22.8820 -5.5806 -14.0092 43.2744 0.3604 14.2834 -5.0375 -3.5328 -11.5113 34.0244 -1.6732 -0.1496 -11.3930 0.2469 -0.0037 0.4431 1.2032 -0.0718 6.8706 -3.8525 -1.1058 -14.1637 2.3571 -1.2100 17.1279 1.2773 -0.6408 7.6504 -0.0000 0.0000 0.0000 -86.6249 -4.1941 37.8357 16.8207 -26.6207 -4.0066 -0.0000 0.0000 -14.5431 15.5323 33.6814 8.7623 -7.1250 0.0000 -0.0000 -21.1848 63.4320 -9.6920 -0.0000 0.0000 0.0000 85.1127 -2.0035 17.5678 -19.9521 30.5846 -5.5070 0.0000 0.0000 15.1556 -21.4488 29.1050 -10.8188 7.1250 -0.0000 -0.0000 5.4088 0.7834 5.5067
17.2325 17.9980 1.2160 8.5794 -87.2431 1.7005 0.0000 0.0000 0.0000 -22.8285 -7.1336 -24.6571 4.6112 12.9321 39.1148 1.4518 -9.8826 -21.6536 0.0978 -2.0169 -5.5524 0.0000 0.0000 0.0000 12.2695 12.5478 -23.4528 -5.8153 -14.2470 44.2360 0.3424 13.7568 -4.6990 -3.5661 -11.5594 34.1907 -1.7719 -0.1845 -11.2767 0.2793 -0.0395 0.5131 1.2869 -0.0935 6.8806 -3.8148 -1.0588 -14.3931 2.2995 -1.1312 17.1483 1.2604 -0.6040 7.6946 0.0000 0.0000 0.0000 -86.4552 -4.2986 37.4952 17.0717 -26.9522 -4.1198 -0.0000 0.0000 -14.8686 15.7619 33.5954 8.8766 -7.1250 0.0000 -0.0000 -20.8493 63.4133 -9.5225 0.0000 0.0000 0.0000 84.9387 -1.6928 17.5874 -19.9846 30.6238 -5.5235 0.0000 0.0000 15.0173 -20.8530 29.0345 -10.4743 7.1250 -0.0000 -0.0000 5.7474 0.5942 5.8360
17.2361 17.9946 1.2306 8.4915 -87.3884 1.7580 0.0000 0.0000 0.0000 -22.8637 -7.1103 -24.6683 4.6297 12.9543 39.1976 1.4656 -9.9120 -21.7562 0.0915 -1.9509 -5.3701 0.0000 0.0000 0.0000 12.1409 12.7250 -24.0410 -6.0512 -14.4778 45.1870 0.3166 13.2234 -4.5061 -3.5743 -11.5713 34.2319 -1.8583 -0.1601 -11.2131 0.2853 0.0045 0.5746 1.3495 -0.0756 6.9087 -3.6325 -1.0367 -14.5581 2.1902 -1.1140 17.1944 1.1960 -0.5932 7.7368 -0.0000 0.0000 0.0000 -86.2538 -4.4385 37.2292 17.2544 -27.1920 -4.2030 -0.0000 0.0000 -15.1275 15.8506 33.5711 8.9228 -7.1250 0.0000 -0.0000 -20.7281 63.4143 -9.4652 -0.0000 0.0000 0.0000 84.8640 -1.4754 17.4469 -20.0692 30.7256 -5.5666 0.0000 0.0000 14.7895 -20.3481 28.8806 -10.1553 7.1250 -0.0000 -0.0000 6.0235 0.3399 6.0928
17.2378 17.9946 1.2467 7.1779 -87.5753 3.0572 0.0000 0.0000 0.0000 -22.8474 -7.1488 -24.6639 4.6448 12.9723 39.2649 1.4957 -9.8109 -21.9656 0.0879 -1.9125 -5.2638 0.0000 0.0000 0.0000 12.0401 12.9600 -24.6628 -6.2866 -14.7004 46.1214 0.2983 12.7841 -4.3045 -3.5505 -11.5369 34.1129 -1.8533 -0.0965 -11.1682 0.2811 0.0890 0.6247 1.3566 -0.0343 6.9334 -3.4520 -1.0295 -14.6405 2.1344 -1.1289 17.1497 1.1459 -0.5923 7.7356 -0.0000 0.0000 0.0000 -86.0997 -4.6730 36.8708 17.2993 -27.2506 -4.2235 -0.0000 0.0000 -15.1810 15.9776 33.4241 8.9626 -7.1250 0.0000 -0.0000 -20.4497 63.3119 -9.2836 -0.0000 0.0000 0.0000 84.8024 -1.2731 17.3481 -20.0746 30.7322 -5.5694 0.0000 0.0000 14.7407 -20.6201 28.9443 -10.3206 7.1250 -0.0000 -0.0000 5.8722 0.4570 5.9501
17.2391 17.9908 1.2628 5.9629 -87.7608 4.2779 0.0000 0.0000 0.0000 -22.8424 -7.2126 -24.6683 4.6575 12.9874 39.3215 1.5263 -9.7248 -22.1793 0.0800 -1.8240 -5.0195 0.0000 0.0000 0.0000 11.9579 13.1094 -25.2831 -6.5202 -14.9142 47.0356 0.3034 12.4577 -3.7747 -3.6254 -11.6445 34.4857 -1.8413 -0.0955 -11.1147 0.3077 0.0858 0.6179 1.3771 -0.0355 6.8958 -3.4981 -0.9865 -14.5532 2.2253 -1.0784 17.0547 1.1889 -0.5623 7.6879 0.0000 -0.0000 0.0000 -86.0189 -4.7914 36.3889 17.3163 -27.2729 -4.2313 -0.0000 0.0000 -15.1950 16.0900 33.2690 8.9916 -7.1250 0.0000 -0.0000 -20.1813 63.1977 -9.1026 0.0000 -0.0000 0.0000 84.6298 -1.1709 17.5046 -20.0927 30.7538 -5.5786 0.0000 0.0000 14.6177 -20.7548 29.0852 -10.4378 7.1250 -0.0000 -0.0000 5.8110 0.6270 5.9045
17.2405 17.9826 1.2769 7.9551 -87.9029 2.2879 0.0000 0.0000 0.0000 -22.9696 -7.3012 -24.6470 4.6702 13.0024 39.3776 1.5541 -9.7442 -22.3796 0.0675 -1.6759 -4.6107 0.0000 0.0000 0.0000 11.7886 13.2133 -25.8544 -6.7499 -15.1176 47.9218 0.3268 12.2520 -2.9623 -3.8098 -11.9029 35.3895 -1.9578 -0.1535 -11.0789 0.3075 0.0234 0.6228 1.4320 -0.0701 6.8832 -3.5992 -0.9388 -14.4756 2.3200 -1.0100 16.9817 1.2440 -0.5272 7.6489 -0.0000 -0.0000 0.0000 -85.8556 -4.8296 35.9986 17.4131 -27.3992 -4.2757 -0.0000 0.0000 -15.4773 16.1115 33.1207 8.9690 -7.1250 0.0000 -0.0000 -20.0220 63.0658 -8.9658 -0.0000 -0.0000 0.0000 84.5126 -1.0806 17.6384 -20.1913 30.8721 -5.6292 0.0000 0.0000 14.3445 -20.1889 29.1101 -10.1421 7.1250 -0.0000 -0.0000 6.1441 0.5441 6.2380
17.2428 17.9781 1.2901 10.7359 -88.0252 -0.4940 0.0000 0.0000 0.0000 -23.1109 -7.3352 -24.6449 4.6833 13.0180 39.4358 1.5763 -9.8177 -22.5418 0.0567 -1.5367 -4.2269 0.0000 0.0000 0.0000 11.5811 13.3551 -26.4577 -6.9754 -15.3111 48.7812 0.3435 12.0871 -2.2832 -3.8730 -11.9894 35.6945 -2.0776 -0.2189 -11.0093 0.2733 -0.0463 0.6492 1.4517 -0.1078 6.8748 -3.5610 -0.8682 -14.4680 2.3090 -0.9159 16.8544 1.2437 -0.4795 7.6024 -0.0000 -0.0000 0.0000 -85.6029 -4.8838 35.6204 17.5588 -27.5886 -4.3430 -0.0000 0.0000 -15.8857 16.1472 33.1218 8.9899 -7.1250 0.0000 -0.0000 -19.9833 63.0761 -8.9525 -0.0000 -0.0000 0.0000 84.5068 -0.9028 17.7044 -20.2729 30.9697 -5.6711 0.0000 0.0000 14.1439 -19.7728 28.9107 -9.8591 7.1250 -0.0000 -0.0000 6.3634 0.2625 6.4322
17.2460 17.9762 1.3039 9.2228 -88.1273 1.0089 0.0000 0.0000 0.0000 -23.0859 -7.3932 -24.6425 4.6937 13.0303 39.4821 1.6007 -9.7301 -22.7086 0.0518 -1.4691 -4.0406 0.0000 0.0000 0.0000 11.5204 13.5015 -27.1010 -7.1960 -15.4947 49.6118 0.3547 11.9443 -1.7229 -3.8115 -11.9052 35.3976 -2.0265 -0.2613 -10.8682 0.2794 -0.1129 0.6409 1.4181 -0.1376 6.7885 -3.5025 -0.8040 -14.3643 2.2360 -0.8270 16.6957 1.2190 -0.4394 7.5286 -0.0000 -0.0000 0.0000 -85.3621 -4.8895 35.3200 17.7075 -27.7810 -4.4121 -0.0000 0.0000 -16.2513 16.2714 33.3488 9.1157 -7.1250 0.0000 -0.0000 -20.0541 63.3194 -9.1000 -0.0000 -0.0000 0.0000 84.4922 -0.7588 17.7042 -20.2879 30.9877 -5.6788 0.0000 0.0000 14.1705 -20.1786 28.9270 -10.0796 7.1250 -0.0000 -0.0000 6.1281 0.3552 6.2015
17.2483 17.9730 1.3184 6.5776 -88.2092 3.6624 0.0000 0.0000 0.0000 -23.0286 -7.5572 -24.6138 4.6984 13.0359 39.5031 1.6307 -9.5444 -22.9079 0.0495 -1.4355 -3.9480 0.0000 0.0000 0.0000 11.5059 13.6388 -27.7785 -7.4097 -15.6674 50.4072 0.3734 11.9126 -1.0946 -3.7331 -11.7965 35.0157 -1.9062 -0.2609 -10.7593 0.2451 -0.1276 0.6525 1.3116 -0.1392 6.7389 -3.3993 -0.7904 -14.3735 2.2187 -0.8257 16.6293 1.1961 -0.4329 7.5078 0.0000 -0.0000 0.0000 -85.0877 -5.0382 35.0751 17.7402 -27.8232 -4.4273 -0.0000 0.0000 -16.5195 16.4426 33.3307 9.2110 -7.1250 0.0000 -0.0000 -19.8470 63.3475 -9.0152 0.0000 -0.0000 0.0000 84.5504 -0.6251 17.5965 -20.2921 30.9926 -5.6810 0.0000 0.0000 14.2360 -20.7505 29.1582 -10.4589 7.1250 -0.0000 -0.0000 5.8225 0.7009 5.9238
17.2476 17.9708 1.3324 6.7850 -88.3087 3.4765 0.0000 0.0000 0.0000 -23.0738 -7.6647 -24.5799 4.6994 13.0371 39.5076 1.6556 -9.4682 -23.0775 0.0474 -1.4044 -3.8623 0.0000 0.0000 0.0000 11.4020 13.7949 -28.4721 -7.6128 -15.8270 51.1558 0.3849 11.8242 -0.5062 -3.6775 -11.7184 34.7431 -1.8608 -0.2414 -10.6895 0.1452 -0.1015 0.6805 1.1850 -0.1229 6.7277 -3.2425 -0.7812 -14.4697 2.2733 -0.8538 16.6032 1.1852 -0.4299 7.5164 0.0000 0.0000 0.0000 -84.7918 -5.2850 34.6878 17.6794 -27.7446 -4.3989 -0.0000 0.0000 -16.5855 16.4348 33.1356 9.1596 -7.1250 0.0000 -0.0000 -19.6773 63.1639 -8.8504 0.0000 0.0000 0.0000 84.6630 -0.4857 17.5160 -20.3190 31.0248 -5.6949 0.0000 0.0000 14.0693 -20.6337 29.0551 -10.3632 7.1250 -0.0000 -0.0000 5.8779 0.5729 5.9677
17.2434 17.9711 1.3450 7.0928 -88.3972 3.1774 0.0000 0.0000 0.0000 -23.1219 -7.6803 -24.5321 4.6973 13.0346 39.4980 1.6693 -9.4687 -23.1729 0.0479 -1.4126 -3.8849 0.0000 0.0000 0.0000 11.2958 14.0024 -29.1130 -7.8000 -15.9701 51.8390 0.3780 11.5599 -0.0957 -3.6992 -11.7491 34.8499 -1.8647 -0.2660 -10.6244 0.1004 -0.1322 0.6786 1.1351 -0.1368 6.6897 -3.2256 -0.7460 -14.4894 2.3394 -0.8230 16.6494 1.2076 -0.4083 7.5342 0.0000 -0.0000 0.0000 -84.5827 -5.4005 34.2049 17.6479 -27.7040 -4.3843 -0.0000 0.0000 -16.5146 16.4108 33.0516 9.1254 -7.1250 0.0000 -0.0000 -19.6279 63.0793 -8.7884 0.0000 -0.0000 0.0000 84.6824 -0.4603 17.6230 -20.4007 31.1220 -5.7370 0.0000 0.0000 13.8060 -20.2480 28.8873 -10.1041 7.1250 -0.0000 -0.0000 6.0828 0.3278 6.1522
17.2384 17.9707 1.3566 4.9168 -88.4514 5.3588 0.0000 0.0000 0.0000 -23.0942 -7.6355 -24.5036 4.6910 13.0271 39.4701 1.6659 -9.4848 -23.1504 0.0546 -1.5080 -4.1478 0.0000 0.0000 0.0000 11.2848 14.1880 -29.7230 -7.9685 -16.0960 52.4490 0.3650 11.2868 0.1135 -3.7341 -11.7980 35.0209 -1.8307 -0.3190 -10.5401 0.1015 -0.2095 0.6404 1.1047 -0.1725 6.6037 -3.2459 -0.6943 -14.4807 2.3727 -0.7592 16.7799 1.2292 -0.3778 7.5737 0.0000 -0.0000 0.0000 -84.3839 -5.4005 33.8568 17.6649 -27.7259 -4.3922 -0.0000 0.0000 -16.5003 16.4023 33.0440 9.1187 -7.1250 0.0000 -0.0000 -19.6305 63.0702 -8.7854 0.0000 -0.0000 0.0000 84.6673 -0.5887 17.8379 -20.5598 31.3109 -5.8195 0.0000 0.0000 13.5496 -20.4273 28.9761 -10.2276 7.1250 -0.0000 -0.0000 5.9887 0.4525 6.0689
17.2347 17.9705 1.3667 2.6726 -88.5141 7.5802 0.0000 0.0000 0.0000 -23.0709 -7.5186 -24.4839 4.6864 13.0216 39.4496 1.6646 -9.5031 -23.1421 0.0631 -1.6207 -4.4585 0.0000 0.0000 0.0000 11.2989 14.3703 -30.2647 -8.1145 -16.2029 52.9742 0.3579 11.1560 0.1770 -3.7185 -11.7761 34.9444 -1.8899 -0.3853 -10.4108 0.1545 -0.2973 0.5916 1.1801 -0.2172 6.4823 -3.2359 -0.6264 -14.3321 2.3384 -0.6689 16.7809 1.2257 -0.3391 7.5449 0.0000 0.0000 0.0000 -84.1983 -5.3144 33.6656 17.7496 -27.8353 -4.4317 -0.0000 0.0000 -16.7265 16.2546 33.1159 9.0506 -7.1250 0.0000 -0.0000 -19.8593 63.0985 -8.9051 0.0000 0.0000 0.0000 84.5971 -0.7359 17.9519 -20.6902 31.4650 -5.8874 0.0000 0.0000 13.3825 -20.9180 29.1970 -10.5617 7.1250 -0.0000 -0.0000 5.7298 0.7732 5.8357
17.2311 17.9726 1.3762 4.7201 -88.6088 5.4667 0.0000 0.0000 0.0000 -23.1756 -7.3778 -24.4232 4.6858 13.0210 39.4470 1.6768 -9.5563 -23.2295 0.0636 -1.6275 -4.4774 0.0000 0.0000 0.0000 11.1709 14.6136 -30.7265 -8.2362 -16.2902 53.4090 0.3530 11.0778 0.1819 -3.7311 -11.7937 35.0061 -2.1237 -0.4689 -10.2936 0.2228 -0.3859 0.6169 1.3700 -0.2695 6.4482 -3.2191 -0.5527 -14.2007 2.2435 -0.5560 16.6762 1.2031 -0.2934 7.4838 -0.0000 0.0000 0.0000 -84.1292 -5.3443 33.2551 17.7586 -27.8470 -4.4359 -0.0000 0.0000 -16.8082 16.2780 33.2299 9.0913 -7.1250 0.0000 -0.0000 -19.9373 63.2106 -8.9939 -0.0000 0.0000 0.0000 84.4456 -0.7011 18.0389 -20.6858 31.4598 -5.8851 0.0000 0.0000 13.3467 -21.1363 29.4487 -10.7617 7.1250 -0.0000 -0.0000 5.6348 1.0738 5.7672
17.2266 17.9721 1.3878 5.2103 -88.6618 4.9115 0.0000 0.0000 0.0000 -23.2373 -7.2940 -24.3572 4.6885 13.0242 39.4592 1.6876 -9.5830 -23.3051 0.0558 -1.5247 -4.1938 0.0000 0.0000 0.0000 11.0864 14.8246 -31.1850 -8.3313 -16.3576 53.7473 0.3428 10.9237 0.1677 -3.7607 -11.8350 35.1508 -2.1685 -0.5012 -10.2048 0.2032 -0.4223 0.7031 1.3691 -0.2893 6.4909 -3.1488 -0.5277 -14.2807 2.2191 -0.5282 16.6448 1.1864 -0.2767 7.4865 0.0000 -0.0000 0.0000 -83.9992 -5.5803 32.7612 17.6399 -27.6936 -4.3806 -0.0000 0.0000 -16.5880 16.3665 33.1661 9.1273 -7.1250 0.0000 -0.0000 -19.7808 63.1744 -8.9037 0.0000 -0.0000 0.0000 84.4519 -0.5397 17.9895 -20.6277 31.3912 -5.8548 0.0000 0.0000 13.3867 -21.4686 29.6797 -11.0194 7.1250 -0.0000 -0.0000 5.4723 1.3766 5.6277
17.2198 17.9693 1.4002 -0.0237 -88.6662 10.1441 0.0000 0.0000 0.0000 -23.1417 -7.3584 -24.3191 4.6936 13.0302 39.4815 1.7055 -9.5165 -23.4253 0.0539 -1.4987 -4.1223 0.0000 0.0000 0.0000 11.1694 14.9700 -31.6922 -8.3999 -16.4056 53.9906 0.3313 10.7747 0.0688 -3.7458 -11.8143 35.0781 -2.0239 -0.4970 -10.1883 0.1902 -0.4326 0.7748 1.2723 -0.2899 6.5565 -3.0995 -0.5422 -14.4459 2.2153 -0.5528 16.6962 1.1749 -0.2846 7.5331 0.0000 0.0000 0.0000 -83.8005 -5.7886 32.5306 17.5910 -27.6303 -4.3579 -0.0000 0.0000 -16.4569 16.3412 33.0765 9.0913 -7.1250 0.0000 -0.0000 -19.7276 63.0845 -8.8372 0.0000 0.0000 0.0000 84.5422 -0.4020 17.7622 -20.6276 31.3911 -5.8548 0.0000 0.0000 13.3541 -21.7345 29.8269 -11.2151 7.1250 -0.0000 -0.0000 5.3382 1.5813 5.5071
17.2108 17.9676 1.4115 -2.4601 -88.6788 12.5996 0.0000 0.0000 0.0000 -23.1150 -7.5366 -24.2404 4.6983 13.0357 39.5024 1.7402 -9.4396 -23.6601 0.0634 -1.6247 -4.4695 0.0000 0.0000 0.0000 11.1777 15.0792 -32.2157 -8.4458 -16.4376 54.1530 0.3155 10.5629 -0.0589 -3.7729 -11.8520 35.2103 -1.9843 -0.5015 -10.1337 0.1645 -0.4433 0.7583 1.2215 -0.2927 6.5079 -2.9858 -0.5224 -14.4580 2.1748 -0.5466 16.7941 1.1439 -0.2794 7.5667 0.0000 0.0000 0.0000 -83.5707 -5.8121 32.4146 17.5763 -27.6113 -4.3511 -0.0000 0.0000 -16.3893 16.3669 33.2142 9.1391 -7.1250 0.0000 -0.0000 -19.8242 63.2194 -8.9450 0.0000 0.0000 0.0000 84.6096 -0.4345 17.5951 -20.6583 31.4273 -5.8708 0.0000 0.0000 13.1803 -21.3113 29.7161 -10.9447 7.1250 -0.0000 -0.0000 5.5681 1.3823 5.7277
17.2027 17.9666 1.4240 -2.9956 -88.6755 13.1458 0.0000 0.0000 0.0000 -23.1441 -7.7548 -24.1283 4.6976 13.0349 39.4993 1.7788 -9.3447 -23.9191 0.0722 -1.7336 -4.7700 0.0000 0.0000 0.0000 11.1201 15.1856 -32.7295 -8.4708 -16.4548 54.2413 0.3022 10.3813 -0.1640 -3.7958 -11.8836 35.3214 -1.9677 -0.5133 -10.0176 0.1158 -0.4615 0.7003 1.1590 -0.2988 6.3806 -2.8622 -0.4728 -14.3291 2.2066 -0.5213 16.8746 1.1367 -0.2589 7.5694 0.0000 0.0000 0.0000 -83.3946 -5.8341 32.1682 17.4626 -27.4636 -4.2985 -0.0000 0.0000 -16.1987 16.3873 33.1511 9.1358 -7.1250 0.0000 -0.0000 -19.7440 63.1659 -8.8825 0.0000 0.0000 0.0000 84.6491 -0.5603 17.5802 -20.6664 31.4369 -5.8750 0.0000 0.0000 13.0086 -20.6337 29.3305 -10.4508 7.1250 -0.0000 -0.0000 5.9120 0.8545 6.0315
17.1937 17.9687 1.4369 -6.2098 -88.6306 16.3682 0.0000 0.0000 0.0000 -23.0969 -7.9062 -24.0163 4.6847 13.0197 39.4422 1.8031 -9.3318 -24.0826 0.0689 -1.6932 -4.6585 0.0000 0.0000 0.0000 11.1398 15.3131 -33.2467 -8.4754 -16.4581 54.2577 0.2989 10.4114 -0.3814 -3.7524 -11.8234 35.1102 -1.8903 -0.5268 -9.9682 0.1069 -0.4888 0.7233 1.1020 -0.3094 6.3769 -2.8272 -0.4462 -14.3251 2.2602 -0.5031 16.8633 1.1505 -0.2428 7.5644 -0.0000 -0.0000 0.0000 -83.3118 -6.0024 31.8530 17.3314 -27.2926 -4.2382 -0.0000 0.0000 -15.9904 16.4117 32.9804 9.1088 -7.1250 0.0000 -0.0000 -19.5629 63.0132 -8.7277 -0.0000 -0.0000 0.0000 84.6756 -0.5705 17.5438 -20.6486 31.4158 -5.8657 0.0000 0.0000 12.9192 -20.4733 29.3340 -10.3651 7.1250 -0.0000 -0.0000 6.0058 0.8269 6.1254
17.1810 17.9754 1.4469 -11.5144 -88.6037 21.6538 0.0000 0.0000 0.0000 -22.9936 -7.9259 -23.8816 4.6625 12.9933 39.3434 1.8117 -9.3444 -24.1406 0.0645 -1.6389 -4.5086 0.0000 0.0000 0.0000 11.2287 15.5197 -33.7085 -8.4574 -16.4456 54.1941 0.2884 10.3856 -0.7424 -3.7211 -11.7798 34.9573 -1.8130 -0.5306 -9.9127 0.1339 -0.5048 0.7746 1.0844 -0.3154 6.3998 -2.8642 -0.4551 -14.4394 2.2925 -0.5070 16.8279 1.1669 -0.2422 7.5732 0.0000 0.0000 0.0000 -83.1993 -6.0991 31.6861 17.2943 -27.2442 -4.2212 -0.0000 0.0000 -15.9635 16.4196 32.9719 9.1113 -7.1250 0.0000 -0.0000 -19.5466 63.0075 -8.7175 0.0000 0.0000 0.0000 84.7095 -0.5893 17.4273 -20.6650 31.4353 -5.8743 0.0000 0.0000 12.8632 -20.7987 29.7220 -10.6651 7.1250 -0.0000 -0.0000 5.8657 1.2866 6.0273
17.1669 17.9829 1.4558 -14.7489 -88.6003 24.8564 0.0000 0.0000 0.0000 -22.9528 -7.9696 -23.6955 4.6369 12.9629 39.2297 1.8217 -9.2627 -24.2061 0.0613 -1.5979 -4.3958 0.0000 0.0000 0.0000 11.2541 15.7639 -34.0926 -8.4172 -16.4177 54.0520 0.2710 10.2634 -1.1308 -3.7015 -11.7522 34.8608 -1.8311 -0.5632 -9.8102 0.1971 -0.5515 0.8010 1.1543 -0.3398 6.3720 -3.0177 -0.4691 -14.5889 2.3682 -0.5026 16.9107 1.2183 -0.2421 7.6272 -0.0000 0.0000 0.0000 -83.1469 -6.1192 31.4930 17.2447 -27.1793 -4.1985 -0.0000 0.0000 -15.9060 16.2803 32.7705 8.9829 -7.1250 0.0000 -0.0000 -19.5212 62.7834 -8.6030 -0.0000 0.0000 0.0000 84.6194 -0.7594 17.5752 -20.8026 31.5972 -5.9462 0.0000 0.0000 12.6750 -21.2135 29.8062 -10.9201 7.1250 -0.0000 -0.0000 5.6366 1.4549 5.8058
17.1520 17.9875 1.4651 -14.0403 -88.5784 24.0995 0.0000 0.0000 0.0000 -23.0116 -8.0182 -23.4894 4.6141 12.9356 39.1279 1.8352 -9.2251 -24.2956 0.0593 -1.5716 -4.3232 0.0000 0.0000 0.0000 11.2160 15.8923 -34.4379 -8.3580 -16.3764 53.8422 0.2578 10.2170 -1.4998 -3.6769 -11.7175 34.7399 -1.9207 -0.6113 -9.6930 0.2309 -0.6094 0.8028 1.2323 -0.3713 6.3109 -3.1288 -0.4648 -14.5301 2.4529 -0.4907 16.9162 1.2657 -0.2363 7.6187 0.0000 -0.0000 0.0000 -83.1673 -6.1638 31.2058 17.0876 -26.9731 -4.1270 -0.0000 0.0000 -15.6451 16.2666 32.6340 8.9423 -7.1250 0.0000 -0.0000 -19.4162 62.6524 -8.4950 0.0000 -0.0000 0.0000 84.5160 -1.1019 17.8692 -21.0397 31.8746 -6.0709 0.0000 0.0000 12.3934 -21.4784 29.7415 -11.0451 7.1250 -0.0000 -0.0000 5.4748 1.4419 5.6364
17.1360 17.9903 1.4736 -15.5143 -88.5191 25.5052 0.0000 0.0000 0.0000 -22.9999 -7.9580 -23.3286 4.5987 12.9171 39.0589 1.8337 -9.2017 -24.2848 0.0656 -1.6531 -4.5480 0.0000 0.0000 0.0000 11.2966 15.9550 -34.7650 -8.2783 -16.3202 53.5589 0.2535 10.3986 -1.9600 -3.5803 -11.5799 34.2617 -1.9261 -0.6243 -9.5541 0.2219 -0.6286 0.7782 1.2241 -0.3797 6.2066 -3.0593 -0.4384 -14.2942 2.4935 -0.4860 16.8416 1.2672 -0.2276 7.5522 -0.0000 0.0000 0.0000 -83.1042 -6.1093 31.0647 17.0073 -26.8674 -4.0906 -0.0000 0.0000 -15.4920 16.4213 32.8965 9.0942 -7.1250 0.0000 -0.0000 -19.4770 62.9375 -8.6532 -0.0000 0.0000 0.0000 84.5475 -1.4857 17.9790 -21.2478 32.1165 -6.1812 0.0000 0.0000 12.1808 -21.4536 29.6105 -10.9884 7.1250 -0.0000 -0.0000 5.4719 1.3027 5.6203
17.1222 17.9908 1.4820 -18.1334 -88.4507 28.0981 0.0000 0.0000 0.0000 -22.9431 -7.9802 -23.2202 4.5900 12.9066 39.0198 1.8289 -9.0679 -24.2496 0.0793 -1.8168 -4.9996 0.0000 0.0000 0.0000 11.3902 16.0442 -35.1521 -8.1767 -16.2477 53.1967 0.2475 10.5891 -2.4417 -3.4460 -11.3843 33.5870 -1.9046 -0.6407 -9.4279 0.2188 -0.6552 0.7802 1.2058 -0.3913 6.1378 -2.9548 -0.4100 -14.3427 2.5326 -0.4802 16.9403 1.2640 -0.2151 7.5927 0.0000 -0.0000 0.0000 -82.9597 -6.0370 31.1083 17.0364 -26.9057 -4.1038 -0.0000 0.0000 -15.5632 16.5218 33.1232 9.2070 -7.1250 0.0000 -0.0000 -19.5694 63.1752 -8.8051 0.0000 -0.0000 0.0000 84.5572 -1.6877 18.1293 -21.3585 32.2444 -6.2401 0.0000 0.0000 11.9464 -21.3467 29.4493 -10.8768 7.1250 -0.0000 -0.0000 5.5128 1.1162 5.6451
17.1080 17.9902 1.4906 -18.8234 -88.3734 28.7782 0.0000 0.0000 0.0000 -22.9307 -8.0256 -23.1268 4.5847 12.9002 38.9962 1.8377 -9.0050 -24.3077 0.0898 -1.9329 -5.3203 0.0000 0.0000 0.0000 11.4002 16.1591 -35.5197 -8.0529 -16.1580 52.7529 0.2281 10.3952 -2.6844 -3.4859 -11.4429 33.7886 -1.9137 -0.6631 -9.3341 0.2234 -0.6853 0.8307 1.2118 -0.4066 6.1392 -2.9906 -0.4303 -14.5635 2.6417 -0.5160 17.0462 1.3032 -0.2226 7.6679 -0.0000 -0.0000 0.0000 -82.8805 -6.1170 31.0884 16.9829 -26.8353 -4.0796 -0.0000 0.0000 -15.5228 16.6456 33.1991 9.2972 -7.1250 0.0000 -0.0000 -19.5007 63.2783 -8.8201 -0.0000 -0.0000 0.0000 84.5034 -1.7650 18.2970 -21.4133 32.3076 -6.2694 0.0000 0.0000 11.6800 -20.9655 29.2243 -10.5962 7.1250 -0.0000 -0.0000 5.7056 0.8104 5.8145
17.0889 17.9921 1.4991 -20.7349 -88.2884 30.6642 0.0000 0.0000 0.0000 -22.8793 -7.9530 -23.0236 4.5764 12.8903 38.9591 1.8525 -9.1312 -24.4089 0.0887 -1.9211 -5.2875 0.0000 0.0000 0.0000 11.4551 16.3141 -35.8007 -7.9115 -16.0538 52.2434 0.2140 10.1602 -2.7283 -3.6349 -11.6581 34.5328 -1.8594 -0.6564 -9.2897 0.2189 -0.6821 0.8914 1.1771 -0.4038 6.1771 -3.0178 -0.4706 -14.6853 2.7072 -0.5733 17.0592 1.3235 -0.2440 7.6958 -0.0000 0.0000 0.0000 -82.8600 -6.2867 30.8681 16.8176 -26.6167 -4.0053 -0.0000 0.0000 -15.2978 16.7362 33.1926 9.3483 -7.1250 0.0000 -0.0000 -19.3938 63.2961 -8.7779 -0.0000 0.0000 0.0000 84.5425 -1.8176 18.2384 -21.3864 32.2766 -6.2550 0.0000 0.0000 11.5800 -20.5002 29.0111 -10.2777 7.1250 -0.0000 -0.0000 5.9504 0.5022 6.0349
17.0694 17.9946 1.5087 -23.0378 -88.2568 32.9798 0.0000 0.0000 0.0000 -22.8440 -7.9640 -22.9177 4.5615 12.8723 38.8925 1.8720 -9.1201 -24.5385 0.0859 -1.8901 -5.2020 0.0000 0.0000 0.0000 11.4882 16.4835 -36.1337 -7.7621 -15.9414 51.7011 0.2032 10.0249 -2.8337 -3.6951 -11.7432 34.8294 -1.8004 -0.6382 -9.2485 0.2160 -0.6652 0.8874 1.1436 -0.3931 6.1481 -3.0106 -0.5037 -14.6681 2.6871 -0.6173 17.0637 1.3109 -0.2667 7.6955 0.0000 0.0000 0.0000 -82.8100 -6.2510 30.8142 16.7262 -26.4955 -3.9644 -0.0000 0.0000 -15.3035 16.7075 32.9542 9.2732 -7.1250 0.0000 -0.0000 -19.2112 63.0658 -8.5884 0.0000 0.0000 0.0000 84.6001 -1.9579 18.0871 -21.3069 32.1849 -6.2126 0.0000 0.0000 11.7156 -20.6839 29.2275 -10.4451 7.1250 -0.0000 -0.0000 5.8699 0.7589 5.9785
17.0527 17.9973 1.5199 -22.9026 -88.2918 32.8725 0.0000 0.0000 0.0000 -22.9212 -8.0862 -22.7890 4.5414 12.8480 38.8020 1.8940 -8.9748 -24.6824 0.0803 -1.8276 -5.0296 0.0000 0.0000 0.0000 11.3971 16.6474 -36.5283 -7.6068 -15.8223 51.1335 0.1832 9.7358 -2.9804 -3.6877 -11.7329 34.7934 -1.8120 -0.6230 -9.1369 0.1875 -0.6448 0.8375 1.1244 -0.3818 6.0313 -3.0303 -0.5320 -14.5076 2.7184 -0.6604 16.9565 1.3189 -0.2863 7.6333 -0.0000 0.0000 0.0000 -82.7308 -6.0107 30.9700 16.7902 -26.5804 -3.9930 -0.0000 0.0000 -15.5299 16.7825 32.9021 9.3037 -7.1250 0.0000 -0.0000 -19.0814 63.0366 -8.5151 -0.0000 0.0000 0.0000 84.6079 -2.1995 18.0087 -21.2671 32.1388 -6.1914 0.0000 0.0000 11.9695 -21.0842 29.3377 -10.6973 7.1250 -0.0000 -0.0000 5.6510 0.9498 5.7718
17.0356 17.9991 1.5311 -22.0403 -88.3266 32.0043 0.0000 0.0000 0.0000 -23.0155 -8.2119 -22.6089 4.5189 12.8207 38.7009 1.9131 -8.9496 -24.8091 0.0719 -1.7294 -4.7585 0.0000 0.0000 0.0000 11.3152 16.7746 -36.9021 -7.4431 -15.6939 50.5309 0.1686 9.6138 -3.2119 -3.6981 -11.7475 34.8445 -1.8765 -0.6253 -9.0329 0.1695 -0.6414 0.8544 1.1431 -0.3816 5.9905 -3.0245 -0.5261 -14.4503 2.7696 -0.6608 16.8178 1.3339 -0.2805 7.5777 -0.0000 -0.0000 0.0000 -82.7501 -5.9472 30.9417 16.7978 -26.5905 -3.9964 -0.0000 0.0000 -15.6081 17.0011 33.1642 9.4953 -7.1250 0.0000 -0.0000 -19.0725 63.3391 -8.6463 -0.0000 -0.0000 0.0000 84.5823 -2.3631 18.0410 -21.2342 32.1007 -6.1739 0.0000 0.0000 12.2190 -21.4692 29.3349 -10.9059 7.1250 -0.0000 -0.0000 5.4267 1.0232 5.5476
17.0146 18.0000 1.5383 -23.6677 -88.3213 33.5964 0.0000 0.0000 0.0000 -23.0081 -8.2278 -22.4249 4.4978 12.7949 38.6056 1.9266 -8.9884 -24.8980 0.0747 -1.7626 -4.8501 0.0000 0.0000 0.0000 11.3723 16.9052 -37.1791 -7.2666 -15.5524 49.8757 0.1620 9.8138 -3.6231 -3.7359 -11.8005 35.0298 -1.9123 -0.6173 -8.9878 0.1904 -0.6276 0.9377 1.1870 -0.3772 6.0529 -3.0389 -0.5445 -14.5470 2.8074 -0.6836 16.7571 1.3462 -0.2868 7.5756 0.0000 -0.0000 0.0000 -82.8253 -6.0263 30.9067 16.7215 -26.4891 -3.9623 -0.0000 0.0000 -15.5730 17.1233 33.3084 9.6026 -7.1250 0.0000 -0.0000 -19.0666 63.5062 -8.7181 0.0000 -0.0000 0.0000 84.5961 -2.4727 18.0252 -21.1891 32.0484 -6.1500 0.0000 0.0000 12.4291 -21.8216 29.5526 -11.1716 7.1250 -0.0000 -0.0000 5.2509 1.3177 5.3927
16.9925 18.0023 1.5435 -26.8808 -88.3002 36.7911 0.0000 0.0000 0.0000 -22.9469 -8.1297 -22.3083 4.4797 12.7728 38.5238 1.9320 -8.9668 -24.9334 0.0816 -1.8429 -5.0717 0.0000 0.0000 0.0000 11.4683 17.0920 -37.4347 -7.0747 -15.3945 49.1563 0.1510 9.7399 -3.8046 -3.7448 -11.8128 35.0730 -1.9160 -0.5866 -8.9599 0.2242 -0.5880 0.9825 1.2302 -0.3589 6.0833 -3.0825 -0.6046 -14.4802 2.8609 -0.7641 16.6244 1.3616 -0.3223 7.5232 -0.0000 -0.0000 0.0000 -82.8584 -5.9187 31.0685 16.7495 -26.5264 -3.9748 -0.0000 0.0000 -15.6091 17.1453 33.3776 9.6328 -7.1250 0.0000 -0.0000 -19.1053 63.5768 -8.7680 -0.0000 -0.0000 0.0000 84.6520 -2.6404 17.8695 -21.1297 31.9794 -6.1185 0.0000 0.0000 12.5941 -21.7316 29.6223 -11.1454 7.1250 -0.0000 -0.0000 5.3124 1.3710 5.4613
16.9728 18.0034 1.5508 -28.3239 -88.2622 38.2183 0.0000 0.0000 0.0000 -22.9267 -8.1169 -22.1770 4.4640 12.7535 38.4527 1.9318 -8.9498 -24.9319 0.0755 -1.7731 -4.8789 0.0000 0.0000 0.0000 11.4941 17.2489 -37.7164 -6.8732 -15.2242 48.3931 0.1375 9.3418 -3.6831 -3.7132 -11.7686 34.9183 -1.9625 -0.5728 -8.8820 0.2788 -0.5689 1.0057 1.3165 -0.3520 6.0640 -3.2068 -0.6613 -14.3969 2.9628 -0.8323 16.5121 1.4077 -0.3530 7.4748 0.0000 0.0000 0.0000 -82.9173 -5.7229 31.3297 16.8388 -26.6448 -4.0148 -0.0000 0.0000 -15.7737 17.1993 33.4282 9.6771 -7.1250 0.0000 -0.0000 -19.0912 63.6385 -8.7888 0.0000 0.0000 0.0000 84.6112 -2.7681 17.7176 -21.0463 31.8824 -6.0744 0.0000 0.0000 12.7175 -21.5962 29.6206 -11.0702 7.1250 -0.0000 -0.0000 5.3906 1.3418 5.5397
16.9509 18.0050 1.5585 -27.8252 -88.2473 37.6827 0.0000 0.0000 0.0000 -22.9708 -8.0621 -22.0200 4.4469 12.7325 38.3752 1.9250 -9.0458 -24.8882 0.0705 -1.7127 -4.7124 0.0000 0.0000 0.0000 11.4644 17.3715 -37.9575 -6.6689 -15.0466 47.6106 0.1292 9.0705 -3.5852 -3.6281 -11.6483 34.4989 -2.0200 -0.5689 -8.7917 0.2822 -0.5584 1.0821 1.3542 -0.3495 6.0937 -3.3095 -0.7072 -14.5200 3.0729 -0.8864 16.4794 1.4551 -0.3730 7.4884 0.0000 -0.0000 0.0000 -82.9249 -5.6459 31.5643 16.8764 -26.6945 -4.0316 -0.0000 0.0000 -15.9629 17.2532 33.3424 9.6871 -7.1250 0.0000 -0.0000 -18.9521 63.5724 -8.6931 0.0000 -0.0000 0.0000 84.6093 -2.7930 17.6456 -20.9532 31.7737 -6.0253 0.0000 0.0000 12.7545 -21.5440 29.5919 -11.0320 7.1250 -0.0000 -0.0000 5.4170 1.3019 5.5634
16.9261 18.0075 1.5653 -27.3575 -88.2936 37.2221 0.0000 0.0000 0.0000 -23.0509 -7.9618 -21.9093 4.4276 12.7086 38.2873 1.9264 -9.0895 -24.8979 0.0732 -1.7460 -4.8042 0.0000 0.0000 0.0000 11.4180 17.5007 -38.2330 -6.4621 -14.8617 46.8094 0.1233 8.8923 -3.5369 -3.5496 -11.5356 34.1082 -2.0612 -0.5733 -8.7408 0.2214 -0.5568 1.1203 1.3142 -0.3493 6.1047 -3.2739 -0.7226 -14.6161 3.1210 -0.9205 16.4687 1.4615 -0.3812 7.5030 -0.0000 -0.0000 0.0000 -82.8753 -5.5043 31.5949 16.8930 -26.7165 -4.0391 -0.0000 0.0000 -15.9947 17.2618 33.2977 9.6809 -7.1250 0.0000 -0.0000 -18.9017 63.5329 -8.6517 -0.0000 -0.0000 0.0000 84.7188 -2.9094 17.7205 -20.8459 31.6481 -5.9689 0.0000 0.0000 12.6273 -21.3782 29.5562 -10.9291 7.1250 -0.0000 -0.0000 5.5084 1.2320 5.6516
16.9022 18.0105 1.5717 -27.6291 -88.3095 37.5185 0.0000 0.0000 0.0000 -23.0896 -7.9856 -21.7800 4.4070 12.6832 38.1937 1.9390 -9.0431 -24.9805 0.0780 -1.8020 -4.9587 0.0000 0.0000 0.0000 11.4056 17.6464 -38.5192 -6.2519 -14.6681 45.9846 0.1149 8.6695 -3.5080 -3.5534 -11.5411 34.1275 -2.0906 -0.5748 -8.6360 0.1780 -0.5560 1.0874 1.2863 -0.3481 6.0103 -3.1994 -0.7450 -14.6012 3.1392 -0.9739 16.4991 1.4496 -0.4009 7.5119 -0.0000 -0.0000 0.0000 -82.8701 -5.2427 31.6173 16.9170 -26.7483 -4.0499 -0.0000 0.0000 -15.9053 17.3167 33.3491 9.7260 -7.1250 0.0000 -0.0000 -18.8868 63.5956 -8.6723 -0.0000 -0.0000 0.0000 84.8270 -3.1452 17.7634 -20.7003 31.4769 -5.8927 0.0000 0.0000 12.5754 -21.3518 29.6524 -10.9462 7.1250 -0.0000 -0.0000 5.5364 1.3252 5.6894
16.8781 18.0151 1.5771 -29.4362 -88.2434 39.3368 0.0000 0.0000 0.0000 -23.0303 -7.9884 -21.6435 4.3838 12.6544 38.0881 1.9466 -9.0411 -25.0301 0.0810 -1.8361 -5.0530 0.0000 0.0000 0.0000 11.4749 17.8152 -38.7687 -6.0393 -14.4663 45.1393 0.1031 8.4124 -3.5426 -3.5420 -11.5246 34.0702 -2.0859 -0.5558 -8.5577 0.2056 -0.5344 1.0858 1.3159 -0.3373 5.9635 -3.2196 -0.7985 -14.5768 3.1630 -1.0483 16.5020 1.4528 -0.4357 7.5114 -0.0000 -0.0000 0.0000 -82.9430 -5.0722 31.7779 16.8919 -26.7151 -4.0386 -0.0000 0.0000 -15.8366 17.3328 33.3093 9.7254 -7.1250 0.0000 -0.0000 -18.8324 63.5625 -8.6319 -0.0000 -0.0000 0.0000 84.9121 -3.3256 17.4754 -20.5557 31.3060 -5.8173 0.0000 0.0000 12.8397 -21.4664 29.7828 -11.0521 7.1250 -0.0000 -0.0000 5.4873 1.4819 5.6531
16.8510 18.0187 1.5831 -31.5113 -88.1366 41.4320 0.0000 0.0000 0.0000 -22.9402 -8.0186 -21.4847 4.3600 12.6247 37.9792 1.9605 -9.0637 -25.1211 0.0720 -1.7310 -4.7627 0.0000 0.0000 0.0000 11.5774 17.9378 -39.0028 -5.8281 -14.2597 44.2881 0.0936 8.2214 -3.5934 -3.5019 -11.4664 33.8694 -2.0470 -0.5438 -8.5643 0.2701 -0.5253 1.1401 1.3625 -0.3335 6.0243 -3.3328 -0.8418 -14.6161 3.2125 -1.0859 16.4187 1.4834 -0.4547 7.4931 -0.0000 -0.0000 0.0000 -83.0679 -5.0307 31.9100 16.8207 -26.6207 -4.0066 -0.0000 0.0000 -15.8528 17.1357 33.1813 9.5780 -7.1250 0.0000 -0.0000 -18.9374 63.3906 -8.6056 -0.0000 -0.0000 0.0000 84.9441 -3.3979 17.1619 -20.4167 31.1411 -5.7453 0.0000 0.0000 12.9806 -21.3888 29.8423 -11.0288 7.1250 -0.0000 -0.0000 5.5400 1.5272 5.7122
16.8223 18.0222 1.5890 -31.8868 -88.0635 41.8311 0.0000 0.0000 0.0000 -22.9194 -8.0971 -21.3003 4.3363 12.5949 37.8704 1.9787 -9.1000 -25.2399 0.0645 -1.6384 -4.5072 0.0000 0.0000 0.0000 11.6344 18.0083 -39.2476 -5.6219 -14.0517 43.4449 0.0915 8.0899 -3.5120 -3.5226 -11.4965 33.9732 -2.0461 -0.5399 -8.5305 0.3091 -0.5225 1.1901 1.4032 -0.3334 6.0582 -3.5096 -0.8990 -14.6951 3.3379 -1.1398 16.3123 1.5476 -0.4776 7.4757 -0.0000 -0.0000 0.0000 -83.1823 -4.9492 32.0910 16.8161 -26.6147 -4.0046 -0.0000 0.0000 -15.9111 16.9323 33.1902 9.4617 -7.1250 0.0000 -0.0000 -19.1728 63.3452 -8.6962 -0.0000 -0.0000 0.0000 84.9195 -3.4793 17.1193 -20.2235 30.9107 -5.6457 0.0000 0.0000 12.8575 -21.3361 29.7966 -10.9847 7.1250 -0.0000 -0.0000 5.5645 1.4697 5.7322
16.7944 18.0251 1.5936 -32.5252 -87.9721 42.5666 0.0000 0.0000 0.0000 -22.8592 -8.1650 -21.2322 4.3116 12.5639 37.7571 1.9841 -9.1169 -25.2754 0.0679 -1.6806 -4.6238 0.0000 0.0000 0.0000 11.7160 18.1099 -39.5975 -5.4233 -13.8452 42.6210 0.0910 7.9463 -3.3718 -3.5397 -11.5213 34.0588 -2.0402 -0.5520 -8.5426 0.3652 -0.5425 1.1864 1.4558 -0.3441 6.0624 -3.7042 -0.9396 -14.7029 3.4648 -1.1739 16.2929 1.6177 -0.4937 7.4738 -0.0000 0.0000 0.0000 -83.2791 -4.7474 32.4217 16.8739 -26.6912 -4.0305 -0.0000 0.0000 -15.9762 16.9203 33.3644 9.4979 -7.1250 0.0000 -0.0000 -19.3452 63.5048 -8.8497 -0.0000 0.0000 0.0000 84.8784 -3.6035 17.1161 -19.9834 30.6223 -5.5229 0.0000 0.0000 12.9278 -21.6802 29.8916 -11.2064 7.1250 -0.0000 -0.0000 5.3782 1.6367 5.5539
16.7652 18.0267 1.5993 -33.3630 -87.8800 43.5228 0.0000 0.0000 0.0000 -22.7915 -8.2379 -21.1774 4.2841 12.5291 37.6304 1.9855 -9.1236 -25.2844 0.0645 -1.6386 -4.5080 0.0000 0.0000 0.0000 11.7804 18.2521 -39.9508 -5.2333 -13.6419 41.8213 0.0872 7.7661 -3.2871 -3.5016 -11.4659 33.8677 -1.9901 -0.5672 -8.6180 0.3921 -0.5681 1.1842 1.4518 -0.3559 6.1038 -3.7279 -0.9421 -14.6936 3.4695 -1.1732 16.2918 1.6232 -0.4945 7.4720 -0.0000 0.0000 0.0000 -83.3249 -4.5547 32.7203 16.8775 -26.6960 -4.0321 -0.0000 0.0000 -15.9822 16.8183 33.3664 9.4387 -7.1250 0.0000 -0.0000 -19.4613 63.4798 -8.8934 -0.0000 0.0000 0.0000 84.9518 -3.7203 17.0040 -19.7523 30.3427 -5.4056 0.0000 0.0000 13.0956 -21.9855 29.9999 -11.4127 7.1250 -0.0000 -0.0000 5.2168 1.8103 5.4011
16.7361 18.0282 1.6061 -33.5471 -87.8512 43.7435 0.0000 0.0000 0.0000 -22.8059 -8.2573 -21.0167 4.2505 12.4865 37.4754 1.9915 -9.1628 -25.3235 0.0545 -1.5062 -4.1428 0.0000 0.0000 0.0000 11.8078 18.3544 -40.2195 -5.0514 -13.4415 41.0443 0.0716 7.1608 -3.1084 -3.4470 -11.3857 33.5920 -1.9736 -0.5632 -8.5883 0.3867 -0.5645 1.2119 1.4374 -0.3537 6.1158 -3.6701 -0.9743 -14.7530 3.3904 -1.2108 16.2537 1.5834 -0.5151 7.4706 -0.0000 -0.0000 0.0000 -83.3981 -4.4396 32.9102 16.7994 -26.5926 -3.9971 -0.0000 0.0000 -15.9170 16.6884 33.2111 9.3250 -7.1250 0.0000 -0.0000 -19.4639 63.3007 -8.8130 -0.0000 -0.0000 0.0000 85.0771 -3.8163 16.8212 -19.5124 30.0505 -5.2850 0.0000 0.0000 13.2771 -22.3474 29.4741 -11.4350 7.1250 -0.0000 -0.0000 4.9354 1.3447 5.0685
16.7072 18.0304 1.6122 -32.5838 -87.8313 42.7525 0.0000 0.0000 0.0000 -22.8670 -8.2344 -20.7841 4.2138 12.4396 37.3055 1.9965 -9.2350 -25.3571 0.0467 -1.3942 -3.8342 0.0000 0.0000 0.0000 11.8508 18.3706 -40.4392 -4.8751 -13.2417 40.2801 0.0531 6.3579 -2.8737 -3.3991 -11.3148 33.3489 -2.0780 -0.5836 -8.4703 0.4490 -0.5861 1.2665 1.5590 -0.3694 6.1091 -3.7012 -1.0202 -14.8494 3.2666 -1.2347 16.1770 1.5449 -0.5379 7.4629 -0.0000 0.0000 0.0000 -83.6099 -4.3728 33.0984 16.7127 -26.4775 -3.9584 -0.0000 0.0000 -15.8787 16.8134 33.2423 9.4054 -7.1250 0.0000 -0.0000 -19.3529 63.3627 -8.7889 -0.0000 0.0000 0.0000 85.0629 -3.8432 16.5886 -19.2955 29.7843 -5.1768 0.0000 0.0000 13.5754 -22.9219 28.5739 -11.4340 7.1250 -0.0000 -0.0000 4.4778 0.5341 4.5332
16.6738 18.0343 1.6181 -29.4646 -87.9018 39.5624 0.0000 0.0000 0.0000 -23.0721 -8.0717 -20.5115 4.1760 12.3909 37.1294 1.9926 -9.3302 -25.3327 0.0466 -1.3932 -3.8314 0.0000 0.0000 0.0000 11.7771 18.3906 -40.5856 -4.7041 -13.0427 39.5284 0.0466 6.0379 -2.7756 -3.3992 -11.3148 33.3490 -2.3539 -0.6174 -8.3659 0.5143 -0.6072 1.3702 1.7801 -0.3922 6.1644 -3.7873 -1.0504 -15.0148 3.1930 -1.2324 16.1399 1.5349 -0.5463 7.4799 -0.0000 0.0000 0.0000 -83.9003 -4.3570 33.1065 16.6126 -26.3442 -3.9139 -0.0000 0.0000 -15.7134 16.8403 33.2152 9.4143 -7.1250 0.0000 -0.0000 -19.2984 63.3445 -8.7550 -0.0000 0.0000 0.0000 85.0707 -3.8652 16.2062 -19.2028 29.6700 -5.1309 0.0000 0.0000 13.8925 -22.1561 28.1051 -10.8590 7.1250 -0.0000 -0.0000 4.8659 -0.1055 4.8745
16.6438 18.0387 1.6225 -28.5475 -87.9041 38.6402 0.0000 0.0000 0.0000 -23.1414 -7.9011 -20.3606 4.1405 12.3451 36.9640 1.9790 -9.3535 -25.2456 0.0533 -1.4902 -4.0986 0.0000 0.0000 0.0000 11.7518 18.5336 -40.7790 -4.5396 -12.8457 38.7937 0.0387 5.8291 -2.8490 -3.3824 -11.2898 33.2637 -2.4726 -0.6337 -8.2526 0.5620 -0.6215 1.4232 1.8956 -0.4047 6.1588 -3.8941 -1.0657 -15.1234 3.2301 -1.2297 16.1285 1.5650 -0.5465 7.4960 -0.0000 -0.0000 0.0000 -84.1600 -4.3300 32.9069 16.4630 -26.1444 -3.8477 -0.0000 0.0000 -15.3631 16.6173 33.0151 9.2359 -7.1250 0.0000 -0.0000 -19.3659 63.0992 -8.6755 -0.0000 -0.0000 0.0000 85.1791 -3.9962 15.8163 -19.1201 29.5677 -5.0900 0.0000 0.0000 14.1963 -21.3265 28.2407 -10.4666 7.1250 -0.0000 -0.0000 5.3715 -0.1284 5.3832
16.6160 18.0404 1.6269 -29.1574 -87.8444 39.2740 0.0000 0.0000 0.0000 -23.1099 -7.8559 -20.2254 4.1067 12.3010 36.8053 1.9741 -9.3257 -25.2133 0.0554 -1.5184 -4.1764 0.0000 0.0000 0.0000 11.8006 18.7141 -41.0100 -4.3851 -12.6559 38.0938 0.0280 5.4557 -2.8878 -3.3256 -11.2043 32.9720 -2.4169 -0.6192 -8.0741 0.5700 -0.6130 1.4011 1.8747 -0.3970 6.0326 -3.9687 -1.0839 -15.0801 3.2913 -1.2482 16.0536 1.5950 -0.5539 7.4654 0.0000 0.0000 0.0000 -84.3052 -4.1878 32.9238 16.3475 -25.9896 -3.7970 -0.0000 0.0000 -15.1362 16.3526 32.9016 9.0559 -7.1250 0.0000 -0.0000 -19.5578 62.9245 -8.6846 0.0000 0.0000 0.0000 85.3269 -4.2106 15.5060 -18.9929 29.4098 -5.0273 0.0000 0.0000 14.3783 -22.3204 28.4416 -11.0633 7.1250 -0.0000 -0.0000 4.8128 0.2748 4.8530
16.5833 18.0407 1.6324 -28.1630 -87.9134 38.2922 0.0000 0.0000 0.0000 -23.2311 -7.8217 -20.0221 4.0702 12.2533 36.6339 1.9881 -9.2601 -25.3028 0.0672 -1.6720 -4.5999 0.0000 0.0000 0.0000 11.7710 18.8544 -41.2333 -4.2437 -12.4778 37.4438 0.0207 5.1090 -2.8518 -3.3009 -11.1669 32.8448 -2.4785 -0.5635 -7.9545 0.5286 -0.5328 1.4249 1.8773 -0.3585 5.9857 -3.9669 -1.1387 -15.1558 3.3100 -1.3219 16.0215 1.5928 -0.5859 7.4711 0.0000 -0.0000 0.0000 -84.3620 -4.0797 33.2895 16.2889 -25.9108 -3.7713 -0.0000 0.0000 -15.2218 16.2440 32.7538 8.9581 -7.1250 0.0000 -0.0000 -19.5466 62.7584 -8.6031 0.0000 -0.0000 0.0000 85.5219 -4.3048 15.0784 -18.8588 29.2428 -4.9617 0.0000 0.0000 14.4908 -22.7031 28.2339 -11.1953 7.1250 -0.0000 -0.0000 4.5606 0.1375 4.5861
16.5486 18.0442 1.6377 -26.8908 -87.9652 37.0416 0.0000 0.0000 0.0000 -23.3474 -7.8066 -19.8056 4.0320 12.2029 36.4536 2.0060 -9.2182 -25.4182 0.0810 -1.8353 -5.0508 0.0000 0.0000 0.0000 11.7424 18.9895 -41.4381 -4.1131 -12.3094 36.8353 0.0141 4.8934 -2.9222 -3.2745 -11.1267 32.7085 -2.5997 -0.5278 -7.9318 0.5312 -0.4724 1.5248 1.9561 -0.3353 6.0764 -3.9515 -1.1919 -15.3663 3.3001 -1.3850 16.0012 1.5799 -0.6130 7.5036 0.0000 0.0000 0.0000 -84.4368 -4.0567 33.7637 16.2880 -25.9097 -3.7709 -0.0000 0.0000 -15.4280 16.4074 32.8382 9.0721 -7.1250 0.0000 -0.0000 -19.4407 62.8793 -8.6099 0.0000 0.0000 0.0000 85.6410 -4.2528 14.7203 -18.6792 29.0181 -4.8742 0.0000 0.0000 14.6974 -22.4838 28.0123 -11.0002 7.1250 -0.0000 -0.0000 4.6607 -0.1360 4.6651
16.5075 18.0487 1.6452 -23.9276 -87.9789 34.0661 0.0000 0.0000 0.0000 -23.5109 -7.6916 -19.5482 3.9908 12.1481 36.2580 1.9995 -9.3109 -25.3775 0.0708 -1.7170 -4.7243 0.0000 0.0000 0.0000 11.7319 18.9613 -41.6179 -3.9924 -12.1502 36.2656 0.0156 4.8753 -2.8475 -3.2268 -11.0534 32.4603 -2.6798 -0.5266 -7.9334 0.5099 -0.4606 1.6039 1.9803 -0.3339 6.1609 -4.0018 -1.2241 -15.4099 3.3622 -1.4234 15.9097 1.6040 -0.6270 7.4835 0.0000 0.0000 0.0000 -84.5488 -3.9197 34.0417 16.3054 -25.9330 -3.7785 -0.0000 0.0000 -15.4424 16.4916 33.2995 9.2320 -7.1250 0.0000 -0.0000 -19.7639 63.3313 -8.9685 0.0000 0.0000 0.0000 85.7636 -4.3234 14.5146 -18.4597 28.7418 -4.7682 0.0000 0.0000 14.8974 -22.5333 28.1908 -11.0894 7.1250 -0.0000 -0.0000 4.6548 0.0586 4.6751
16.4649 18.0505 1.6515 -22.6517 -87.9206 32.8382 0.0000 0.0000 0.0000 -23.5663 -7.4827 -19.4078 3.9512 12.0952 36.0697 1.9689 -9.4326 -25.1811 0.0566 -1.5351 -4.2225 0.0000 0.0000 0.0000 11.8484 18.8568 -41.8966 -3.8774 -11.9955 35.7160 0.0193 4.8775 -2.7041 -3.1454 -10.9268 32.0335 -2.6195 -0.5259 -7.9263 0.4748 -0.4638 1.6123 1.9092 -0.3327 6.1649 -4.0199 -1.2633 -15.3685 3.4056 -1.4786 15.7971 1.6147 -0.6499 7.4420 -0.0000 0.0000 0.0000 -84.6918 -3.7477 34.0243 16.2454 -25.8523 -3.7523 -0.0000 0.0000 -15.2687 16.3587 33.3756 9.1730 -7.1250 0.0000 -0.0000 -19.9817 63.3671 -9.0881 -0.0000 0.0000 0.0000 85.9825 -4.4856 14.2436 -18.2000 28.4125 -4.6440 0.0000 0.0000 14.9104 -22.2278 28.8535 -11.1560 7.1250 -0.0000 -0.0000 4.9213 0.6810 4.9979
16.4258 18.0515 1.6550 -23.7245 -87.8017 33.9979 0.0000 0.0000 0.0000 -23.4781 -7.3960 -19.3070 3.9166 12.0486 35.9042 1.9568 -9.5771 -25.1065 0.0469 -1.3971 -3.8422 0.0000 0.0000 0.0000 11.9773 18.9585 -42.1713 -3.7667 -11.8433 35.1800 0.0165 4.8324 -2.7775 -3.0745 -10.8146 31.6572 -2.5348 -0.5244 -7.8807 0.5075 -0.4738 1.5935 1.8946 -0.3344 6.1189 -3.9842 -1.2966 -15.3481 3.3372 -1.5174 15.7203 1.5817 -0.6723 7.4141 -0.0000 0.0000 0.0000 -84.8599 -3.5631 34.0687 16.1760 -25.7587 -3.7221 -0.0000 0.0000 -15.2087 16.3096 32.9833 9.0507 -7.1250 0.0000 -0.0000 -19.6785 62.9895 -8.7704 -0.0000 0.0000 0.0000 86.1297 -4.6188 13.9093 -17.9914 28.1462 -4.5452 0.0000 0.0000 14.8354 -21.9619 29.4843 -11.2259 7.1250 -0.0000 -0.0000 5.1603 1.2760 5.2953
16.3862 18.0528 1.6593 -22.2092 -87.7432 32.5424 0.0000 0.0000 0.0000 -23.5275 -7.4058 -19.1509 3.8887 12.0108 35.7702 1.9628 -9.6313 -25.1468 0.0480 -1.4144 -3.8898 0.0000 0.0000 0.0000 11.9418 19.1206 -42.3789 -3.6604 -11.6942 34.6586 0.0132 4.7955 -2.8741 -3.0384 -10.7569 31.4644 -2.5965 -0.5427 -7.8419 0.5446 -0.4953 1.5770 1.9656 -0.3473 6.0815 -4.0215 -1.3010 -15.2893 3.3181 -1.5124 15.6807 1.5820 -0.6743 7.3909 0.0000 -0.0000 0.0000 -85.0326 -3.2983 34.2730 16.1737 -25.7556 -3.7211 -0.0000 0.0000 -15.3068 16.3533 32.7389 9.0171 -7.1250 0.0000 -0.0000 -19.4128 62.7727 -8.5484 0.0000 -0.0000 0.0000 86.2001 -4.7682 13.6233 -17.8206 27.9268 -4.4649 0.0000 0.0000 14.9910 -21.9983 29.7476 -11.3349 7.1250 -0.0000 -0.0000 5.1749 1.5539 5.3349
16.3460 18.0526 1.6645 -19.9585 -87.7166 30.3492 0.0000 0.0000 0.0000 -23.6342 -7.3431 -19.0271 3.8644 11.9777 35.6533 1.9633 -9.6232 -25.1498 0.0557 -1.5231 -4.1894 0.0000 0.0000 0.0000 11.9379 19.1630 -42.5869 -3.5612 -11.5523 34.1661 0.0105 4.6775 -2.8852 -2.9829 -10.6674 31.1662 -2.6532 -0.5579 -7.8311 0.5517 -0.5106 1.5859 2.0029 -0.3572 6.0863 -4.0819 -1.3100 -15.1880 3.3555 -1.5179 15.5567 1.6031 -0.6772 7.3336 0.0000 0.0000 0.0000 -85.2335 -3.1028 34.3039 16.1444 -25.7161 -3.7084 -0.0000 0.0000 -15.2859 16.3517 32.6113 8.9855 -7.1250 0.0000 -0.0000 -19.3023 62.6529 -8.4434 0.0000 0.0000 0.0000 86.2999 -4.9151 13.4297 -17.6179 27.6652 -4.3704 0.0000 0.0000 15.2733 -22.3965 29.7694 -11.5637 7.1250 -0.0000 -0.0000 4.9476 1.6587 5.1077
16.3049 18.0503 1.6698 -20.0463 -87.6133 30.5266 0.0000 0.0000 0.0000 -23.5983 -7.3047 -18.9209 3.8391 11.9431 35.5311 1.9641 -9.7083 -25.1571 0.0640 -1.6321 -4.4899 0.0000 0.0000 0.0000 12.0947 19.1321 -42.8319 -3.4724 -11.4231 33.7205 0.0079 4.5079 -2.8524 -2.9639 -10.6363 31.0630 -2.5846 -0.5512 -7.8786 0.5704 -0.5081 1.6211 1.9840 -0.3550 6.1499 -4.1097 -1.3512 -15.1124 3.3963 -1.5734 15.4079 1.6145 -0.7012 7.2747 0.0000 -0.0000 0.0000 -85.4814 -3.0527 34.0846 16.0224 -25.5510 -3.6556 -0.0000 0.0000 -14.9766 16.1806 32.5547 8.8743 -7.1250 0.0000 -0.0000 -19.4418 62.5563 -8.4626 0.0000 -0.0000 0.0000 86.4424 -4.9950 13.1952 -17.4448 27.4405 -4.2903 0.0000 0.0000 15.4032 -22.4186 29.4291 -11.4589 7.1250 -0.0000 -0.0000 4.8879 1.3131 5.0168
16.2628 18.0482 1.6735 -19.3142 -87.4538 29.8642 0.0000 0.0000 0.0000 -23.5689 -7.3107 -18.7668 3.8141 11.9089 35.4104 1.9620 -9.7627 -25.1457 0.0793 -1.8169 -5.0000 0.0000 0.0000 0.0000 12.2162 19.1028 -43.0432 -3.3932 -11.3059 33.3187 0.0070 4.4518 -2.8486 -2.9757 -10.6556 31.1271 -2.5911 -0.5800 -7.8609 0.6242 -0.5493 1.6474 2.0386 -0.3772 6.1705 -4.1232 -1.3918 -15.1848 3.3978 -1.6226 15.4146 1.6119 -0.7245 7.2916 -0.0000 0.0000 0.0000 -85.7433 -2.9442 33.9680 15.9734 -25.4846 -3.6345 -0.0000 0.0000 -14.7369 16.0983 32.7627 8.8768 -7.1250 0.0000 -0.0000 -19.7151 62.7292 -8.6668 -0.0000 0.0000 0.0000 86.5552 -5.0155 12.9033 -17.2985 27.2495 -4.2231 0.0000 0.0000 15.4309 -21.8418 29.0574 -11.0161 7.1250 -0.0000 -0.0000 5.1735 0.8130 5.2678
16.2200 18.0484 1.6755 -16.9124 -87.3697 27.4671 0.0000 0.0000 0.0000 -23.6689 -7.1751 -18.5797 3.7887 11.8738 35.2869 1.9624 -9.7464 -25.1476 0.0980 -2.0191 -5.5586 0.0000 0.0000 0.0000 12.2030 19.1662 -43.1575 -3.3232 -11.2007 32.9599 0.0046 4.3945 -2.9011 -2.9421 -10.6007 30.9448 -2.7086 -0.6135 -7.6878 0.6636 -0.5895 1.6344 2.1416 -0.4004 6.0623 -4.1669 -1.4420 -15.2016 3.3834 -1.6773 15.4122 1.6085 -0.7542 7.2962 -0.0000 -0.0000 0.0000 -85.9494 -2.6639 34.1651 16.0546 -25.5946 -3.6695 -0.0000 0.0000 -14.8633 16.3180 33.0778 9.0781 -7.1250 0.0000 -0.0000 -19.7544 63.0796 -8.8474 -0.0000 -0.0000 0.0000 86.6365 -5.1793 12.7213 -17.2182 27.1445 -4.1864 0.0000 0.0000 15.3722 -21.4994 29.1556 -10.8631 7.1250 -0.0000 -0.0000 5.3858 0.8454 5.4889
16.1769 18.0485 1.6784 -14.6082 -87.2911 25.1809 0.0000 0.0000 0.0000 -23.7711 -6.9204 -18.4578 3.7619 11.8367 35.1566 1.9529 -9.7883 -25.0873 0.1216 -2.2476 -6.1905 0.0000 0.0000 0.0000 12.1936 19.2251 -43.2844 -3.2632 -11.1094 32.6496 0.0022 4.2570 -2.8943 -2.8883 -10.5120 30.6510 -2.7869 -0.6368 -7.5811 0.6588 -0.6155 1.6449 2.1779 -0.4154 6.0151 -4.1837 -1.4917 -15.1728 3.4166 -1.7469 15.3584 1.6145 -0.7854 7.2769 0.0000 0.0000 0.0000 -86.1051 -2.4487 34.2415 16.0815 -25.6310 -3.6811 -0.0000 0.0000 -14.9770 16.3295 33.1329 9.0980 -7.1250 0.0000 -0.0000 -19.7918 63.1339 -8.8901 0.0000 0.0000 0.0000 86.7812 -5.3427 12.5593 -17.1471 27.0513 -4.1540 0.0000 0.0000 15.3747 -21.3096 29.3998 -10.8403 7.1250 -0.0000 -0.0000 5.5279 1.0580 5.6552
16.1331 18.0467 1.6841 -11.7463 -87.1503 22.3679 0.0000 0.0000 0.0000 -23.8858 -6.7202 -18.3592 3.7371 11.8020 35.0352 1.9256 -9.9900 -24.9180 0.1247 -2.2764 -6.2702 0.0000 0.0000 0.0000 12.2025 19.1351 -43.4634 -3.2107 -11.0285 32.3761 0.0018 4.0628 -2.7699 -2.8463 -10.4421 30.4204 -2.8485 -0.6858 -7.5958 0.6262 -0.6718 1.7096 2.1710 -0.4467 6.0957 -4.0951 -1.5014 -15.2975 3.4175 -1.7768 15.4153 1.5969 -0.7932 7.3176 0.0000 0.0000 0.0000 -86.2361 -2.3614 34.2235 16.0461 -25.5832 -3.6659 -0.0000 0.0000 -15.0396 16.1731 32.8719 8.9456 -7.1250 0.0000 -0.0000 -19.7296 62.8502 -8.7295 0.0000 0.0000 0.0000 86.9610 -5.3682 12.3689 -17.0519 26.9261 -4.1108 0.0000 0.0000 15.4681 -21.0372 29.4993 -10.7241 7.1250 -0.0000 -0.0000 5.6989 1.1059 5.8365
16.0878 18.0432 1.6892 -8.8007 -87.0249 19.4991 0.0000 0.0000 0.0000 -24.0234 -6.6547 -18.2379 3.7160 11.7726 34.9323 1.9128 -10.2224 -24.8455 0.1099 -2.1379 -5.8870 0.0000 0.0000 0.0000 12.1833 19.0466 -43.6649 -3.1630 -10.9544 32.1263 -0.0000 3.8104 -2.6688 -2.8012 -10.3660 30.1702 -2.9055 -0.7318 -7.5844 0.5946 -0.7261 1.7159 2.1630 -0.4750 6.0995 -4.0689 -1.4926 -15.3320 3.4526 -1.7784 15.4819 1.6042 -0.7893 7.3454 -0.0000 0.0000 0.0000 -86.3738 -2.2181 34.2943 16.0115 -25.5362 -3.6509 -0.0000 0.0000 -15.1597 16.2153 32.8062 8.9541 -7.1250 0.0000 -0.0000 -19.6247 62.7998 -8.6580 -0.0000 0.0000 0.0000 87.1177 -5.5428 12.2339 -17.0182 26.8817 -4.0956 0.0000 0.0000 15.5305 -21.1530 29.6558 -10.8381 7.1250 -0.0000 -0.0000 5.6520 1.2890 5.8058
16.0378 18.0367 1.6917 -7.8762 -86.9316 18.6324 0.0000 0.0000 0.0000 -24.0660 -6.5922 -18.0813 3.6983 11.7478 34.8454 1.9151 -10.3508 -24.8673 0.1084 -2.1234 -5.8468 0.0000 0.0000 0.0000 12.2526 19.0774 -43.7805 -3.1189 -10.8851 31.8932 -0.0022 3.6407 -2.6488 -2.7660 -10.3063 29.9743 -2.8971 -0.7435 -7.5493 0.5864 -0.7433 1.7076 2.1479 -0.4825 6.0715 -4.0649 -1.5140 -15.3331 3.5080 -1.8204 15.5164 1.6173 -0.8043 7.3591 -0.0000 0.0000 0.0000 -86.5420 -2.1056 34.2079 15.8904 -25.3718 -3.5989 -0.0000 0.0000 -15.0682 16.1821 32.9757 8.9754 -7.1250 0.0000 -0.0000 -19.8127 62.9493 -8.8140 -0.0000 0.0000 0.0000 87.2911 -5.7215 12.0723 -16.9642 26.8106 -4.0712 0.0000 0.0000 15.5870 -21.3030 29.7201 -10.9414 7.1250 -0.0000 -0.0000 5.5735 1.3848 5.7335
15.9847 18.0305 1.6957 -7.8237 -86.8535 18.6238 0.0000 0.0000 0.0000 -24.0747 -6.4865 -17.9209 3.6832 11.7265 34.7711 1.9217 -10.4100 -24.9130 0.1254 -2.2827 -6.2876 0.0000 0.0000 0.0000 12.3704 19.1270 -43.8520 -3.0763 -10.8175 31.6668 -0.0035 3.5215 -2.6310 -2.7430 -10.2669 29.8456 -2.8189 -0.6909 -7.5567 0.5587 -0.6787 1.7262 2.0829 -0.4478 6.0898 -4.0443 -1.5950 -15.3533 3.5794 -1.9492 15.5369 1.6234 -0.8579 7.3750 0.0000 -0.0000 0.0000 -86.6310 -1.9876 34.3383 15.7925 -25.2385 -3.5570 -0.0000 0.0000 -15.0517 16.1755 32.9293 8.9606 -7.1250 0.0000 -0.0000 -19.7785 62.9044 -8.7773 0.0000 -0.0000 0.0000 87.5313 -5.8523 11.6793 -16.9432 26.7828 -4.0617 0.0000 0.0000 15.8117 -20.5784 29.5157 -10.4794 7.1250 -0.0000 -0.0000 5.9673 1.0328 6.1069
15.9301 18.0252 1.7017 -6.8484 -86.8032 17.7262 0.0000 0.0000 0.0000 -24.1492 -6.4433 -17.7818 3.6695 11.7071 34.7037 1.9338 -10.4899 -24.9964 0.1502 -2.4971 -6.8815 0.0000 0.0000 0.0000 12.3941 19.1885 -43.9672 -3.0380 -10.7563 31.4625 -0.0061 3.3560 -2.6413 -2.6968 -10.1873 29.5853 -2.8064 -0.6707 -7.6137 0.5685 -0.6518 1.7249 2.0892 -0.4347 6.1194 -4.1459 -1.6479 -15.2647 3.6653 -2.0169 15.5047 1.6611 -0.8892 7.3538 0.0000 -0.0000 0.0000 -86.7945 -1.7246 34.5239 15.8430 -25.3073 -3.5786 -0.0000 0.0000 -15.1794 16.2963 32.9172 9.0272 -7.1250 0.0000 -0.0000 -19.6339 62.9243 -8.7197 0.0000 -0.0000 0.0000 87.6152 -6.0126 11.3913 -16.9503 26.7922 -4.0649 0.0000 0.0000 16.2760 -19.7357 29.2429 -9.9405 7.1250 -0.0000 -0.0000 6.4241 0.5939 6.5314
15.8728 18.0175 1.7062 -5.9922 -86.7404 16.8609 0.0000 0.0000 0.0000 -24.2209 -6.4301 -17.5263 3.6572 11.6897 34.6430 1.9489 -10.6178 -25.1007 0.1570 -2.5535 -7.0379 0.0000 0.0000 0.0000 12.4309 19.2786 -43.9384 -3.0060 -10.7048 31.2907 -0.0065 3.2775 -2.6130 -2.6426 -10.0927 29.2775 -2.8623 -0.7267 -7.6170 0.6486 -0.7252 1.7829 2.1949 -0.4762 6.1890 -4.2751 -1.6519 -15.3245 3.6656 -1.9899 15.5245 1.6853 -0.8832 7.3709 0.0000 0.0000 0.0000 -87.1006 -1.5339 34.4101 15.9035 -25.3897 -3.6045 -0.0000 0.0000 -15.1365 16.2976 33.0862 9.0684 -7.1250 0.0000 -0.0000 -19.7846 63.0822 -8.8627 0.0000 0.0000 0.0000 87.5295 -6.0417 11.5514 -16.8612 26.6744 -4.0248 0.0000 0.0000 16.3380 -19.9795 29.2818 -10.0830 7.1250 -0.0000 -0.0000 6.2867 0.6794 6.3993
15.8168 18.0084 1.7110 -4.3578 -86.6143 15.1875 0.0000 0.0000 0.0000 -24.3347 -6.4581 -17.2215 3.6485 11.6774 34.6001 1.9617 -10.8036 -25.1948 0.1402 -2.4132 -6.6492 0.0000 0.0000 0.0000 12.4606 19.2697 -43.8548 -2.9774 -10.6584 31.1361 -0.0037 3.2483 -2.4611 -2.6306 -10.0717 29.2091 -2.8599 -0.7448 -7.5639 0.6327 -0.7498 1.8275 2.1740 -0.4888 6.2071 -4.2848 -1.6997 -15.3656 3.6734 -2.0549 15.5856 1.6825 -0.9139 7.4011 0.0000 0.0000 0.0000 -87.2465 -1.4266 34.4191 15.8503 -25.3172 -3.5817 -0.0000 0.0000 -15.0929 16.3065 33.1947 9.0994 -7.1250 0.0000 -0.0000 -19.8734 63.1853 -8.9522 0.0000 0.0000 0.0000 87.6452 -6.1605 11.5616 -16.7831 26.5709 -3.9898 0.0000 0.0000 16.2078 -20.4799 29.4961 -10.4197 7.1250 -0.0000 -0.0000 6.0221 0.9937 6.1595
15.7626 17.9994 1.7182 -2.2933 -86.4742 13.2105 0.0000 0.0000 0.0000 -24.4751 -6.5561 -17.0506 3.6436 11.6704 34.5759 1.9786 -10.9136 -25.3097 0.1316 -2.3386 -6.4425 0.0000 0.0000 0.0000 12.4502 19.1867 -43.9371 -2.9519 -10.6168 30.9980 -0.0015 3.0707 -2.2302 -2.6560 -10.1161 29.3536 -2.7931 -0.7403 -7.5664 0.5459 -0.7455 1.7966 2.0460 -0.4815 6.1731 -4.1833 -1.7482 -15.2913 3.6778 -2.1519 15.6391 1.6571 -0.9553 7.4087 0.0000 0.0000 0.0000 -87.2900 -1.3009 34.4116 15.7194 -25.1387 -3.5259 -0.0000 0.0000 -15.0125 16.1753 33.1256 9.0070 -7.1250 0.0000 -0.0000 -19.9559 63.0868 -8.9447 0.0000 0.0000 0.0000 87.8803 -6.3268 11.2272 -16.7254 26.4944 -3.9641 0.0000 0.0000 16.6867 -20.3513 29.6656 -10.4029 7.1250 -0.0000 -0.0000 6.1178 1.1418 6.2741
15.7061 17.9906 1.7240 -2.0816 -86.3642 13.1049 0.0000 0.0000 0.0000 -24.4947 -6.5713 -16.9308 3.6387 11.6634 34.5514 1.9951 -10.9575 -25.4176 0.1469 -2.4701 -6.8067 0.0000 0.0000 0.0000 12.5033 19.2293 -44.0150 -2.9341 -10.5875 30.9011 0.0007 2.9122 -2.0002 -2.6681 -10.1373 29.4226 -2.6838 -0.7382 -7.5939 0.5271 -0.7516 1.7877 1.9639 -0.4800 6.1777 -4.0819 -1.7933 -15.3477 3.6377 -2.2310 15.7325 1.6187 -0.9906 7.4509 -0.0000 0.0000 0.0000 -87.3754 -1.1709 34.3985 15.6447 -25.0366 -3.4943 -0.0000 0.0000 -14.9271 15.8653 32.9444 8.7859 -7.1250 0.0000 -0.0000 -20.1342 62.8381 -8.9104 -0.0000 0.0000 0.0000 88.1034 -6.4827 10.8553 -16.8352 26.6400 -4.0132 0.0000 0.0000 17.1748 -19.9508 29.7525 -10.2117 7.1250 -0.0000 -0.0000 6.3605 1.1533 6.5273
15.6456 17.9810 1.7260 -1.6848 -86.2272 12.7331 0.0000 0.0000 0.0000 -24.5132 -6.5218 -16.7287 3.6344 11.6573 34.5303 1.9992 -11.1352 -25.4559 0.1526 -2.5173 -6.9378 0.0000 0.0000 0.0000 12.4836 19.4115 -43.9431 -2.9219 -10.5675 30.8347 0.0007 2.8751 -1.9738 -2.6404 -10.0889 29.2650 -2.6591 -0.7322 -7.6212 0.5456 -0.7462 1.8173 1.9698 -0.4778 6.2241 -4.0987 -1.8666 -15.3372 3.6527 -2.3318 15.7566 1.6154 -1.0385 7.4615 -0.0000 -0.0000 0.0000 -87.5066 -1.0538 34.5575 15.6003 -24.9757 -3.4755 -0.0000 0.0000 -14.9372 15.6602 32.8303 8.6420 -7.1250 0.0000 -0.0000 -20.2574 62.6794 -8.8917 -0.0000 -0.0000 0.0000 88.3549 -6.8055 10.4161 -17.1883 27.1054 -4.1728 0.0000 0.0000 17.2994 -19.2902 29.6681 -9.8285 7.1250 -0.0000 -0.0000 6.7331 0.9428 6.8905
15.5828 17.9717 1.7264 -0.3227 -86.0875 11.3487 0.0000 0.0000 0.0000 -24.5983 -6.4102 -16.4874 3.6318 11.6536 34.5173 1.9981 -11.3934 -25.4685 0.1412 -2.4219 -6.6730 0.0000 0.0000 0.0000 12.4591 19.5082 -43.8146 -2.9139 -10.5543 30.7910 0.0013 2.8177 -1.8941 -2.5955 -10.0096 29.0077 -2.7198 -0.7530 -7.6325 0.5554 -0.7678 1.8528 2.0110 -0.4919 6.2705 -4.1617 -1.9062 -15.2553 3.6964 -2.3844 15.7757 1.6348 -1.0647 7.4570 -0.0000 0.0000 0.0000 -87.6333 -0.8969 34.7883 15.5988 -24.9736 -3.4748 -0.0000 0.0000 -15.1227 15.7164 32.9099 8.6925 -7.1250 0.0000 -0.0000 -20.2670 62.7677 -8.9382 -0.0000 0.0000 0.0000 88.5365 -7.0722 10.1001 -17.4093 27.3942 -4.2740 0.0000 0.0000 17.3435 -18.6532 29.4779 -9.4316 7.1250 -0.0000 -0.0000 7.0810 0.6330 7.2138
15.5197 17.9614 1.7287 -0.4431 -85.9801 11.4696 0.0000 0.0000 0.0000 -24.5819 -6.2247 -16.3056 3.6292 11.6499 34.5045 1.9935 -11.6698 -25.4631 0.1249 -2.2778 -6.2742 0.0000 0.0000 0.0000 12.6195 19.5038 -43.7291 -2.9140 -10.5545 30.7918 0.0052 2.7212 -1.5625 -2.5754 -9.9737 28.8916 -2.6549 -0.7878 -7.6147 0.5887 -0.8232 1.8623 2.0023 -0.5176 6.2729 -4.2402 -1.9222 -15.2522 3.7771 -2.4079 15.8737 1.6720 -1.0738 7.4915 -0.0000 0.0000 0.0000 -87.7148 -0.6854 35.0264 15.6378 -25.0271 -3.4913 -0.0000 0.0000 -15.3810 15.9200 33.2448 8.8874 -7.1250 0.0000 -0.0000 -20.3472 63.1308 -9.1487 -0.0000 0.0000 0.0000 88.6236 -7.2056 10.1765 -17.4099 27.3949 -4.2742 0.0000 0.0000 16.9627 -18.8409 29.4691 -9.5292 7.1250 -0.0000 -0.0000 6.9710 0.6582 7.1031
15.4565 17.9480 1.7315 -0.6641 -85.8563 11.7650 0.0000 0.0000 0.0000 -24.5541 -6.2108 -16.1538 3.6273 11.6473 34.4953 2.0012 -11.8689 -25.5297 0.1121 -2.1592 -5.9457 0.0000 0.0000 0.0000 12.7162 19.5671 -43.7178 -2.9217 -10.5672 30.8337 0.0079 2.6222 -1.2730 -2.6022 -10.0215 29.0463 -2.5591 -0.8122 -7.6095 0.6385 -0.8688 1.8260 1.9948 -0.5365 6.2332 -4.4298 -1.9633 -15.2318 3.9593 -2.4600 15.9648 1.7580 -1.0940 7.5248 -0.0000 0.0000 0.0000 -87.9061 -0.5683 34.9195 15.5294 -24.8784 -3.4456 -0.0000 0.0000 -15.1560 15.7988 33.3012 8.8303 -7.1250 0.0000 -0.0000 -20.5331 63.1514 -9.2458 -0.0000 0.0000 0.0000 88.6688 -7.3353 10.2982 -17.3390 27.3025 -4.2416 0.0000 0.0000 16.4056 -19.6094 29.6441 -9.9938 7.1250 -0.0000 -0.0000 6.5452 0.9782 6.6996
15.3929 17.9335 1.7322 0.6656 -85.7414 10.5195 0.0000 0.0000 0.0000 -24.6548 -6.3279 -15.9641 3.6271 11.6470 34.4943 2.0235 -11.9389 -25.6753 0.1130 -2.1671 -5.9677 0.0000 0.0000 0.0000 12.6340 19.6780 -43.7040 -2.9333 -10.5863 30.8969 0.0096 2.5486 -1.0519 -2.6248 -10.0614 29.1758 -2.5888 -0.8204 -7.5876 0.6399 -0.8777 1.7914 2.0121 -0.5410 6.1852 -4.4663 -2.0087 -15.2270 3.9962 -2.5245 16.0398 1.7693 -1.1241 7.5525 0.0000 -0.0000 0.0000 -88.0801 -0.4784 34.8018 15.4025 -24.7039 -3.3924 -0.0000 0.0000 -14.8372 15.5680 33.0454 8.6385 -7.1250 0.0000 -0.0000 -20.5527 62.8550 -9.1120 0.0000 -0.0000 0.0000 88.7644 -7.4563 10.1815 -17.2864 27.2338 -4.2176 0.0000 0.0000 16.2679 -20.0707 29.6200 -10.2362 7.1250 -0.0000 -0.0000 6.2748 1.0413 6.4262
15.3259 17.9198 1.7330 2.2871 -85.5969 8.9298 0.0000 0.0000 0.0000 -24.7807 -6.2788 -15.7528 3.6259 11.6451 34.4879 2.0236 -12.0777 -25.6894 0.1117 -2.1545 -5.9327 0.0000 0.0000 0.0000 12.5885 19.6666 -43.6316 -2.9495 -10.6129 30.9852 0.0115 2.4625 -0.7712 -2.5967 -10.0116 29.0143 -2.6762 -0.8644 -7.5738 0.6526 -0.9288 1.8070 2.0681 -0.5701 6.1986 -4.4557 -2.0363 -15.2902 3.9321 -2.5516 16.0954 1.7433 -1.1417 7.5822 0.0000 -0.0000 0.0000 -88.1901 -0.3201 34.9562 15.3986 -24.6985 -3.3907 -0.0000 0.0000 -14.8731 15.6393 33.1150 8.6954 -7.1250 0.0000 -0.0000 -20.5377 62.9378 -9.1450 0.0000 -0.0000 0.0000 88.7736 -7.5263 10.2242 -17.2873 27.2350 -4.2180 0.0000 0.0000 16.0953 -20.2502 29.6960 -10.3573 7.1250 -0.0000 -0.0000 6.1802 1.1532 6.3400
15.2530 17.9070 1.7341 3.3483 -85.4130 7.8830 0.0000 0.0000 0.0000 -24.8566 -6.1642 -15.5046 3.6224 11.6402 34.4708 2.0165 -12.2993 -25.6680 0.1137 -2.1741 -5.9872 0.0000 0.0000 0.0000 12.6292 19.5962 -43.5349 -2.9713 -10.6484 31.1030 0.0126 2.3458 -0.4636 -2.5950 -10.0087 29.0048 -2.7776 -0.9258 -7.6507 0.7421 -1.0038 1.8343 2.2082 -0.6141 6.2797 -4.6413 -2.0733 -15.2827 3.9533 -2.5654 16.1527 1.7796 -1.1581 7.6032 -0.0000 0.0000 0.0000 -88.4025 -0.1285 35.0938 15.4300 -24.7417 -3.4039 -0.0000 0.0000 -14.8883 15.7390 33.2622 8.7868 -7.1250 0.0000 -0.0000 -20.5632 63.0998 -9.2351 -0.0000 0.0000 0.0000 88.6371 -7.5923 10.3453 -17.2983 27.2493 -4.2230 0.0000 0.0000 15.7762 -20.2752 29.7520 -10.3883 7.1250 -0.0000 -0.0000 6.1726 1.2152 6.3387
15.1796 17.8932 1.7362 4.3311 -85.3242 6.9354 0.0000 0.0000 0.0000 -24.9570 -6.2191 -15.2125 3.6202 11.6371 34.4601 2.0383 -12.4007 -25.8139 0.1148 -2.1845 -6.0160 0.0000 0.0000 0.0000 12.6455 19.6345 -43.4369 -2.9958 -10.6883 31.2357 0.0132 2.2400 -0.1664 -2.6488 -10.1036 29.3127 -2.8280 -0.9270 -7.7264 0.7875 -1.0011 1.8264 2.2839 -0.6160 6.3165 -4.6537 -2.0931 -15.1476 3.8689 -2.5799 16.1342 1.7527 -1.1756 7.5732 -0.0000 0.0000 0.0000 -88.5484 0.0640 35.2548 15.4419 -24.7581 -3.4089 -0.0000 0.0000 -14.8374 15.7610 33.1976 8.7845 -7.1250 0.0000 -0.0000 -20.4794 63.0457 -9.1698 -0.0000 0.0000 0.0000 88.6293 -7.7179 10.0656 -17.3283 27.2885 -4.2367 0.0000 0.0000 15.9956 -19.9853 29.6354 -10.1947 7.1250 -0.0000 -0.0000 6.3261 1.0406 6.4793
15.1078 17.8801 1.7406 5.2228 -85.2720 6.0741 0.0000 0.0000 0.0000 -25.0739 -6.3166 -14.9159 3.6203 11.6372 34.4602 2.0755 -12.3651 -26.0387 0.1234 -2.2650 -6.2386 0.0000 0.0000 0.0000 12.6702 19.6437 -43.3275 -3.0233 -10.7327 31.3835 0.0134 2.1227 0.2140 -2.6980 -10.1894 29.5922 -2.7531 -0.9006 -7.7136 0.7471 -0.9712 1.8315 2.2033 -0.5976 6.3103 -4.5629 -2.1086 -15.1449 3.8386 -2.6150 16.0976 1.7237 -1.1894 7.5606 0.0000 0.0000 0.0000 -88.5590 0.1611 35.3719 15.3982 -24.6979 -3.3906 -0.0000 0.0000 -14.8096 15.7600 33.1663 8.7768 -7.1250 0.0000 -0.0000 -20.4517 63.0165 -9.1428 0.0000 0.0000 0.0000 88.7904 -7.8339 9.6737 -17.3948 27.3753 -4.2673 0.0000 0.0000 16.3689 -19.8528 29.8304 -10.1820 7.1250 -0.0000 -0.0000 6.4268 1.2137 6.6028
15.0331 17.8688 1.7439 5.2117 -85.1228 6.1106 0.0000 0.0000 0.0000 -25.0884 -6.3073 -14.6634 3.6217 11.6392 34.4673 2.0994 -12.3105 -26.1791 0.1646 -2.6135 -7.2045 0.0000 0.0000 0.0000 12.7128 19.6837 -43.1727 -3.0559 -10.7851 31.5584 0.0124 1.9939 0.4571 -2.7470 -10.2738 29.8680 -2.5923 -0.8859 -7.7491 0.7170 -0.9647 1.8662 2.0815 -0.5887 6.3631 -4.6049 -2.1872 -15.2105 3.9726 -2.7360 16.1145 1.7611 -1.2361 7.5856 0.0000 0.0000 0.0000 -88.5079 0.2480 35.6004 15.3765 -24.6680 -3.3815 -0.0000 0.0000 -14.8822 15.5180 33.1194 8.6266 -7.1250 0.0000 -0.0000 -20.6751 62.9104 -9.1956 0.0000 0.0000 0.0000 88.9520 -7.9348 9.5686 -17.4493 27.4463 -4.2924 0.0000 0.0000 16.1151 -20.2481 30.0454 -10.4643 7.1250 -0.0000 -0.0000 6.2251 1.5088 6.4245
14.9557 17.8554 1.7459 5.3303 -84.9632 6.0559 0.0000 0.0000 0.0000 -25.0941 -6.1982 -14.4891 3.6259 11.6452 34.4882 2.0996 -12.3986 -26.1891 0.1843 -2.7651 -7.6254 0.0000 0.0000 0.0000 12.7315 19.7551 -43.0160 -3.0919 -10.8423 31.7500 0.0117 1.9197 0.5786 -2.7818 -10.3331 30.0623 -2.5335 -0.9086 -7.8392 0.7677 -1.0020 1.8469 2.0958 -0.6061 6.3962 -4.7008 -2.2490 -15.1253 3.9973 -2.8064 16.0890 1.7776 -1.2743 7.5674 0.0000 0.0000 0.0000 -88.6016 0.4601 35.7718 15.4031 -24.7046 -3.3926 -0.0000 0.0000 -14.9437 15.2743 33.1425 8.4917 -7.1250 0.0000 -0.0000 -20.9638 62.8686 -9.3093 0.0000 0.0000 0.0000 88.8962 -7.9975 9.4717 -17.3930 27.3730 -4.2665 0.0000 0.0000 16.2143 -20.3430 30.0648 -10.5225 7.1250 -0.0000 -0.0000 6.1728 1.5470 6.3739
14.8791 17.8403 1.7482 6.1764 -84.8056 5.2845 0.0000 0.0000 0.0000 -25.1665 -6.1151 -14.3159 3.6329 11.6551 34.5227 2.1032 -12.5686 -26.2287 0.1908 -2.8131 -7.7588 0.0000 0.0000 0.0000 12.7759 19.6497 -42.9103 -3.1305 -10.9034 31.9547 0.0118 1.9318 0.8669 -2.7868 -10.3417 30.0904 -2.5863 -0.9723 -7.8671 0.8548 -1.0867 1.8044 2.2054 -0.6508 6.3750 -4.8214 -2.2515 -15.1075 3.9826 -2.7816 16.1300 1.7956 -1.2718 7.5782 -0.0000 -0.0000 0.0000 -88.8492 0.6767 35.6523 15.4122 -24.7172 -3.3964 -0.0000 0.0000 -14.8888 15.3740 33.1887 8.5594 -7.1250 0.0000 -0.0000 -20.8970 62.9371 -9.3120 -0.0000 -0.0000 0.0000 88.7175 -8.0131 9.2724 -17.3454 27.3108 -4.2446 0.0000 0.0000 16.8446 -19.6838 29.9056 -10.1127 7.1250 -0.0000 -0.0000 6.5337 1.2581 6.7191
14.8033 17.8247 1.7488 6.2970 -84.5463 5.2238 0.0000 0.0000 0.0000 -25.1447 -6.0587 -14.1464 3.6408 11.6664 34.5620 2.0922 -12.8197 -26.1898 0.1935 -2.8327 -7.8134 0.0000 0.0000 0.0000 12.8271 19.5652 -42.7943 -3.1728 -10.9697 32.1777 0.0122 1.9886 1.0812 -2.8381 -10.4282 30.3750 -2.5180 -0.9983 -7.8825 0.8791 -1.1297 1.7971 2.1864 -0.6698 6.3777 -4.8526 -2.3013 -15.1254 4.0674 -2.8611 16.1934 1.8200 -1.3038 7.6076 -0.0000 0.0000 0.0000 -88.9035 0.7981 35.6816 15.4134 -24.7188 -3.3969 -0.0000 0.0000 -14.8002 15.1590 33.2259 8.4440 -7.1250 0.0000 -0.0000 -21.1673 62.9157 -9.4274 -0.0000 0.0000 0.0000 88.7419 -8.0914 9.1970 -17.3803 27.3564 -4.2606 0.0000 0.0000 16.6956 -19.6723 29.7172 -10.0498 7.1250 -0.0000 -0.0000 6.5175 1.0644 6.6805
14.7272 17.8072 1.7482 6.4756 -84.2806 5.1255 0.0000 0.0000 0.0000 -25.1224 -6.0157 -14.0076 3.6508 11.6806 34.6113 2.0602 -13.1687 -26.0375 0.1700 -2.6559 -7.3220 0.0000 0.0000 0.0000 12.7804 19.6124 -42.6386 -3.2170 -11.0383 32.4090 0.0117 1.9470 1.0687 -2.9066 -10.5423 30.7513 -2.4596 -0.9921 -7.9057 0.8900 -1.1276 1.7732 2.1651 -0.6664 6.3645 -4.8390 -2.3925 -15.0361 4.1015 -2.9980 16.1313 1.8141 -1.3659 7.5785 0.0000 -0.0000 0.0000 -88.8907 0.8945 35.8664 15.4386 -24.7536 -3.4075 -0.0000 0.0000 -14.7274 14.6886 33.4024 8.2116 -7.1250 0.0000 -0.0000 -21.8467 62.9557 -9.7655 0.0000 -0.0000 0.0000 88.8268 -8.1896 9.0075 -17.3864 27.3643 -4.2634 0.0000 0.0000 16.4255 -20.0107 29.9007 -10.2896 7.1250 -0.0000 -0.0000 6.3441 1.3155 6.5278
14.6502 17.7915 1.7475 7.0477 -84.0621 4.6467 0.0000 0.0000 0.0000 -25.1631 -6.1615 -13.7938 3.6617 11.6961 34.6651 2.0584 -13.3509 -26.0504 0.1621 -2.5944 -7.1514 0.0000 0.0000 0.0000 12.6999 19.6797 -42.4688 -3.2636 -11.1101 32.6520 0.0105 1.8281 0.8844 -2.9099 -10.5478 30.7696 -2.4340 -1.0212 -7.8616 0.9085 -1.1715 1.7253 2.1650 -0.6860 6.2909 -4.8508 -2.4348 -15.1202 4.0783 -3.0442 16.1415 1.8027 -1.3894 7.5987 0.0000 -0.0000 0.0000 -88.9179 1.0254 35.9866 15.4791 -24.8092 -3.4244 -0.0000 0.0000 -14.7769 14.6293 33.3760 8.1717 -7.1250 0.0000 -0.0000 -21.8865 62.9162 -9.7639 0.0000 -0.0000 0.0000 88.8391 -8.1959 8.6688 -17.3697 27.3425 -4.2557 0.0000 0.0000 16.8212 -19.3808 29.9012 -9.9464 7.1250 -0.0000 -0.0000 6.7083 1.1963 6.8940
14.5701 17.7789 1.7455 6.7989 -83.8357 4.9701 0.0000 0.0000 0.0000 -25.1072 -6.2809 -13.5544 3.6698 11.7075 34.7050 2.0726 -13.3501 -26.1365 0.1874 -2.7882 -7.6896 0.0000 0.0000 0.0000 12.7307 19.7529 -42.2685 -3.3156 -11.1893 32.9208 0.0105 1.8206 0.6338 -2.9078 -10.5443 30.7580 -2.3297 -1.0942 -7.8020 0.9568 -1.2841 1.7029 2.1427 -0.7377 6.2383 -4.8656 -2.4283 -15.3799 4.0818 -3.0215 16.2280 1.8075 -1.3756 7.6720 0.0000 0.0000 0.0000 -88.9351 1.1865 35.9867 15.5609 -24.9217 -3.4589 -0.0000 0.0000 -14.8719 14.4019 33.2508 8.0146 -7.1250 0.0000 -0.0000 -22.0166 62.7431 -9.7353 0.0000 0.0000 0.0000 88.7752 -8.1580 8.6999 -17.3421 27.3066 -4.2431 0.0000 0.0000 16.7527 -19.2379 29.7419 -9.8220 7.1250 -0.0000 -0.0000 6.7722 1.0080 6.9386
14.4872 17.7658 1.7445 7.1550 -83.6041 4.7066 0.0000 0.0000 0.0000 -25.1075 -6.1830 -13.3821 3.6721 11.7108 34.7164 2.0424 -13.6579 -25.9958 0.1811 -2.7411 -7.5588 0.0000 0.0000 0.0000 12.7141 19.7394 -42.0950 -3.3711 -11.2728 33.2055 0.0112 1.8858 0.5150 -2.9458 -10.6068 30.9648 -2.3284 -1.1737 -7.8398 1.0135 -1.3932 1.7009 2.1863 -0.7928 6.2656 -4.8547 -2.4208 -15.4887 4.0582 -3.0012 16.1943 1.7994 -1.3654 7.6784 0.0000 0.0000 0.0000 -88.9929 1.3536 35.8775 15.6686 -25.0693 -3.5044 -0.0000 0.0000 -14.8826 14.1000 33.1946 7.8301 -7.1250 0.0000 -0.0000 -22.2920 62.6142 -9.7958 0.0000 0.0000 0.0000 88.6749 -8.2058 8.9140 -17.3502 27.3171 -4.2468 0.0000 0.0000 16.2758 -20.7054 30.0432 -10.7156 7.1250 -0.0000 -0.0000 5.9609 1.5961 6.1577
14.4030 17.7518 1.7451 8.3215 -83.3718 3.6729 0.0000 0.0000 0.0000 -25.2165 -6.2175 -13.1582 3.6672 11.7038 34.6922 1.9957 -14.1746 -25.7923 0.1324 -2.3457 -6.4622 0.0000 0.0000 0.0000 12.6203 19.6274 -41.9960 -3.4248 -11.3528 33.4792 0.0106 1.8402 0.4474 -3.0186 -10.7250 31.3580 -2.3422 -1.2044 -7.9444 0.9931 -1.4293 1.6594 2.1666 -0.8103 6.2833 -4.7564 -2.4487 -15.3558 3.9501 -3.0420 16.0412 1.7432 -1.3901 7.6034 -0.0000 0.0000 0.0000 -88.9610 1.5559 35.9481 15.7501 -25.1806 -3.5390 -0.0000 0.0000 -14.9206 14.2255 33.3948 7.9435 -7.1250 0.0000 -0.0000 -22.3438 62.8290 -9.9327 -0.0000 0.0000 0.0000 88.6832 -8.3336 8.8556 -17.3962 27.3771 -4.2679 0.0000 0.0000 16.2140 -21.8399 30.2992 -11.4311 7.1250 -0.0000 -0.0000 5.3419 2.0870 5.5567
14.3159 17.7409 1.7443 8.8684 -83.1381 3.2653 0.0000 0.0000 0.0000 -25.2560 -6.3449 -12.8759 3.6523 11.6828 34.6189 1.9881 -14.2130 -25.7521 0.1648 -2.6155 -7.2099 0.0000 0.0000 0.0000 12.6160 19.5104 -41.9545 -3.4773 -11.4303 33.7453 0.0071 1.5064 0.3333 -3.1313 -10.9047 31.9591 -2.2893 -1.1907 -8.1357 0.9956 -1.4126 1.6476 2.1387 -0.8011 6.3777 -4.8078 -2.5391 -15.2424 3.9955 -3.1626 15.9094 1.7536 -1.4472 7.5475 0.0000 0.0000 0.0000 -88.9082 1.6881 36.1898 15.8428 -25.3071 -3.5785 -0.0000 0.0000 -15.0520 14.3415 33.7254 8.0792 -7.1250 0.0000 -0.0000 -22.5339 63.1600 -10.1969 0.0000 0.0000 0.0000 88.6144 -8.2686 8.8394 -17.2781 27.2229 -4.2138 0.0000 0.0000 15.9797 -21.5472 30.2161 -11.2394 7.1250 -0.0000 -0.0000 5.4988 1.9418 5.7080
14.2287 17.7384 1.7427 8.7827 -82.9285 3.4690 0.0000 0.0000 0.0000 -25.1928 -6.2574 -12.6500 3.6292 11.6499 34.5045 1.9682 -14.1475 -25.6213 0.2355 -3.1230 -8.6214 0.0000 0.0000 0.0000 12.6913 19.4046 -41.9727 -3.5265 -11.5022 33.9928 0.0025 0.9067 0.1241 -3.2726 -11.1239 32.6987 -2.2266 -1.1612 -8.3799 1.0641 -1.3792 1.7571 2.1756 -0.7878 6.6317 -5.0133 -2.6737 -15.4514 4.2310 -3.3294 15.8639 1.8447 -1.5132 7.5847 0.0000 0.0000 0.0000 -88.9239 1.5617 36.3826 15.9206 -25.4129 -3.6118 -0.0000 0.0000 -15.2306 14.1873 33.5923 7.9624 -7.1250 0.0000 -0.0000 -22.5735 62.9989 -10.1304 0.0000 0.0000 0.0000 88.4016 -7.8980 8.9003 -17.0338 26.9023 -4.1026 0.0000 0.0000 15.7900 -20.8332 29.9489 -10.7563 7.1250 -0.0000 -0.0000 5.8750 1.5251 6.0609
14.1443 17.7418 1.7414 8.3842 -82.7525 3.9951 0.0000 0.0000 0.0000 -25.0818 -6.2133 -12.4542 3.6072 11.6185 34.3955 1.9332 -14.2399 -25.4232 0.2672 -3.3252 -9.1856 0.0000 0.0000 0.0000 12.7662 19.3328 -42.0411 -3.5679 -11.5620 34.1997 -0.0002 0.2889 -0.3203 -3.4296 -11.3599 33.5036 -2.1247 -1.1444 -8.5271 1.1520 -1.3711 1.8418 2.2091 -0.7847 6.8052 -5.1064 -2.7714 -15.6470 4.2821 -3.4324 15.7279 1.8634 -1.5588 7.5820 -0.0000 -0.0000 0.0000 -88.9874 1.3928 36.3829 15.9436 -25.4441 -3.6217 -0.0000 0.0000 -15.3162 13.8963 33.4436 7.7644 -7.1250 0.0000 -0.0000 -22.7473 62.7885 -10.1002 -0.0000 -0.0000 0.0000 88.2318 -7.5930 8.6927 -16.8791 26.6982 -4.0329 0.0000 0.0000 16.3221 -20.2231 29.8733 -10.3974 7.1250 -0.0000 -0.0000 6.2179 1.3286 6.3979
14.0601 17.7420 1.7398 8.0073 -82.5899 4.5360 0.0000 0.0000 0.0000 -24.9806 -6.3616 -12.2517 3.5943 11.6000 34.3312 1.9009 -14.1803 -25.2150 0.3218 -3.6460 -10.0829 0.0000 0.0000 0.0000 12.7521 19.3834 -42.1283 -3.6055 -11.6160 34.3867 -0.0024 -0.0518 -0.9515 -3.4996 -11.4630 33.8578 -1.9897 -1.1350 -8.5985 1.2387 -1.3785 1.8138 2.2222 -0.7848 6.8155 -5.1550 -2.8164 -15.4947 4.2048 -3.4616 15.4186 1.8431 -1.5833 7.4549 -0.0000 0.0000 0.0000 -89.0937 1.4066 36.2093 15.9699 -25.4798 -3.6330 -0.0000 0.0000 -15.2127 13.8121 33.5399 7.7354 -7.1250 0.0000 -0.0000 -22.9306 62.8542 -10.2215 -0.0000 0.0000 0.0000 88.1253 -7.4958 8.3305 -16.7802 26.5671 -3.9885 0.0000 0.0000 16.9539 -20.0207 30.1198 -10.3620 7.1250 -0.0000 -0.0000 6.3656 1.5404 6.5747
13.9754 17.7383 1.7364 7.1973 -82.4913 5.4954 0.0000 0.0000 0.0000 -24.8203 -6.5886 -12.0200 3.5933 11.5986 34.3265 1.8698 -14.0744 -25.0052 0.3398 -3.7461 -10.3635 0.0000 0.0000 0.0000 12.7745 19.5681 -42.1913 -3.6492 -11.6783 34.6033 -0.0074 -0.0628 -1.6525 -3.3526 -11.2451 33.1109 -1.7555 -1.0722 -8.6612 1.3059 -1.3248 1.7927 2.1679 -0.7505 6.8217 -5.1715 -2.8760 -15.3104 4.1787 -3.5287 15.0674 1.8306 -1.6196 7.3112 -0.0000 0.0000 0.0000 -89.1042 1.4677 36.2193 16.0378 -25.5719 -3.6623 -0.0000 0.0000 -15.2464 13.9364 33.4683 7.7924 -7.1250 0.0000 -0.0000 -22.7273 62.8212 -10.1084 -0.0000 0.0000 0.0000 88.0712 -7.4093 8.0549 -16.7053 26.4676 -3.9551 0.0000 0.0000 17.2055 -20.3388 30.1964 -10.5610 7.1250 -0.0000 -0.0000 6.1919 1.6802 6.4080
13.8918 17.7346 1.7342 5.6931 -82.4659 7.1395 0.0000 0.0000 0.0000 -24.5774 -6.9327 -11.7713 3.6044 11.6145 34.3816 1.8671 -14.0076 -24.9772 0.3048 -3.5495 -9.8127 0.0000 0.0000 0.0000 12.9843 19.6758 -42.2659 -3.7054 -11.7578 34.8803 -0.0146 -0.0654 -2.3067 -3.0715 -10.8100 31.6417 -1.3810 -0.9743 -8.6493 1.3715 -1.2409 1.7666 2.0381 -0.6955 6.7753 -5.2342 -2.9600 -15.4351 4.2525 -3.6309 14.9795 1.8525 -1.6627 7.3118 -0.0000 0.0000 0.0000 -89.0758 1.5267 36.1721 16.0873 -25.6389 -3.6836 -0.0000 0.0000 -15.3328 13.9677 33.3030 7.7767 -7.1250 0.0000 -0.0000 -22.5369 62.6791 -9.9437 -0.0000 0.0000 0.0000 88.0331 -7.3308 8.0052 -16.6491 26.3928 -3.9301 0.0000 0.0000 17.0277 -21.0059 29.9951 -10.8665 7.1250 -0.0000 -0.0000 5.7813 1.6066 5.9713
13.8071 17.7323 1.7345 5.0309 -82.4754 7.9652 0.0000 0.0000 0.0000 -24.4746 -7.2838 -11.5642 3.6248 11.6436 34.4827 1.8870 -13.9393 -25.0889 0.2862 -3.4407 -9.5083 0.0000 0.0000 0.0000 13.1840 19.5584 -42.3777 -3.7747 -11.8544 35.2189 -0.0193 -0.1661 -2.6875 -2.8758 -10.4912 30.5823 -1.0980 -0.9077 -8.6046 1.4197 -1.1872 1.7136 1.9375 -0.6582 6.6855 -5.3175 -3.0068 -15.6942 4.2939 -3.6701 15.0415 1.8732 -1.6784 7.3814 0.0000 -0.0000 0.0000 -89.1412 1.5935 35.7758 16.1225 -25.6865 -3.6989 -0.0000 0.0000 -15.1777 14.0888 33.1458 7.8137 -7.1250 0.0000 -0.0000 -22.2586 62.5669 -9.7556 0.0000 -0.0000 0.0000 87.9272 -7.2095 8.0103 -16.5568 26.2698 -3.8891 0.0000 0.0000 16.8800 -21.2181 29.9192 -10.9594 7.1250 -0.0000 -0.0000 5.6488 1.5715 5.8297
13.7201 17.7345 1.7344 5.5023 -82.4869 7.6110 0.0000 0.0000 0.0000 -24.5255 -7.4026 -11.3942 3.6495 11.6788 34.6051 1.8949 -13.8118 -25.1172 0.2989 -3.5156 -9.7178 0.0000 0.0000 0.0000 13.3019 19.2888 -42.4214 -3.8533 -11.9626 35.5998 -0.0183 -0.2552 -2.6617 -2.8796 -10.4976 30.6036 -1.0134 -0.8636 -8.6016 1.4573 -1.1407 1.7418 1.9359 -0.6334 6.7108 -5.2441 -3.0191 -15.8670 4.1104 -3.6521 14.8757 1.8011 -1.6788 7.3512 -0.0000 -0.0000 0.0000 -89.2379 1.5582 35.3625 16.2071 -25.8007 -3.7356 -0.0000 0.0000 -15.0393 14.3276 33.0442 7.9287 -7.1250 0.0000 -0.0000 -21.9057 62.5351 -9.5765 -0.0000 -0.0000 0.0000 87.7534 -6.9236 7.7088 -16.4393 26.1127 -3.8373 0.0000 0.0000 17.4854 -20.6054 30.0577 -10.6650 7.1250 -0.0000 -0.0000 6.0205 1.5912 6.2194
13.6331 17.7382 1.7356 5.7271 -82.5390 7.4495 0.0000 0.0000 0.0000 -24.5314 -7.3101 -11.2533 3.6752 11.7152 34.7317 1.8548 -13.7516 -24.8581 0.2784 -3.3939 -9.3773 0.0000 0.0000 0.0000 13.5191 18.9224 -42.4273 -3.9295 -12.0660 35.9659 -0.0127 -0.3219 -2.2720 -3.0505 -10.7763 31.5291 -0.8261 -0.7726 -8.5234 1.4675 -1.0412 1.7573 1.8560 -0.5774 6.6746 -5.2500 -3.0740 -15.9585 4.0385 -3.6999 14.7197 1.7721 -1.7062 7.3171 -0.0000 0.0000 0.0000 -89.2958 1.5796 34.9454 16.3218 -25.9550 -3.7857 -0.0000 0.0000 -14.9732 14.5536 33.0803 8.0652 -7.1250 0.0000 -0.0000 -21.6937 62.6260 -9.5255 -0.0000 0.0000 0.0000 87.6267 -6.6757 7.3346 -16.2994 25.9249 -3.7759 0.0000 0.0000 18.2027 -20.2079 30.0042 -10.4294 7.1250 -0.0000 -0.0000 6.2431 1.4590 6.4380
13.5443 17.7388 1.7363 5.5554 -82.6625 7.6660 0.0000 0.0000 0.0000 -24.4816 -7.1382 -11.1112 3.6993 11.7491 34.8500 1.7883 -13.7165 -24.4344 0.2454 -3.1876 -8.8013 0.0000 0.0000 0.0000 13.8268 18.5231 -42.4234 -3.9934 -12.1517 36.2706 -0.0077 -0.2677 -1.7738 -3.2394 -11.0729 32.5262 -0.4957 -0.6481 -8.4019 1.4359 -0.9085 1.6986 1.6562 -0.4976 6.5313 -5.3653 -3.1542 -15.9396 4.1506 -3.8040 14.7264 1.8161 -1.7525 7.3258 0.0000 0.0000 0.0000 -89.2944 1.8091 34.5081 16.4995 -26.1933 -3.8638 -0.0000 0.0000 -15.0305 14.9316 33.1486 8.2963 -7.1250 0.0000 -0.0000 -21.3446 62.7858 -9.4450 0.0000 0.0000 0.0000 87.5889 -6.5355 7.1274 -16.1266 25.6919 -3.7007 0.0000 0.0000 18.3725 -20.0545 29.7827 -10.2774 7.1250 -0.0000 -0.0000 6.3042 1.2039 6.4743
13.4515 17.7400 1.7341 5.5591 -82.7453 7.6597 0.0000 0.0000 0.0000 -24.4308 -6.8870 -10.9265 3.7199 11.7780 34.9510 1.7216 -13.5918 -23.9874 0.2760 -3.3789 -9.3355 0.0000 0.0000 0.0000 14.1014 18.1831 -42.3038 -4.0441 -12.2189 36.5109 -0.0054 -0.0752 -1.4196 -3.2888 -11.1486 32.7826 -0.2936 -0.5908 -8.3216 1.4716 -0.8562 1.6877 1.5875 -0.4649 6.4695 -5.4721 -3.1882 -15.9890 4.1483 -3.8230 14.7659 1.8301 -1.7671 7.3504 0.0000 -0.0000 0.0000 -89.3607 2.0369 34.1250 16.7344 -26.5063 -3.9681 -0.0000 0.0000 -15.3411 15.2889 33.2871 8.5324 -7.1250 0.0000 -0.0000 -21.0814 63.0056 -9.4318 0.0000 -0.0000 0.0000 87.4347 -6.3015 6.9892 -15.9235 25.4168 -3.6130 0.0000 0.0000 18.4476 -19.8839 29.6821 -10.1539 7.1250 -0.0000 -0.0000 6.3906 1.0689 6.5494
13.3567 17.7458 1.7331 6.4146 -82.8149 6.8283 0.0000 0.0000 0.0000 -24.4959 -6.5974 -10.7974 3.7400 11.8061 35.0496 1.6626 -13.3672 -23.5662 0.3462 -3.7808 -10.4607 0.0000 0.0000 0.0000 14.2324 17.8780 -42.1732 -4.0826 -12.2695 36.6921 -0.0039 0.1297 -1.1396 -3.2267 -11.0533 32.4598 -0.2715 -0.5587 -8.3096 1.5375 -0.8208 1.7141 1.6492 -0.4486 6.4903 -5.6073 -3.2000 -16.1654 4.0892 -3.7870 14.8271 1.8351 -1.7606 7.4006 -0.0000 -0.0000 0.0000 -89.4933 2.2255 33.8255 16.9939 -26.8497 -4.0846 -0.0000 0.0000 -15.7070 15.5663 33.4209 8.7230 -7.1250 0.0000 -0.0000 -20.9012 63.2013 -9.4435 -0.0000 -0.0000 0.0000 87.1739 -5.9605 6.8375 -15.6896 25.0979 -3.5133 0.0000 0.0000 18.7338 -19.9705 29.6581 -10.1936 7.1250 -0.0000 -0.0000 6.3375 1.0610 6.4934
13.2595 17.7584 1.7320 7.8776 -82.8914 5.4516 0.0000 0.0000 0.0000 -24.6230 -6.2222 -10.8108 3.7689 11.8464 35.1908 1.5964 -12.9952 -23.0657 0.4576 -4.3396 -12.0341 0.0000 0.0000 0.0000 14.2725 17.5516 -42.0699 -4.1088 -12.3037 36.8151 -0.0020 0.3726 -0.7959 -3.1850 -10.9886 32.2415 -0.2871 -0.4797 -8.3980 1.5515 -0.7154 1.7418 1.6869 -0.3982 6.5672 -5.6883 -3.2490 -16.3010 3.9888 -3.8074 14.8432 1.8115 -1.7822 7.4300 0.0000 -0.0000 0.0000 -89.5579 2.4036 33.6824 17.2411 -27.1745 -4.1969 -0.0000 0.0000 -16.0083 15.7794 33.3745 8.8360 -7.1250 0.0000 -0.0000 -20.6228 63.2142 -9.3184 0.0000 -0.0000 0.0000 86.9816 -5.5836 6.5639 -15.4690 24.7955 -3.4202 0.0000 0.0000 19.0765 -19.9714 29.5835 -10.1712 7.1250 -0.0000 -0.0000 6.3280 0.9851 6.4752
13.1620 17.7741 1.7289 8.4824 -82.9089 4.9200 0.0000 0.0000 0.0000 -24.5810 -5.8944 -10.8180 3.8120 11.9059 35.3998 1.4925 -12.8270 -22.3343 0.5160 -4.6039 -12.7821 0.0000 0.0000 0.0000 14.4049 17.2735 -41.8887 -4.1292 -12.3303 36.9107 0.0000 0.6265 -0.4270 -3.1990 -11.0104 32.3150 -0.1800 -0.4281 -8.4673 1.5919 -0.6620 1.7496 1.6763 -0.3692 6.6126 -5.7538 -3.2788 -16.2994 3.8448 -3.8025 14.7660 1.7752 -1.7964 7.4028 -0.0000 0.0000 0.0000 -89.6182 2.5848 33.4713 17.4607 -27.4610 -4.2976 -0.0000 0.0000 -16.2718 15.8603 33.2186 8.8468 -7.1250 0.0000 -0.0000 -20.3891 63.0910 -9.1493 -0.0000 0.0000 0.0000 86.7829 -5.2621 6.4023 -15.2850 24.5416 -3.3434 0.0000 0.0000 19.2756 -19.8794 29.5516 -10.1117 7.1250 -0.0000 -0.0000 6.3775 0.9352 6.5210
13.0674 17.7872 1.7276 8.2581 -82.9377 5.2203 0.0000 0.0000 0.0000 -24.4421 -5.8158 -10.7798 3.8725 11.9888 35.6923 1.3864 -12.8363 -21.6007 0.4699 -4.3966 -12.1952 0.0000 0.0000 0.0000 14.6397 17.0197 -41.7035 -4.1441 -12.3497 36.9804 0.0020 0.8313 0.0145 -3.2139 -11.0336 32.3931 0.1159 -0.3545 -8.4769 1.5983 -0.5961 1.6835 1.5252 -0.3252 6.5428 -5.7483 -3.2955 -16.2146 3.7315 -3.8109 14.7536 1.7369 -1.8118 7.3822 0.0000 -0.0000 0.0000 -89.4858 2.9978 33.6691 17.8714 -27.9921 -4.4887 -0.0000 0.0000 -16.8756 16.1166 33.2145 8.9941 -7.1250 0.0000 -0.0000 -20.1019 63.1541 -9.0447 0.0000 -0.0000 0.0000 86.7106 -5.0300 6.1447 -15.0736 24.2486 -3.2561 0.0000 0.0000 19.6252 -19.4913 29.2761 -9.8199 7.1250 -0.0000 -0.0000 6.5703 0.5820 6.6806
12.9726 17.7984 1.7257 8.0533 -82.9539 5.4453 0.0000 0.0000 0.0000 -24.3164 -5.6545 -10.8073 3.9591 12.1058 36.1073 1.2839 -12.7237 -20.8480 0.4888 -4.4831 -12.4399 0.0000 0.0000 0.0000 14.8798 16.7536 -41.4510 -4.1531 -12.3614 37.0228 0.0042 1.1529 0.3615 -3.1868 -10.9915 32.2511 0.4879 -0.2126 -8.4216 1.5142 -0.4397 1.6077 1.2490 -0.2320 6.4231 -5.7026 -3.3946 -16.1730 3.7204 -3.9620 14.8589 1.7089 -1.8836 7.4159 0.0000 -0.0000 0.0000 -89.0901 3.4819 34.4093 18.3625 -28.6188 -4.7216 -0.0000 0.0000 -17.7473 16.5292 33.4095 9.2804 -7.1250 0.0000 -0.0000 -19.8234 63.4436 -9.0487 0.0000 -0.0000 0.0000 86.8323 -4.7899 5.4985 -14.8428 23.9267 -3.1619 0.0000 0.0000 20.4406 -18.7396 28.6264 -9.2318 7.1250 -0.0000 -0.0000 6.9367 -0.2150 6.9619
12.8756 17.8131 1.7210 8.2492 -82.8937 5.2547 0.0000 0.0000 0.0000 -24.1838 -5.3159 -10.9679 4.0704 12.2535 36.6347 1.1476 -12.6692 -19.8323 0.5758 -4.8593 -13.5076 0.0000 0.0000 0.0000 15.0164 16.5517 -41.1282 -4.1584 -12.3682 37.0473 0.0077 1.5732 0.3592 -3.1305 -10.9034 31.9549 0.7152 -0.1466 -8.3719 1.4919 -0.3736 1.5729 1.1066 -0.1906 6.3551 -5.7786 -3.4682 -16.2045 3.7349 -4.0481 14.9445 1.7157 -1.9278 7.4557 -0.0000 0.0000 0.0000 -88.9246 3.7100 34.6804 18.6283 -28.9543 -4.8496 -0.0000 0.0000 -18.2354 16.8171 33.5205 9.4758 -7.1250 0.0000 -0.0000 -19.6050 63.6230 -9.0273 -0.0000 0.0000 0.0000 86.7703 -4.4587 5.0539 -14.6347 23.6347 -3.0780 0.0000 0.0000 21.2343 -18.4425 28.3595 -9.0011 7.1250 -0.0000 -0.0000 7.0828 -0.5384 7.0703
12.7782 17.8267 1.7174 8.5272 -82.8008 5.1048 0.0000 0.0000 0.0000 -24.0087 -4.9880 -11.3516 4.2081 12.4323 37.2788 0.9973 -12.5916 -18.6587 0.6664 -5.2207 -14.5390 0.0000 0.0000 0.0000 15.1031 16.3448 -40.9436 -4.1655 -12.3774 37.0806 0.0126 2.0273 0.3121 -3.0563 -10.7856 31.5603 0.8442 -0.1359 -8.4651 1.5670 -0.3794 1.5016 1.1115 -0.1907 6.3329 -5.8850 -3.4767 -16.1533 3.6191 -4.0167 14.9609 1.6989 -1.9306 7.4507 -0.0000 -0.0000 0.0000 -88.9765 3.8928 34.7504 18.8454 -29.2261 -4.9551 -0.0000 0.0000 -18.5967 17.0885 33.4879 9.6270 -7.1250 0.0000 -0.0000 -19.2707 63.6647 -8.8863 -0.0000 -0.0000 0.0000 86.4928 -4.1033 4.9351 -14.3829 23.2794 -2.9778 0.0000 0.0000 21.6807 -18.9995 28.5417 -9.3423 7.1250 -0.0000 -0.0000 6.7749 -0.2545 6.7924
12.6823 17.8372 1.7146 7.9598 -82.7055 5.7606 0.0000 0.0000 0.0000 -23.7191 -4.6089 -11.8007 4.3753 12.6437 38.0491 0.8525 -12.4020 -17.4385 0.7219 -5.4291 -15.1366 0.0000 0.0000 0.0000 15.3703 16.0215 -40.7383 -4.1692 -12.3822 37.0976 0.0202 2.5644 0.4443 -3.0162 -10.7213 31.3455 1.0675 -0.0812 -8.5573 1.6751 -0.3397 1.4340 1.1041 -0.1660 6.3132 -6.0269 -3.5393 -16.0297 3.5146 -4.0575 14.9567 1.6842 -1.9697 7.4311 0.0000 0.0000 0.0000 -88.9739 4.1267 35.0789 19.1377 -29.5895 -5.0987 -0.0000 0.0000 -18.9849 17.3453 33.4579 9.7703 -7.1250 0.0000 -0.0000 -18.9544 63.7050 -8.7530 0.0000 0.0000 0.0000 86.2298 -3.7772 4.8161 -14.1014 22.8795 -2.8674 0.0000 0.0000 22.0500 -19.7689 28.7791 -9.8168 7.1250 -0.0000 -0.0000 6.3504 0.1276 6.4039
12.5884 17.8470 1.7094 7.2875 -82.6131 6.3978 0.0000 0.0000 0.0000 -23.4245 -4.2532 -12.1789 4.5756 12.8893 38.9553 0.7160 -12.2339 -16.2238 0.6776 -5.2636 -14.6619 0.0000 0.0000 0.0000 15.7301 15.5918 -40.4226 -4.1713 -12.3849 37.1075 0.0309 3.1447 0.6883 -3.0162 -10.7212 31.3453 1.2660 -0.0165 -8.5516 1.7876 -0.2839 1.4370 1.1179 -0.1344 6.3126 -6.2036 -3.6361 -16.0979 3.4680 -4.1394 15.1107 1.6870 -2.0237 7.5008 -0.0000 0.0000 0.0000 -89.0719 4.1910 35.0446 19.3204 -29.8149 -5.1892 -0.0000 0.0000 -18.8904 17.3860 33.3639 9.7704 -7.1250 0.0000 -0.0000 -18.8224 63.6278 -8.6558 -0.0000 0.0000 0.0000 85.9843 -3.3842 4.6985 -13.8507 22.5209 -2.7707 0.0000 0.0000 22.3130 -20.0896 29.2030 -10.1178 7.1250 -0.0000 -0.0000 6.2132 0.6199 6.3172
12.4946 17.8633 1.7038 7.4491 -82.5266 6.2433 0.0000 0.0000 0.0000 -23.2383 -4.0296 -12.6226 4.8028 13.1582 39.9635 0.5964 -11.9185 -15.0396 0.6334 -5.0921 -14.1716 0.0000 0.0000 0.0000 15.9214 15.2167 -40.1569 -4.1784 -12.3942 37.1410 0.0445 3.7661 0.9140 -2.9423 -10.6011 30.9461 1.4120 0.0569 -8.5620 1.8104 -0.2037 1.4198 1.0708 -0.0905 6.2993 -6.2457 -3.7395 -16.1521 3.3911 -4.2579 15.2601 1.6536 -2.0905 7.5648 -0.0000 -0.0000 0.0000 -89.1299 4.2182 34.8089 19.4381 -29.9594 -5.2478 -0.0000 0.0000 -18.5762 17.3675 33.1303 9.7002 -7.1250 0.0000 -0.0000 -18.6316 63.4038 -8.4674 -0.0000 -0.0000 0.0000 85.8380 -2.9325 4.4303 -13.6196 22.1882 -2.6828 0.0000 0.0000 22.6694 -20.1361 29.5738 -10.2575 7.1250 -0.0000 -0.0000 6.2312 1.0068 6.3773
12.4022 17.8805 1.6985 7.9910 -82.4457 5.7549 0.0000 0.0000 0.0000 -23.0997 -3.8947 -13.1536 5.0597 13.4507 41.0800 0.4906 -11.4095 -13.8400 0.6423 -5.1271 -14.2713 0.0000 0.0000 0.0000 15.9851 14.9481 -39.9310 -4.1908 -12.4100 37.1983 0.0598 4.3719 0.9766 -2.7931 -10.3524 30.1255 1.5420 0.1462 -8.6018 1.7899 -0.0977 1.3754 0.9906 -0.0335 6.2740 -6.2553 -3.8581 -16.0123 3.3301 -4.4142 15.1897 1.6188 -2.1725 7.5243 0.0000 -0.0000 0.0000 -89.0549 4.3399 34.9196 19.6434 -30.2103 -5.3507 -0.0000 0.0000 -18.5364 17.5314 33.0147 9.7661 -7.1250 0.0000 -0.0000 -18.3445 63.3383 -8.3043 0.0000 -0.0000 0.0000 85.7144 -2.5017 4.1233 -13.4374 21.9248 -2.6144 0.0000 0.0000 23.1064 -19.5918 29.0549 -9.8069 7.1250 -0.0000 -0.0000 6.4860 0.3756 6.5705
12.3106 17.8933 1.6912 8.0938 -82.3323 5.6658 0.0000 0.0000 0.0000 -22.8752 -3.7298 -13.7386 5.3501 13.7676 42.3142 0.3978 -10.8026 -12.6497 0.6551 -5.1769 -14.4138 0.0000 0.0000 0.0000 16.0890 14.7313 -39.6376 -4.2040 -12.4270 37.2599 0.0775 5.0028 0.9339 -2.6665 -10.1345 29.4135 1.6528 0.2107 -8.5945 1.8108 -0.0242 1.3211 0.9598 0.0055 6.2122 -6.2702 -3.9372 -15.8807 3.3173 -4.5257 15.1707 1.6059 -2.2293 7.5010 0.0000 0.0000 0.0000 -88.9407 4.5309 35.2327 19.9010 -30.5229 -5.4810 -0.0000 0.0000 -18.7052 17.8044 33.0797 9.9421 -7.1250 0.0000 -0.0000 -18.0952 63.4715 -8.2440 0.0000 0.0000 0.0000 85.5470 -2.1783 4.1398 -13.3506 21.7987 -2.5820 0.0000 0.0000 23.1500 -19.2117 28.5068 -9.4424 7.1250 -0.0000 -0.0000 6.6464 -0.2518 6.6622
12.2199 17.9040 1.6838 7.5038 -82.2195 6.2968 0.0000 0.0000 0.0000 -22.5206 -3.4845 -14.5114 5.6759 14.1067 43.6665 0.3091 -10.1231 -11.3778 0.6817 -5.2788 -14.7056 0.0000 0.0000 0.0000 16.2891 14.5234 -39.3691 -4.2136 -12.4394 37.3046 0.0975 5.6184 0.9880 -2.5857 -9.9921 28.9511 1.8510 0.2660 -8.5639 1.8294 0.0296 1.2105 0.8740 0.0374 6.0783 -6.1339 -3.9591 -15.7971 3.2511 -4.5859 15.2754 1.5559 -2.2585 7.5189 -0.0000 0.0000 0.0000 -88.7829 4.8197 35.4085 20.1828 -30.8619 -5.6248 -0.0000 0.0000 -18.8411 17.8509 32.9862 9.9448 -7.1250 0.0000 -0.0000 -17.9600 63.3956 -8.1485 -0.0000 0.0000 0.0000 85.4670 -1.9747 4.1992 -13.3445 21.7899 -2.5798 0.0000 0.0000 23.4025 -19.9821 29.0162 -10.0027 7.1250 -0.0000 -0.0000 6.2535 0.4091 6.3358
12.1326 17.9157 1.6785 6.8297 -82.1316 7.0265 0.0000 0.0000 0.0000 -22.1370 -3.2199 -15.4025 6.0325 14.4597 45.1119 0.2196 -9.4929 -9.9865 0.6627 -5.2065 -14.4984 0.0000 0.0000 0.0000 16.5309 14.2612 -39.1390 -4.2166 -12.4432 37.3184 0.1158 6.1118 1.1345 -2.5091 -9.8545 28.5067 2.0843 0.3534 -8.5593 1.8655 0.1198 1.1303 0.7920 0.0877 5.9919 -6.0975 -4.0069 -15.7698 3.1929 -4.6545 15.3621 1.5230 -2.2957 7.5438 -0.0000 -0.0000 0.0000 -88.7581 4.9317 35.3919 20.4001 -31.1214 -5.7367 -0.0000 0.0000 -18.9067 17.6936 32.7527 9.7924 -7.1250 0.0000 -0.0000 -17.9326 63.1337 -8.0255 -0.0000 -0.0000 0.0000 85.3510 -1.7042 4.0628 -13.3347 21.7756 -2.5761 0.0000 0.0000 24.0099 -20.7670 29.5436 -10.5909 7.1250 -0.0000 -0.0000 5.8614 1.0981 6.0039
12.0482 17.9278 1.6727 6.2220 -82.0322 7.6628 0.0000 0.0000 0.0000 -21.7563 -3.0048 -16.3021 6.4144 14.8182 46.6229 0.1494 -8.8792 -8.7162 0.6580 -5.1881 -14.4459 0.0000 0.0000 0.0000 16.7522 14.0672 -38.8562 -4.2147 -12.4407 37.3094 0.1341 6.5805 1.1710 -2.4242 -9.6987 28.0065 2.2804 0.4671 -8.5745 1.9312 0.2442 1.1329 0.7675 0.1536 6.0045 -6.1730 -4.1433 -15.8536 3.1568 -4.8123 15.4220 1.5033 -2.3780 7.5869 0.0000 0.0000 0.0000 -88.8409 4.7430 35.3086 20.4468 -31.1769 -5.7609 -0.0000 0.0000 -18.8749 17.5793 32.4678 9.6523 -7.1250 0.0000 -0.0000 -17.8157 62.8346 -7.8463 0.0000 0.0000 0.0000 85.1236 -1.3097 4.1022 -13.3527 21.8018 -2.5828 0.0000 0.0000 24.1413 -20.8372 29.6114 -10.6509 7.1250 -0.0000 -0.0000 5.8293 1.1813 5.9790
11.9639 17.9391 1.6632 5.8641 -81.8979 8.0045 0.0000 0.0000 0.0000 -21.3994 -2.7832 -17.1925 6.8176 15.1764 48.1811 0.0990 -8.2924 -7.6247 0.7114 -5.3903 -15.0253 0.0000 0.0000 0.0000 16.9579 13.8664 -38.5279 -4.2132 -12.4388 37.3026 0.1530 7.0374 1.2005 -2.3567 -9.5726 27.6034 2.3651 0.5465 -8.5207 2.0159 0.3364 1.1344 0.8204 0.1995 5.9762 -6.2284 -4.2983 -15.9168 3.1043 -4.9977 15.4518 1.4720 -2.4737 7.6171 -0.0000 0.0000 0.0000 -88.9231 4.6129 35.2373 20.4547 -31.1863 -5.7650 -0.0000 0.0000 -18.7727 17.3395 32.2345 9.4550 -7.1250 0.0000 -0.0000 -17.8857 62.5520 -7.7593 -0.0000 0.0000 0.0000 84.8271 -0.9497 4.4550 -13.4209 21.9008 -2.6082 0.0000 0.0000 23.9041 -20.6617 29.6779 -10.5761 7.1250 -0.0000 -0.0000 5.9394 1.2147 6.0966
11.8800 17.9500 1.6530 5.9184 -81.7662 7.9394 0.0000 0.0000 0.0000 -21.1045 -2.5773 -18.1268 7.2414 15.5319 49.7816 0.0672 -7.8688 -6.8392 0.7444 -5.5112 -15.3726 0.0000 0.0000 0.0000 17.1556 13.5325 -38.2670 -4.2143 -12.4403 37.3079 0.1717 7.4275 1.4022 -2.3283 -9.5189 27.4323 2.3580 0.5812 -8.4614 2.1043 0.3796 1.1181 0.9218 0.2180 5.9250 -6.3692 -4.4077 -15.8865 3.1213 -5.1163 15.3726 1.4871 -2.5365 7.5960 -0.0000 -0.0000 0.0000 -89.0144 4.5746 35.2067 20.5528 -31.3026 -5.8159 -0.0000 0.0000 -18.8478 16.8924 32.3067 9.2188 -7.1250 0.0000 -0.0000 -18.4426 62.5057 -7.9895 -0.0000 -0.0000 0.0000 84.4688 -0.6024 5.0210 -13.4754 21.9798 -2.6285 0.0000 0.0000 23.5455 -20.5600 29.6309 -10.5058 7.1250 -0.0000 -0.0000 5.9924 1.1469 6.1446
11.7980 17.9597 1.6464 5.7556 -81.7150 8.2191 0.0000 0.0000 0.0000 -20.8221 -2.5767 -19.1747 7.6884 15.8852 51.4323 0.0641 -7.5184 -6.5885 0.7292 -5.4560 -15.2137 0.0000 0.0000 0.0000 17.3479 13.2504 -38.1756 -4.2169 -12.4436 37.3199 0.1901 7.7852 1.6578 -2.3110 -9.4858 27.3272 2.4250 0.6744 -8.5629 2.1644 0.4879 1.1091 0.9630 0.2719 5.9737 -6.4787 -4.5072 -15.9468 3.1868 -5.2305 15.2912 1.5121 -2.5893 7.5903 -0.0000 0.0000 0.0000 -89.0809 4.4254 35.2225 20.6616 -31.4312 -5.8725 -0.0000 0.0000 -18.9582 16.5959 32.4742 9.0914 -7.1250 0.0000 -0.0000 -18.9139 62.5872 -8.2377 -0.0000 0.0000 0.0000 84.1284 -0.2254 5.6699 -13.5931 22.1500 -2.6728 0.0000 0.0000 23.1083 -20.6810 29.4949 -10.5286 7.1250 -0.0000 -0.0000 5.9051 1.0315 6.0424
11.7185 17.9661 1.6401 5.0307 -81.6791 9.0830 0.0000 0.0000 0.0000 -20.4720 -2.7039 -20.2474 8.1527 16.2304 53.1107 0.0880 -7.0485 -6.8009 0.6158 -5.0222 -13.9719 0.0000 0.0000 0.0000 17.5570 13.1254 -38.0930 -4.2197 -12.4472 37.3329 0.2094 8.1676 1.7430 -2.3052 -9.4747 27.2919 2.6323 0.8283 -8.6900 2.1689 0.6642 1.1007 0.8773 0.3652 6.0403 -6.4328 -4.6254 -16.0792 3.2591 -5.4070 15.3087 1.5051 -2.6618 7.6285 -0.0000 0.0000 0.0000 -89.0044 4.1881 35.3535 20.6602 -31.4295 -5.8717 -0.0000 0.0000 -19.1120 16.5481 32.5092 9.0728 -7.1250 0.0000 -0.0000 -18.9969 62.6079 -8.2845 -0.0000 0.0000 0.0000 83.9354 0.0778 6.3008 -13.8307 22.4922 -2.7630 0.0000 0.0000 22.7078 -20.9599 29.4807 -10.6759 7.1250 -0.0000 -0.0000 5.7414 1.0717 5.8772
11.6404 17.9699 1.6321 4.1792 -81.5569 9.9572 0.0000 0.0000 0.0000 -20.0917 -2.7996 -21.2746 8.6242 16.5597 54.7811 0.1385 -6.3937 -7.4603 0.5282 -4.6575 -12.9342 0.0000 0.0000 0.0000 17.7960 13.0045 -37.8592 -4.2217 -12.4497 37.3421 0.2308 8.5910 1.6943 -2.3365 -9.5344 27.4818 2.8607 0.9251 -8.6766 2.1508 0.7699 1.0918 0.7444 0.4248 6.0278 -6.2331 -4.7128 -16.0113 3.2291 -5.5678 15.1541 1.4462 -2.7292 7.5668 -0.0000 -0.0000 0.0000 -88.8340 4.0420 35.4829 20.6883 -31.4627 -5.8864 -0.0000 0.0000 -19.3500 16.3265 32.5106 8.9468 -7.1250 0.0000 -0.0000 -19.2426 62.5523 -8.3706 -0.0000 -0.0000 0.0000 83.8418 0.3615 6.9568 -14.1072 22.8878 -2.8697 0.0000 0.0000 22.1448 -20.7176 29.4293 -10.5277 7.1250 -0.0000 -0.0000 5.8756 0.9717 6.0059
11.5616 17.9752 1.6242 3.5026 -81.3985 10.6293 0.0000 0.0000 0.0000 -19.7386 -2.9354 -22.2752 9.0854 16.8624 56.3850 0.2117 -5.5995 -8.5073 0.5364 -4.6929 -13.0346 0.0000 0.0000 0.0000 18.0645 12.7781 -37.5866 -4.2225 -12.4507 37.3455 0.2521 8.9829 1.7229 -2.3112 -9.4862 27.3282 3.0061 0.9827 -8.6091 2.1665 0.8340 1.0415 0.6859 0.4596 5.9392 -6.0692 -4.7686 -15.7662 3.2115 -5.6883 14.9092 1.4062 -2.7807 7.4441 0.0000 0.0000 0.0000 -88.7015 4.1945 35.6562 20.9866 -31.8127 -6.0429 -0.0000 0.0000 -19.6232 16.0362 32.6623 8.8175 -7.1250 0.0000 -0.0000 -19.6949 62.6196 -8.6067 0.0000 0.0000 0.0000 83.6709 0.6621 7.5251 -14.3180 23.1876 -2.9522 0.0000 0.0000 21.5964 -20.6027 29.6235 -10.5267 7.1250 -0.0000 -0.0000 5.9667 1.1476 6.1181
11.4850 17.9783 1.6164 2.8958 -81.3426 11.2901 0.0000 0.0000 0.0000 -19.4073 -3.1246 -23.3348 9.5275 17.1354 57.8971 0.2891 -4.7994 -9.6349 0.4801 -4.4432 -12.3270 0.0000 0.0000 0.0000 18.3327 12.5602 -37.4185 -4.2243 -12.4530 37.3539 0.2699 9.2762 1.8745 -2.2698 -9.4068 27.0765 3.0752 1.0538 -8.6171 2.2465 0.9153 1.0125 0.7416 0.4992 5.9142 -6.1498 -4.8623 -15.7051 3.3292 -5.8211 14.8511 1.4437 -2.8381 7.4270 0.0000 0.0000 0.0000 -88.7307 4.3023 35.7903 21.2887 -32.1638 -6.2029 -0.0000 0.0000 -19.9259 16.0784 32.7646 8.8659 -7.1250 0.0000 -0.0000 -19.7388 62.7258 -8.6761 0.0000 0.0000 0.0000 83.3062 1.0362 8.2561 -14.4989 23.4434 -3.0238 0.0000 0.0000 20.9996 -21.3917 30.0609 -11.1018 7.1250 -0.0000 -0.0000 5.5675 1.7514 5.7620
11.4081 17.9816 1.6076 2.5239 -81.3126 11.6437 0.0000 0.0000 0.0000 -19.1141 -3.2631 -24.3189 9.9448 17.3787 59.3037 0.3595 -4.0934 -10.6632 0.3883 -4.0012 -11.0801 0.0000 0.0000 0.0000 18.5373 12.4424 -37.1391 -4.2267 -12.4562 37.3654 0.2885 9.5930 1.9018 -2.2965 -9.4581 27.2392 3.1064 1.1060 -8.6025 2.3116 0.9749 1.0810 0.8014 0.5288 5.9785 -6.1825 -4.9506 -15.8175 3.4029 -5.9363 14.7846 1.4578 -2.8859 7.4336 -0.0000 0.0000 0.0000 -88.8297 4.1218 35.7069 21.3566 -32.2422 -6.2391 -0.0000 0.0000 -19.9682 16.2102 32.5670 8.8941 -7.1250 0.0000 -0.0000 -19.4197 62.5752 -8.4613 -0.0000 0.0000 0.0000 82.9184 1.5261 9.2613 -14.7373 23.7789 -3.1193 0.0000 0.0000 20.2076 -21.9240 29.9922 -11.3757 7.1250 -0.0000 -0.0000 5.2512 1.7897 5.4353
11.3287 17.9895 1.5961 2.5508 -81.1900 11.4935 0.0000 0.0000 0.0000 -18.8520 -3.4056 -25.1402 10.3322 17.5925 60.5930 0.4225 -3.4780 -11.5797 0.3417 -3.7563 -10.3922 0.0000 0.0000 0.0000 18.6853 12.3397 -36.6736 -4.2317 -12.4624 37.3882 0.3096 9.9760 1.7153 -2.3242 -9.5110 27.4072 3.1254 1.1504 -8.4720 2.2945 1.0373 1.1590 0.7801 0.5613 5.9879 -6.0793 -5.0131 -15.8916 3.4524 -6.0446 14.6625 1.4441 -2.9252 7.4098 -0.0000 -0.0000 0.0000 -88.7448 3.9758 35.8223 21.4310 -32.3280 -6.2789 -0.0000 0.0000 -20.0219 16.1832 32.3194 8.8195 -7.1250 0.0000 -0.0000 -19.2356 62.3368 -8.2697 -0.0000 -0.0000 0.0000 82.6982 2.0127 9.9664 -15.0064 24.1550 -3.2285 0.0000 0.0000 19.7413 -21.7644 29.6984 -11.1888 7.1250 -0.0000 -0.0000 5.3035 1.4557 5.4598
11.2530 17.9965 1.5854 2.5197 -81.1273 11.4729 0.0000 0.0000 0.0000 -18.5886 -3.5981 -26.0684 10.6919 17.7810 61.7768 0.4793 -2.8852 -12.4060 0.3223 -3.6490 -10.0912 0.0000 0.0000 0.0000 18.8421 12.2153 -36.3544 -4.2425 -12.4763 37.4384 0.3292 10.3053 1.6528 -2.3410 -9.5430 27.5090 3.1525 1.2080 -8.3604 2.2787 1.1171 1.1881 0.7571 0.6019 5.9570 -5.9955 -5.0422 -15.8933 3.4758 -6.1026 14.5295 1.4325 -2.9454 7.3672 0.0000 -0.0000 0.0000 -88.6906 3.9071 35.8659 21.5234 -32.4342 -6.3283 -0.0000 0.0000 -20.1643 16.0975 32.1863 8.7393 -7.1250 0.0000 -0.0000 -19.2163 62.1904 -8.1947 0.0000 -0.0000 0.0000 82.5092 2.5241 10.3740 -15.2490 24.4918 -3.3285 0.0000 0.0000 19.6778 -21.4785 29.8881 -11.0934 7.1250 -0.0000 -0.0000 5.4943 1.5921 5.6707
11.1786 17.9994 1.5773 2.6159 -81.1610 11.4047 0.0000 0.0000 0.0000 -18.3905 -3.8189 -27.0948 11.0161 17.9430 62.8339 0.5277 -2.2803 -13.1277 0.3376 -3.7336 -10.3284 0.0000 0.0000 0.0000 18.9412 12.1288 -36.1812 -4.2593 -12.4977 37.5162 0.3464 10.5595 1.7357 -2.3540 -9.5675 27.5873 3.1367 1.2575 -8.3506 2.2604 1.1860 1.2091 0.7564 0.6360 5.9743 -5.9396 -5.0618 -15.8529 3.5480 -6.1522 14.3838 1.4433 -2.9594 7.3155 -0.0000 0.0000 0.0000 -88.7560 3.7378 35.5674 21.4678 -32.3704 -6.2985 -0.0000 0.0000 -20.0659 16.0509 32.1982 8.7158 -7.1250 0.0000 -0.0000 -19.2774 62.1897 -8.2215 -0.0000 0.0000 0.0000 82.2856 3.1111 10.9379 -15.4868 24.8198 -3.4277 0.0000 0.0000 19.5045 -21.3547 30.0480 -11.0770 7.1250 -0.0000 -0.0000 5.5871 1.7308 5.7806
11.1028 17.9971 1.5694 3.1010 -81.1986 10.8846 0.0000 0.0000 0.0000 -18.2710 -4.1097 -27.9699 11.3045 18.0809 63.7666 0.5674 -1.7891 -13.7272 0.3418 -3.7569 -10.3938 0.0000 0.0000 0.0000 18.9812 12.0528 -35.9274 -4.2803 -12.5244 37.6132 0.3639 10.8222 1.7655 -2.3591 -9.5770 27.6175 3.0312 1.2868 -8.3043 2.2390 1.2392 1.2499 0.8001 0.6599 5.9895 -5.9711 -5.1308 -15.7771 3.7061 -6.2683 14.2843 1.4887 -3.0030 7.2820 0.0000 0.0000 0.0000 -88.8234 3.5769 35.3153 21.3735 -32.2617 -6.2481 -0.0000 0.0000 -19.8114 16.1296 32.2526 8.7732 -7.1250 0.0000 -0.0000 -19.2374 62.2606 -8.2359 0.0000 0.0000 0.0000 82.0672 3.7027 11.5425 -15.7389 25.1653 -3.5342 0.0000 0.0000 19.2072 -21.6299 29.9299 -11.1912 7.1250 -0.0000 -0.0000 5.4124 1.6656 5.5922
11.0288 17.9942 1.5619 3.1333 -81.2695 10.7917 0.0000 0.0000 0.0000 -18.0751 -4.3771 -28.8251 11.5612 18.1989 64.5910 0.5958 -1.4588 -14.1536 0.3170 -3.6192 -10.0078 0.0000 0.0000 0.0000 19.1145 11.9816 -35.6527 -4.3045 -12.5549 37.7243 0.3843 11.1131 1.8308 -2.3535 -9.5665 27.5841 3.0040 1.3284 -8.1898 2.2427 1.3016 1.2883 0.8255 0.6898 5.9646 -5.9012 -5.1535 -15.7075 3.7089 -6.3164 14.1829 1.4750 -3.0227 7.2370 -0.0000 -0.0000 0.0000 -88.9070 3.4536 35.0761 21.3053 -32.1830 -6.2118 -0.0000 0.0000 -19.6358 16.2935 32.1787 8.8480 -7.1250 0.0000 -0.0000 -18.9947 62.2329 -8.1155 -0.0000 -0.0000 0.0000 81.8712 4.3572 11.9863 -15.9341 25.4312 -3.6176 0.0000 0.0000 19.0390 -22.1750 29.9263 -11.4937 7.1250 -0.0000 -0.0000 5.0974 1.7739 5.2734
10.9534 17.9943 1.5527 2.5951 -81.3455 11.2852 0.0000 0.0000 0.0000 -17.7606 -4.5643 -29.7342 11.7798 18.2960 65.2893 0.6136 -1.2755 -14.4157 0.3048 -3.5495 -9.8127 0.0000 0.0000 0.0000 19.3171 12.0363 -35.3537 -4.3324 -12.5901 37.8528 0.4065 11.4353 1.8246 -2.3490 -9.5581 27.5571 3.0821 1.3878 -8.1324 2.2512 1.3732 1.3270 0.7994 0.7276 5.9754 -5.8379 -5.1309 -15.6735 3.7350 -6.3027 14.0826 1.4765 -3.0107 7.1965 0.0000 0.0000 0.0000 -88.9368 3.3267 34.9157 21.2732 -32.1459 -6.1947 -0.0000 0.0000 -19.7140 16.4679 32.1493 8.9394 -7.1250 0.0000 -0.0000 -18.7780 62.2495 -8.0267 0.0000 0.0000 0.0000 81.6744 5.0087 12.5233 -16.1490 25.7223 -3.7104 0.0000 0.0000 18.7611 -22.5388 29.8885 -11.6842 7.1250 -0.0000 -0.0000 4.8821 1.8108 5.0521
10.8776 17.9929 1.5433 2.3240 -81.4304 11.4712 0.0000 0.0000 0.0000 -17.4937 -4.7413 -30.5800 11.9536 18.3710 65.8416 0.6285 -1.1684 -14.6224 0.3579 -3.8433 -10.6363 0.0000 0.0000 0.0000 19.4521 12.1591 -34.9877 -4.3615 -12.6265 37.9860 0.4290 11.7750 1.7121 -2.3584 -9.5758 27.6136 3.1215 1.4325 -8.0494 2.2402 1.4327 1.3523 0.7721 0.7585 5.9569 -5.8733 -5.1177 -15.6226 3.8232 -6.2959 14.0867 1.5127 -3.0022 7.1930 -0.0000 -0.0000 0.0000 -88.8701 3.3431 34.9317 21.3073 -32.1853 -6.2128 -0.0000 0.0000 -19.8332 16.6321 32.2327 9.0527 -7.1250 0.0000 -0.0000 -18.6675 62.3695 -8.0305 -0.0000 -0.0000 0.0000 81.5089 5.4967 13.1902 -16.4957 26.1882 -3.8622 0.0000 0.0000 18.5216 -22.7257 29.8300 -11.7687 7.1250 -0.0000 -0.0000 4.7660 1.7900 4.9294
10.8048 17.9881 1.5378 2.4684 -81.5704 11.2461 0.0000 0.0000 0.0000 -17.3355 -4.9657 -31.3977 12.0804 18.4244 66.2434 0.6427 -1.1828 -14.7864 0.4293 -4.2049 -11.6538 0.0000 0.0000 0.0000 19.5443 12.1181 -34.7110 -4.3938 -12.6668 38.1335 0.4542 12.1013 1.8069 -2.3717 -9.6008 27.6934 3.0861 1.4645 -7.9410 2.2312 1.4845 1.3724 0.7867 0.7831 5.9161 -5.8784 -5.0876 -15.6487 3.8259 -6.2594 14.2443 1.5169 -2.9848 7.2473 0.0000 0.0000 0.0000 -88.8732 3.3367 34.8532 21.2380 -32.1051 -6.1759 -0.0000 0.0000 -19.6957 16.7732 32.3091 9.1516 -7.1250 0.0000 -0.0000 -18.5766 62.4775 -8.0373 0.0000 0.0000 0.0000 81.3309 6.0659 13.6970 -16.8121 26.6095 -4.0028 0.0000 0.0000 18.3956 -22.7807 30.1866 -11.9237 7.1250 -0.0000 -0.0000 4.7851 2.1687 4.9799
10.7304 17.9825 1.5318 2.3736 -81.6373 11.2439 0.0000 0.0000 0.0000 -17.1230 -5.2842 -32.1161 12.1654 18.4597 66.5120 0.6577 -1.4411 -14.8957 0.4277 -4.1972 -11.6322 0.0000 0.0000 0.0000 19.6932 12.0215 -34.4355 -4.4328 -12.7150 38.3109 0.4804 12.4375 1.8640 -2.3847 -9.6252 27.7714 3.0573 1.4794 -7.8834 2.2696 1.5052 1.4327 0.8454 0.7919 5.9454 -5.9175 -5.0707 -15.6666 3.8199 -6.2282 14.3160 1.5240 -2.9725 7.2734 0.0000 0.0000 0.0000 -89.0182 3.2048 34.6248 21.0907 -31.9340 -6.0978 -0.0000 0.0000 -19.5279 16.9316 32.2838 9.2354 -7.1250 0.0000 -0.0000 -18.3798 62.4941 -7.9562 0.0000 0.0000 0.0000 81.1016 6.7892 14.0854 -17.0577 26.9337 -4.1134 0.0000 0.0000 18.1292 -22.6630 30.4617 -11.9521 7.1250 -0.0000 -0.0000 4.8924 2.4264 5.1136
10.6534 17.9776 1.5239 2.3183 -81.6327 11.1859 0.0000 0.0000 0.0000 -16.9036 -5.6858 -32.7459 12.2060 18.4764 66.6404 0.6716 -1.6448 -15.0070 0.4598 -4.3499 -12.0632 0.0000 0.0000 0.0000 19.8212 11.9897 -34.1131 -4.4788 -12.7717 38.5197 0.5142 12.9069 1.7024 -2.4044 -9.6619 27.8887 3.0494 1.4759 -7.8208 2.2785 1.5021 1.4848 0.8581 0.7904 5.9641 -5.9753 -5.0705 -15.6099 3.8826 -6.2305 14.3340 1.5544 -2.9720 7.2737 0.0000 -0.0000 0.0000 -89.0705 3.1306 34.5546 21.0250 -31.8576 -6.0631 -0.0000 0.0000 -19.6610 17.0672 32.3674 9.3336 -7.1250 0.0000 -0.0000 -18.3004 62.6077 -7.9696 0.0000 -0.0000 0.0000 80.9583 7.4248 14.5943 -17.3858 27.3636 -4.2632 0.0000 0.0000 17.7937 -22.6632 30.2030 -11.8629 7.1250 -0.0000 -0.0000 4.8551 2.1606 5.0526
10.5781 17.9716 1.5205 2.8856 -81.7042 10.5891 0.0000 0.0000 0.0000 -16.8224 -6.1220 -33.4533 12.2022 18.4748 66.6284 0.6856 -1.7121 -15.1518 0.5471 -4.7388 -13.1651 0.0000 0.0000 0.0000 19.8444 11.8959 -33.9224 -4.5287 -12.8326 38.7450 0.5628 13.5070 1.7079 -2.4436 -9.7347 28.1218 3.0238 1.4838 -7.8076 2.2094 1.5211 1.4867 0.8024 0.8008 5.9598 -6.0066 -5.0366 -15.5951 3.9824 -6.2036 14.4976 1.5944 -2.9526 7.3277 -0.0000 -0.0000 0.0000 -88.9860 3.1265 34.6514 20.9715 -31.7951 -6.0349 -0.0000 0.0000 -19.8540 17.1926 32.6246 9.4705 -7.1250 0.0000 -0.0000 -18.3817 62.8824 -8.1251 -0.0000 -0.0000 0.0000 80.8766 8.0160 15.2016 -17.7831 27.8785 -4.4473 0.0000 0.0000 17.2589 -22.5893 30.0392 -11.7646 7.1250 -0.0000 -0.0000 4.8743 1.9765 5.0576
10.5017 17.9631 1.5184 3.3885 -81.8171 10.0647 0.0000 0.0000 0.0000 -16.7473 -6.4991 -34.1576 12.1529 18.4546 66.4728 0.6922 -1.8364 -15.1984 0.6124 -5.0088 -13.9336 0.0000 0.0000 0.0000 19.8692 11.8458 -33.7325 -4.5824 -12.8976 38.9862 0.5974 13.9061 1.7585 -2.4485 -9.7437 28.1506 2.9752 1.4645 -7.8096 2.1688 1.5039 1.4727 0.7848 0.7916 5.9456 -5.9446 -4.9574 -15.5939 3.8901 -6.1025 14.6956 1.5649 -2.9101 7.3820 0.0000 -0.0000 0.0000 -88.9902 3.1829 34.4487 20.8470 -31.6493 -5.9694 -0.0000 0.0000 -19.7094 17.1167 32.5988 9.4204 -7.1250 0.0000 -0.0000 -18.4439 62.8385 -8.1345 0.0000 -0.0000 0.0000 80.7876 8.5765 15.8422 -18.1995 28.4119 -4.6438 0.0000 0.0000 16.7451 -22.5863 29.9020 -11.7155 7.1250 -0.0000 -0.0000 4.8566 1.8347 5.0274
10.4232 17.9530 1.5137 3.3103 -81.9584 10.1129 0.0000 0.0000 0.0000 -16.5731 -6.8334 -34.8464 12.0705 18.4203 66.2120 0.6951 -1.9886 -15.1980 0.6642 -5.2123 -14.5150 0.0000 0.0000 0.0000 19.9757 11.8914 -33.5097 -4.6405 -12.9671 39.2456 0.6242 14.2240 1.7254 -2.4218 -9.6943 27.9924 2.9350 1.4299 -7.8240 2.1745 1.4610 1.4674 0.8078 0.7690 5.9465 -5.7448 -4.8482 -15.5244 3.6395 -5.9623 14.7705 1.4682 -2.8565 7.3729 -0.0000 0.0000 0.0000 -89.0835 3.1819 34.0401 20.6338 -31.3984 -5.8580 -0.0000 0.0000 -19.4655 16.9321 32.3903 9.2623 -7.1250 0.0000 -0.0000 -18.4697 62.5947 -8.0403 -0.0000 0.0000 0.0000 80.7298 9.1377 16.4922 -18.5994 28.9178 -4.8356 0.0000 0.0000 16.4312 -22.9780 29.6050 -11.8309 7.1250 -0.0000 -0.0000 4.5882 1.6114 4.7305
10.3468 17.9444 1.5123 3.3414 -82.1117 10.0889 0.0000 0.0000 0.0000 -16.4193 -7.2536 -35.5444 11.9657 18.3761 65.8802 0.7094 -2.1236 -15.3304 0.7020 -5.3555 -14.9253 0.0000 0.0000 0.0000 20.0729 11.8339 -33.3684 -4.6968 -13.0340 39.4957 0.6719 14.7419 1.7974 -2.4588 -9.7625 28.2111 2.9462 1.4314 -7.8914 2.1800 1.4573 1.4954 0.8095 0.7679 6.0146 -5.7151 -4.7714 -15.5144 3.5370 -5.8486 14.8265 1.4429 -2.8104 7.3799 -0.0000 -0.0000 0.0000 -89.1514 3.0268 34.0305 20.4129 -31.1366 -5.7433 -0.0000 0.0000 -19.5004 17.0330 32.3992 9.3221 -7.1250 0.0000 -0.0000 -18.3653 62.6288 -8.0080 -0.0000 -0.0000 0.0000 80.6010 9.8112 17.0162 -19.0019 29.4210 -5.0318 0.0000 0.0000 16.0551 -23.3312 29.5174 -11.9971 7.1250 -0.0000 -0.0000 4.3712 1.5961 4.5043
10.2703 17.9342 1.5117 3.6316 -82.2028 9.7342 0.0000 0.0000 0.0000 -16.3095 -7.6790 -36.1295 11.8307 18.3182 65.4513 0.7256 -2.1796 -15.4989 0.7954 -5.6925 -15.8949 0.0000 0.0000 0.0000 20.1410 11.7563 -33.1199 -4.7472 -13.0934 39.7190 0.7210 15.2680 1.8121 -2.5191 -9.8726 28.5653 2.9239 1.4200 -7.8722 2.2133 1.4410 1.5487 0.8553 0.7588 6.0583 -5.8829 -4.7285 -15.7013 3.5428 -5.7496 15.0674 1.4782 -2.7703 7.4919 -0.0000 0.0000 0.0000 -89.2604 2.9023 34.0488 20.2293 -30.9176 -5.6487 -0.0000 0.0000 -19.4162 17.0366 32.4444 9.3355 -7.1250 0.0000 -0.0000 -18.4002 62.6724 -8.0426 -0.0000 0.0000 0.0000 80.3763 10.3995 17.5697 -19.5024 30.0381 -5.2800 0.0000 0.0000 15.5214 -23.4208 29.6422 -12.0922 7.1250 -0.0000 -0.0000 4.3374 1.7443 4.4801
10.1912 17.9250 1.5090 3.4771 -82.3127 9.8023 0.0000 0.0000 0.0000 -16.1274 -8.0140 -36.6815 11.6638 18.2449 64.9192 0.7423 -2.2662 -15.6648 0.9224 -6.1187 -17.1292 0.0000 0.0000 0.0000 20.2632 11.7916 -32.7915 -4.7929 -13.1467 39.9200 0.7561 15.6436 1.7781 -2.5421 -9.9141 28.6991 2.9432 1.4250 -7.7836 2.2005 1.4509 1.5453 0.8298 0.7644 6.0052 -5.8388 -4.6683 -15.8567 3.4918 -5.6704 15.3626 1.4591 -2.7340 7.6092 0.0000 -0.0000 0.0000 -89.2872 2.9551 33.8236 20.0772 -30.7353 -5.5708 -0.0000 0.0000 -19.1194 16.8667 32.4199 9.2325 -7.1250 0.0000 -0.0000 -18.5674 62.6058 -8.0893 0.0000 -0.0000 0.0000 80.3139 10.8042 18.1918 -20.0341 30.6834 -5.5488 0.0000 0.0000 14.8899 -23.5111 29.7061 -12.1660 7.1250 -0.0000 -0.0000 4.2945 1.8298 4.4418
10.1120 17.9199 1.5083 3.0894 -82.4773 10.1401 0.0000 0.0000 0.0000 -15.9156 -8.3828 -37.2190 11.4621 18.1539 64.2732 0.7696 -2.5005 -15.9149 0.9188 -6.1072 -17.0958 0.0000 0.0000 0.0000 20.4351 11.6937 -32.5658 -4.8350 -13.1955 40.1049 0.7806 15.8412 2.0021 -2.5293 -9.8910 28.6244 3.0829 1.4736 -7.7120 2.1151 1.5130 1.4871 0.6670 0.8009 5.9098 -5.7503 -4.6183 -15.7250 3.5216 -5.6427 15.4699 1.4597 -2.7156 7.6185 0.0000 -0.0000 0.0000 -89.1795 3.0552 33.7838 19.9257 -30.5527 -5.4935 -0.0000 0.0000 -18.9488 16.9182 32.4850 9.2781 -7.1250 0.0000 -0.0000 -18.5662 62.6802 -8.1213 0.0000 -0.0000 0.0000 80.4107 11.1827 18.6481 -20.5440 31.2922 -5.8113 0.0000 0.0000 14.4255 -23.5944 29.7451 -12.2270 7.1250 -0.0000 -0.0000 4.2521 1.8881 4.4019
10.0338 17.9108 1.5086 2.9762 -82.6371 10.1742 0.0000 0.0000 0.0000 -15.7611 -8.8405 -37.6842 11.2299 18.0458 63.5260 0.8063 -2.6006 -16.2850 0.9317 -6.1489 -17.2171 0.0000 0.0000 0.0000 20.5924 11.4712 -32.3396 -4.8740 -13.2405 40.2754 0.8107 16.0783 2.2908 -2.4821 -9.8053 28.3485 3.1281 1.4786 -7.7017 2.0906 1.5162 1.5200 0.6170 0.8050 5.9406 -5.7568 -4.5612 -15.6390 3.5257 -5.5705 15.4829 1.4722 -2.6827 7.6047 -0.0000 -0.0000 0.0000 -89.1607 3.0062 33.8783 19.7649 -30.3580 -5.4120 -0.0000 0.0000 -18.9104 16.9894 32.4736 9.3159 -7.1250 0.0000 -0.0000 -18.4775 62.6878 -8.0844 -0.0000 -0.0000 0.0000 80.3705 11.7385 19.1427 -21.0894 31.9326 -6.0972 0.0000 0.0000 14.0399 -23.3805 29.8141 -12.1312 7.1250 -0.0000 -0.0000 4.3857 1.9131 4.5428
9.9538 17.9014 1.5069 3.0085 -82.7641 10.0478 0.0000 0.0000 0.0000 -15.6351 -9.2629 -38.1223 10.9731 17.9219 62.6941 0.8416 -2.5088 -16.6675 1.1424 -6.7873 -19.0868 0.0000 0.0000 0.0000 20.7121 11.3725 -32.0187 -4.9112 -13.2831 40.4378 0.8306 16.2437 2.4363 -2.4419 -9.7315 28.1116 3.0761 1.4441 -7.6983 2.1014 1.4726 1.5928 0.6535 0.7825 6.0131 -5.6462 -4.4794 -15.7211 3.3665 -5.4512 15.5356 1.4143 -2.6335 7.6226 -0.0000 -0.0000 0.0000 -89.1614 2.9600 34.0052 19.6472 -30.2150 -5.3527 -0.0000 0.0000 -18.9398 16.9570 32.3873 9.2758 -7.1250 0.0000 -0.0000 -18.4395 62.5981 -8.0282 -0.0000 -0.0000 0.0000 80.2506 12.2846 19.8272 -21.6948 32.6304 -6.4205 0.0000 0.0000 13.5231 -23.1890 29.8556 -12.0381 7.1250 -0.0000 -0.0000 4.5021 1.9148 4.6643
9.8722 17.8979 1.5054 2.9790 -82.9028 10.0431 0.0000 0.0000 0.0000 -15.4861 -9.6415 -38.5996 10.6976 17.7839 61.7957 0.8685 -2.5268 -16.9378 1.2964 -7.2139 -20.3507 0.0000 0.0000 0.0000 20.8322 11.2726 -31.7792 -4.9453 -13.3220 40.5859 0.8241 16.1243 2.7152 -2.3918 -9.6384 27.8136 3.0816 1.4421 -7.6520 2.0770 1.4748 1.5480 0.6228 0.7837 5.9402 -5.6030 -4.4150 -15.6270 3.3173 -5.3726 15.5813 1.4018 -2.6000 7.6149 0.0000 0.0000 0.0000 -89.1372 3.0503 34.0574 19.4874 -30.0198 -5.2725 -0.0000 0.0000 -18.7884 16.8481 32.3253 9.1982 -7.1250 0.0000 -0.0000 -18.5074 62.5119 -8.0213 0.0000 0.0000 0.0000 80.1945 12.6054 20.4955 -22.3354 33.3540 -6.7693 0.0000 0.0000 13.0297 -23.2449 29.8565 -12.0699 7.1250 -0.0000 -0.0000 4.4701 1.9277 4.6319
9.7925 17.8930 1.5073 3.1064 -83.1346 9.8944 0.0000 0.0000 0.0000 -15.3487 -10.0696 -39.0312 10.4090 17.6335 60.8468 0.9027 -2.7614 -17.2358 1.1418 -6.7856 -19.0817 0.0000 0.0000 0.0000 20.9440 11.0301 -31.6193 -4.9740 -13.3544 40.7102 0.8371 16.1706 3.1742 -2.4229 -9.6963 27.9989 3.0726 1.4593 -7.6261 2.0649 1.5016 1.5216 0.6173 0.7964 5.8981 -5.6724 -4.3635 -15.5051 3.3628 -5.3028 15.5841 1.4382 -2.5686 7.5947 0.0000 0.0000 0.0000 -89.1804 3.1122 34.0454 19.3691 -29.8747 -5.2134 -0.0000 0.0000 -18.6636 16.7629 32.3059 9.1450 -7.1250 0.0000 -0.0000 -18.5853 62.4718 -8.0387 0.0000 0.0000 0.0000 80.1020 12.9918 21.1450 -22.9945 34.0828 -7.1352 0.0000 0.0000 12.5358 -23.2965 29.7367 -12.0562 7.1250 -0.0000 -0.0000 4.4229 1.8152 4.5743
9.7126 17.8856 1.5098 3.5355 -83.3748 9.3768 0.0000 0.0000 0.0000 -15.2545 -10.5145 -39.3462 10.1079 17.4701 59.8485 0.9516 -2.8591 -17.6957 1.0052 -6.3797 -17.8900 0.0000 0.0000 0.0000 21.0275 10.8210 -31.3215 -4.9986 -13.3823 40.8168 0.8632 16.3648 3.5320 -2.5920 -10.0034 28.9876 2.9996 1.4423 -7.6029 2.0480 1.4859 1.6107 0.6399 0.7878 5.9769 -5.5436 -4.2801 -15.6081 3.2351 -5.1875 15.5776 1.3871 -2.5166 7.5978 -0.0000 -0.0000 0.0000 -89.2178 3.0429 33.9757 19.3096 -29.8015 -5.1838 -0.0000 0.0000 -18.5770 16.7917 32.4168 9.1889 -7.1250 0.0000 -0.0000 -18.6479 62.5836 -8.1159 -0.0000 -0.0000 0.0000 80.0173 13.4897 21.8693 -23.7153 34.8618 -7.5432 0.0000 0.0000 11.9832 -23.0967 29.6791 -11.9235 7.1250 -0.0000 -0.0000 4.5301 1.7130 4.6780
9.6317 17.8822 1.5109 4.0441 -83.5082 8.8073 0.0000 0.0000 0.0000 -15.1440 -11.0243 -39.6667 9.7935 17.2921 58.7960 1.0132 -2.7360 -18.3042 1.0249 -6.4401 -18.0667 0.0000 0.0000 0.0000 21.0789 10.8299 -30.9500 -5.0223 -13.4089 40.9191 0.8688 16.4147 3.5527 -2.6942 -10.1827 29.5704 2.9592 1.4095 -7.5518 1.9801 1.4530 1.6333 0.5865 0.7722 5.9716 -5.3434 -4.1900 -15.7572 3.1257 -5.0859 15.6904 1.3276 -2.4653 7.6477 -0.0000 0.0000 0.0000 -89.1816 3.0613 33.8834 19.1884 -29.6521 -5.1237 -0.0000 0.0000 -18.3079 16.8931 32.4394 9.2523 -7.1250 0.0000 -0.0000 -18.5550 62.6308 -8.0946 -0.0000 0.0000 0.0000 80.0322 13.8357 22.5473 -24.4571 35.6439 -7.9714 0.0000 0.0000 11.4727 -22.8722 29.8077 -11.8431 7.1250 -0.0000 -0.0000 4.6782 1.7981 4.8387
9.5517 17.8795 1.5126 4.4427 -83.6455 8.4001 0.0000 0.0000 0.0000 -15.0030 -11.5926 -39.9945 9.4637 17.0970 57.6802 1.0803 -2.7465 -18.9204 0.9862 -6.3210 -17.7188 0.0000 0.0000 0.0000 21.1323 10.9054 -30.6234 -5.0424 -13.4314 41.0057 0.8806 16.5318 3.5084 -2.7154 -10.2194 29.6902 2.9545 1.4361 -7.4864 1.9049 1.5000 1.5552 0.5131 0.7960 5.8544 -5.3302 -4.1915 -15.6414 3.1909 -5.1130 15.7293 1.3455 -2.4733 7.6429 -0.0000 -0.0000 0.0000 -89.0981 3.2309 34.0980 19.0630 -29.4968 -5.0618 -0.0000 0.0000 -18.2389 17.0392 32.3403 9.3108 -7.1250 0.0000 -0.0000 -18.3085 62.5749 -7.9591 -0.0000 -0.0000 0.0000 80.0382 13.9995 23.0192 -25.2041 36.4119 -8.4108 0.0000 0.0000 11.0756 -23.1533 29.9220 -12.0415 7.1250 -0.0000 -0.0000 4.5324 1.9757 4.7006
9.4701 17.8727 1.5142 4.5024 -83.9041 8.3692 0.0000 0.0000 0.0000 -14.8541 -12.0562 -40.3751 9.1238 16.8867 56.5173 1.1341 -2.5877 -19.4347 0.9445 -6.1898 -17.3361 0.0000 0.0000 0.0000 21.2262 10.9613 -30.3713 -5.0546 -13.4450 41.0581 0.9033 16.7212 3.6527 -2.7454 -10.2710 29.8590 2.9256 1.4986 -7.5408 1.8855 1.5856 1.5405 0.5210 0.8376 5.8709 -5.3947 -4.2011 -15.5259 3.2442 -5.1246 15.6362 1.3746 -2.4788 7.5959 0.0000 0.0000 0.0000 -89.0351 3.2974 34.4623 19.0109 -29.4322 -5.0362 -0.0000 0.0000 -18.4217 17.0089 32.3761 9.3025 -7.1250 0.0000 -0.0000 -18.3725 62.6010 -7.9992 0.0000 0.0000 0.0000 79.9578 14.2503 23.4423 -26.0010 37.2097 -8.8883 0.0000 0.0000 10.6747 -23.3286 29.8488 -12.1144 7.1250 -0.0000 -0.0000 4.4206 1.9378 4.5811
9.3858 17.8688 1.5144 4.6382 -84.1501 8.2470 0.0000 0.0000 0.0000 -14.7308 -12.4737 -40.7480 8.7757 16.6612 55.3111 1.1808 -2.0679 -19.9601 1.0291 -6.4528 -18.1040 0.0000 0.0000 0.0000 21.3254 10.9888 -30.0862 -5.0552 -13.4457 41.0607 0.9095 16.7661 3.7390 -2.7802 -10.3305 30.0537 2.8592 1.5087 -7.6113 1.8791 1.6023 1.5657 0.5564 0.8442 5.9359 -5.4295 -4.1262 -15.6090 3.2999 -5.0190 15.6405 1.4094 -2.4242 7.6094 0.0000 -0.0000 0.0000 -89.0443 3.3042 34.4691 18.9570 -29.3652 -5.0097 -0.0000 0.0000 -18.3542 16.8654 32.4638 9.2426 -7.1250 0.0000 -0.0000 -18.6066 62.6467 -8.1249 0.0000 -0.0000 0.0000 79.8858 14.5655 24.0125 -26.8344 38.0208 -9.3969 0.0000 0.0000 10.0655 -23.0529 29.7780 -11.9340 7.1250 -0.0000 -0.0000 4.5695 1.8057 4.7261
9.3024 17.8717 1.5146 5.2301 -84.2755 7.5891 0.0000 0.0000 0.0000 -14.6111 -12.9711 -40.9499 8.4204 16.4199 54.0631 1.2427 -2.0171 -20.5045 0.9557 -6.2253 -17.4397 0.0000 0.0000 0.0000 21.4085 10.9399 -29.6548 -5.0396 -13.4282 40.9933 0.9053 16.7361 3.6781 -2.8606 -10.4658 30.4988 2.7763 1.4719 -7.4985 1.8405 1.5702 1.5402 0.5546 0.8261 5.8429 -5.4275 -4.0749 -15.6618 3.3418 -4.9576 15.7222 1.4289 -2.3906 7.6437 0.0000 0.0000 0.0000 -89.1007 3.3704 34.2069 18.8149 -29.1881 -4.9403 -0.0000 0.0000 -18.0815 16.7407 32.3271 9.1376 -7.1250 0.0000 -0.0000 -18.6278 62.4861 -8.0641 0.0000 0.0000 0.0000 79.8875 14.7214 24.6388 -27.6995 38.8381 -9.9347 0.0000 0.0000 9.5606 -22.9654 29.6455 -11.8382 7.1250 -0.0000 -0.0000 4.6012 1.6504 4.7470
9.2207 17.8750 1.5155 5.2626 -84.4301 7.5427 0.0000 0.0000 0.0000 -14.3906 -13.4501 -41.1704 8.0614 16.1642 52.7835 1.3056 -2.3800 -20.9504 0.7281 -5.4518 -15.2019 0.0000 0.0000 0.0000 21.5227 11.0158 -29.2298 -5.0069 -13.3916 40.8525 0.9015 16.7137 3.5891 -2.9837 -10.6686 31.1701 2.6931 1.4220 -7.4850 1.8638 1.5103 1.5611 0.6179 0.7935 5.8534 -5.3448 -4.0063 -15.7541 3.2186 -4.8530 15.7024 1.3857 -2.3461 7.6431 -0.0000 0.0000 0.0000 -89.2117 3.3550 34.0277 18.7090 -29.0555 -4.8887 -0.0000 0.0000 -18.0648 16.6847 32.1351 9.0583 -7.1250 0.0000 -0.0000 -18.5274 62.2911 -7.9338 -0.0000 0.0000 0.0000 79.8497 14.9861 25.2555 -28.5461 39.6141 -10.4700 0.0000 0.0000 9.3606 -23.0329 29.5334 -11.8362 7.1250 -0.0000 -0.0000 4.5463 1.5492 4.6822
9.1380 17.8789 1.5172 4.6278 -84.6844 8.2190 0.0000 0.0000 0.0000 -14.1493 -13.7796 -41.5255 7.6990 15.8933 51.4711 1.3391 -2.3016 -21.2442 0.6636 -5.2098 -14.5080 0.0000 0.0000 0.0000 21.6769 11.1490 -28.8605 -4.9620 -13.3409 40.6583 0.8917 16.6275 3.5594 -3.0970 -10.8504 31.7772 2.6456 1.4033 -7.6090 1.9197 1.4782 1.6454 0.7042 0.7758 6.0098 -5.2357 -3.8896 -15.9120 3.1016 -4.6813 15.5693 1.3477 -2.2659 7.6132 -0.0000 0.0000 0.0000 -89.3264 3.2337 33.9394 18.6542 -28.9867 -4.8621 -0.0000 0.0000 -18.1294 16.6337 32.2328 9.0536 -7.1250 0.0000 -0.0000 -18.6660 62.3701 -8.0301 -0.0000 0.0000 0.0000 79.7550 15.3982 25.8197 -29.3568 40.3357 -10.9909 0.0000 0.0000 9.1108 -23.1377 29.6442 -11.9341 7.1250 -0.0000 -0.0000 4.5014 1.6857 4.6460
9.0536 17.8863 1.5178 4.4554 -84.8413 8.3528 0.0000 0.0000 0.0000 -14.0016 -14.0945 -41.8064 7.3365 15.6089 50.1360 1.3550 -1.9745 -21.4506 0.7526 -5.5410 -15.4581 0.0000 0.0000 0.0000 21.7983 11.1863 -28.3786 -4.9112 -13.2831 40.4376 0.8616 16.3424 3.5816 -3.3082 -11.1780 32.8826 2.6283 1.4007 -7.6065 1.9070 1.4760 1.6951 0.7015 0.7749 6.0606 -5.2675 -3.8490 -16.0896 3.2171 -4.6315 15.6370 1.3939 -2.2310 7.6678 -0.0000 -0.0000 0.0000 -89.3799 3.1611 33.8012 18.5388 -28.8416 -4.8064 -0.0000 0.0000 -18.0318 16.6107 32.3717 9.0747 -7.1250 0.0000 -0.0000 -18.8094 62.4946 -8.1494 -0.0000 -0.0000 0.0000 79.7097 15.6340 26.2773 -30.2222 41.0831 -11.5554 0.0000 0.0000 8.8438 -23.2717 29.6148 -11.9987 7.1250 -0.0000 -0.0000 4.4197 1.6840 4.5611
8.9693 17.8939 1.5169 4.8450 -84.8871 7.9320 0.0000 0.0000 0.0000 -13.8941 -14.4960 -42.0258 6.9715 15.3078 48.7664 1.3676 -1.8647 -21.5799 0.7747 -5.6197 -15.6849 0.0000 0.0000 0.0000 21.8650 11.2208 -27.8592 -4.8517 -13.2148 40.1780 0.8323 16.0560 3.6339 -3.5646 -11.5573 34.1832 2.5281 1.3491 -7.5897 1.9123 1.4177 1.6955 0.7551 0.7427 6.0481 -5.3741 -3.8434 -16.0996 3.3212 -4.6171 15.6348 1.4471 -2.2204 7.6734 -0.0000 0.0000 0.0000 -89.4909 3.1659 33.5467 18.3831 -28.6450 -4.7315 -0.0000 0.0000 -17.8793 16.7533 32.3014 9.1384 -7.1250 0.0000 -0.0000 -18.5920 62.4651 -8.0387 -0.0000 0.0000 0.0000 79.6405 15.7702 26.7803 -31.0977 41.8159 -12.1349 0.0000 0.0000 8.5443 -23.1864 29.5822 -11.9393 7.1250 -0.0000 -0.0000 4.4644 1.6321 4.6036
8.8862 17.9034 1.5184 4.9502 -84.9896 7.8540 0.0000 0.0000 0.0000 -13.7720 -14.8334 -42.3190 6.6086 14.9932 47.3780 1.3508 -1.8625 -21.4439 0.6300 -5.0788 -14.1335 0.0000 0.0000 0.0000 21.9511 11.1833 -27.4623 -4.7912 -13.1448 39.9128 0.8417 16.1346 3.7213 -3.6282 -11.6484 34.4994 2.4445 1.2918 -7.5769 1.9224 1.3510 1.6527 0.8028 0.7063 5.9927 -5.2698 -3.7908 -15.9132 3.1765 -4.5453 15.3993 1.3944 -2.1950 7.5540 0.0000 -0.0000 0.0000 -89.5476 3.2458 33.3975 18.2938 -28.5317 -4.6887 -0.0000 0.0000 -17.8081 16.7572 32.2998 9.1402 -7.1250 0.0000 -0.0000 -18.5865 62.4646 -8.0361 0.0000 -0.0000 0.0000 79.6432 15.8627 27.3238 -31.9527 42.5095 -12.7089 0.0000 0.0000 8.1797 -23.0924 29.8350 -11.9764 7.1250 -0.0000 -0.0000 4.5550 1.8730 4.7162
8.8016 17.9219 1.5199 4.3042 -85.0391 8.4489 0.0000 0.0000 0.0000 -13.6389 -15.0964 -42.5122 6.2434 14.6602 45.9511 1.3056 -1.7263 -21.1052 0.5365 -4.6932 -13.0356 0.0000 0.0000 0.0000 22.1473 10.9648 -27.0128 -4.7264 -13.0689 39.6271 0.8608 16.3031 3.8195 -3.6426 -11.6690 34.5709 2.5157 1.2460 -7.4790 1.8571 1.2924 1.6184 0.6840 0.6811 5.9035 -5.0333 -3.7335 -15.8946 3.0650 -4.5040 15.4035 1.3244 -2.1724 7.5418 0.0000 -0.0000 0.0000 -89.3883 3.3482 33.4850 18.2724 -28.5046 -4.6785 -0.0000 0.0000 -17.8591 16.7252 32.5652 9.1877 -7.1250 0.0000 -0.0000 -18.8494 62.7059 -8.2612 0.0000 -0.0000 0.0000 79.8422 15.8381 27.7382 -32.8796 43.2373 -13.3395 0.0000 0.0000 7.9955 -23.0088 29.9785 -11.9799 7.1250 -0.0000 -0.0000 4.6239 2.0030 4.7981
8.7147 17.9302 1.5198 4.1862 -85.0341 8.5141 0.0000 0.0000 0.0000 -13.5558 -15.4016 -42.6952 5.8920 14.3229 44.5468 1.2669 -1.5941 -20.8148 0.4859 -4.4695 -12.4015 0.0000 0.0000 0.0000 22.3018 10.7792 -26.5244 -4.6617 -12.9924 39.3400 0.8683 16.3657 3.8831 -3.7106 -11.7650 34.9058 2.5104 1.2069 -7.4782 1.8136 1.2433 1.6429 0.6359 0.6582 5.9292 -4.9986 -3.7107 -15.9832 3.1221 -4.4875 15.4252 1.3382 -2.1560 7.5641 -0.0000 0.0000 0.0000 -89.3073 3.3319 33.5951 18.2563 -28.4842 -4.6709 -0.0000 0.0000 -17.8392 16.8445 32.8557 9.3280 -7.1250 0.0000 -0.0000 -18.9714 63.0093 -8.4520 -0.0000 0.0000 0.0000 79.8913 15.8843 28.0990 -33.7811 43.9219 -13.9610 0.0000 0.0000 7.7863 -22.9609 29.8010 -11.8905 7.1250 -0.0000 -0.0000 4.6260 1.8099 4.7853
8.6276 17.9378 1.5189 4.9198 -85.1139 7.7811 0.0000 0.0000 0.0000 -13.5766 -15.6035 -42.9626 5.5530 13.9807 43.1602 1.2235 -1.4651 -20.4796 0.3941 -4.0308 -11.1634 0.0000 0.0000 0.0000 22.3362 10.7688 -26.0171 -4.5894 -12.9060 39.0174 0.8744 16.4233 3.8788 -3.7399 -11.8060 35.0492 2.3219 1.1907 -7.5622 1.8403 1.2342 1.6907 0.7713 0.6472 6.0223 -5.0999 -3.6926 -16.0418 3.1889 -4.4435 15.3322 1.3812 -2.1333 7.5458 0.0000 0.0000 0.0000 -89.4380 3.1812 33.4910 18.1507 -28.3497 -4.6206 -0.0000 0.0000 -17.5903 16.9190 32.5753 9.3011 -7.1250 0.0000 -0.0000 -18.6432 62.7654 -8.1935 0.0000 0.0000 0.0000 79.7541 15.9995 28.4690 -34.5888 44.5162 -14.5243 0.0000 0.0000 7.5860 -23.3467 29.6948 -12.0694 7.1250 -0.0000 -0.0000 4.3878 1.7826 4.5354
8.5395 17.9442 1.5181 4.2254 -85.1613 8.4141 0.0000 0.0000 0.0000 -13.5273 -15.6973 -43.2207 5.2349 13.6436 41.8281 1.1557 -1.1486 -19.9755 0.3578 -3.8426 -10.6343 0.0000 0.0000 0.0000 22.5128 10.7012 -25.4448 -4.5185 -12.8201 38.6988 0.8803 16.4847 3.8327 -3.7445 -11.8124 35.0716 2.2962 1.1748 -7.5654 1.8421 1.2147 1.7143 0.7857 0.6368 6.0483 -5.1167 -3.6601 -16.0725 3.3034 -4.4160 15.3645 1.4243 -2.1101 7.5636 -0.0000 -0.0000 0.0000 -89.4443 3.0783 33.3582 18.0005 -28.1577 -4.5495 -0.0000 0.0000 -17.4051 16.9952 32.0692 9.2175 -7.1250 0.0000 -0.0000 -18.1294 62.3077 -7.7643 -0.0000 -0.0000 0.0000 79.7568 15.9611 28.8013 -35.4615 45.1388 -15.1395 0.0000 0.0000 7.3870 -23.7662 29.7942 -12.3420 7.1250 -0.0000 -0.0000 4.1601 1.9764 4.3124
8.4509 17.9493 1.5191 2.8717 -85.1409 9.6909 0.0000 0.0000 0.0000 -13.4075 -15.8747 -43.4184 4.9296 13.3041 40.5178 1.0919 -0.8008 -19.5051 0.3495 -3.7982 -10.5097 0.0000 0.0000 0.0000 22.7670 10.4591 -24.9153 -4.4500 -12.7363 38.3891 0.8857 16.5263 3.8944 -3.7631 -11.8383 35.1625 2.4210 1.1624 -7.5556 1.7970 1.1892 1.7154 0.6652 0.6298 6.0476 -5.0941 -3.6457 -15.9606 3.4243 -4.4306 15.3425 1.4603 -2.1059 7.5398 -0.0000 0.0000 0.0000 -89.2845 3.1334 33.5391 17.9950 -28.1508 -4.5469 -0.0000 0.0000 -17.5451 17.2840 32.1626 9.4049 -7.1250 0.0000 -0.0000 -17.8874 62.4696 -7.7254 -0.0000 0.0000 0.0000 79.8342 15.8810 29.0889 -36.3576 45.7576 -15.7782 0.0000 0.0000 7.0039 -23.8104 29.8622 -12.3918 7.1250 -0.0000 -0.0000 4.1448 2.0563 4.3019
8.3613 17.9554 1.5217 2.8616 -85.1366 9.6605 0.0000 0.0000 0.0000 -13.4781 -15.9318 -43.6424 4.6378 12.9639 39.2336 1.0272 -0.7275 -18.9301 0.3424 -3.7599 -10.4021 0.0000 0.0000 0.0000 22.8763 10.1881 -24.4516 -4.3872 -12.6586 38.1036 0.8978 16.6202 4.0450 -3.7796 -11.8613 35.2429 2.3756 1.1251 -7.5952 1.7716 1.1445 1.7183 0.6593 0.6070 6.0723 -5.0899 -3.6315 -15.8371 3.4507 -4.4217 15.2725 1.4712 -2.1004 7.4955 0.0000 -0.0000 0.0000 -89.2009 3.2056 33.6982 18.0160 -28.1777 -4.5568 -0.0000 0.0000 -17.7023 17.6167 32.3111 9.6330 -7.1250 0.0000 -0.0000 -17.6415 62.6957 -7.7095 0.0000 -0.0000 0.0000 79.8745 15.8390 29.3849 -37.1794 46.3071 -16.3696 0.0000 0.0000 6.8162 -23.7428 29.8908 -12.3639 7.1250 -0.0000 -0.0000 4.1879 2.0711 4.3480
8.2699 17.9595 1.5230 3.0735 -85.1211 9.3979 0.0000 0.0000 0.0000 -13.7083 -15.7511 -43.9307 4.3625 12.6278 37.9906 0.9420 -0.7412 -18.1112 0.3969 -4.0450 -11.2032 0.0000 0.0000 0.0000 22.9639 9.9708 -23.9823 -4.3308 -12.5881 37.8455 0.9169 16.7899 4.0842 -3.7673 -11.8442 35.1830 2.2680 1.0649 -7.5828 1.7599 1.0772 1.6943 0.6981 0.5703 6.0373 -5.1381 -3.6303 -15.8068 3.5310 -4.4285 15.3372 1.5049 -2.0998 7.5149 -0.0000 -0.0000 0.0000 -89.1332 3.2771 33.6951 17.9677 -28.1157 -4.5340 -0.0000 0.0000 -17.7368 17.4966 32.2301 9.5434 -7.1250 0.0000 -0.0000 -17.7072 62.5881 -7.6943 -0.0000 -0.0000 0.0000 79.9506 15.6070 29.6764 -38.0733 46.8861 -17.0191 0.0000 0.0000 6.8212 -23.7607 29.9272 -12.3873 7.1250 -0.0000 -0.0000 4.1831 2.1126 4.3459
8.1786 17.9615 1.5225 2.9932 -85.1184 9.3972 0.0000 0.0000 0.0000 -13.9078 -15.5819 -44.1870 4.1071 12.3016 36.8073 0.8826 -0.7214 -17.5271 0.4743 -4.4170 -12.2529 0.0000 0.0000 0.0000 23.0979 9.7510 -23.4969 -4.2783 -12.5218 37.6037 0.9345 16.9477 4.0931 -3.7306 -11.7930 35.0035 2.2083 1.0446 -7.5144 1.7444 1.0611 1.6476 0.7111 0.5602 5.9479 -5.2893 -3.6541 -15.7134 3.6995 -4.4670 15.4323 1.5815 -2.1133 7.5393 -0.0000 0.0000 0.0000 -89.0615 3.3629 33.7497 17.9353 -28.0742 -4.5187 -0.0000 0.0000 -17.6839 17.2113 32.4145 9.4278 -7.1250 0.0000 -0.0000 -18.1804 62.6892 -7.9503 -0.0000 0.0000 0.0000 79.9713 15.2800 29.9529 -38.9802 47.4540 -17.6842 0.0000 0.0000 6.5180 -23.5629 29.8586 -12.2503 7.1250 -0.0000 -0.0000 4.2870 1.9986 4.4462
8.0887 17.9638 1.5233 2.4353 -85.1642 9.8781 0.0000 0.0000 0.0000 -13.9544 -15.5609 -44.3988 3.8747 11.9918 35.7030 0.8764 -0.9916 -17.3856 0.4661 -4.3790 -12.1455 0.0000 0.0000 0.0000 23.2588 9.5033 -23.0233 -4.2242 -12.4530 37.3538 0.9521 17.0920 4.2074 -3.7073 -11.7604 34.8895 2.1510 1.0297 -7.5186 1.7688 1.0443 1.6755 0.7671 0.5496 5.9781 -5.3026 -3.6292 -15.6085 3.6291 -4.4187 15.3382 1.5676 -2.0987 7.4866 0.0000 0.0000 0.0000 -89.1151 3.2860 33.6526 17.8894 -28.0153 -4.4972 -0.0000 0.0000 -17.5214 17.1981 32.6418 9.4780 -7.1250 0.0000 -0.0000 -18.3903 62.9001 -8.1366 0.0000 0.0000 0.0000 79.8753 15.2068 30.2868 -39.7398 47.9150 -18.2459 0.0000 0.0000 6.0262 -23.0834 29.8118 -11.9631 7.1250 -0.0000 -0.0000 4.5568 1.8471 4.7160
7.9989 17.9665 1.5277 1.3960 -85.1981 10.8220 0.0000 0.0000 0.0000 -13.8776 -15.7026 -44.5483 3.6670 11.7036 34.6914 0.8939 -1.3916 -17.4515 0.4278 -4.1974 -11.6327 0.0000 0.0000 0.0000 23.4433 9.2067 -22.5295 -4.1646 -12.3763 37.0766 0.9759 17.2781 4.4178 -3.7329 -11.7962 35.0146 2.1248 0.9914 -7.5209 1.8199 0.9903 1.7384 0.8295 0.5213 6.0441 -5.2128 -3.5923 -15.6163 3.4138 -4.3451 15.2550 1.4908 -2.0778 7.4501 -0.0000 -0.0000 0.0000 -89.2714 3.1113 33.2951 17.7660 -27.8565 -4.4394 -0.0000 0.0000 -17.2648 17.2153 32.4954 9.4507 -7.1250 0.0000 -0.0000 -18.2450 62.7666 -8.0128 -0.0000 -0.0000 0.0000 79.8049 15.1512 30.5924 -40.4964 48.3613 -18.8094 0.0000 0.0000 5.8026 -23.0283 29.9305 -11.9740 7.1250 -0.0000 -0.0000 4.6057 1.9577 4.7756
7.9060 17.9697 1.5328 0.5950 -85.1338 11.4843 0.0000 0.0000 0.0000 -13.8008 -15.9459 -44.6284 3.4824 11.4378 33.7711 0.9048 -1.6328 -17.4989 0.4264 -4.1906 -11.6136 0.0000 0.0000 0.0000 23.6301 8.7825 -21.9883 -4.1001 -12.2924 36.7743 0.9977 17.4439 4.6439 -3.7631 -11.8383 35.1622 2.1570 0.9559 -7.4400 1.8202 0.9428 1.7316 0.8041 0.4988 5.9912 -5.2357 -3.5860 -15.6211 3.4478 -4.3428 15.3872 1.5055 -2.0757 7.4956 -0.0000 -0.0000 0.0000 -89.3343 3.0596 33.0629 17.6457 -27.7012 -4.3833 -0.0000 0.0000 -17.0788 17.3122 32.3198 9.4613 -7.1250 0.0000 -0.0000 -17.9880 62.6257 -7.8364 -0.0000 -0.0000 0.0000 79.8435 14.8695 30.7971 -41.2451 48.7905 -19.3708 0.0000 0.0000 5.7902 -23.2786 29.8793 -12.0971 7.1250 -0.0000 -0.0000 4.4540 1.9586 4.6174
7.8122 17.9716 1.5362 -0.3763 -85.1230 12.4096 0.0000 0.0000 0.0000 -13.6166 -16.2369 -44.8144 3.3169 11.1912 32.9275 0.9127 -1.6452 -17.5747 0.4997 -4.5320 -12.5785 0.0000 0.0000 0.0000 23.8155 8.4937 -21.5053 -4.0341 -12.2057 36.4635 1.0114 17.5530 4.7387 -3.7796 -11.8612 35.2428 2.2331 0.9740 -7.4593 1.7499 0.9649 1.6909 0.6904 0.5138 5.9620 -5.1656 -3.5948 -15.5338 3.5353 -4.3966 15.4626 1.5177 -2.0909 7.5080 0.0000 0.0000 0.0000 -89.1506 3.1201 33.1895 17.6635 -27.7241 -4.3916 -0.0000 0.0000 -17.1767 17.4627 32.3838 9.5638 -7.1250 0.0000 -0.0000 -17.8745 62.7249 -7.8270 0.0000 0.0000 0.0000 79.9682 14.5871 30.9754 -41.8582 49.1331 -19.8332 0.0000 0.0000 5.7575 -23.2742 29.6160 -12.0005 7.1250 -0.0000 -0.0000 4.4184 1.6857 4.5599
7.7206 17.9734 1.5396 -1.5336 -85.3118 13.6635 0.0000 0.0000 0.0000 -13.1608 -16.7949 -45.0712 3.1702 10.9655 32.1638 0.9538 -1.4368 -18.0309 0.5470 -4.7383 -13.1638 0.0000 0.0000 0.0000 23.9507 8.4600 -21.1383 -3.9686 -12.1185 36.1523 1.0221 17.6348 4.8358 -3.7916 -11.8779 35.3013 2.2590 1.0451 -7.6039 1.6850 1.0582 1.6297 0.6219 0.5620 5.9822 -5.1041 -3.6104 -15.5256 3.5656 -4.4441 15.5793 1.5121 -2.1079 7.5463 -0.0000 -0.0000 0.0000 -88.9972 3.1697 33.1171 17.6830 -27.7493 -4.4006 -0.0000 0.0000 -17.1852 17.3334 32.2870 9.4650 -7.1250 0.0000 -0.0000 -17.9365 62.6001 -7.8024 -0.0000 -0.0000 0.0000 80.0746 14.3239 31.2021 -42.4610 49.4622 -20.2902 0.0000 0.0000 5.6328 -23.6723 29.3329 -12.1208 7.1250 -0.0000 -0.0000 4.1469 1.4782 4.2636
7.6277 17.9753 1.5422 -2.5692 -85.4524 14.7414 0.0000 0.0000 0.0000 -12.6094 -17.5670 -45.2005 3.0397 10.7590 31.4712 1.0209 -1.1353 -18.7528 0.5522 -4.7603 -13.2260 0.0000 0.0000 0.0000 24.0922 8.3752 -20.7211 -3.9065 -12.0349 35.8555 1.0295 17.6850 4.9789 -3.7800 -11.8617 35.2445 2.1853 1.0591 -7.7121 1.7077 1.0793 1.6104 0.6916 0.5693 6.0218 -5.1884 -3.5869 -15.6356 3.6116 -4.4009 15.7322 1.5441 -2.0872 7.6169 0.0000 -0.0000 0.0000 -89.0871 3.1041 32.7452 17.6142 -27.6604 -4.3687 -0.0000 0.0000 -17.0488 17.3276 32.2196 9.4444 -7.1250 0.0000 -0.0000 -17.8866 62.5349 -7.7525 0.0000 -0.0000 0.0000 80.0435 14.1183 31.4675 -43.0778 49.7913 -20.7601 0.0000 0.0000 5.4042 -24.3589 29.1406 -12.4332 7.1250 -0.0000 -0.0000 3.7201 1.4280 3.8196
7.5322 17.9748 1.5436 -3.1347 -85.4812 15.1956 0.0000 0.0000 0.0000 -12.2091 -18.2487 -45.1720 2.9220 10.5677 30.8354 1.0800 -0.7957 -19.3985 0.5872 -4.9064 -13.6417 0.0000 0.0000 0.0000 24.2407 8.1895 -20.1402 -3.8516 -11.9602 35.5914 1.0390 17.7617 5.0207 -3.7616 -11.8362 35.1548 2.0699 1.0646 -7.7321 1.7362 1.0944 1.6611 0.7894 0.5725 6.0838 -5.2879 -3.5951 -15.6361 3.6843 -4.4029 15.7461 1.5841 -2.0873 7.6257 -0.0000 -0.0000 0.0000 -89.1411 3.0348 32.6867 17.6160 -27.6627 -4.3695 -0.0000 0.0000 -17.0790 17.5627 32.3795 9.6199 -7.1250 0.0000 -0.0000 -17.7594 62.7467 -7.7840 -0.0000 -0.0000 0.0000 79.9919 13.9184 31.5575 -43.6613 50.0955 -21.2068 0.0000 0.0000 5.3025 -24.4082 29.2270 -12.4934 7.1250 -0.0000 -0.0000 3.7043 1.5287 3.8097
7.4368 17.9704 1.5464 -3.2064 -85.5000 15.1469 0.0000 0.0000 0.0000 -11.7817 -19.0983 -45.0777 2.8176 10.3938 30.2616 1.1432 -0.2505 -20.1387 0.5701 -4.8354 -13.4398 0.0000 0.0000 0.0000 24.3344 7.9555 -19.5765 -3.8031 -11.8936 35.3567 1.0561 17.9021 5.0426 -3.7402 -11.8064 35.0506 1.9633 1.0811 -7.6963 1.7070 1.1306 1.6702 0.8228 0.5874 6.0713 -5.2605 -3.6212 -15.5861 3.6878 -4.4520 15.8116 1.5756 -2.1100 7.6403 0.0000 -0.0000 0.0000 -89.0642 3.0818 32.7455 17.6658 -27.7272 -4.3927 -0.0000 0.0000 -17.1280 17.6871 32.2847 9.6664 -7.1250 0.0000 -0.0000 -17.5407 62.6888 -7.6611 0.0000 -0.0000 0.0000 80.0878 13.5878 31.5537 -44.2002 50.3706 -21.6210 0.0000 0.0000 5.4048 -24.0777 29.4222 -12.3808 7.1250 -0.0000 -0.0000 3.9249 1.6589 4.0463
7.3404 17.9654 1.5496 -3.2706 -85.4768 15.1737 0.0000 0.0000 0.0000 -11.2754 -20.0566 -45.0480 2.7304 10.2452 29.7745 1.2136 0.3318 -20.9540 0.5091 -4.5737 -12.6967 0.0000 0.0000 0.0000 24.4174 7.7312 -19.1147 -3.7577 -11.8308 35.1361 1.0734 18.0458 5.0362 -3.7314 -11.7941 35.0076 1.8469 1.0368 -7.7583 1.6776 1.0836 1.6772 0.8529 0.5611 6.1120 -5.0755 -3.5680 -15.5532 3.5256 -4.3929 15.7879 1.4993 -2.0865 7.6158 0.0000 -0.0000 0.0000 -89.0006 3.0818 32.5773 17.6913 -27.7601 -4.4045 -0.0000 0.0000 -17.1066 17.6888 32.2269 9.6522 -7.1250 0.0000 -0.0000 -17.4905 62.6344 -7.6161 0.0000 -0.0000 0.0000 80.1976 13.3391 31.7349 -44.6415 50.5917 -21.9614 0.0000 0.0000 5.3500 -23.8817 29.4409 -12.2777 7.1250 -0.0000 -0.0000 4.0412 1.6356 4.1652
7.2434 17.9620 1.5519 -4.2220 -85.5235 16.1063 0.0000 0.0000 0.0000 -10.7431 -20.7784 -45.0984 2.6622 10.1271 29.3892 1.2979 0.6000 -21.7644 0.3903 -4.0116 -11.1094 0.0000 0.0000 0.0000 24.5541 7.5587 -18.6788 -3.7160 -11.7726 34.9321 1.0838 18.1271 5.0889 -3.7551 -11.8272 35.1235 1.7822 1.0388 -7.8896 1.6595 1.0897 1.7024 0.8745 0.5625 6.2126 -4.9943 -3.5267 -15.4473 3.5009 -4.3520 15.6724 1.4843 -2.0655 7.5549 0.0000 -0.0000 0.0000 -88.9161 3.0748 32.5042 17.7677 -27.8587 -4.4402 -0.0000 0.0000 -17.1665 17.4220 32.4339 9.5534 -7.1250 0.0000 -0.0000 -17.9623 62.7619 -7.8824 0.0000 -0.0000 0.0000 80.1783 13.1462 32.0208 -45.0038 50.7703 -22.2417 0.0000 0.0000 5.2066 -23.9547 29.1568 -12.2135 7.1250 -0.0000 -0.0000 3.9572 1.3567 4.0594
7.1503 17.9528 1.5573 -7.5219 -85.7817 19.4961 0.0000 0.0000 0.0000 -10.1196 -21.1369 -45.3950 2.6086 10.0327 29.0826 1.3713 0.8782 -22.4706 0.2989 -3.5155 -9.7175 0.0000 0.0000 0.0000 24.7921 7.4296 -18.3610 -3.6684 -11.7056 34.6983 1.0954 18.1966 5.4167 -3.7627 -11.8377 35.1603 1.9233 1.1831 -8.0095 1.6284 1.2680 1.5994 0.7872 0.6554 6.1763 -5.0270 -3.5513 -15.2429 3.6634 -4.4219 15.6811 1.5378 -2.0889 7.5298 -0.0000 -0.0000 0.0000 -88.7886 3.1807 32.5384 17.8016 -27.9024 -4.4560 -0.0000 0.0000 -17.2161 17.1279 32.5568 9.4162 -7.1250 0.0000 -0.0000 -18.3952 62.8019 -8.0964 -0.0000 -0.0000 0.0000 80.2826 12.6636 32.0565 -45.5272 51.0242 -22.6479 0.0000 0.0000 5.3524 -23.6380 29.3679 -12.1144 7.1250 -0.0000 -0.0000 4.1719 1.5072 4.2914
7.0615 17.9374 1.5650 -12.9421 -86.2124 25.2960 0.0000 0.0000 0.0000 -9.4317 -21.2244 -46.0864 2.5633 9.9521 28.8219 1.4271 1.3359 -23.0944 0.2852 -3.4347 -9.4915 0.0000 0.0000 0.0000 25.0215 7.5112 -18.3241 -3.6177 -11.6335 34.4476 1.1069 18.2624 5.8696 -3.7476 -11.8168 35.0869 2.1309 1.3787 -8.3175 1.6127 1.5021 1.3770 0.6892 0.7766 6.1239 -5.0750 -3.5403 -15.0530 3.7829 -4.4329 15.7395 1.5860 -2.0894 7.5203 0.0000 0.0000 0.0000 -88.7605 3.2851 32.3519 17.7481 -27.8334 -4.4310 -0.0000 0.0000 -17.1520 17.1283 32.6160 9.4313 -7.1250 0.0000 -0.0000 -18.4458 62.8577 -8.1437 0.0000 0.0000 0.0000 80.5513 12.0261 31.9230 -46.1804 51.3338 -23.1568 0.0000 0.0000 5.7382 -22.5900 30.1979 -11.8198 7.1250 -0.0000 -0.0000 4.8964 2.1399 5.0942
6.9538 17.9307 1.5671 -11.0500 -85.7387 22.9451 0.0000 0.0000 0.0000 -9.8000 -21.2814 -45.7153 2.5220 9.8779 28.5821 1.3925 1.3552 -22.8272 0.3422 -3.7590 -10.3997 0.0000 0.0000 0.0000 25.2381 7.1058 -17.2934 -3.5644 -11.5571 34.1825 1.1403 18.5674 5.2821 -3.7431 -11.8105 35.0648 1.9583 1.1159 -8.0395 1.6808 1.1720 1.5057 0.8085 0.6075 6.0939 -5.1751 -3.4686 -15.0867 3.8168 -4.3184 15.7890 1.6259 -2.0375 7.5401 -0.0000 -0.0000 0.0000 -88.8920 3.2697 31.9544 17.7285 -27.8081 -4.4218 -0.0000 0.0000 -17.0551 17.2141 32.6742 9.4954 -7.1250 0.0000 -0.0000 -18.4007 62.9348 -8.1564 -0.0000 -0.0000 0.0000 80.5987 11.7272 32.2052 -46.5031 51.4840 -23.4090 0.0000 0.0000 5.8795 -21.7150 30.5312 -11.4374 7.1250 -0.0000 -0.0000 5.4457 2.2986 5.6851
6.8421 17.9246 1.5713 -8.3200 -85.0026 19.6401 0.0000 0.0000 0.0000 -10.3419 -21.4289 -45.1516 2.4810 9.8033 28.3422 1.3062 1.4288 -22.1553 0.4672 -4.3843 -12.1603 0.0000 0.0000 0.0000 25.4436 6.5185 -16.2109 -3.5203 -11.4931 33.9614 1.1673 18.8541 4.5687 -3.7454 -11.8136 35.0758 1.7784 0.7768 -7.7084 1.7346 0.7402 1.7231 0.9062 0.3886 6.1301 -5.2267 -3.4473 -15.2346 3.7737 -4.2604 15.8035 1.6249 -2.0146 7.5682 -0.0000 0.0000 0.0000 -88.9947 3.1729 31.6670 17.7357 -27.8174 -4.4252 -0.0000 0.0000 -16.9541 17.1989 32.7844 9.5146 -7.1250 0.0000 -0.0000 -18.5135 63.0346 -8.2516 -0.0000 0.0000 0.0000 80.4769 11.6909 32.6782 -46.5685 51.5142 -23.4602 0.0000 0.0000 5.6305 -21.2868 30.6610 -11.2377 7.1250 -0.0000 -0.0000 5.7089 2.3432 5.9668
6.7362 17.9140 1.5770 -7.7987 -84.6374 18.7851 0.0000 0.0000 0.0000 -10.4803 -21.6564 -44.7657 2.4407 9.7293 28.1044 1.2663 1.5312 -21.8653 0.5320 -4.6739 -12.9808 0.0000 0.0000 0.0000 25.6227 6.0546 -15.4655 -3.4845 -11.4408 33.7814 1.1865 19.0316 4.3658 -3.7446 -11.8125 35.0719 1.7179 0.6242 -7.5163 1.7271 0.5472 1.8092 0.9059 0.2919 6.1109 -5.1504 -3.4406 -15.1863 3.6853 -4.2516 15.7307 1.5850 -2.0144 7.5317 -0.0000 -0.0000 0.0000 -88.9509 3.1919 31.5571 17.7500 -27.8359 -4.4319 -0.0000 0.0000 -16.9531 17.1317 32.9499 9.5175 -7.1250 0.0000 -0.0000 -18.7346 63.1726 -8.4144 -0.0000 -0.0000 0.0000 80.4730 11.5097 32.9373 -46.6287 51.5419 -23.5073 0.0000 0.0000 5.4307 -21.2293 30.7865 -11.2455 7.1250 -0.0000 -0.0000 5.7590 2.4596 6.0309
6.6375 17.8999 1.5832 -9.1175 -84.7151 20.0547 0.0000 0.0000 0.0000 -10.1740 -21.9484 -44.6355 2.4054 9.6637 27.8946 1.3000 1.5963 -22.1728 0.4649 -4.3736 -12.1301 0.0000 0.0000 0.0000 25.7739 5.8672 -15.0634 -3.4656 -11.4131 33.6861 1.2117 19.2059 4.5441 -3.7263 -11.7871 34.9828 1.7126 0.6251 -7.5468 1.7133 0.5490 1.8082 0.8951 0.2930 6.1273 -5.0632 -3.3903 -15.0861 3.5989 -4.1881 15.6309 1.5510 -1.9880 7.4746 -0.0000 0.0000 0.0000 -88.8523 3.2558 31.5027 17.7845 -27.8803 -4.4480 -0.0000 0.0000 -17.1081 17.2714 33.0004 9.6113 -7.1250 0.0000 -0.0000 -18.6232 63.2566 -8.3992 -0.0000 0.0000 0.0000 80.5406 11.2795 33.1317 -46.6704 51.5610 -23.5400 0.0000 0.0000 5.4122 -21.2998 30.6435 -11.2394 7.1250 -0.0000 -0.0000 5.6991 2.3281 5.9549
6.5411 17.8860 1.5902 -10.8938 -84.9353 21.8827 0.0000 0.0000 0.0000 -10.0491 -21.7993 -44.7341 2.3779 9.6124 27.7305 1.2792 1.7824 -22.0787 0.4717 -4.4051 -12.2192 0.0000 0.0000 0.0000 25.8928 5.7859 -14.7721 -3.4612 -11.4067 33.6641 1.2387 19.3905 4.7418 -3.6783 -11.7195 34.7469 1.7187 0.6930 -7.6675 1.6967 0.6357 1.8421 0.8878 0.3365 6.2321 -5.0175 -3.3727 -15.2227 3.5385 -4.1547 15.6302 1.5258 -1.9728 7.4943 0.0000 0.0000 0.0000 -88.7677 3.1894 31.5085 17.8154 -27.9202 -4.4625 -0.0000 0.0000 -17.2649 17.4864 32.8613 9.7005 -7.1250 0.0000 -0.0000 -18.2598 63.1821 -8.1977 0.0000 0.0000 0.0000 80.6052 11.1420 33.2338 -46.7531 51.5990 -23.6048 0.0000 0.0000 5.4829 -21.0114 30.5010 -11.0313 7.1250 -0.0000 -0.0000 5.8451 2.1242 6.0891
6.4437 17.8733 1.5975 -12.7201 -85.2213 23.7484 0.0000 0.0000 0.0000 -10.0953 -21.4292 -44.8304 2.3598 9.5785 27.6222 1.2158 2.1735 -21.7162 0.5731 -4.8479 -13.4754 0.0000 0.0000 0.0000 25.9626 5.6695 -14.4907 -3.4651 -11.4124 33.6838 1.2631 19.5479 4.9914 -3.6195 -11.6361 34.4566 1.6888 0.7781 -7.7087 1.6592 0.7539 1.8395 0.8814 0.3946 6.2527 -5.0422 -3.3616 -15.3932 3.6645 -4.1524 15.7407 1.5693 -1.9594 7.5635 -0.0000 -0.0000 0.0000 -88.7126 3.1995 31.4492 17.8680 -27.9878 -4.4871 -0.0000 0.0000 -17.2880 17.5190 32.6972 9.6770 -7.1250 0.0000 -0.0000 -18.0801 63.0357 -8.0522 -0.0000 -0.0000 0.0000 80.7268 10.9112 33.3405 -46.7985 51.6197 -23.6403 0.0000 0.0000 5.6081 -20.8373 30.2603 -10.8575 7.1250 -0.0000 -0.0000 5.9133 1.8437 6.1328
6.3423 17.8601 1.6044 -14.4218 -85.4943 25.4479 0.0000 0.0000 0.0000 -10.0861 -21.2419 -44.7585 2.3507 9.5613 27.5675 1.2029 2.3609 -21.6916 0.5596 -4.7914 -13.3145 0.0000 0.0000 0.0000 25.9966 5.5300 -14.1740 -3.4716 -11.4219 33.7164 1.2930 19.7413 5.2875 -3.5870 -11.5896 34.2951 1.6262 0.8390 -7.7150 1.6150 0.8453 1.8137 0.8820 0.4383 6.2285 -5.1366 -3.3412 -15.4500 3.8576 -4.1391 15.8066 1.6492 -1.9402 7.6008 -0.0000 -0.0000 0.0000 -88.6852 3.2950 31.2539 17.8996 -28.0284 -4.5020 -0.0000 0.0000 -17.2260 17.4371 32.6082 9.6069 -7.1250 0.0000 -0.0000 -18.0946 62.9305 -8.0142 -0.0000 -0.0000 0.0000 80.8805 10.6441 33.5132 -46.7203 51.5840 -23.5791 0.0000 0.0000 5.7587 -21.0234 29.9865 -10.8734 7.1250 -0.0000 -0.0000 5.7701 1.6014 5.9591
6.2418 17.8454 1.6128 -17.2167 -85.8218 28.2986 0.0000 0.0000 0.0000 -9.9591 -21.0586 -44.7541 2.3514 9.5625 27.5712 1.1867 2.4985 -21.6172 0.5110 -4.5819 -12.7198 0.0000 0.0000 0.0000 26.0498 5.4641 -13.9171 -3.4779 -11.4311 33.7480 1.3153 19.8736 5.6419 -3.6018 -11.6108 34.3688 1.6756 0.9579 -7.7944 1.5362 1.0028 1.7952 0.7937 0.5195 6.2562 -5.0475 -3.3325 -15.4073 3.8040 -4.1370 15.7356 1.6177 -1.9392 7.5667 -0.0000 -0.0000 0.0000 -88.6063 3.2663 30.9336 17.8168 -27.9219 -4.4631 -0.0000 0.0000 -17.0688 17.2105 32.5108 9.4518 -7.1250 0.0000 -0.0000 -18.2637 62.7798 -8.0270 -0.0000 -0.0000 0.0000 81.0640 10.4184 33.6075 -46.6601 51.5563 -23.5319 0.0000 0.0000 5.7793 -21.0499 30.1233 -10.9320 7.1250 -0.0000 -0.0000 5.7727 1.7464 5.9761
6.1418 17.8273 1.6238 -20.5854 -86.1527 31.7202 0.0000 0.0000 0.0000 -9.9175 -20.7440 -44.7877 2.3625 9.5835 27.6383 1.1296 2.7068 -21.2207 0.5182 -4.6138 -12.8102 0.0000 0.0000 0.0000 26.0983 5.3210 -13.6697 -3.4830 -11.4386 33.7737 1.3290 19.9444 6.0262 -3.6207 -11.6378 34.4625 1.7398 1.0731 -7.8659 1.4584 1.1535 1.7875 0.6977 0.5979 6.2919 -4.8803 -3.2905 -15.3192 3.6587 -4.0902 15.6034 1.5491 -1.9212 7.4989 0.0000 0.0000 0.0000 -88.5316 3.2017 30.6086 17.7090 -27.7829 -4.4128 -0.0000 0.0000 -16.9310 17.0797 32.3409 9.3340 -7.1250 0.0000 -0.0000 -18.2642 62.5859 -7.9439 0.0000 0.0000 0.0000 81.2290 10.2003 33.6843 -46.6498 51.5516 -23.5238 0.0000 0.0000 5.6030 -20.7504 30.5430 -10.8983 7.1250 -0.0000 -0.0000 6.0004 2.1146 6.2517
6.0385 17.8063 1.6354 -22.6004 -86.3733 33.7271 0.0000 0.0000 0.0000 -10.0103 -20.5045 -44.7067 2.3837 9.6232 27.7651 1.0829 2.7659 -20.8350 0.5048 -4.5546 -12.6425 0.0000 0.0000 0.0000 26.1017 5.0734 -13.3429 -3.4846 -11.4411 33.7822 1.3449 20.0403 6.3250 -3.6052 -11.6156 34.3853 1.6429 1.1002 -7.9397 1.4536 1.1971 1.8403 0.7555 0.6161 6.3879 -4.9207 -3.2537 -15.4062 3.6529 -4.0209 15.5355 1.5608 -1.8893 7.4894 0.0000 0.0000 0.0000 -88.5525 3.1359 30.4550 17.6557 -27.7141 -4.3880 -0.0000 0.0000 -17.0098 17.1621 32.1931 9.3435 -7.1250 0.0000 -0.0000 -18.0482 62.4674 -7.7962 0.0000 0.0000 0.0000 81.2723 10.0815 33.8009 -46.5139 51.4890 -23.4175 0.0000 0.0000 5.5014 -20.6017 30.6942 -10.8622 7.1250 -0.0000 -0.0000 6.1056 2.2388 6.3752
5.9353 17.7864 1.6447 -25.7088 -86.6039 36.8833 0.0000 0.0000 0.0000 -10.0118 -20.2886 -44.6641 2.4091 9.6708 27.9171 1.0288 2.9882 -20.4565 0.5702 -4.8360 -13.4414 0.0000 0.0000 0.0000 26.1477 5.0164 -13.0166 -3.4884 -11.4466 33.8013 1.3563 20.1126 6.5135 -3.5719 -11.5679 34.2199 1.5154 1.1250 -8.0600 1.4942 1.2368 1.8767 0.8784 0.6299 6.4915 -5.0150 -3.2112 -15.5819 3.6736 -3.9348 15.5571 1.5907 -1.8493 7.5255 0.0000 0.0000 0.0000 -88.6049 3.0813 30.2815 17.6111 -27.6563 -4.3672 -0.0000 0.0000 -17.1372 17.1582 32.1996 9.3429 -7.1250 0.0000 -0.0000 -18.0578 62.4725 -7.8027 0.0000 0.0000 0.0000 81.2688 9.9691 33.9747 -46.2853 51.3828 -23.2387 0.0000 0.0000 5.5975 -20.8658 30.5485 -10.9647 7.1250 -0.0000 -0.0000 5.9349 2.1432 6.1856
5.8284 17.7709 1.6516 -28.9321 -86.8144 40.0916 0.0000 0.0000 0.0000 -10.1284 -19.9204 -44.5542 2.4375 9.7233 28.0853 0.9684 3.0568 -19.9305 0.6140 -5.0150 -13.9515 0.0000 0.0000 0.0000 26.2036 4.9897 -12.5948 -3.4978 -11.4603 33.8486 1.3715 20.2159 6.6035 -3.5296 -11.5066 34.0081 1.3794 1.1283 -8.0844 1.5131 1.2537 1.8848 0.9775 0.6326 6.5104 -5.0158 -3.1367 -15.6504 3.6270 -3.8194 15.5485 1.5880 -1.7976 7.5284 0.0000 -0.0000 0.0000 -88.6462 3.1380 29.9413 17.5784 -27.6139 -4.3520 -0.0000 0.0000 -17.0831 17.0464 32.3660 9.3214 -7.1250 0.0000 -0.0000 -18.3223 62.6010 -7.9766 0.0000 -0.0000 0.0000 81.3632 9.7490 34.1235 -46.0559 51.2754 -23.0597 0.0000 0.0000 5.8973 -21.0131 30.3980 -10.9994 7.1250 -0.0000 -0.0000 5.8304 2.0194 6.0633
5.7178 17.7574 1.6601 -31.7210 -87.0019 42.8412 0.0000 0.0000 0.0000 -10.3355 -19.4796 -44.3933 2.4745 9.7914 28.3039 0.9304 2.6455 -19.3577 0.4802 -4.4440 -12.3293 0.0000 0.0000 0.0000 26.2113 4.8885 -12.1621 -3.5081 -11.4753 33.9001 1.3888 20.3326 6.7169 -3.4892 -11.4477 33.8051 1.2840 1.1393 -8.0762 1.4766 1.2819 1.8668 0.9963 0.6438 6.4851 -5.0167 -3.1112 -15.6055 3.6203 -3.7832 15.4906 1.5905 -1.7814 7.4997 -0.0000 0.0000 0.0000 -88.6188 3.3046 29.7225 17.5726 -27.6064 -4.3493 -0.0000 0.0000 -16.9871 17.0197 32.5804 9.3601 -7.1250 0.0000 -0.0000 -18.5358 62.7961 -8.1580 -0.0000 0.0000 0.0000 81.5408 9.4441 34.1981 -45.7835 51.1466 -22.8473 0.0000 0.0000 6.1250 -20.8746 30.5109 -10.9577 7.1250 -0.0000 -0.0000 5.9249 2.1068 6.1714
5.6081 17.7424 1.6718 -37.6624 -87.1932 48.8545 0.0000 0.0000 0.0000 -10.4054 -18.9817 -44.3827 2.5286 9.8898 28.6205 0.8715 2.3662 -18.6414 0.4120 -4.1201 -11.4148 0.0000 0.0000 0.0000 26.2765 4.8606 -11.8382 -3.5072 -11.4740 33.8956 1.3851 20.2993 6.9078 -3.4671 -11.4153 33.6937 1.3248 1.2072 -8.1757 1.4603 1.3675 1.8344 0.9698 0.6877 6.5086 -5.1551 -3.1173 -15.6244 3.7225 -3.7772 15.4944 1.6472 -1.7769 7.5088 0.0000 0.0000 0.0000 -88.5945 3.3516 29.5950 17.4756 -27.4805 -4.3045 -0.0000 0.0000 -16.8835 17.0329 32.7396 9.4076 -7.1250 0.0000 -0.0000 -18.6593 62.9492 -8.2815 0.0000 0.0000 0.0000 81.6230 9.2079 34.3152 -45.4719 50.9976 -22.6049 0.0000 0.0000 6.1004 -20.7743 30.6480 -10.9447 7.1250 -0.0000 -0.0000 6.0006 2.2262 6.2631
5.4969 17.7286 1.6838 -44.1940 -87.3153 55.4516 0.0000 0.0000 0.0000 -10.4724 -18.5091 -44.3746 2.5960 10.0104 29.0104 0.7925 2.3930 -17.8458 0.4807 -4.4462 -12.3356 0.0000 0.0000 0.0000 26.3740 4.8104 -11.4954 -3.4968 -11.4589 33.8435 1.3720 20.2024 7.0572 -3.4380 -11.3725 33.5466 1.3300 1.2388 -8.3262 1.4860 1.4033 1.8446 1.0029 0.7046 6.6049 -5.2389 -3.0702 -15.7261 3.7427 -3.6917 15.5298 1.6763 -1.7379 7.5362 -0.0000 0.0000 0.0000 -88.6388 3.2591 29.3188 17.3002 -27.2519 -4.2239 -0.0000 0.0000 -16.6933 16.9889 32.8741 9.4159 -7.1250 0.0000 -0.0000 -18.8267 63.0641 -8.4094 -0.0000 0.0000 0.0000 81.6621 9.0501 34.4711 -45.1646 50.8489 -22.3663 0.0000 0.0000 6.1167 -20.8238 30.5409 -10.9387 7.1250 -0.0000 -0.0000 5.9581 2.1271 6.2083
5.3839 17.7046 1.6965 -49.8838 -87.5161 61.2366 0.0000 0.0000 0.0000 -10.6092 -18.1805 -44.3454 2.6592 10.1217 29.3718 0.7359 2.5234 -17.3098 0.6069 -4.9866 -13.8702 0.0000 0.0000 0.0000 26.3274 4.7640 -11.0713 -3.4948 -11.4559 33.8332 1.4029 20.4153 7.1612 -3.4026 -11.3199 33.3665 1.2275 1.2730 -8.4693 1.4215 1.4631 1.7810 1.0039 0.7315 6.6179 -5.0722 -2.9961 -15.5709 3.6139 -3.6100 15.4067 1.6175 -1.7027 7.4592 0.0000 -0.0000 0.0000 -88.5699 3.3713 29.0725 17.2022 -27.1236 -4.1791 -0.0000 0.0000 -16.5684 16.9502 32.9711 9.4177 -7.1250 0.0000 -0.0000 -18.9559 63.1449 -8.5052 0.0000 -0.0000 0.0000 81.8839 8.7148 34.5327 -44.8675 50.7034 -22.1362 0.0000 0.0000 6.2585 -20.8653 30.5831 -10.9754 7.1250 -0.0000 -0.0000 5.9399 2.1785 6.1943
5.2672 17.6778 1.7102 -56.1547 -87.7013 67.5877 0.0000 0.0000 0.0000 -10.7160 -17.9798 -44.2324 2.7215 10.2299 29.7245 0.7004 2.5979 -16.9596 0.7251 -5.4411 -15.1712 0.0000 0.0000 0.0000 26.2601 4.7529 -10.5781 -3.4883 -11.4464 33.8007 1.4307 20.6059 7.2115 -3.3668 -11.2664 33.1838 1.1661 1.3203 -8.5595 1.3058 1.5410 1.7089 0.9291 0.7703 6.5939 -4.9043 -2.9445 -15.4857 3.5643 -3.5703 15.2981 1.5790 -1.6792 7.4028 0.0000 0.0000 0.0000 -88.4227 3.5145 28.8785 17.1018 -26.9918 -4.1335 -0.0000 0.0000 -16.5335 17.0345 32.8134 9.4270 -7.1250 0.0000 -0.0000 -18.7226 63.0190 -8.3413 0.0000 0.0000 0.0000 82.1875 8.3236 34.5325 -44.5524 50.5473 -21.8926 0.0000 0.0000 6.4184 -20.7890 30.6976 -10.9686 7.1250 -0.0000 -0.0000 5.9988 2.2798 6.2666
5.1456 17.6784 1.7236 -61.4869 -87.7651 72.9178 0.0000 0.0000 0.0000 -10.9121 -17.6744 -44.0253 2.7921 10.3507 30.1201 0.6560 2.5082 -16.4112 0.7080 -5.3776 -14.9888 0.0000 0.0000 0.0000 26.2383 4.6938 -10.1806 -3.4568 -11.4002 33.6419 1.3759 20.2233 7.3784 -3.3045 -11.1724 32.8634 1.1428 1.3302 -8.6542 1.2414 1.5594 1.7310 0.8805 0.7800 6.6725 -4.8425 -2.9026 -15.6554 3.6030 -3.5259 15.3165 1.5851 -1.6485 7.4357 -0.0000 -0.0000 0.0000 -88.3336 3.5106 28.7237 16.9591 -26.8039 -4.0689 -0.0000 0.0000 -16.5567 17.2595 32.6107 9.5054 -7.1250 0.0000 -0.0000 -18.2950 62.8867 -8.0872 -0.0000 -0.0000 0.0000 82.4318 8.0326 34.5071 -44.2526 50.3970 -21.6614 0.0000 0.0000 6.5572 -20.6088 30.6571 -10.8546 7.1250 -0.0000 -0.0000 6.0967 2.2025 6.3621
5.0240 17.6793 1.7383 -66.3324 -87.8707 77.8044 0.0000 0.0000 0.0000 -11.2045 -17.3222 -44.0216 2.8693 10.4803 30.5467 0.5812 2.6691 -15.6172 0.5554 -4.7738 -13.2644 0.0000 0.0000 0.0000 26.1330 4.5239 -9.6984 -3.3935 -11.3063 33.3201 1.3399 19.9693 7.6562 -3.2438 -11.0796 32.5487 1.0673 1.3417 -8.7966 1.1632 1.5869 1.6966 0.8482 0.7923 6.7173 -4.8535 -2.8765 -15.5745 3.6911 -3.5065 15.2609 1.6187 -1.6327 7.4044 -0.0000 -0.0000 0.0000 -88.2448 3.6055 28.5944 16.8337 -26.6381 -4.0125 -0.0000 0.0000 -16.5059 17.3059 32.7497 9.5675 -7.1250 0.0000 -0.0000 -18.3640 63.0298 -8.1805 -0.0000 -0.0000 0.0000 82.6869 7.6582 34.4160 -43.9147 50.2256 -21.4013 0.0000 0.0000 6.7256 -20.5043 30.7101 -10.8124 7.1250 -0.0000 -0.0000 6.1635 2.2355 6.4361
4.9048 17.6602 1.7535 -72.4182 -88.0106 84.0033 0.0000 0.0000 0.0000 -11.2773 -17.3061 -44.0662 2.8997 10.5308 30.7135 0.5052 3.3518 -15.0709 0.3273 -3.6771 -10.1698 0.0000 0.0000 0.0000 25.9894 4.4522 -9.0525 -3.3734 -11.2763 33.2176 1.3702 20.1815 7.7580 -3.1579 -10.9464 32.0993 0.9384 1.3635 -8.9588 1.0920 1.6340 1.6286 0.8560 0.8120 6.7360 -4.9407 -2.8583 -15.4992 3.7474 -3.4769 15.2808 1.6555 -1.6197 7.3991 0.0000 0.0000 0.0000 -88.2008 3.6791 28.3956 16.6638 -26.4124 -3.9366 -0.0000 0.0000 -16.2791 17.0560 32.9975 9.4856 -7.1250 0.0000 -0.0000 -18.8615 63.1974 -8.4844 0.0000 0.0000 0.0000 82.8633 7.2694 34.3661 -43.5002 50.0122 -21.0833 0.0000 0.0000 6.8737 -20.7142 30.6813 -10.9214 7.1250 -0.0000 -0.0000 6.0395 2.2482 6.3064
4.7856 17.6469 1.7692 -78.3119 -88.1320 90.0253 0.0000 0.0000 0.0000 -11.1481 -17.6259 -44.0610 2.9254 10.5732 30.8538 0.4446 4.1751 -14.8239 0.2166 -2.9962 -8.2681 0.0000 0.0000 0.0000 25.8117 4.6036 -8.2947 -3.3476 -11.2375 33.0852 1.3492 20.0349 7.6434 -3.0176 -10.7235 31.3531 0.7819 1.3761 -9.0992 1.0531 1.6698 1.6140 0.9122 0.8242 6.7969 -4.9864 -2.8274 -15.7095 3.6745 -3.4016 15.3723 1.6457 -1.5906 7.4617 -0.0000 0.0000 0.0000 -88.2247 3.6040 28.2407 16.4544 -26.1328 -3.8439 -0.0000 0.0000 -16.0719 16.9772 33.2170 9.4945 -7.1250 0.0000 -0.0000 -19.1470 63.3822 -8.7007 -0.0000 0.0000 0.0000 82.9702 7.0053 34.3016 -43.0429 49.7729 -20.7335 0.0000 0.0000 7.0097 -21.0449 30.5444 -11.0640 7.1250 -0.0000 -0.0000 5.8317 2.1752 6.0800
4.6601 17.7108 1.7849 -81.9991 -88.2849 93.8305 0.0000 0.0000 0.0000 -11.1576 -17.9254 -43.7592 2.9280 10.5776 30.8683 0.3688 4.9098 -14.3354 0.2626 -3.2969 -9.1066 0.0000 0.0000 0.0000 25.5396 4.6014 -8.6393 -3.3579 -11.2531 33.1381 1.2095 19.0344 7.9126 -2.8775 -10.4940 30.5918 0.5833 1.3174 -9.2281 0.9983 1.6173 1.6066 0.9620 0.7918 6.8590 -4.9233 -2.7362 -15.8690 3.5288 -3.2522 15.3025 1.6029 -1.5264 7.4561 0.0000 0.0000 0.0000 -88.2583 3.5725 27.9883 16.3031 -25.9299 -3.7775 -0.0000 0.0000 -16.0086 17.0902 33.3340 9.5896 -7.1250 0.0000 -0.0000 -19.1272 63.5214 -8.7536 0.0000 0.0000 0.0000 83.1217 6.7827 34.2994 -42.5626 49.5169 -20.3674 0.0000 0.0000 7.0854 -21.2043 30.4929 -11.1370 7.1250 -0.0000 -0.0000 5.7333 2.1548 5.9744
4.5335 17.7312 1.7999 -82.6566 -88.4566 94.5866 0.0000 0.0000 0.0000 -11.3384 -18.0238 -43.5772 2.9397 10.5968 30.9319 0.2759 5.4333 -13.4078 0.3126 -3.5946 -9.9387 0.0000 0.0000 0.0000 25.2936 4.7527 -8.4682 -3.3814 -11.2882 33.2581 1.1482 18.5698 7.7276 -2.7532 -10.2845 29.9029 0.2975 1.1794 -9.3993 0.9492 1.4692 1.6129 1.0535 0.7087 6.9590 -4.7607 -2.6041 -15.8896 3.2848 -3.0558 15.0944 1.5178 -1.4442 7.3761 -0.0000 0.0000 0.0000 -88.3094 3.5216 27.5611 16.1245 -25.6891 -3.6997 -0.0000 0.0000 -15.8912 16.9994 33.1953 9.5020 -7.1250 0.0000 -0.0000 -19.1023 63.3677 -8.6731 -0.0000 0.0000 0.0000 83.2606 6.5501 34.4279 -42.0720 49.2507 -19.9950 0.0000 0.0000 7.0358 -21.3605 30.3968 -11.1937 7.1250 -0.0000 -0.0000 5.6307 2.0885 5.8601
4.4100 17.7312 1.8145 -81.2713 -88.5965 93.3114 0.0000 0.0000 0.0000 -11.6442 -17.9183 -43.4926 2.9614 10.6323 31.0495 0.1784 5.7138 -12.0688 0.3670 -3.8915 -10.7715 0.0000 0.0000 0.0000 25.1128 4.9468 -8.1423 -3.4308 -11.3617 33.5097 1.1213 18.3589 7.5393 -2.6763 -10.1517 29.4692 0.0179 1.0523 -9.5412 0.9138 1.3352 1.5984 1.1565 0.6325 7.0209 -4.6233 -2.5056 -15.8412 3.0548 -2.9063 14.8687 1.4369 -1.3852 7.2819 0.0000 0.0000 0.0000 -88.3756 3.4128 27.1511 15.8533 -25.3214 -3.5830 -0.0000 0.0000 -15.5921 16.9943 33.0923 9.4735 -7.1250 0.0000 -0.0000 -19.0152 63.2699 -8.5885 0.0000 0.0000 0.0000 83.4121 6.2404 34.4348 -41.5203 48.9453 -19.5781 0.0000 0.0000 7.1572 -21.7276 30.2740 -11.3596 7.1250 -0.0000 -0.0000 5.4030 2.0380 5.6164
4.2893 17.7224 1.8328 -79.5983 -88.7439 91.7717 0.0000 0.0000 0.0000 -12.0040 -17.7952 -43.5527 3.0403 10.7599 31.4745 0.0972 5.6995 -10.5007 0.4105 -4.1131 -11.3949 0.0000 0.0000 0.0000 24.8937 4.8535 -7.7694 -3.4366 -11.3704 33.5394 1.0773 18.0200 7.6560 -2.6302 -10.0709 29.2068 -0.2060 0.9712 -9.6617 0.8708 1.2572 1.5490 1.2273 0.5863 7.0349 -4.8937 -2.4759 -16.0513 3.3425 -2.8502 15.0914 1.5804 -1.3462 7.3971 -0.0000 0.0000 0.0000 -88.4404 3.3263 26.7962 15.5633 -24.9250 -3.4599 -0.0000 0.0000 -15.2313 17.2013 33.1222 9.6013 -7.1250 0.0000 -0.0000 -18.8107 63.3524 -8.5291 -0.0000 0.0000 0.0000 83.5722 5.8031 34.2425 -40.9630 48.6302 -19.1589 0.0000 0.0000 7.4890 -22.1021 30.4407 -11.6263 7.1250 -0.0000 -0.0000 5.2110 2.2865 5.4370
4.1669 17.7177 1.8521 -74.3655 -88.8560 86.6392 0.0000 0.0000 0.0000 -12.3931 -17.6269 -43.6027 3.1375 10.9144 31.9918 0.0519 5.2696 -8.9700 0.2922 -3.4760 -9.6070 0.0000 0.0000 0.0000 24.6752 4.6398 -7.4350 -3.4430 -11.3798 33.5716 1.0196 17.5706 7.8293 -2.4870 -9.8142 28.3771 -0.3434 0.9245 -9.7938 0.8103 1.2162 1.5466 1.2375 0.5616 7.1072 -5.1138 -2.5015 -16.1885 3.5388 -2.8610 15.1107 1.6789 -1.3440 7.4340 0.0000 -0.0000 0.0000 -88.4475 3.1161 26.5598 15.2425 -24.4828 -3.3258 -0.0000 0.0000 -14.9297 17.2016 32.9490 9.5578 -7.1250 0.0000 -0.0000 -18.6557 63.1900 -8.3853 0.0000 -0.0000 0.0000 83.7378 5.3578 33.8866 -40.4313 48.3233 -18.7607 0.0000 0.0000 7.8099 -22.1746 30.6323 -11.7319 7.1250 -0.0000 -0.0000 5.1967 2.4980 5.4403
4.0443 17.7321 1.8684 -68.4352 -88.8896 80.8187 0.0000 0.0000 0.0000 -12.6654 -17.4923 -43.6493 3.2345 11.0654 32.5006 0.0353 4.6918 -7.8222 0.1385 -2.3986 -6.6087 0.0000 0.0000 0.0000 24.5147 4.8181 -7.2038 -3.4617 -11.4074 33.6663 0.9478 16.9755 7.6940 -2.2501 -9.3687 26.9556 -0.4067 0.8845 -9.8920 0.7347 1.1764 1.5338 1.1892 0.5410 7.1509 -5.2058 -2.5153 -16.2382 3.6488 -2.8699 14.9778 1.7286 -1.3415 7.4024 0.0000 0.0000 0.0000 -88.3715 2.9091 26.4641 14.9680 -24.1014 -3.2128 -0.0000 0.0000 -14.7256 17.0548 32.9058 9.4619 -7.1250 0.0000 -0.0000 -18.7815 63.1111 -8.4091 0.0000 0.0000 0.0000 84.0014 4.9070 33.4759 -39.8930 48.0064 -18.3597 0.0000 0.0000 8.0383 -21.9652 30.5659 -11.5906 7.1250 -0.0000 -0.0000 5.3072 2.3862 5.5471
3.9224 17.7499 1.8835 -64.3378 -88.9005 76.8103 0.0000 0.0000 0.0000 -12.8548 -17.4150 -43.6198 3.3197 11.1955 32.9420 0.0228 4.5174 -7.2253 0.0805 -1.8306 -5.0377 0.0000 0.0000 0.0000 24.3640 5.1634 -6.9106 -3.4945 -11.4554 33.8317 0.8883 16.4518 7.4023 -2.0702 -9.0108 25.8290 -0.4936 0.8333 -9.9273 0.6989 1.1214 1.4718 1.1916 0.5119 7.1054 -5.1658 -2.5173 -16.0308 3.5110 -2.8600 14.7235 1.6787 -1.3480 7.2803 -0.0000 -0.0000 0.0000 -88.3213 2.8598 26.3829 14.7817 -23.8411 -3.1372 -0.0000 0.0000 -14.5022 16.9849 33.1745 9.4885 -7.1250 0.0000 -0.0000 -19.0997 63.3444 -8.6614 -0.0000 -0.0000 0.0000 84.2166 4.3831 33.1399 -39.2995 47.6494 -17.9198 0.0000 0.0000 8.1981 -22.2953 30.6718 -11.8140 7.1250 -0.0000 -0.0000 5.1332 2.5640 5.3790
3.8003 17.7610 1.9033 -61.2117 -88.8616 73.7610 0.0000 0.0000 0.0000 -12.9300 -17.4924 -43.4754 3.3902 11.3015 33.3035 0.0117 4.8447 -7.3012 0.0913 -1.9484 -5.3630 0.0000 0.0000 0.0000 24.2508 5.2355 -6.6531 -3.5414 -11.5238 34.0676 0.8226 15.8861 7.5684 -1.9275 -8.7133 24.9027 -0.5008 0.8012 -9.9391 0.7080 1.0786 1.3926 1.1975 0.4911 7.0285 -5.1343 -2.5285 -15.8323 3.2699 -2.8464 14.5909 1.5972 -1.3634 7.1984 0.0000 0.0000 0.0000 -88.3322 2.8438 26.4091 14.6428 -23.6461 -3.0812 -0.0000 0.0000 -14.4333 17.0878 33.2174 9.5591 -7.1250 0.0000 -0.0000 -19.0237 63.4117 -8.6557 0.0000 0.0000 0.0000 84.3009 3.8511 32.8769 -38.6038 47.2206 -17.4074 0.0000 0.0000 8.2334 -23.1344 30.7602 -12.3261 7.1250 -0.0000 -0.0000 4.6666 2.8348 4.9077
3.6777 17.7720 1.9266 -59.7819 -88.8517 72.4811 0.0000 0.0000 0.0000 -12.9526 -17.7444 -43.3609 3.4566 11.3998 33.6405 0.0069 5.3415 -7.8350 0.1477 -2.4770 -6.8258 0.0000 0.0000 0.0000 24.0804 5.0994 -6.6797 -3.5943 -11.6000 34.3311 0.7168 15.0020 8.2597 -1.7606 -8.3485 23.7776 -0.4932 0.7636 -10.0295 0.7124 1.0268 1.3037 1.1902 0.4663 6.9867 -5.1964 -2.5173 -15.8512 3.2015 -2.8054 14.6608 1.5894 -1.3539 7.2226 -0.0000 -0.0000 0.0000 -88.3595 2.7757 26.4462 14.4944 -23.4371 -3.0220 -0.0000 0.0000 -14.4784 17.2535 33.3457 9.6881 -7.1250 0.0000 -0.0000 -18.9548 63.5756 -8.6958 -0.0000 -0.0000 0.0000 84.4087 3.3294 32.6097 -37.9049 46.7784 -16.8962 0.0000 0.0000 8.1869 -23.3431 30.6390 -12.4038 7.1250 -0.0000 -0.0000 4.5293 2.7557 4.7564
3.5534 17.7868 1.9496 -58.8208 -88.8363 71.6175 0.0000 0.0000 0.0000 -13.0114 -17.9647 -43.1802 3.5194 11.4918 33.9572 0.0070 5.6748 -8.2996 0.2245 -3.0500 -8.4180 0.0000 0.0000 0.0000 23.9180 4.9854 -6.6846 -3.6551 -11.6868 34.6327 0.6095 14.0932 8.8998 -1.6720 -8.1466 23.1602 -0.4752 0.7135 -10.1106 0.6891 0.9591 1.2255 1.1453 0.4346 6.9520 -5.0825 -2.4507 -15.8150 3.0705 -2.7214 14.6950 1.5374 -1.3201 7.2203 0.0000 0.0000 0.0000 -88.3206 2.7385 26.3486 14.3392 -23.2175 -2.9605 -0.0000 0.0000 -14.3939 17.2803 33.4512 9.7305 -7.1250 0.0000 -0.0000 -19.0213 63.6814 -8.7745 0.0000 0.0000 0.0000 84.6101 2.7526 32.2694 -37.2349 46.3437 -16.4098 0.0000 0.0000 8.2196 -22.9922 30.6974 -12.2223 7.1250 -0.0000 -0.0000 4.7385 2.7395 4.9763
3.4307 17.8052 1.9746 -58.5547 -88.8212 71.3432 0.0000 0.0000 0.0000 -13.1416 -18.0684 -42.8403 3.5742 11.5712 34.2314 0.0140 5.6443 -8.4530 0.2735 -3.3639 -9.2935 0.0000 0.0000 0.0000 23.7880 5.0261 -6.5079 -3.7288 -11.7904 34.9946 0.5166 13.2801 9.3682 -1.6794 -8.1636 23.2120 -0.4042 0.6729 -10.1021 0.6517 0.8986 1.1932 1.0557 0.4088 6.9159 -4.8021 -2.3417 -15.7082 2.7583 -2.5871 14.6337 1.4049 -1.2695 7.1681 -0.0000 -0.0000 0.0000 -88.2885 2.7034 26.1872 14.2472 -23.0870 -2.9243 -0.0000 0.0000 -14.2403 17.2567 33.1520 9.6411 -7.1250 0.0000 -0.0000 -18.7754 63.3950 -8.5312 -0.0000 -0.0000 0.0000 84.7617 2.2515 31.9991 -36.4759 45.8377 -15.8630 0.0000 0.0000 8.2615 -22.7532 30.6945 -12.0839 7.1250 -0.0000 -0.0000 4.8747 2.6850 5.1159
3.3091 17.8233 1.9990 -59.7423 -88.9536 72.4958 0.0000 0.0000 0.0000 -13.4591 -18.0140 -42.4646 3.6230 11.6411 34.4737 0.0283 5.2788 -8.3642 0.2434 -3.1748 -8.7658 0.0000 0.0000 0.0000 23.5102 5.1103 -6.3632 -3.8144 -11.9093 35.4119 0.4109 12.3139 9.8405 -1.7024 -8.2166 23.3739 -0.5000 0.6616 -10.1092 0.6293 0.8974 1.2181 1.0863 0.4048 6.9453 -4.7071 -2.3007 -15.6247 2.5572 -2.5194 14.5267 1.3316 -1.2500 7.1124 0.0000 -0.0000 0.0000 -88.3525 2.5632 26.1309 14.1892 -23.0046 -2.9016 -0.0000 0.0000 -14.0295 17.2837 33.2492 9.6814 -7.1250 0.0000 -0.0000 -18.8330 63.4933 -8.6017 0.0000 -0.0000 0.0000 84.7672 1.9050 31.7734 -35.6206 45.2503 -15.2525 0.0000 0.0000 8.2994 -22.8305 30.5373 -12.0738 7.1250 -0.0000 -0.0000 4.8075 2.5400 5.0333
3.1862 17.8398 2.0196 -63.8799 -89.1649 76.5951 0.0000 0.0000 0.0000 -13.8723 -17.8188 -42.1034 3.6691 11.7065 34.7015 0.0432 4.7981 -8.1742 0.1504 -2.4991 -6.8873 0.0000 0.0000 0.0000 23.1573 5.1629 -6.2560 -3.9129 -12.0436 35.8863 0.2968 11.2324 10.3434 -1.6906 -8.1894 23.2909 -0.6993 0.7221 -10.1187 0.5888 1.0062 1.2305 1.1736 0.4512 6.9589 -4.7297 -2.3404 -15.6189 2.5138 -2.5617 14.5548 1.3165 -1.2758 7.1220 -0.0000 -0.0000 0.0000 -88.3382 2.4141 26.4692 14.1297 -22.9198 -2.8784 -0.0000 0.0000 -13.9122 17.4342 33.6315 9.8667 -7.1250 0.0000 -0.0000 -19.0151 63.8912 -8.8646 -0.0000 -0.0000 0.0000 84.7878 1.5412 31.4028 -34.7606 44.6404 -14.6449 0.0000 0.0000 8.2625 -22.9209 30.5020 -12.1133 7.1250 -0.0000 -0.0000 4.7505 2.5232 4.9718
3.0649 17.8574 2.0410 -71.8854 -89.3648 84.6112 0.0000 0.0000 0.0000 -14.2865 -17.5684 -41.7896 3.7105 11.7648 34.9050 0.0574 4.3656 -8.0623 0.0908 -1.9433 -5.3491 0.0000 0.0000 0.0000 22.8019 5.2173 -6.2442 -4.0285 -12.1983 36.4371 0.1882 10.1767 10.8564 -1.6167 -8.0174 22.7671 -0.8570 0.7861 -10.1429 0.5358 1.1151 1.2038 1.2242 0.4998 6.9398 -4.8056 -2.3856 -15.7773 2.5277 -2.6058 14.8044 1.3275 -1.3008 7.2337 0.0000 -0.0000 0.0000 -88.3176 2.2778 26.8005 14.0502 -22.8064 -2.8475 -0.0000 0.0000 -13.8563 17.5498 33.6165 9.9312 -7.1250 0.0000 -0.0000 -18.8707 63.9081 -8.8023 0.0000 -0.0000 0.0000 84.8449 1.1544 31.0426 -33.8644 43.9840 -14.0188 0.0000 0.0000 8.1969 -22.9842 30.3865 -12.1091 7.1250 -0.0000 -0.0000 4.6972 2.4180 4.9075
2.9456 17.8756 2.0634 -90.5997 -89.4760 103.3670 0.0000 0.0000 0.0000 -14.6306 -17.2598 -41.5133 3.7456 11.8139 35.0768 0.0755 4.0733 -8.2302 0.0871 -1.9037 -5.2396 0.0000 0.0000 0.0000 22.5020 5.3828 -6.3497 -4.1681 -12.3808 37.0926 0.0853 9.0884 11.2637 -1.5176 -7.7793 22.0458 -0.9239 0.8301 -10.1792 0.4915 1.1850 1.1401 1.2262 0.5329 6.8905 -4.8851 -2.4113 -15.8243 2.5580 -2.6305 15.0057 1.3473 -1.3160 7.3102 0.0000 0.0000 0.0000 -88.3010 2.2602 27.0189 14.0424 -22.7954 -2.8445 -0.0000 0.0000 -13.9511 17.5765 33.3858 9.8878 -7.1250 0.0000 -0.0000 -18.6281 63.6991 -8.5944 0.0000 0.0000 0.0000 84.9464 0.7836 30.7358 -32.8930 43.2477 -13.3487 0.0000 0.0000 8.2267 -23.2362 30.2788 -12.2150 7.1250 -0.0000 -0.0000 4.5368 2.3614 4.7346
2.8266 17.8942 2.0857 -115.8180 -89.4555 128.5800 0.0000 0.0000 0.0000 -14.9511 -16.8711 -41.1960 3.7746 11.8543 35.2185 0.0957 3.8927 -8.5642 0.1179 -2.2134 -6.0957 0.0000 0.0000 0.0000 22.2586 5.6283 -6.4589 -4.3385 -12.5977 37.8805 -0.0132 7.9763 11.6401 -1.4269 -7.5536 21.3661 -0.9463 0.8650 -10.1612 0.4622 1.2355 1.0720 1.2146 0.5583 6.8068 -4.9305 -2.3850 -15.8359 2.6447 -2.6062 15.2445 1.3858 -1.3015 7.3912 -0.0000 -0.0000 0.0000 -88.2171 2.3191 27.4311 14.1269 -22.9158 -2.8773 -0.0000 0.0000 -14.2455 17.5034 33.1077 9.7737 -7.1250 0.0000 -0.0000 -18.4588 63.4184 -8.3924 -0.0000 -0.0000 0.0000 85.0511 0.4708 30.4825 -31.8795 42.4509 -12.6594 0.0000 0.0000 8.1921 -23.3768 30.3503 -12.3207 7.1250 -0.0000 -0.0000 4.4668 2.4657 4.6688
2.7091 17.9134 2.1092 -142.3840 -89.3954 155.1510 0.0000 0.0000 0.0000 -15.3825 -16.4683 -40.8779 3.7989 11.8879 35.3367 0.1203 3.6439 -8.9220 0.1458 -2.4609 -6.7812 0.0000 0.0000 0.0000 21.8850 5.7581 -6.7116 -4.5403 -12.8466 38.7969 -0.1210 6.7932 12.1982 -1.3629 -7.3891 20.8735 -1.0585 0.8650 -10.1704 0.4423 1.2505 1.0228 1.2588 0.5623 6.7574 -5.0113 -2.3293 -15.8354 2.7199 -2.5314 15.4490 1.4322 -1.2659 7.4573 -0.0000 -0.0000 0.0000 -88.1905 2.3063 27.8337 14.2225 -23.0519 -2.9147 -0.0000 0.0000 -14.4527 17.3652 32.9911 9.6634 -7.1250 0.0000 -0.0000 -18.5100 63.2725 -8.3533 -0.0000 -0.0000 0.0000 85.0746 0.2353 30.2941 -30.8349 41.5983 -11.9601 0.0000 0.0000 8.2572 -23.3046 30.3649 -12.2845 7.1250 -0.0000 -0.0000 4.5103 2.4650 4.7145
2.5924 17.9319 2.1310 -165.2020 -89.2328 178.0250 0.0000 0.0000 0.0000 -15.8398 -16.0995 -40.5990 3.8203 11.9173 35.4402 0.1489 3.2933 -9.2693 0.1438 -2.4437 -6.7337 0.0000 0.0000 0.0000 21.4126 5.7953 -7.1539 -4.7725 -13.1229 39.8305 -0.2363 5.4857 12.8281 -1.3743 -7.4188 20.9621 -1.2600 0.8442 -10.2634 0.4108 1.2504 0.9844 1.3406 0.5554 6.7661 -4.9748 -2.2647 -15.7115 2.6192 -2.4404 15.4241 1.4040 -1.2311 7.4222 -0.0000 0.0000 0.0000 -88.1924 2.3059 28.1029 14.3847 -23.2819 -2.9785 -0.0000 0.0000 -14.5235 17.2856 33.1611 9.6603 -7.1250 0.0000 -0.0000 -18.7512 63.4112 -8.5269 -0.0000 0.0000 0.0000 85.1225 0.0450 30.0731 -29.8047 40.7254 -11.2820 0.0000 0.0000 8.6112 -23.3076 30.2593 -12.2488 7.1250 -0.0000 -0.0000 4.4930 2.3568 4.6881
2.4765 17.9484 2.1512 -177.7340 -88.9945 190.5760 0.0000 0.0000 0.0000 -16.2661 -15.7540 -40.2788 3.8429 11.9484 35.5496 0.1735 2.9281 -9.5125 0.1270 -2.2976 -6.3288 0.0000 0.0000 0.0000 20.9682 5.8445 -7.5811 -5.0396 -13.4283 40.9936 -0.3395 4.1867 13.3552 -1.4260 -7.5513 21.3592 -1.4634 0.8138 -10.3194 0.3713 1.2388 0.9772 1.4128 0.5427 6.7875 -4.7964 -2.1601 -15.8206 2.4623 -2.3077 15.5440 1.3375 -1.1723 7.4710 0.0000 0.0000 0.0000 -88.1419 2.3203 28.3828 14.6146 -23.6065 -3.0699 -0.0000 0.0000 -14.7165 17.2319 33.4372 9.6985 -7.1250 0.0000 -0.0000 -19.0628 63.6555 -8.7828 0.0000 0.0000 0.0000 85.2077 -0.0720 29.8602 -28.8026 39.8447 -10.6340 0.0000 0.0000 9.0701 -23.5301 30.2437 -12.3703 7.1250 -0.0000 -0.0000 4.3629 2.3892 4.5540
2.3648 17.9616 2.1719 -183.2860 -88.7164 196.1160 0.0000 0.0000 0.0000 -16.6311 -15.4442 -39.9408 3.8666 11.9807 35.6638 0.1966 2.6148 -9.7612 0.1172 -2.2074 -6.0791 0.0000 0.0000 0.0000 20.5804 5.9468 -7.9965 -5.3359 -13.7524 42.2544 -0.4242 3.0101 13.7764 -1.4938 -7.7207 21.8690 -1.5793 0.8041 -10.3024 0.3455 1.2419 0.9697 1.4510 0.5407 6.7681 -4.7445 -2.0928 -15.9542 2.4041 -2.2140 15.7056 1.3197 -1.1307 7.5425 -0.0000 0.0000 0.0000 -88.0901 2.2867 28.7337 14.8026 -23.8704 -3.1456 -0.0000 0.0000 -15.0526 17.1997 33.5584 9.7100 -7.1250 0.0000 -0.0000 -19.2113 63.7603 -8.9007 -0.0000 0.0000 0.0000 85.2640 -0.1615 29.5866 -27.7964 38.9281 -9.9955 0.0000 0.0000 9.5891 -23.5062 30.2758 -12.3681 7.1250 -0.0000 -0.0000 4.3814 2.4171 4.5755
2.2575 17.9685 2.1913 -186.7530 -88.4253 199.6020 0.0000 0.0000 0.0000 -16.9182 -15.2445 -39.6525 3.8935 12.0173 35.7931 0.2239 2.3461 -10.1200 0.1145 -2.1819 -6.0087 0.0000 0.0000 0.0000 20.1879 6.0623 -8.5533 -5.6630 -14.0936 43.6138 -0.4963 2.0235 14.1965 -1.5666 -7.8981 22.4049 -1.7179 0.7820 -10.3214 0.3463 1.2297 0.9430 1.5281 0.5299 6.7482 -4.8545 -2.0771 -15.8287 2.4330 -2.1780 15.6537 1.3519 -1.1182 7.5039 0.0000 0.0000 0.0000 -88.1043 2.1982 28.9564 14.9345 -24.0548 -3.1992 -0.0000 0.0000 -15.1961 17.1533 33.3571 9.6323 -7.1250 0.0000 -0.0000 -19.0775 63.5598 -8.7472 0.0000 0.0000 0.0000 85.2842 -0.2947 29.2459 -26.8688 38.0538 -9.4182 0.0000 0.0000 10.1264 -23.0140 30.3097 -12.0992 7.1250 -0.0000 -0.0000 4.6689 2.3454 4.8721
2.1518 17.9812 2.2109 -190.0680 -88.1434 202.9650 0.0000 0.0000 0.0000 -17.1932 -15.1229 -39.3498 3.9202 12.0535 35.9215 0.2529 2.0620 -10.4861 0.1067 -2.1061 -5.7990 0.0000 0.0000 0.0000 19.7531 6.1338 -9.2377 -6.0131 -14.4410 45.0343 -0.5682 1.1228 14.6900 -1.6182 -8.0210 22.7779 -1.9033 0.7302 -10.3634 0.3455 1.1844 0.9278 1.6252 0.5008 6.7542 -4.8944 -2.0335 -15.7652 2.4463 -2.1143 15.6072 1.3701 -1.0891 7.4758 0.0000 0.0000 0.0000 -88.1145 2.1392 29.1759 15.1709 -24.3836 -3.2962 -0.0000 0.0000 -15.2733 17.1856 33.3557 9.6509 -7.1250 0.0000 -0.0000 -19.0400 63.5669 -8.7325 0.0000 0.0000 0.0000 85.2800 -0.3738 29.0037 -26.0050 37.2137 -8.8907 0.0000 0.0000 10.5494 -22.5089 30.2936 -11.8067 7.1250 -0.0000 -0.0000 4.9567 2.2210 5.1641
2.0486 17.9916 2.2303 -191.9100 -87.8591 204.8750 0.0000 0.0000 0.0000 -17.4697 -14.9706 -39.0952 3.9468 12.0892 36.0483 0.2787 1.8260 -10.8119 0.1148 -2.1844 -6.0154 0.0000 0.0000 0.0000 19.3622 6.2560 -9.9659 -6.3883 -14.7943 46.5207 -0.6172 0.3353 14.9695 -1.6555 -8.1082 23.0432 -2.0464 0.6899 -10.3812 0.3457 1.1486 0.9083 1.7005 0.4782 6.7424 -4.8658 -1.9752 -15.7969 2.4250 -2.0359 15.6135 1.3670 -1.0519 7.4797 -0.0000 -0.0000 0.0000 -88.0833 2.1328 29.5707 15.4888 -24.8227 -3.4285 -0.0000 0.0000 -15.4577 17.1658 33.6078 9.7024 -7.1250 0.0000 -0.0000 -19.2953 63.7973 -8.9578 -0.0000 -0.0000 0.0000 85.2647 -0.3629 28.7320 -25.1006 36.3066 -8.3494 0.0000 0.0000 11.0235 -22.3842 30.1409 -11.6841 7.1250 -0.0000 -0.0000 5.0067 2.0379 5.2012
1.9471 17.9987 2.2484 -191.9050 -87.5967 204.9300 0.0000 0.0000 0.0000 -17.6987 -14.7664 -38.8508 3.9662 12.1153 36.1410 0.3044 1.5975 -11.1305 0.1282 -2.3079 -6.3574 0.0000 0.0000 0.0000 19.0572 6.4128 -10.6853 -6.7767 -15.1409 48.0246 -0.6337 -0.3202 14.9364 -1.6273 -8.0423 22.8425 -2.1210 0.6360 -10.4048 0.3409 1.0871 0.9112 1.7283 0.4451 6.7605 -4.6876 -1.8861 -15.9006 2.3447 -1.9367 15.6550 1.3221 -1.0011 7.5047 0.0000 0.0000 0.0000 -87.9618 2.0247 29.9642 15.7284 -25.1510 -3.5298 -0.0000 0.0000 -15.6729 17.0181 33.5334 9.5970 -7.1250 0.0000 -0.0000 -19.3918 63.6884 -8.9550 0.0000 0.0000 0.0000 85.3627 -0.3317 28.2761 -24.2492 35.4267 -7.8505 0.0000 0.0000 11.6803 -22.3016 29.9649 -11.5776 7.1250 -0.0000 -0.0000 5.0297 1.8399 5.2084
1.8466 18.0080 2.2693 -191.5280 -87.3470 204.6190 0.0000 0.0000 0.0000 -17.9505 -14.4843 -38.6409 3.9844 12.1396 36.2276 0.3255 1.3757 -11.3670 0.1478 -2.4773 -6.8268 0.0000 0.0000 0.0000 18.7247 6.6215 -11.4524 -7.1773 -15.4794 49.5419 -0.6144 -0.8667 14.5361 -1.5304 -7.8106 22.1402 -2.1263 0.5675 -10.5045 0.3160 1.0018 0.9917 1.6941 0.4011 6.9069 -4.4321 -1.7939 -16.1809 2.2079 -1.8323 15.7235 1.2457 -0.9471 7.5681 -0.0000 -0.0000 0.0000 -87.7785 1.7199 30.3373 15.9305 -25.4263 -3.6161 -0.0000 0.0000 -15.9183 16.8966 33.3056 9.4695 -7.1250 0.0000 -0.0000 -19.3177 63.4437 -8.8089 -0.0000 -0.0000 0.0000 85.5670 -0.1862 27.6179 -23.4659 34.5944 -7.4012 0.0000 0.0000 12.5723 -21.8177 29.8978 -11.2849 7.1250 -0.0000 -0.0000 5.2997 1.6711 5.4752
1.7466 18.0202 2.2905 -193.3090 -87.0610 206.4180 0.0000 0.0000 0.0000 -18.3477 -14.1797 -38.3818 4.0016 12.1625 36.3092 0.3494 1.1378 -11.6371 0.1584 -2.5646 -7.0688 0.0000 0.0000 0.0000 18.2744 6.8612 -12.1998 -7.5867 -15.8067 51.0598 -0.5312 -1.2534 13.3916 -1.4590 -7.6342 21.6085 -2.2172 0.5617 -10.5532 0.2894 1.0097 1.0460 1.7202 0.4005 6.9913 -4.4482 -1.7866 -16.2490 2.1662 -1.8056 15.6808 1.2372 -0.9382 7.5648 0.0000 -0.0000 0.0000 -87.6566 1.4904 30.9680 16.1642 -25.7428 -3.7170 -0.0000 0.0000 -16.1907 16.9229 33.1824 9.4544 -7.1250 0.0000 -0.0000 -19.1763 63.3356 -8.6935 0.0000 -0.0000 0.0000 85.7274 -0.1473 26.6083 -22.7009 33.7601 -6.9714 0.0000 0.0000 13.7539 -21.6569 30.0630 -11.2502 7.1250 -0.0000 -0.0000 5.4149 1.8075 5.6078
1.6490 18.0289 2.3100 -193.8380 -86.7728 206.9500 0.0000 0.0000 0.0000 -18.6323 -13.9320 -38.0866 4.0183 12.1847 36.3885 0.3862 0.7785 -12.0466 0.1306 -2.3297 -6.4176 0.0000 0.0000 0.0000 17.9433 7.0053 -12.9526 -7.9923 -16.1136 52.5350 -0.4031 -1.5782 11.5485 -1.4812 -7.6897 21.7755 -2.2809 0.5790 -10.5209 0.2997 1.0393 1.0332 1.7710 0.4129 6.9567 -4.5963 -1.7918 -16.1815 2.2341 -1.7927 15.6511 1.2855 -0.9348 7.5450 -0.0000 -0.0000 0.0000 -87.5051 1.4403 31.8518 16.4833 -26.1715 -3.8567 -0.0000 0.0000 -16.6454 17.0467 33.1870 9.5275 -7.1250 0.0000 -0.0000 -19.0421 63.3725 -8.6469 -0.0000 -0.0000 0.0000 85.8132 -0.2327 25.7274 -21.9551 32.9262 -6.5614 0.0000 0.0000 14.5577 -21.8944 30.2284 -11.4382 7.1250 -0.0000 -0.0000 5.3007 2.0257 5.5081
1.5549 18.0310 2.3309 -192.8590 -86.5181 206.0270 0.0000 0.0000 0.0000 -18.8511 -13.6105 -37.8831 4.0298 12.2000 36.4432 0.4150 0.4350 -12.3350 0.1240 -2.2703 -6.2534 0.0000 0.0000 0.0000 17.7100 7.0865 -13.7838 -8.3922 -16.4003 53.9632 -0.2627 -1.7951 9.2222 -1.5959 -7.9680 22.6170 -2.2724 0.4907 -10.5511 0.3407 0.9192 1.0753 1.7910 0.3524 7.0238 -4.5126 -1.6844 -16.3768 2.1737 -1.6449 15.6909 1.2679 -0.8639 7.5854 -0.0000 -0.0000 0.0000 -87.3152 1.2871 32.5192 16.8456 -26.6537 -4.0178 -0.0000 0.0000 -17.1626 17.1216 33.3568 9.6137 -7.1250 0.0000 -0.0000 -19.1130 63.5511 -8.7601 -0.0000 -0.0000 0.0000 85.8398 -0.0826 25.3630 -21.1857 32.0445 -6.1482 0.0000 0.0000 14.7808 -21.7778 30.1001 -11.3301 7.1250 -0.0000 -0.0000 5.3503 1.8702 5.5460
1.4618 18.0350 2.3525 -192.6370 -86.2391 205.7710 0.0000 0.0000 0.0000 -19.1591 -13.2655 -37.5670 4.0353 12.2072 36.4689 0.4397 0.1925 -12.5982 0.1297 -2.3211 -6.3940 0.0000 0.0000 0.0000 17.4111 7.2096 -14.5338 -8.7739 -16.6600 55.3050 -0.1368 -1.7322 6.5970 -1.7771 -8.3855 23.8913 -2.3228 0.3765 -10.5327 0.3829 0.7718 1.1661 1.8405 0.2756 7.1160 -4.3586 -1.5567 -16.5410 1.9902 -1.4635 15.6460 1.2020 -0.7840 7.5901 0.0000 0.0000 0.0000 -87.2083 0.9900 32.8536 17.0593 -26.9359 -4.1142 -0.0000 0.0000 -17.3691 17.1322 33.5373 9.6650 -7.1250 0.0000 -0.0000 -19.2674 63.7225 -8.9107 0.0000 0.0000 0.0000 85.8346 0.0874 25.0191 -20.4665 31.2003 -5.7711 0.0000 0.0000 15.1228 -21.6336 30.0013 -11.2169 7.1250 -0.0000 -0.0000 5.4199 1.7395 5.6068
1.3718 18.0448 2.3742 -192.3900 -85.9572 205.4510 0.0000 0.0000 0.0000 -19.3893 -13.1142 -37.1064 4.0339 12.2054 36.4626 0.4760 -0.0318 -13.0242 0.0998 -2.0376 -5.6095 0.0000 0.0000 0.0000 17.1243 7.3685 -15.2980 -9.1312 -16.8914 56.5428 -0.0509 -1.4823 4.0054 -1.9534 -8.7684 25.0735 -2.3358 0.3401 -10.4298 0.3994 0.7226 1.2255 1.8564 0.2503 7.1227 -4.3834 -1.5197 -16.5435 1.9743 -1.4023 15.5821 1.2076 -0.7571 7.5675 -0.0000 0.0000 0.0000 -87.0667 0.6106 33.2794 17.1294 -27.0281 -4.1460 -0.0000 0.0000 -17.4123 17.0911 33.5106 9.6342 -7.1250 0.0000 -0.0000 -19.2888 63.6865 -8.9048 -0.0000 0.0000 0.0000 85.9087 0.0823 24.3425 -19.8486 30.4595 -5.4544 0.0000 0.0000 15.7334 -21.8345 30.1541 -11.3797 7.1250 -0.0000 -0.0000 5.3250 1.9372 5.5256
1.2836 18.0578 2.3960 -191.9660 -85.7388 205.0370 0.0000 0.0000 0.0000 -19.5255 -13.1447 -36.6942 4.0302 12.2005 36.4450 0.5146 -0.1612 -13.4990 0.0820 -1.8473 -5.0838 0.0000 0.0000 0.0000 16.8792 7.4688 -16.1998 -9.4593 -17.0944 57.6654 -0.0060 -1.1212 1.4786 -2.1072 -9.0860 26.0646 -2.2762 0.3063 -10.3516 0.4031 0.6682 1.2516 1.8170 0.2261 7.1090 -4.4526 -1.4775 -16.4632 2.0758 -1.3493 15.4941 1.2585 -0.7257 7.5239 -0.0000 -0.0000 0.0000 -86.8579 0.1728 33.8093 17.1713 -27.0830 -4.1650 -0.0000 0.0000 -17.4582 17.0751 33.3155 9.5762 -7.1250 0.0000 -0.0000 -19.1272 63.5002 -8.7441 -0.0000 -0.0000 0.0000 86.0483 0.0233 23.5408 -19.3139 29.8069 -5.1860 0.0000 0.0000 16.2913 -22.2203 30.1415 -11.5921 7.1250 -0.0000 -0.0000 5.1012 2.0042 5.2972
1.1937 18.0731 2.4153 -190.4850 -85.5776 203.5790 0.0000 0.0000 0.0000 -19.5807 -13.0932 -36.3915 4.0323 12.2032 36.4547 0.5404 -0.0554 -13.8724 0.1231 -2.2622 -6.2308 0.0000 0.0000 0.0000 16.7594 7.5670 -17.0966 -9.7501 -17.2669 58.6499 -0.0001 -0.6196 -0.9094 -2.2674 -9.4022 27.0617 -2.1583 0.2406 -10.3177 0.4731 0.5605 1.2908 1.8068 0.1760 7.1369 -4.4774 -1.3918 -16.4237 2.0760 -1.2274 15.4362 1.2762 -0.6687 7.4939 -0.0000 -0.0000 0.0000 -86.7512 -0.3035 34.0919 17.1956 -27.1149 -4.1761 -0.0000 0.0000 -17.3889 17.1079 33.2233 9.5723 -7.1250 0.0000 -0.0000 -19.0065 63.4225 -8.6523 -0.0000 -0.0000 0.0000 86.0945 -0.0081 22.8976 -18.8371 29.2158 -4.9511 0.0000 0.0000 16.4686 -22.4561 30.0824 -11.7046 7.1250 -0.0000 -0.0000 4.9570 1.9929 5.1455
1.1048 18.0846 2.4333 -189.0180 -85.4382 202.0540 0.0000 0.0000 0.0000 -19.6390 -12.9735 -36.0471 4.0434 12.2179 36.5071 0.5687 -0.0719 -14.2258 0.1416 -2.4248 -6.6812 0.0000 0.0000 0.0000 16.6700 7.6635 -17.9183 -10.0129 -17.4171 59.5315 -0.0248 0.0678 -2.9507 -2.4306 -9.7107 28.0448 -2.0216 0.2017 -10.2078 0.5451 0.4839 1.3052 1.7922 0.1431 7.0933 -4.4179 -1.3237 -16.3297 1.9384 -1.1298 15.4687 1.2323 -0.6334 7.4839 0.0000 -0.0000 0.0000 -86.6403 -0.6734 34.4191 17.2352 -27.1668 -4.1942 -0.0000 0.0000 -17.3625 17.1012 33.2488 9.5747 -7.1250 0.0000 -0.0000 -19.0371 63.4447 -8.6767 0.0000 -0.0000 0.0000 86.1440 -0.0972 22.0838 -18.3585 28.6138 -4.7197 0.0000 0.0000 16.6416 -22.2476 30.1698 -11.6170 7.1250 -0.0000 -0.0000 5.0894 2.0389 5.2879
1.0177 18.0910 2.4530 -189.2490 -85.2435 202.1770 0.0000 0.0000 0.0000 -19.8031 -13.0260 -35.5665 4.0618 12.2422 36.5942 0.6190 -0.2902 -14.7703 0.1001 -2.0406 -5.6179 0.0000 0.0000 0.0000 16.4192 7.7274 -18.7197 -10.2461 -17.5459 60.3078 -0.0643 0.8335 -4.5680 -2.5954 -10.0093 29.0069 -1.9745 0.1922 -10.0498 0.5411 0.4625 1.2981 1.7561 0.1359 6.9967 -4.3059 -1.2865 -16.1551 1.7853 -1.0896 15.5319 1.1685 -0.6247 7.4717 0.0000 -0.0000 0.0000 -86.4580 -1.0787 34.8730 17.1604 -27.0688 -4.1601 -0.0000 0.0000 -17.3523 16.8845 33.2754 9.4550 -7.1250 0.0000 -0.0000 -19.3037 63.4123 -8.7882 0.0000 -0.0000 0.0000 86.2412 -0.2170 21.1156 -17.8676 27.9873 -4.4869 0.0000 0.0000 17.1254 -21.9833 29.9923 -11.4089 7.1250 -0.0000 -0.0000 5.2170 1.8020 5.4007
0.9309 18.0881 2.4714 -190.1430 -85.0319 203.0050 0.0000 0.0000 0.0000 -20.0916 -12.9677 -35.1880 4.0824 12.2692 36.6911 0.6581 -0.4199 -15.1912 0.1101 -2.1392 -5.8905 0.0000 0.0000 0.0000 16.1044 7.8463 -19.5438 -10.4532 -17.6569 60.9926 -0.1053 1.4548 -5.7924 -2.7120 -10.2135 29.6709 -2.0431 0.1387 -9.9858 0.5296 0.4002 1.3548 1.7727 0.1023 7.0231 -4.2503 -1.2423 -16.2131 1.8083 -1.0464 15.6429 1.1720 -0.5998 7.5166 0.0000 -0.0000 0.0000 -86.3041 -1.7762 35.1080 16.9262 -26.7604 -4.0541 -0.0000 0.0000 -17.2267 16.6610 33.3363 9.3396 -7.1250 0.0000 -0.0000 -19.6089 63.4103 -8.9316 0.0000 -0.0000 0.0000 86.2737 -0.1968 20.4265 -17.3845 27.3618 -4.2625 0.0000 0.0000 17.5437 -21.8972 29.7840 -11.2910 7.1250 -0.0000 -0.0000 5.2383 1.5706 5.4023
0.8440 18.0871 2.4881 -189.5880 -84.9213 202.3800 0.0000 0.0000 0.0000 -20.2770 -12.7046 -34.8841 4.0967 12.2880 36.7584 0.6818 -0.6064 -15.4072 0.1397 -2.4086 -6.6364 0.0000 0.0000 0.0000 15.9819 8.0361 -20.2850 -10.6196 -17.7439 61.5400 -0.1462 2.0684 -6.8005 -2.7777 -10.3261 30.0394 -1.9981 0.0960 -9.9178 0.5647 0.3345 1.4046 1.7736 0.0707 7.0404 -4.3213 -1.2353 -16.1025 1.9773 -1.0573 15.6285 1.2383 -0.5937 7.4940 -0.0000 0.0000 0.0000 -86.1632 -2.4231 35.2879 16.7476 -26.5239 -3.9740 -0.0000 0.0000 -17.0277 16.6294 33.5248 9.3669 -7.1250 0.0000 -0.0000 -19.8189 63.5772 -9.1084 -0.0000 0.0000 0.0000 86.3094 -0.2897 19.6613 -16.9897 26.8441 -4.0827 0.0000 0.0000 17.9499 -21.6817 29.8358 -11.1888 7.1250 -0.0000 -0.0000 5.3699 1.5797 5.5400
0.7583 18.0955 2.5043 -188.1450 -84.8525 200.8770 0.0000 0.0000 0.0000 -20.2817 -12.5839 -34.5266 4.1065 12.3007 36.8043 0.7186 -0.9334 -15.7256 0.1058 -2.0971 -5.7741 0.0000 0.0000 0.0000 15.9551 8.2396 -21.0192 -10.7393 -17.8051 61.9319 -0.1816 2.7231 -7.5700 -2.8043 -10.3713 30.1876 -1.8531 0.0808 -9.8421 0.6399 0.2895 1.4021 1.7633 0.0534 6.9966 -4.4524 -1.2640 -15.8263 2.0662 -1.0986 15.6571 1.2849 -0.6158 7.4581 -0.0000 0.0000 0.0000 -86.0935 -2.9668 35.3587 16.6011 -26.3289 -3.9087 -0.0000 0.0000 -16.4875 16.2920 33.8523 9.2472 -7.1250 0.0000 -0.0000 -20.5052 63.7910 -9.5395 -0.0000 0.0000 0.0000 86.3579 -0.5313 18.7107 -16.6842 26.4396 -3.9457 0.0000 0.0000 18.4313 -21.4847 29.6614 -11.0222 7.1250 -0.0000 -0.0000 5.4605 1.3611 5.6140
0.6726 18.1040 2.5198 -187.4880 -84.8052 200.2070 0.0000 0.0000 0.0000 -20.3450 -12.5833 -34.1697 4.1134 12.3098 36.8371 0.7541 -1.1408 -16.0597 0.0809 -1.8351 -5.0501 0.0000 0.0000 0.0000 15.8471 8.3597 -21.8623 -10.8160 -17.8438 62.1825 -0.2044 3.2598 -8.0379 -2.8350 -10.4230 30.3577 -1.7766 0.0047 -9.8260 0.6886 0.1745 1.3842 1.7533 -0.0006 6.9734 -4.4403 -1.2288 -15.8063 2.0884 -1.0679 16.0020 1.2948 -0.6039 7.5670 -0.0000 0.0000 0.0000 -86.0117 -3.6187 35.2771 16.3336 -25.9708 -3.7909 -0.0000 0.0000 -15.7927 15.7306 34.0532 8.9629 -7.1250 0.0000 -0.0000 -21.3249 63.8259 -9.9553 -0.0000 0.0000 0.0000 86.4211 -0.7090 18.0080 -16.3452 25.9865 -3.7960 0.0000 0.0000 18.6043 -21.7096 29.3128 -11.0299 7.1250 -0.0000 -0.0000 5.2841 1.0488 5.4028
0.5840 18.1056 2.5341 -187.1300 -84.8010 199.8270 0.0000 0.0000 0.0000 -20.4764 -12.5417 -33.8065 4.1212 12.3199 36.8734 0.7844 -1.2760 -16.3502 0.0853 -1.8842 -5.1857 0.0000 0.0000 0.0000 15.7595 8.4407 -22.6965 -10.8646 -17.8682 62.3412 -0.2201 3.8278 -8.3683 -2.9151 -10.5564 30.7979 -1.7117 -0.0768 -9.8686 0.6983 0.0581 1.4074 1.7089 -0.0560 7.0274 -4.2780 -1.1664 -15.8214 2.1027 -1.0318 16.2994 1.2779 -0.5798 7.6653 0.0000 0.0000 0.0000 -85.8314 -4.3368 35.4087 16.0658 -25.6097 -3.6743 -0.0000 0.0000 -15.5267 15.5937 34.1680 8.9081 -7.1250 0.0000 -0.0000 -21.5898 63.8944 -10.1192 0.0000 0.0000 0.0000 86.5070 -0.8450 17.4975 -16.0034 25.5252 -3.6474 0.0000 0.0000 18.3774 -22.2653 29.3030 -11.3310 7.1250 -0.0000 -0.0000 4.9597 1.1516 5.0773
0.4945 18.1031 2.5492 -187.7650 -84.7806 200.4400 0.0000 0.0000 0.0000 -20.7063 -12.4826 -33.4710 4.1353 12.3384 36.9397 0.8192 -1.5165 -16.6554 0.0883 -1.9170 -5.2764 0.0000 0.0000 0.0000 15.5933 8.5329 -23.5009 -10.8977 -17.8847 62.4489 -0.2302 4.4976 -8.6211 -2.9598 -10.6297 31.0409 -1.7832 -0.1536 -9.9848 0.7417 -0.0360 1.5139 1.7811 -0.1087 7.2118 -4.1213 -1.1357 -15.8422 1.9906 -1.0068 16.3585 1.2180 -0.5698 7.6862 0.0000 0.0000 0.0000 -85.7093 -5.1606 35.7278 15.9064 -25.3935 -3.6057 -0.0000 0.0000 -15.6772 15.7945 34.3875 9.0769 -7.1250 0.0000 -0.0000 -21.5856 64.1492 -10.2451 0.0000 0.0000 0.0000 86.4331 -0.8444 17.0020 -15.6992 25.1110 -3.5173 0.0000 0.0000 18.2433 -22.5852 29.5128 -11.5800 7.1250 -0.0000 -0.0000 4.8029 1.4338 4.9388
0.4123 18.0949 2.5636 -188.9670 -84.7236 201.6120 0.0000 0.0000 0.0000 -20.9829 -12.4230 -33.1847 4.1611 12.3718 37.0602 0.8515 -1.8379 -16.9119 0.0813 -1.8388 -5.0605 0.0000 0.0000 0.0000 15.3744 8.6424 -24.3377 -10.9142 -17.8928 62.5025 -0.2319 5.1451 -8.7530 -2.9415 -10.5998 30.9417 -1.9612 -0.2574 -9.9828 0.7939 -0.1555 1.5747 1.9177 -0.1769 7.2821 -4.0665 -1.1045 -15.8783 1.9548 -0.9728 16.5102 1.2014 -0.5557 7.7411 -0.0000 -0.0000 0.0000 -85.6435 -5.9714 35.8492 15.7098 -25.1255 -3.5218 -0.0000 0.0000 -15.7825 16.0819 34.3929 9.2492 -7.1250 0.0000 -0.0000 -21.2702 64.2318 -10.1296 -0.0000 -0.0000 0.0000 86.3306 -0.8526 16.4539 -15.4036 24.7053 -3.3928 0.0000 0.0000 18.6184 -22.4229 29.5084 -11.4886 7.1250 -0.0000 -0.0000 4.8963 1.3955 5.0324
0.3359 18.0852 2.5739 -188.7540 -84.7310 201.3170 0.0000 0.0000 0.0000 -21.0788 -12.3678 -32.8923 4.1976 12.4188 37.2299 0.8798 -2.1020 -17.1394 0.0783 -1.8054 -4.9681 0.0000 0.0000 0.0000 15.3576 8.7618 -25.1538 -10.9073 -17.8894 62.4801 -0.2327 5.6533 -8.8712 -2.9092 -10.5467 30.7658 -2.0036 -0.3234 -9.7794 0.8639 -0.2475 1.5118 2.0002 -0.2226 7.1037 -4.1370 -1.0860 -15.8087 2.0680 -0.9680 16.8885 1.2524 -0.5536 7.8548 -0.0000 0.0000 0.0000 -85.6287 -6.5789 35.8777 15.3976 -24.6971 -3.3903 -0.0000 0.0000 -15.5134 16.3778 33.9850 9.3293 -7.1250 0.0000 -0.0000 -20.5376 63.9365 -9.6249 -0.0000 0.0000 0.0000 86.3088 -1.1552 15.7408 -15.1783 24.3939 -3.2992 0.0000 0.0000 19.2034 -22.0691 29.2902 -11.2190 7.1250 -0.0000 -0.0000 5.0720 1.0984 5.1885
0.2548 18.0837 2.5836 -187.8130 -84.8411 200.3260 0.0000 0.0000 0.0000 -21.0496 -12.3965 -32.6305 4.2410 12.4743 37.4313 0.9114 -2.2671 -17.4194 0.0878 -1.9109 -5.2595 0.0000 0.0000 0.0000 15.4415 8.8541 -25.9478 -10.8658 -17.8688 62.3449 -0.2332 6.0935 -8.9841 -2.9044 -10.5387 30.7395 -1.9590 -0.3723 -9.6506 0.9875 -0.3299 1.4452 2.0921 -0.2619 6.9638 -4.2464 -1.1058 -15.8247 2.1160 -0.9917 17.3458 1.2852 -0.5747 8.0114 0.0000 0.0000 0.0000 -85.6765 -7.1033 36.1401 15.1185 -24.3109 -3.2746 -0.0000 0.0000 -15.1525 16.7469 33.3688 9.3976 -7.1250 0.0000 -0.0000 -19.5430 63.4631 -8.9246 0.0000 0.0000 0.0000 86.1819 -1.5133 15.0746 -15.0188 24.1723 -3.2336 0.0000 0.0000 19.4454 -21.8391 29.2804 -11.0898 7.1250 -0.0000 -0.0000 5.2044 1.0416 5.3200
0.1692 18.0819 2.5944 -187.6530 -84.8718 200.1560 0.0000 0.0000 0.0000 -21.1050 -12.4849 -32.3807 4.2905 12.5372 37.6600 0.9593 -2.4639 -17.8456 0.0959 -1.9974 -5.4986 0.0000 0.0000 0.0000 15.3990 9.0179 -26.7274 -10.7955 -17.8336 62.1158 -0.2202 6.5718 -8.9076 -2.9505 -10.6145 30.9904 -2.0161 -0.4466 -9.6673 1.0674 -0.4276 1.4606 2.1935 -0.3144 6.9963 -4.2200 -1.1019 -16.0395 2.1116 -0.9954 17.8288 1.2806 -0.5812 8.2110 -0.0000 -0.0000 0.0000 -85.6542 -7.7008 36.3023 15.0030 -24.1502 -3.2271 -0.0000 0.0000 -14.9973 17.0943 33.0050 9.5096 -7.1250 0.0000 -0.0000 -18.8255 63.2145 -8.4752 -0.0000 -0.0000 0.0000 86.0660 -1.6756 14.5282 -14.8779 23.9757 -3.1761 0.0000 0.0000 19.7350 -22.0061 29.4727 -11.2463 7.1250 -0.0000 -0.0000 5.1331 1.2732 5.2669
0.0855 18.0727 2.6049 -187.9560 -84.8084 200.3920 0.0000 0.0000 0.0000 -21.2579 -12.4782 -32.0901 4.3435 12.6040 37.9035 1.0104 -2.6920 -18.2863 0.1053 -2.0929 -5.7625 0.0000 0.0000 0.0000 15.2917 9.2445 -27.4316 -10.7002 -17.7852 61.8041 -0.1992 6.9893 -8.7068 -2.9682 -10.6434 31.0865 -2.1174 -0.5027 -9.6576 1.1064 -0.4929 1.5092 2.2817 -0.3524 7.0476 -4.1651 -1.0866 -16.1523 2.0811 -0.9876 18.1878 1.2635 -0.5820 8.3511 -0.0000 0.0000 0.0000 -85.6188 -8.3986 36.2570 14.9103 -24.0210 -3.1893 -0.0000 0.0000 -14.9414 17.2708 33.0067 9.6125 -7.1250 0.0000 -0.0000 -18.6296 63.2623 -8.4047 -0.0000 0.0000 0.0000 86.0087 -1.8076 13.9762 -14.7456 23.7906 -3.1226 0.0000 0.0000 20.2371 -22.1930 29.4393 -11.3379 7.1250 -0.0000 -0.0000 5.0202 1.2771 5.1505
0.0021 18.0616 2.6142 -187.5850 -84.8177 199.9590 0.0000 0.0000 0.0000 -21.3459 -12.3710 -31.8514 4.3965 12.6702 38.1460 1.0415 -2.9570 -18.5259 0.1053 -2.0925 -5.7614 0.0000 0.0000 0.0000 15.2855 9.4353 -28.1235 -10.5779 -17.7222 61.4029 -0.1796 7.3501 -8.5235 -2.9231 -10.5695 30.8414 -2.1347 -0.5615 -9.6507 1.1656 -0.5736 1.5305 2.3414 -0.3946 7.0719 -4.1277 -1.0654 -16.0917 2.0861 -0.9812 18.4193 1.2606 -0.5808 8.4178 0.0000 -0.0000 0.0000 -85.5616 -9.1073 36.2479 14.7719 -23.8273 -3.1332 -0.0000 0.0000 -14.8884 17.4407 32.9668 9.7010 -7.1250 0.0000 -0.0000 -18.4037 63.2693 -8.3022 0.0000 -0.0000 0.0000 85.9634 -2.0394 13.5387 -14.6337 23.6334 -3.0776 0.0000 0.0000 20.6219 -22.1959 29.3440 -11.3069 7.1250 -0.0000 -0.0000 5.0056 1.1796 5.1270
-0.0829 18.0526 2.6219 -186.4550 -84.8582 198.8450 0.0000 0.0000 0.0000 -21.3309 -12.2589 -31.7088 4.4482 12.7340 38.3808 1.0703 -3.2570 -18.7371 0.1057 -2.0968 -5.7732 0.0000 0.0000 0.0000 15.3131 9.7079 -28.8631 -10.4309 -17.6452 60.9192 -0.1577 7.6951 -8.3098 -2.8959 -10.5246 30.6928 -2.0859 -0.6477 -9.7052 1.2055 -0.6967 1.5266 2.3365 -0.4542 7.1060 -3.9318 -0.9904 -16.1355 2.1061 -0.9426 18.7660 1.2408 -0.5524 8.5403 -0.0000 0.0000 0.0000 -85.3632 -9.6989 36.1557 14.7315 -23.7708 -3.1169 -0.0000 0.0000 -14.7107 17.3860 33.0540 9.6915 -7.1250 0.0000 -0.0000 -18.5427 63.3371 -8.3966 -0.0000 0.0000 0.0000 85.9836 -2.2865 13.2141 -14.5347 23.4939 -3.0380 0.0000 0.0000 21.1184 -22.7011 29.6528 -11.6932 7.1250 -0.0000 -0.0000 4.7552 1.6024 4.9031
-0.1665 18.0464 2.6301 -185.7240 -84.8397 198.1510 0.0000 0.0000 0.0000 -21.3800 -12.0643 -31.6035 4.4955 12.7921 38.5950 1.0976 -3.5259 -18.9411 0.1361 -2.3775 -6.5503 0.0000 0.0000 0.0000 15.2500 10.0361 -29.6219 -10.2655 -17.5565 60.3722 -0.1350 8.0305 -8.0907 -2.8873 -10.5104 30.6458 -2.0560 -0.6952 -9.7470 1.2359 -0.7655 1.5033 2.3406 -0.4873 7.1091 -3.8694 -0.9521 -16.2234 2.1527 -0.9285 19.2073 1.2497 -0.5433 8.7053 -0.0000 0.0000 0.0000 -85.1985 -10.2607 36.1167 14.7200 -23.7546 -3.1123 -0.0000 0.0000 -14.4299 17.0846 33.3885 9.6000 -7.1250 0.0000 -0.0000 -19.1835 63.5710 -8.8025 -0.0000 0.0000 0.0000 85.9506 -2.5300 12.9414 -14.4357 23.3542 -2.9987 0.0000 0.0000 21.3978 -23.1534 30.0243 -12.0778 7.1250 -0.0000 -0.0000 4.5472 2.0813 4.7240
-0.2491 18.0393 2.6368 -186.2680 -84.8266 198.6490 0.0000 0.0000 0.0000 -21.5654 -11.8877 -31.3691 4.5356 12.8409 38.7757 1.1242 -3.8049 -19.1365 0.1547 -2.5346 -6.9855 0.0000 0.0000 0.0000 15.1161 10.2538 -30.2868 -10.0836 -17.4566 59.7673 -0.1146 8.3189 -7.8976 -2.8633 -10.4704 30.5138 -2.1251 -0.7059 -9.7014 1.2467 -0.7729 1.4823 2.3900 -0.4932 7.0623 -3.9854 -0.9902 -16.2821 2.2743 -0.9951 19.6912 1.3041 -0.5784 8.8846 -0.0000 0.0000 0.0000 -85.0951 -10.8401 36.3492 14.6871 -23.7085 -3.0991 -0.0000 0.0000 -14.3352 17.0038 33.5048 9.5815 -7.1250 0.0000 -0.0000 -19.3813 63.6580 -8.9362 -0.0000 0.0000 0.0000 85.9092 -2.8456 12.6205 -14.3697 23.2607 -2.9725 0.0000 0.0000 21.2693 -22.6034 30.1111 -11.7974 7.1250 -0.0000 -0.0000 4.8763 2.0535 5.0661
-0.3326 18.0324 2.6414 -186.4000 -84.8661 198.7020 0.0000 0.0000 0.0000 -21.6724 -11.8417 -31.0222 4.5671 12.8790 38.9173 1.1613 -4.1539 -19.4136 0.1323 -2.3444 -6.4585 0.0000 0.0000 0.0000 15.0570 10.5045 -30.8511 -9.8806 -17.3421 59.0884 -0.1049 8.5149 -7.8382 -2.7995 -10.3632 30.1611 -2.1669 -0.7364 -9.6326 1.2381 -0.8090 1.4976 2.3992 -0.5122 7.0420 -3.9785 -1.0214 -16.3772 2.3992 -1.0812 20.0955 1.3367 -0.6109 9.0443 -0.0000 -0.0000 0.0000 -84.9174 -11.3612 36.4775 14.7664 -23.8196 -3.1310 -0.0000 0.0000 -14.2806 17.0330 33.5279 9.6044 -7.1250 0.0000 -0.0000 -19.3699 63.6873 -8.9440 -0.0000 -0.0000 0.0000 85.9519 -3.1383 12.2785 -14.3398 23.2183 -2.9607 0.0000 0.0000 21.2559 -21.9282 30.2157 -11.4528 7.1250 -0.0000 -0.0000 5.2796 2.0196 5.4854
-0.4172 18.0275 2.6473 -185.6170 -84.9152 197.9180 0.0000 0.0000 0.0000 -21.6806 -11.8076 -30.7481 4.5942 12.9118 39.0390 1.1963 -4.4249 -19.6818 0.1286 -2.3120 -6.3688 0.0000 0.0000 0.0000 15.0629 10.8472 -31.4597 -9.6592 -17.2137 58.3433 -0.1101 8.6796 -8.0078 -2.7482 -10.2758 29.8744 -2.1375 -0.7792 -9.6882 1.2763 -0.8715 1.5403 2.4128 -0.5440 7.1232 -3.9637 -1.0340 -16.4468 2.4716 -1.1273 20.3499 1.3545 -0.6272 9.1466 0.0000 0.0000 0.0000 -84.7935 -11.9541 36.4458 14.8834 -23.9834 -3.1784 -0.0000 0.0000 -14.1157 17.0710 33.6126 9.6478 -7.1250 0.0000 -0.0000 -19.4064 63.7764 -9.0018 0.0000 0.0000 0.0000 85.9233 -3.2959 12.0430 -14.3381 23.2160 -2.9601 0.0000 0.0000 21.4902 -22.0935 30.3335 -11.5854 7.1250 -0.0000 -0.0000 5.2010 2.1747 5.4166
-0.5031 18.0215 2.6537 -186.1020 -84.9594 198.4020 0.0000 0.0000 0.0000 -21.8197 -11.8063 -30.4617 4.6210 12.9438 39.1585 1.2291 -4.5761 -19.9432 0.1407 -2.4171 -6.6599 0.0000 0.0000 0.0000 14.9285 11.1699 -32.0757 -9.4211 -17.0712 57.5352 -0.1246 8.8266 -8.3121 -2.7716 -10.3158 30.0055 -2.1791 -0.8145 -9.7417 1.2900 -0.9136 1.5596 2.4438 -0.5675 7.1781 -3.9225 -1.0322 -16.5270 2.4108 -1.1344 20.7139 1.3274 -0.6399 9.2873 0.0000 -0.0000 0.0000 -84.6617 -12.6082 36.7135 14.9536 -24.0815 -3.2070 -0.0000 0.0000 -14.2771 17.1491 33.7315 9.7234 -7.1250 0.0000 -0.0000 -19.4302 63.9081 -9.0730 0.0000 -0.0000 0.0000 85.8921 -3.5100 11.8343 -14.3733 23.2658 -2.9740 0.0000 0.0000 21.6697 -22.2946 30.2751 -11.6793 7.1250 -0.0000 -0.0000 5.0772 2.1569 5.2852
-0.5873 18.0117 2.6579 -186.8770 -85.0130 199.1470 0.0000 0.0000 0.0000 -21.9770 -11.7842 -30.1637 4.6467 12.9746 39.2733 1.2587 -4.7865 -20.1676 0.1375 -2.3896 -6.5836 0.0000 0.0000 0.0000 14.7939 11.4620 -32.6408 -9.1667 -16.9138 56.6648 -0.1432 8.9539 -8.6586 -2.8056 -10.3736 30.1952 -2.2543 -0.8689 -9.6684 1.2593 -0.9759 1.5319 2.4445 -0.5992 7.1112 -3.6974 -0.9626 -16.7304 2.2763 -1.0811 21.2633 1.2525 -0.6201 9.5128 0.0000 -0.0000 0.0000 -84.3908 -13.0779 37.0747 15.1354 -24.3344 -3.2815 -0.0000 0.0000 -14.8466 17.2491 33.9790 9.8445 -7.1250 0.0000 -0.0000 -19.5528 64.1654 -9.2496 0.0000 -0.0000 0.0000 85.9436 -3.8536 11.7901 -14.4371 23.3562 -2.9992 0.0000 0.0000 21.6205 -22.0097 30.1600 -11.4799 7.1250 -0.0000 -0.0000 5.2250 1.9794 5.4247
-0.6705 18.0015 2.6628 -186.3440 -85.0532 198.5980 0.0000 0.0000 0.0000 -22.0266 -11.6495 -29.9193 4.6689 13.0009 39.3720 1.2811 -4.9767 -20.3339 0.1505 -2.4996 -6.8885 0.0000 0.0000 0.0000 14.7906 11.7793 -33.1578 -8.8958 -16.7402 55.7290 -0.1544 9.1093 -8.9010 -2.8345 -10.4222 30.3551 -2.2194 -0.8798 -9.6563 1.2585 -0.9949 1.5356 2.4210 -0.6070 7.1087 -3.6518 -0.9451 -16.8597 2.3540 -1.1004 21.6502 1.2711 -0.6222 9.6735 -0.0000 -0.0000 0.0000 -84.2163 -13.4271 37.3520 15.5213 -24.8673 -3.4422 -0.0000 0.0000 -15.4041 17.5742 34.2816 10.1150 -7.1250 0.0000 -0.0000 -19.4779 64.5353 -9.3802 -0.0000 -0.0000 0.0000 85.9507 -4.1299 11.8306 -14.4938 23.4363 -3.0217 0.0000 0.0000 21.3425 -21.9069 30.1453 -11.4174 7.1250 -0.0000 -0.0000 5.2821 1.9432 5.4812
-0.7561 17.9943 2.6687 -185.8900 -85.0987 198.0850 0.0000 0.0000 0.0000 -22.1092 -11.4531 -29.6043 4.6850 13.0200 39.4434 1.2962 -5.1662 -20.4395 0.1789 -2.7247 -7.5132 0.0000 0.0000 0.0000 14.7718 12.0773 -33.5963 -8.6063 -16.5476 54.7183 -0.1585 9.3240 -9.0639 -2.8318 -10.4177 30.3402 -2.1674 -0.8761 -9.6773 1.2814 -0.9976 1.5826 2.4151 -0.6080 7.1704 -3.8632 -1.0298 -16.6797 2.5343 -1.2182 21.6859 1.3539 -0.6770 9.6589 -0.0000 0.0000 0.0000 -84.1794 -13.8034 37.5558 15.9474 -25.4493 -3.6233 -0.0000 0.0000 -15.5052 17.6847 34.8232 10.3192 -7.1250 0.0000 -0.0000 -19.8942 65.0682 -9.8336 -0.0000 0.0000 0.0000 85.9262 -4.3716 11.8395 -14.5602 23.5299 -3.0482 0.0000 0.0000 20.8542 -21.7219 30.1937 -11.3298 7.1250 -0.0000 -0.0000 5.3953 1.9546 5.6007
-0.8399 17.9891 2.6738 -186.2600 -85.1744 198.4030 0.0000 0.0000 0.0000 -22.2407 -11.3534 -29.2388 4.6933 13.0299 39.4804 1.3105 -5.3126 -20.5434 0.2259 -3.0594 -8.4442 0.0000 0.0000 0.0000 14.6779 12.3324 -34.0533 -8.2996 -16.3352 53.6348 -0.1615 9.5134 -9.1987 -2.7241 -10.2345 29.7395 -2.2333 -0.9744 -9.6148 1.3029 -1.1234 1.5888 2.4556 -0.6727 7.1508 -3.8305 -1.0219 -16.4900 2.4761 -1.2189 21.7636 1.3283 -0.6859 9.6503 0.0000 -0.0000 0.0000 -84.0323 -14.2266 37.5793 16.2069 -25.8004 -3.7356 -0.0000 0.0000 -15.4490 17.5887 35.1973 10.3548 -7.1250 0.0000 -0.0000 -20.3923 65.3866 -10.2391 0.0000 -0.0000 0.0000 85.9045 -4.6345 12.0590 -14.6420 23.6450 -3.0809 0.0000 0.0000 20.3595 -20.9579 29.9259 -10.8177 7.1250 -0.0000 -0.0000 5.7999 1.5264 5.9828
-0.9232 17.9866 2.6774 -186.6390 -85.2491 198.7870 0.0000 0.0000 0.0000 -22.3393 -11.3870 -28.8742 4.6911 13.0272 39.4703 1.3296 -5.2938 -20.6994 0.3082 -3.5692 -9.8677 0.0000 0.0000 0.0000 14.5511 12.6810 -34.5139 -7.9745 -16.1005 52.4708 -0.1520 9.6583 -9.1365 -2.5719 -9.9674 28.8712 -2.3157 -1.0879 -9.6555 1.3130 -1.2647 1.6249 2.4898 -0.7467 7.2238 -3.6061 -0.9246 -16.6008 2.4003 -1.1367 22.0797 1.2764 -0.6427 9.7778 0.0000 -0.0000 0.0000 -83.8365 -14.7262 37.4662 16.3502 -25.9932 -3.7981 -0.0000 0.0000 -15.4805 17.8478 34.6434 10.3725 -7.1250 0.0000 -0.0000 -19.5253 64.9469 -9.5900 0.0000 -0.0000 0.0000 85.8860 -4.7699 12.3077 -14.7246 23.7610 -3.1141 0.0000 0.0000 20.0079 -20.2353 29.4642 -10.2773 7.1250 -0.0000 -0.0000 6.1601 0.9141 6.2939
-1.0125 17.9842 2.6802 -187.1190 -85.3438 199.2710 0.0000 0.0000 0.0000 -22.4665 -11.3057 -28.5128 4.6787 13.0126 39.4157 1.3487 -5.5483 -20.8317 0.3037 -3.5434 -9.7955 0.0000 0.0000 0.0000 14.4094 13.0500 -34.8929 -7.6315 -15.8414 51.2241 -0.1564 9.5748 -9.1577 -2.4629 -9.7701 28.2353 -2.3512 -1.1247 -9.7972 1.3130 -1.3066 1.6815 2.5014 -0.7711 7.3692 -3.6612 -0.9368 -16.6274 2.5083 -1.1755 22.2792 1.3193 -0.6565 9.8558 -0.0000 -0.0000 0.0000 -83.7951 -15.1167 37.3713 16.5313 -26.2358 -3.8779 -0.0000 0.0000 -15.2804 18.0353 33.7397 10.2509 -7.1250 0.0000 -0.0000 -18.4353 64.1543 -8.6980 -0.0000 -0.0000 0.0000 85.9087 -4.9160 12.2350 -14.8108 23.8819 -3.1490 0.0000 0.0000 19.8027 -20.1265 29.4991 -10.2292 7.1250 -0.0000 -0.0000 6.2276 0.9288 6.3652
-1.1011 17.9831 2.6828 -187.7450 -85.4826 199.8730 0.0000 0.0000 0.0000 -22.6151 -11.1174 -28.1557 4.6590 12.9891 39.3278 1.3578 -5.8460 -20.8831 0.2888 -3.4562 -9.5515 0.0000 0.0000 0.0000 14.2569 13.3959 -35.2181 -7.2726 -15.5572 49.8980 -0.1659 9.3602 -9.1877 -2.3402 -9.5414 27.5040 -2.3512 -1.1170 -9.8211 1.3052 -1.2953 1.6745 2.4948 -0.7653 7.3744 -3.8810 -1.0468 -16.4853 2.6085 -1.3128 22.4466 1.3738 -0.7325 9.8957 0.0000 0.0000 0.0000 -83.7836 -15.3792 37.5678 16.8398 -26.6461 -4.0152 -0.0000 0.0000 -15.3515 17.9479 33.4821 10.1316 -7.1250 0.0000 -0.0000 -18.2962 63.8888 -8.5171 0.0000 0.0000 0.0000 85.9540 -5.2369 12.0616 -14.9200 24.0346 -3.1933 0.0000 0.0000 19.5209 -20.2365 29.8595 -10.4005 7.1250 -0.0000 -0.0000 6.2084 1.3171 6.3868
-1.1861 17.9863 2.6841 -187.8370 -85.5954 199.9340 0.0000 0.0000 0.0000 -22.7009 -11.0033 -27.7596 4.6313 12.9562 39.2047 1.3812 -5.9236 -21.0628 0.3214 -3.6442 -10.0777 0.0000 0.0000 0.0000 14.1245 13.8634 -35.4820 -6.9013 -15.2482 48.5001 -0.1258 9.3513 -8.5994 -2.4223 -9.6952 27.9953 -2.3521 -1.1313 -9.7865 1.3025 -1.3147 1.6980 2.4895 -0.7751 7.3810 -3.9334 -1.0916 -16.6865 2.6665 -1.3912 22.9222 1.3948 -0.7731 10.1075 -0.0000 -0.0000 0.0000 -83.6759 -15.7190 37.6964 17.3125 -27.2679 -4.2295 -0.0000 0.0000 -16.0048 18.0312 33.7753 10.2578 -7.1250 0.0000 -0.0000 -18.4734 64.1867 -8.7305 -0.0000 -0.0000 0.0000 85.9882 -5.5178 12.1526 -15.1266 24.3222 -3.2779 0.0000 0.0000 19.1496 -20.2392 29.9298 -10.4237 7.1250 -0.0000 -0.0000 6.2157 1.3893 6.4020
-1.2742 17.9908 2.6847 -188.0810 -85.6430 200.1780 0.0000 0.0000 0.0000 -22.8056 -10.9159 -27.3312 4.5949 12.9126 39.0421 1.4365 -6.3710 -21.4685 0.2253 -3.0550 -8.4319 0.0000 0.0000 0.0000 13.9595 14.3555 -35.7206 -6.5250 -14.9185 47.0540 -0.0698 9.3667 -7.7443 -2.7953 -10.3560 30.1376 -2.4151 -1.1632 -9.8285 1.3316 -1.3507 1.7222 2.5495 -0.7972 7.4358 -4.0476 -1.1097 -16.8891 2.8155 -1.4410 23.4165 1.4627 -0.7957 10.3282 -0.0000 0.0000 0.0000 -83.6225 -16.0851 37.6368 17.7631 -27.8528 -4.4380 -0.0000 0.0000 -16.6120 18.1334 34.2873 10.4531 -7.1250 0.0000 -0.0000 -18.8457 64.6941 -9.1346 -0.0000 0.0000 0.0000 85.9542 -5.7929 12.3428 -15.3532 24.6358 -3.3718 0.0000 0.0000 18.8627 -20.1648 29.6831 -10.3068 7.1250 -0.0000 -0.0000 6.2280 1.1236 6.3865
-1.3629 17.9957 2.6871 -188.7710 -85.7685 200.8390 0.0000 0.0000 0.0000 -22.9388 -10.8029 -26.8535 4.5491 12.8572 38.8364 1.4721 -6.8497 -21.7208 0.1560 -2.5446 -7.0135 0.0000 0.0000 0.0000 13.7524 14.7474 -35.9435 -6.1493 -14.5715 45.5781 -0.0346 9.3047 -7.1264 -3.0262 -10.7373 31.3990 -2.4756 -1.2120 -9.8309 1.3725 -1.4115 1.6972 2.6171 -0.8300 7.4173 -4.2113 -1.1434 -16.7392 2.9129 -1.4928 23.6381 1.5190 -0.8301 10.3839 0.0000 -0.0000 0.0000 -83.6230 -16.3705 37.6298 18.1412 -28.3376 -4.6161 -0.0000 0.0000 -16.7509 17.8086 34.9582 10.4290 -7.1250 0.0000 -0.0000 -19.8908 65.2277 -9.9052 0.0000 -0.0000 0.0000 85.8973 -6.1908 12.5045 -15.5371 24.8890 -3.4488 0.0000 0.0000 18.4186 -19.8482 29.3979 -10.0480 7.1250 -0.0000 -0.0000 6.3771 0.7728 6.5027
-1.4487 18.0006 2.6893 -189.2670 -85.9258 201.2730 0.0000 0.0000 0.0000 -23.0505 -10.6524 -26.3644 4.4937 12.7899 38.5871 1.4792 -7.0442 -21.7686 0.1668 -2.6313 -7.2540 0.0000 0.0000 0.0000 13.5184 15.2399 -36.1211 -5.7813 -14.2130 44.0974 -0.0115 9.1195 -6.6009 -3.0872 -10.8348 31.7248 -2.4572 -1.2363 -9.7959 1.3644 -1.4463 1.7198 2.5928 -0.8464 7.4230 -4.2613 -1.1879 -16.6758 2.8845 -1.5484 23.7915 1.5105 -0.8679 10.4302 -0.0000 0.0000 0.0000 -83.5881 -16.6414 37.6538 18.5462 -28.8509 -4.8099 -0.0000 0.0000 -16.7671 17.5014 34.9871 10.2487 -7.1250 0.0000 -0.0000 -20.2724 65.1685 -10.0746 -0.0000 0.0000 0.0000 85.9262 -6.4692 12.5972 -15.7100 25.1259 -3.5219 0.0000 0.0000 17.9705 -19.8043 29.3754 -10.0176 7.1250 -0.0000 -0.0000 6.3999 0.7417 6.5229
-1.5371 18.0070 2.6905 -190.6430 -86.0120 202.6120 0.0000 0.0000 0.0000 -23.2465 -10.4253 -25.8899 4.4282 12.7094 38.2903 1.4725 -7.1215 -21.7157 0.2152 -2.9865 -8.2412 0.0000 0.0000 0.0000 13.1679 15.8762 -36.2626 -5.4284 -13.8505 42.6420 0.0079 8.8514 -6.0529 -3.1346 -10.9098 31.9762 -2.4955 -1.2319 -9.8271 1.3153 -1.4310 1.7527 2.5644 -0.8402 7.4747 -4.2832 -1.2074 -16.7229 2.9260 -1.5967 24.0817 1.5240 -0.8927 10.5477 0.0000 0.0000 0.0000 -83.5535 -16.8683 37.7979 18.9375 -29.3409 -5.0002 -0.0000 0.0000 -17.0502 17.8186 34.4125 10.2956 -7.1250 0.0000 -0.0000 -19.3284 64.7242 -9.3903 0.0000 0.0000 0.0000 85.9939 -6.6352 12.5380 -15.8341 25.2952 -3.5748 0.0000 0.0000 17.8301 -19.9609 29.3953 -10.1079 7.1250 -0.0000 -0.0000 6.3112 0.7915 6.4368
-1.6265 18.0160 2.6918 -192.5070 -86.1289 204.4480 0.0000 0.0000 0.0000 -23.4665 -10.1002 -25.4196 4.3545 12.6177 37.9538 1.4526 -7.3207 -21.5625 0.2621 -3.2936 -9.0973 0.0000 0.0000 0.0000 12.7967 16.4874 -36.3853 -5.0932 -13.4879 41.2236 0.0130 8.5895 -5.7635 -3.1826 -10.9849 32.2291 -2.6071 -1.2861 -9.8353 1.2892 -1.4871 1.7340 2.5907 -0.8714 7.4657 -4.2429 -1.1776 -16.6638 2.9832 -1.6072 24.3836 1.5380 -0.8951 10.6472 0.0000 -0.0000 0.0000 -83.4676 -16.9476 37.9110 19.4462 -29.9694 -5.2519 -0.0000 0.0000 -17.2236 17.9114 34.8261 10.4580 -7.1250 0.0000 -0.0000 -19.6375 65.1340 -9.7320 0.0000 -0.0000 0.0000 86.0415 -6.9070 12.5668 -15.9820 25.4962 -3.6382 0.0000 0.0000 17.7084 -19.8659 29.3917 -10.0556 7.1250 -0.0000 -0.0000 6.3660 0.7698 6.4910
-1.7144 18.0249 2.6925 -193.4970 -86.2908 205.4250 0.0000 0.0000 0.0000 -23.5908 -9.7989 -24.9766 4.2780 12.5215 37.6026 1.4478 -7.7719 -21.5249 0.2224 -3.0360 -8.3789 0.0000 0.0000 0.0000 12.4842 17.1384 -36.5576 -4.7775 -13.1287 39.8522 0.0016 8.4197 -5.8683 -3.2489 -11.0874 32.5752 -2.6728 -1.3643 -9.8518 1.3079 -1.5843 1.7364 2.6313 -0.9226 7.4870 -4.2966 -1.2059 -16.7320 3.0205 -1.6594 24.6920 1.5549 -0.9255 10.7772 -0.0000 -0.0000 0.0000 -83.3922 -17.0924 37.9895 19.9517 -30.5841 -5.5067 -0.0000 0.0000 -17.4462 17.9039 35.4799 10.6204 -7.1250 0.0000 -0.0000 -20.3309 65.7358 -10.3703 -0.0000 -0.0000 0.0000 86.0397 -7.1490 12.7214 -16.1500 25.7236 -3.7108 0.0000 0.0000 17.4533 -20.0057 29.4565 -10.1508 7.1250 -0.0000 -0.0000 6.2926 0.8624 6.4253
-1.8038 18.0318 2.6911 -194.8980 -86.4434 206.8230 0.0000 0.0000 0.0000 -23.7232 -9.5903 -24.5116 4.2037 12.4267 37.2586 1.4519 -8.1473 -21.5610 0.1858 -2.7760 -7.6558 0.0000 0.0000 0.0000 12.0742 17.9286 -36.7657 -4.4838 -12.7778 38.5423 -0.0138 8.2375 -6.0498 -3.2946 -11.1573 32.8122 -2.7597 -1.4065 -9.9096 1.3335 -1.6302 1.7647 2.6989 -0.9507 7.5574 -4.5219 -1.2886 -16.8425 3.1959 -1.7742 24.9988 1.6423 -0.9828 10.9214 0.0000 0.0000 0.0000 -83.4159 -17.3593 38.1827 20.2523 -30.9451 -5.6605 -0.0000 0.0000 -18.0000 18.3842 34.6552 10.7019 -7.1250 0.0000 -0.0000 -18.9213 65.1071 -9.3533 0.0000 0.0000 0.0000 85.9673 -7.3136 12.8754 -16.2726 25.8889 -3.7642 0.0000 0.0000 17.1323 -20.1788 29.4753 -10.2501 7.1250 -0.0000 -0.0000 6.1943 0.9145 6.3293
-1.8923 18.0372 2.6907 -196.8010 -86.5718 208.6920 0.0000 0.0000 0.0000 -23.8862 -9.3784 -24.0112 4.1314 12.3333 36.9215 1.4495 -8.4074 -21.5497 0.1857 -2.7755 -7.6543 0.0000 0.0000 0.0000 11.6129 18.7146 -36.9545 -4.2174 -12.4442 37.3219 -0.0200 7.8518 -5.9190 -3.3571 -11.2518 33.1338 -2.8222 -1.4044 -9.9149 1.3105 -1.6175 1.7720 2.7118 -0.9469 7.5686 -4.6809 -1.3681 -16.6656 3.4246 -1.9228 25.0554 1.7315 -1.0422 10.9184 -0.0000 0.0000 0.0000 -83.4037 -17.5495 38.2307 20.5474 -31.2962 -5.8130 -0.0000 0.0000 -17.9189 17.9223 33.5447 10.1328 -7.1250 0.0000 -0.0000 -18.3828 63.9408 -8.5810 -0.0000 0.0000 0.0000 85.9716 -7.5257 12.8541 -16.4214 26.0887 -3.8294 0.0000 0.0000 17.0166 -20.4168 29.9391 -10.5240 7.1250 -0.0000 -0.0000 6.1142 1.4333 6.3009
-1.9800 18.0434 2.6921 -197.3370 -86.7295 209.1870 0.0000 0.0000 0.0000 -23.9513 -9.1479 -23.5108 4.0588 12.2382 36.5800 1.4482 -8.5754 -21.5456 0.1959 -2.8501 -7.8617 0.0000 0.0000 0.0000 11.2790 19.4244 -37.1519 -3.9823 -12.1368 36.2175 -0.0076 7.4332 -5.3772 -3.3742 -11.2775 33.2217 -2.7213 -1.3742 -9.8639 1.2566 -1.5871 1.7550 2.6036 -0.9252 7.5140 -4.6053 -1.4279 -16.4651 3.4438 -2.0554 25.1143 1.7072 -1.0982 10.9066 -0.0000 -0.0000 0.0000 -83.3195 -17.6237 38.1894 20.9490 -31.7688 -6.0231 -0.0000 0.0000 -17.3366 16.7828 33.7205 9.5046 -7.1250 0.0000 -0.0000 -19.8310 63.7999 -9.2174 -0.0000 -0.0000 0.0000 86.1208 -7.7763 12.6749 -16.6032 26.3317 -3.9097 0.0000 0.0000 17.1679 -21.2501 30.5223 -11.1723 7.1250 -0.0000 -0.0000 5.7111 2.1941 5.9548
-2.0689 18.0501 2.6929 -197.8010 -86.9063 209.6350 0.0000 0.0000 0.0000 -23.9926 -8.9498 -23.0370 3.9879 12.1443 36.2443 1.4413 -8.7333 -21.5006 0.1956 -2.8478 -7.8552 0.0000 0.0000 0.0000 10.9396 20.1258 -37.3964 -3.7779 -11.8588 35.2344 -0.0005 7.0446 -4.9479 -3.3696 -11.2706 33.1979 -2.6118 -1.3642 -9.8456 1.2272 -1.5857 1.7529 2.5111 -0.9187 7.4967 -4.4884 -1.4810 -16.3665 3.3273 -2.1487 25.2331 1.6326 -1.1482 10.9334 -0.0000 -0.0000 0.0000 -83.3012 -17.6469 38.3745 21.4453 -32.3444 -6.2865 -0.0000 0.0000 -17.4605 16.0841 34.6838 9.3178 -7.1250 0.0000 -0.0000 -21.5629 64.4985 -10.4088 -0.0000 -0.0000 0.0000 86.2217 -8.0149 12.7262 -16.7949 26.5866 -3.9951 0.0000 0.0000 16.8685 -21.2216 30.2554 -11.0701 7.1250 -0.0000 -0.0000 5.6915 1.9159 5.9075
-2.1567 18.0559 2.6941 -200.8680 -87.0580 212.7220 0.0000 0.0000 0.0000 -24.1657 -8.7929 -22.6101 3.9198 12.0529 35.9194 1.4144 -8.8887 -21.3075 0.2067 -2.9275 -8.0770 0.0000 0.0000 0.0000 10.4061 20.8117 -37.7179 -3.6014 -11.6102 34.3668 0.0028 6.9529 -4.8043 -3.4661 -11.4138 33.6884 -2.6450 -1.4049 -9.8908 1.2031 -1.6328 1.7916 2.4955 -0.9439 7.5675 -4.6176 -1.5756 -16.4595 3.3799 -2.2593 25.3083 1.6582 -1.2040 10.9873 0.0000 -0.0000 0.0000 -83.3568 -17.7178 38.6863 21.9415 -32.9109 -6.5541 -0.0000 0.0000 -18.2562 15.7203 35.0681 9.1863 -7.1250 0.0000 -0.0000 -22.3704 64.7484 -10.9466 0.0000 -0.0000 0.0000 86.2229 -8.1427 12.9190 -16.9515 26.7939 -4.0655 0.0000 0.0000 16.2609 -20.3054 29.6829 -10.3833 7.1250 -0.0000 -0.0000 6.1465 1.1505 6.3048
-2.2435 18.0585 2.6937 -204.1900 -87.1893 216.0800 0.0000 0.0000 0.0000 -24.3321 -8.6898 -22.1828 3.8522 11.9611 35.5944 1.4080 -8.8716 -21.2588 0.2660 -3.3176 -9.1642 0.0000 0.0000 0.0000 9.8424 21.5348 -38.0883 -3.4520 -11.3931 33.6175 0.0136 7.2477 -4.7577 -3.5440 -11.5276 34.0805 -2.7039 -1.4445 -9.9101 1.1730 -1.6755 1.7828 2.4896 -0.9664 7.5730 -4.8246 -1.6884 -16.6228 3.5562 -2.4094 25.4672 1.7368 -1.2707 11.0913 0.0000 -0.0000 0.0000 -83.3776 -17.7519 38.9533 22.3488 -33.3689 -6.7767 -0.0000 0.0000 -18.8735 15.7887 34.9129 9.1926 -7.1250 0.0000 -0.0000 -22.1306 64.6264 -10.7613 0.0000 -0.0000 0.0000 86.2515 -8.2483 12.9509 -17.0242 26.8897 -4.0983 0.0000 0.0000 16.0732 -20.1881 29.5231 -10.2700 7.1250 -0.0000 -0.0000 6.1948 0.9651 6.3352
-2.3323 18.0577 2.6919 -205.6100 -87.3220 217.4840 0.0000 0.0000 0.0000 -24.3966 -8.6294 -21.6751 3.7860 11.8701 35.2739 1.4349 -8.9575 -21.4642 0.2764 -3.3817 -9.3433 0.0000 0.0000 0.0000 9.4941 22.1232 -38.4171 -3.3258 -11.2047 32.9733 0.0173 7.4953 -4.8567 -3.4787 -11.4324 33.7525 -2.7067 -1.4665 -9.9306 1.1648 -1.7033 1.7760 2.4775 -0.9799 7.5792 -4.8595 -1.7599 -16.4809 3.6183 -2.5316 25.4782 1.7481 -1.3251 11.0749 -0.0000 -0.0000 0.0000 -83.3581 -17.7483 39.0676 22.7021 -33.7615 -6.9720 -0.0000 0.0000 -19.0576 15.5072 35.2946 9.1076 -7.1250 0.0000 -0.0000 -22.8509 64.8943 -11.2703 -0.0000 -0.0000 0.0000 86.2713 -8.3779 13.0295 -17.0941 26.9817 -4.1299 0.0000 0.0000 15.9549 -20.0989 29.4282 -10.1924 7.1250 -0.0000 -0.0000 6.2350 0.8512 6.3645
-2.4218 18.0602 2.6919 -207.8140 -87.4513 219.6240 0.0000 0.0000 0.0000 -24.4972 -8.5374 -21.1206 3.7263 11.7870 34.9826 1.4262 -9.2818 -21.4187 0.1956 -2.8484 -7.8569 0.0000 0.0000 0.0000 9.1580 22.5980 -38.7043 -3.2148 -11.0349 32.3977 0.0053 7.6164 -5.2187 -3.3569 -11.2515 33.1328 -2.7196 -1.4977 -9.9502 1.1698 -1.7429 1.8516 2.4824 -1.0021 7.6749 -4.8916 -1.8221 -16.3072 3.5911 -2.6055 25.3384 1.7326 -1.3653 10.9923 -0.0000 0.0000 0.0000 -83.4013 -17.8560 39.1155 23.0288 -34.1203 -7.1545 -0.0000 0.0000 -19.1634 15.5810 35.4596 9.1890 -7.1250 0.0000 -0.0000 -22.9475 65.0635 -11.4100 -0.0000 0.0000 0.0000 86.2096 -8.3914 13.1907 -17.1884 27.1055 -4.1728 0.0000 0.0000 15.6817 -19.7306 29.4166 -9.9905 7.1250 -0.0000 -0.0000 6.4477 0.7697 6.5753
-2.5094 18.0651 2.6916 -211.4450 -87.5562 223.2410 0.0000 0.0000 0.0000 -24.6401 -8.3594 -20.6839 3.6740 11.7135 34.7257 1.3896 -9.5788 -21.1687 0.1506 -2.5007 -6.8916 0.0000 0.0000 0.0000 8.6649 23.1634 -39.0822 -3.1185 -10.8845 31.8914 -0.0058 7.9740 -5.7093 -3.2720 -11.1228 32.6951 -2.7558 -1.5088 -9.9224 1.1579 -1.7529 1.8709 2.4890 -1.0085 7.6811 -4.9981 -1.8985 -16.2108 3.6265 -2.6946 25.2608 1.7507 -1.4116 10.9512 0.0000 -0.0000 0.0000 -83.5115 -17.8867 39.2513 23.3824 -34.5043 -7.3538 -0.0000 0.0000 -19.1934 17.8736 33.7122 10.1476 -7.1250 0.0000 -0.0000 -18.5933 64.0849 -8.7451 0.0000 -0.0000 0.0000 86.1885 -8.3908 13.1215 -17.2107 27.1348 -4.1830 0.0000 0.0000 15.6249 -19.9148 29.6498 -10.1608 7.1250 -0.0000 -0.0000 6.3688 1.0419 6.5237
-2.5979 18.0635 2.6891 -214.3460 -87.6689 226.1780 0.0000 0.0000 0.0000 -24.7155 -8.0687 -20.3826 3.6292 11.6500 34.5047 1.3673 -9.8543 -21.0267 0.1681 -2.6413 -7.2816 0.0000 0.0000 0.0000 8.3657 23.5007 -39.5214 -3.0353 -10.7519 31.4478 -0.0027 8.3930 -5.9352 -3.1421 -10.9217 32.0162 -2.7665 -1.5167 -9.9506 1.1541 -1.7610 1.8628 2.4892 -1.0129 7.6894 -4.9733 -1.9376 -16.2053 3.5756 -2.7448 25.2840 1.7210 -1.4386 10.9604 0.0000 -0.0000 0.0000 -83.5956 -17.7794 39.3296 23.7889 -34.9402 -7.5853 -0.0000 0.0000 -19.1701 15.4546 35.9069 9.2099 -7.1250 0.0000 -0.0000 -23.5869 65.4297 -11.9429 0.0000 -0.0000 0.0000 86.1881 -8.4062 13.0468 -17.2246 27.1529 -4.1893 0.0000 0.0000 15.6129 -20.0109 29.6838 -10.2234 7.1250 -0.0000 -0.0000 6.3172 1.0948 6.4760
-2.6874 18.0561 2.6862 -216.7270 -87.7512 228.5720 0.0000 0.0000 0.0000 -24.7845 -7.8600 -20.0309 3.5936 11.5990 34.3276 1.3695 -10.0843 -21.0664 0.1858 -2.7764 -7.6569 0.0000 0.0000 0.0000 8.3562 23.4219 -39.9284 -2.9606 -10.6309 31.0451 -0.0071 8.3479 -5.9924 -2.9077 -10.5440 30.7571 -2.7890 -1.5326 -10.0428 1.1633 -1.7775 1.9175 2.5066 -1.0243 7.8035 -4.9071 -1.9476 -16.2098 3.5017 -2.7503 25.2123 1.6817 -1.4418 10.9328 0.0000 0.0000 0.0000 -83.6695 -17.6993 39.3585 24.1823 -35.3564 -7.8118 -0.0000 0.0000 -19.3019 16.0311 35.2703 9.4204 -7.1250 0.0000 -0.0000 -22.2377 65.0176 -11.0169 0.0000 0.0000 0.0000 86.1369 -8.3975 13.1142 -17.3326 27.2941 -4.2387 0.0000 0.0000 15.5088 -19.6290 29.4433 -9.9439 7.1250 -0.0000 -0.0000 6.5099 0.7779 6.6405
-2.7759 18.0495 2.6838 -219.3740 -87.7940 231.2040 0.0000 0.0000 0.0000 -24.8874 -7.9113 -19.5565 3.5640 11.5564 34.1801 1.4106 -10.0977 -21.3711 0.2007 -2.8850 -7.9587 0.0000 0.0000 0.0000 8.4084 23.2048 -40.3235 -2.8953 -10.5236 30.6895 -0.0405 8.0191 -6.4263 -2.6918 -10.1786 29.5571 -2.8208 -1.5222 -10.0775 1.1641 -1.7586 1.9411 2.5279 -1.0174 7.8487 -4.9871 -1.9782 -16.1018 3.5970 -2.7994 25.1299 1.7229 -1.4603 10.8860 -0.0000 -0.0000 0.0000 -83.8383 -17.6116 39.3407 24.4811 -35.6689 -7.9854 -0.0000 0.0000 -19.0000 17.2115 33.8260 9.7839 -7.1250 0.0000 -0.0000 -19.4493 64.0129 -9.1298 -0.0000 -0.0000 0.0000 86.1050 -8.4502 13.0508 -17.4150 27.4016 -4.2766 0.0000 0.0000 15.5168 -19.4637 29.3345 -9.8226 7.1250 -0.0000 -0.0000 6.5932 0.6363 6.7105
-2.8631 18.0451 2.6799 -222.6590 -87.8530 234.4550 0.0000 0.0000 0.0000 -24.9819 -7.9092 -19.0897 3.5348 11.5141 34.0341 1.4457 -10.0962 -21.6280 0.2356 -3.1237 -8.6233 0.0000 0.0000 0.0000 8.3390 23.2022 -40.6578 -2.8421 -10.4349 30.3970 -0.1040 7.8068 -7.4643 -2.5750 -9.9730 28.8892 -2.8832 -1.5309 -9.9960 1.1814 -1.7657 1.9294 2.5819 -1.0234 7.7926 -5.0038 -2.0237 -16.1279 3.5512 -2.8507 25.2104 1.7022 -1.4918 10.9235 -0.0000 0.0000 0.0000 -84.0465 -17.5156 39.1409 24.7006 -35.8964 -8.1137 -0.0000 0.0000 -18.1352 16.5932 33.8413 9.4221 -7.1250 0.0000 -0.0000 -20.1582 63.8613 -9.4045 -0.0000 0.0000 0.0000 86.0521 -8.4828 12.9629 -17.4292 27.4201 -4.2831 0.0000 0.0000 15.7091 -20.0299 29.5746 -10.2002 7.1250 -0.0000 -0.0000 6.2929 0.9873 6.4391
-2.9509 18.0388 2.6744 -225.6110 -87.8816 237.3910 0.0000 0.0000 0.0000 -25.0738 -7.7155 -18.7157 3.5050 11.4708 33.8848 1.4567 -10.1313 -21.7111 0.3008 -3.5264 -9.7480 0.0000 0.0000 0.0000 8.1847 23.3587 -40.9528 -2.8007 -10.3652 30.1677 -0.1771 7.7818 -8.6532 -2.4787 -9.7991 28.3287 -2.9547 -1.5469 -9.9073 1.1810 -1.7803 1.9304 2.6209 -1.0332 7.7461 -4.9775 -2.0703 -16.1380 3.5343 -2.9147 25.1619 1.6821 -1.5190 10.9100 -0.0000 0.0000 0.0000 -84.1520 -17.4239 39.1203 24.8868 -36.0880 -8.2231 -0.0000 0.0000 -18.0526 16.2549 33.7160 9.1931 -7.1250 0.0000 -0.0000 -20.4164 63.6551 -9.4317 -0.0000 0.0000 0.0000 85.9970 -8.4652 12.9955 -17.4517 27.4494 -4.2935 0.0000 0.0000 15.8562 -20.4858 29.9201 -10.5560 7.1250 -0.0000 -0.0000 6.0720 1.4274 6.2563
-3.0406 18.0303 2.6691 -227.9640 -87.9170 239.7330 0.0000 0.0000 0.0000 -25.1335 -7.6076 -18.3143 3.4791 11.4329 33.7543 1.4766 -10.2178 -21.8635 0.3375 -3.7335 -10.3282 0.0000 0.0000 0.0000 8.2191 23.2855 -41.2333 -2.7671 -10.3081 29.9802 -0.2370 7.7750 -9.5513 -2.3973 -9.6487 27.8463 -2.9539 -1.5292 -9.9124 1.1630 -1.7550 1.9663 2.6053 -1.0214 7.7851 -5.1121 -2.1698 -15.9367 3.7303 -3.0670 24.8948 1.7540 -1.5758 10.7846 0.0000 -0.0000 0.0000 -84.2080 -17.3507 39.4498 25.0198 -36.2242 -8.3016 -0.0000 0.0000 -18.9313 17.0631 32.8551 9.4540 -7.1250 0.0000 -0.0000 -18.7272 63.0656 -8.3639 0.0000 -0.0000 0.0000 85.9914 -8.4353 12.9990 -17.4812 27.4878 -4.3071 0.0000 0.0000 15.8635 -20.5091 30.0894 -10.6218 7.1250 -0.0000 -0.0000 6.0802 1.6045 6.2831
-3.1292 18.0234 2.6638 -232.0020 -87.9612 243.7320 0.0000 0.0000 0.0000 -25.2221 -7.6451 -17.8321 3.4590 11.4034 33.6527 1.5110 -10.2223 -22.1107 0.3727 -3.9210 -10.8546 0.0000 0.0000 0.0000 8.3843 22.9598 -41.4573 -2.7384 -10.2590 29.8196 -0.2776 7.7503 -10.1182 -2.3833 -9.6226 27.7632 -2.9856 -1.5358 -9.8980 1.1492 -1.7589 2.0164 2.6077 -1.0257 7.8316 -5.1277 -2.2741 -15.8577 3.7342 -3.2072 24.7621 1.7380 -1.6393 10.7280 0.0000 0.0000 0.0000 -84.2807 -17.2766 39.5854 25.1123 -36.3186 -8.3563 -0.0000 0.0000 -19.1238 16.9939 33.1095 9.4775 -7.1250 0.0000 -0.0000 -19.0311 63.2860 -8.6031 0.0000 0.0000 0.0000 86.0103 -8.3562 12.8787 -17.4955 27.5064 -4.3137 0.0000 0.0000 16.0982 -21.0745 30.3007 -11.0026 7.1250 -0.0000 -0.0000 5.7821 1.9325 6.0041
-3.2163 18.0163 2.6580 -235.7360 -87.9618 247.4720 0.0000 0.0000 0.0000 -25.3279 -7.7457 -17.4042 3.4441 11.3814 33.5772 1.5371 -10.1857 -22.2930 0.4039 -4.0801 -11.3021 0.0000 0.0000 0.0000 8.4189 22.8192 -41.6683 -2.7129 -10.2152 29.6764 -0.3253 7.7072 -10.7526 -2.3803 -9.6170 27.7450 -3.0135 -1.5435 -9.8274 1.1017 -1.7641 1.9811 2.5738 -1.0266 7.7527 -4.9734 -2.3196 -15.8544 3.6574 -3.2962 24.7864 1.6718 -1.6751 10.7368 -0.0000 0.0000 0.0000 -84.3331 -17.0482 39.5595 25.2153 -36.4233 -8.4174 -0.0000 0.0000 -18.7689 15.3594 34.7447 8.8973 -7.1250 0.0000 -0.0000 -22.4340 64.3565 -10.7755 -0.0000 0.0000 0.0000 86.0514 -8.3275 12.8407 -17.4771 27.4824 -4.3052 0.0000 0.0000 16.0801 -21.1905 30.2846 -11.0622 7.1250 -0.0000 -0.0000 5.7133 1.9394 5.9326
-3.3068 18.0072 2.6516 -237.8960 -87.9974 249.6580 0.0000 0.0000 0.0000 -25.3465 -7.7793 -17.0307 3.4321 11.3637 33.5166 1.5392 -10.4615 -22.3328 0.3591 -3.8496 -10.6538 0.0000 0.0000 0.0000 8.4172 22.8787 -41.7824 -2.6909 -10.1771 29.5522 -0.4044 7.4745 -11.7112 -2.3537 -9.5669 27.5854 -2.9693 -1.5386 -9.8404 1.0822 -1.7614 1.9583 2.5287 -1.0221 7.7332 -4.9601 -2.3697 -15.7653 3.7154 -3.3901 24.7367 1.6775 -1.7107 10.7066 0.0000 -0.0000 0.0000 -84.4213 -16.7343 39.7965 25.3609 -36.5706 -8.5040 -0.0000 0.0000 -19.3717 15.1508 35.1305 8.8562 -7.1250 0.0000 -0.0000 -23.0717 64.6482 -11.2534 0.0000 -0.0000 0.0000 86.0507 -8.2889 12.9050 -17.4488 27.4457 -4.2922 0.0000 0.0000 15.8093 -20.9605 30.0969 -10.8739 7.1250 -0.0000 -0.0000 5.8208 1.7015 6.0219
-3.3996 17.9961 2.6451 -240.8650 -88.0508 252.5810 0.0000 0.0000 0.0000 -25.3655 -7.7387 -16.5937 3.4203 11.3462 33.4566 1.5471 -10.7669 -22.4195 0.3214 -3.6441 -10.0774 0.0000 0.0000 0.0000 8.5753 22.7064 -41.8093 -2.6746 -10.1486 29.4594 -0.4629 7.1163 -12.3574 -2.3421 -9.5449 27.5153 -2.9800 -1.5514 -9.9062 1.1417 -1.7795 2.0479 2.5926 -1.0362 7.8713 -5.0636 -2.4327 -15.7568 3.7120 -3.4397 24.6158 1.6865 -1.7408 10.6651 0.0000 0.0000 0.0000 -84.6842 -16.6618 39.4354 25.3754 -36.5853 -8.5127 -0.0000 0.0000 -18.2719 14.6813 35.2069 8.5896 -7.1250 0.0000 -0.0000 -23.6741 64.5881 -11.5298 0.0000 0.0000 0.0000 85.9280 -8.0954 12.8165 -17.4316 27.4233 -4.2842 0.0000 0.0000 16.0380 -21.3233 30.2037 -11.1102 7.1250 -0.0000 -0.0000 5.6260 1.8836 5.8358
-3.4925 17.9815 2.6381 -243.7690 -88.0385 255.4510 0.0000 0.0000 0.0000 -25.4526 -7.6997 -16.1764 3.4096 11.3303 33.4023 1.5781 -10.8711 -22.6470 0.3240 -3.6585 -10.1178 0.0000 0.0000 0.0000 8.7530 22.4216 -41.8968 -2.6632 -10.1288 29.3949 -0.4765 6.8883 -12.4823 -2.3515 -9.5627 27.5720 -3.0387 -1.5451 -9.9170 1.1828 -1.7664 2.0928 2.6712 -1.0352 7.9285 -5.1074 -2.4892 -15.7910 3.6477 -3.4784 24.5178 1.6648 -1.7669 10.6377 -0.0000 -0.0000 0.0000 -84.9101 -16.5461 39.4807 25.2854 -36.4943 -8.4591 -0.0000 0.0000 -18.2579 15.0972 34.9761 8.7906 -7.1250 0.0000 -0.0000 -22.9672 64.4943 -11.1180 -0.0000 -0.0000 0.0000 85.7891 -7.8962 12.6246 -17.3918 27.3714 -4.2659 0.0000 0.0000 16.4482 -21.4208 30.2827 -11.1904 7.1250 -0.0000 -0.0000 5.5806 1.9842 5.7977
-3.5858 17.9644 2.6301 -246.1140 -87.9789 257.8170 0.0000 0.0000 0.0000 -25.5582 -7.5524 -15.8882 3.4010 11.3176 33.3585 1.5964 -10.9589 -22.7829 0.3583 -3.8457 -10.6430 0.0000 0.0000 0.0000 8.9176 22.0962 -41.9931 -2.6561 -10.1163 29.3543 -0.4744 6.7154 -12.4308 -2.3589 -9.5767 27.6165 -3.0652 -1.5228 -9.8823 1.1443 -1.7313 2.0442 2.6522 -1.0165 7.8532 -5.1814 -2.5415 -15.7955 3.7977 -3.5728 24.5180 1.7180 -1.7990 10.6478 -0.0000 0.0000 0.0000 -84.9548 -16.2268 39.9959 25.1773 -36.3846 -8.3948 -0.0000 0.0000 -19.4741 16.1148 34.7185 9.3443 -7.1250 0.0000 -0.0000 -21.5641 64.5386 -10.4295 -0.0000 0.0000 0.0000 85.7497 -7.8128 12.6148 -17.3489 27.3154 -4.2462 0.0000 0.0000 16.3825 -20.8987 30.0102 -10.8120 7.1250 -0.0000 -0.0000 5.8451 1.6007 6.0373
-3.6800 17.9481 2.6214 -249.6380 -87.9895 261.3380 0.0000 0.0000 0.0000 -25.5863 -7.3872 -15.5746 3.3954 11.3091 33.3295 1.5840 -11.2327 -22.7278 0.3491 -3.7962 -10.5040 0.0000 0.0000 0.0000 9.3224 21.4969 -42.0506 -2.6541 -10.1129 29.3432 -0.4584 6.3111 -12.1770 -2.3986 -9.6511 27.8541 -3.0122 -1.4942 -9.8612 1.1098 -1.6980 1.9940 2.5920 -0.9951 7.7815 -5.4105 -2.6354 -15.6403 4.1024 -3.7385 24.5092 1.8442 -1.8631 10.6340 0.0000 -0.0000 0.0000 -85.0354 -15.8706 39.9183 25.1070 -36.3131 -8.3532 -0.0000 0.0000 -18.7143 16.2035 34.3427 9.3100 -7.1250 0.0000 -0.0000 -21.0842 64.2186 -10.0307 0.0000 -0.0000 0.0000 85.7695 -7.8440 12.6678 -17.3440 27.3091 -4.2440 0.0000 0.0000 15.9691 -20.0501 29.5921 -10.2165 7.1250 -0.0000 -0.0000 6.2833 1.0090 6.4315
-3.7767 17.9342 2.6118 -254.1570 -88.0798 265.7770 0.0000 0.0000 0.0000 -25.5312 -7.2604 -15.1416 3.3922 11.3044 33.3135 1.5760 -11.3600 -22.6877 0.3827 -3.9729 -11.0004 0.0000 0.0000 0.0000 9.8298 20.9162 -42.0074 -2.6598 -10.1228 29.3753 -0.4359 5.8337 -11.8339 -2.4285 -9.7067 28.0321 -2.9065 -1.4787 -9.8578 1.1128 -1.6909 2.0062 2.5366 -0.9872 7.7887 -5.4833 -2.7289 -15.4869 4.1839 -3.8832 24.4731 1.8665 -1.9291 10.6024 0.0000 0.0000 0.0000 -85.1239 -15.4597 40.0660 25.0660 -36.2713 -8.3289 -0.0000 0.0000 -19.0222 14.6008 35.0846 8.5156 -7.1250 0.0000 -0.0000 -23.6318 64.4565 -11.4361 0.0000 0.0000 0.0000 85.8331 -7.8535 12.5782 -17.3583 27.3277 -4.2505 0.0000 0.0000 15.7956 -19.9666 29.5180 -10.1486 7.1250 -0.0000 -0.0000 6.3228 0.9175 6.4625
-3.8736 17.9229 2.6020 -259.2260 -88.0662 270.7750 0.0000 0.0000 0.0000 -25.5706 -7.0903 -14.7322 3.3901 11.3013 33.3030 1.5814 -11.3887 -22.7288 0.4790 -4.4383 -12.3132 0.0000 0.0000 0.0000 10.1213 20.4966 -41.9209 -2.6715 -10.1432 29.4417 -0.4170 5.4496 -11.5476 -2.4062 -9.6653 27.8994 -2.9382 -1.5069 -9.8780 1.1172 -1.7242 2.0570 2.5529 -1.0066 7.8585 -5.4351 -2.7855 -15.4543 4.1666 -3.9678 24.3954 1.8402 -1.9645 10.5710 0.0000 -0.0000 0.0000 -85.2562 -15.2398 40.0146 24.7961 -35.9948 -8.1698 -0.0000 0.0000 -18.9316 14.5628 34.3672 8.3428 -7.1250 0.0000 -0.0000 -22.9272 63.8000 -10.7276 0.0000 -0.0000 0.0000 85.8092 -7.7100 12.5714 -17.3359 27.2985 -4.2403 0.0000 0.0000 15.7215 -20.3260 29.5006 -10.3377 7.1250 -0.0000 -0.0000 6.1119 0.9687 6.2498
-3.9703 17.9128 2.5911 -264.5110 -87.9290 276.0780 0.0000 0.0000 0.0000 -25.7174 -7.0167 -14.3883 3.3908 11.3024 33.3065 1.5799 -11.7335 -22.7624 0.4452 -4.2811 -11.8688 0.0000 0.0000 0.0000 10.2504 20.0998 -41.9017 -2.6857 -10.1680 29.5224 -0.3909 5.1612 -11.1687 -2.4184 -9.6881 27.9724 -3.0843 -1.5426 -9.9421 1.1128 -1.7509 2.0736 2.6249 -1.0274 7.9203 -5.5465 -2.8746 -15.4668 4.2421 -4.0775 24.3320 1.8705 -2.0142 10.5608 -0.0000 -0.0000 0.0000 -85.4444 -15.1209 39.9417 24.3638 -35.5466 -7.9171 -0.0000 0.0000 -18.4240 15.7817 32.9949 8.7497 -7.1250 0.0000 -0.0000 -20.2717 62.8633 -8.9860 -0.0000 -0.0000 0.0000 85.7170 -7.5176 12.5792 -17.2837 27.2302 -4.2163 0.0000 0.0000 15.5885 -20.2748 29.3901 -10.2756 7.1250 -0.0000 -0.0000 6.1281 0.8461 6.2536
-4.0692 17.8994 2.5792 -269.0150 -87.7678 280.5500 0.0000 0.0000 0.0000 -25.8757 -6.9403 -13.9904 3.3970 11.3116 33.3381 1.5815 -12.1395 -22.8296 0.3854 -3.9864 -11.0385 0.0000 0.0000 0.0000 10.3911 19.7234 -41.8175 -2.7011 -10.1946 29.6093 -0.3535 4.9149 -10.6189 -2.4714 -9.7856 28.2854 -3.1969 -1.5545 -9.8711 1.0712 -1.7514 2.0473 2.6457 -1.0304 7.8537 -5.5889 -2.9659 -15.5821 4.2711 -4.2016 24.4246 1.8700 -2.0701 10.6262 0.0000 -0.0000 0.0000 -85.5502 -14.9199 40.1086 23.9099 -35.0688 -7.6547 -0.0000 0.0000 -18.4383 14.5797 34.0136 8.2784 -7.1250 0.0000 -0.0000 -22.5551 63.4842 -10.3782 0.0000 -0.0000 0.0000 85.7630 -7.4116 12.3525 -17.2584 27.1972 -4.2048 0.0000 0.0000 15.6277 -20.3038 29.3330 -10.2733 7.1250 -0.0000 -0.0000 6.1043 0.7934 6.2234
-4.1697 17.8827 2.5683 -272.9640 -87.6338 284.4100 0.0000 0.0000 0.0000 -25.9893 -6.7741 -13.5492 3.4068 11.3262 33.3881 1.5784 -12.5089 -22.8650 0.3646 -3.8788 -10.7359 0.0000 0.0000 0.0000 10.5507 19.4047 -41.6369 -2.7179 -10.2237 29.7043 -0.3116 4.6742 -9.9715 -2.5191 -9.8726 28.5653 -3.2536 -1.5710 -9.7518 1.0083 -1.7654 2.0077 2.6112 -1.0359 7.7431 -5.5052 -3.0216 -15.5896 4.2863 -4.3149 24.5038 1.8456 -2.1136 10.6616 0.0000 -0.0000 0.0000 -85.6388 -14.5969 40.1576 23.4993 -34.6303 -7.4201 -0.0000 0.0000 -18.4036 15.4703 33.7611 8.7440 -7.1250 0.0000 -0.0000 -21.3296 63.4888 -9.7897 0.0000 -0.0000 0.0000 85.8553 -7.3854 12.1216 -17.2810 27.2267 -4.2151 0.0000 0.0000 15.7418 -20.1721 29.2746 -10.1843 7.1250 -0.0000 -0.0000 6.1737 0.7086 6.2861
-4.2729 17.8634 2.5577 -277.4140 -87.5862 288.8690 0.0000 0.0000 0.0000 -25.9722 -6.7053 -13.2073 3.4152 11.3387 33.4308 1.5340 -13.1370 -22.6725 0.2396 -3.1502 -8.6972 0.0000 0.0000 0.0000 10.6972 19.2322 -41.4598 -2.7380 -10.2583 29.8173 -0.2731 4.4257 -9.3390 -2.5317 -9.8952 28.6382 -3.2320 -1.6150 -9.8607 1.0327 -1.8254 1.9962 2.6128 -1.0654 7.7980 -5.4819 -3.0571 -15.3849 4.2537 -4.3649 24.3386 1.8243 -2.1402 10.5627 -0.0000 -0.0000 0.0000 -85.8251 -14.2115 40.1541 23.2016 -34.3085 -7.2516 -0.0000 0.0000 -18.5777 16.4673 33.4196 9.2468 -7.1250 0.0000 -0.0000 -19.9016 63.4366 -9.0826 -0.0000 -0.0000 0.0000 85.7818 -7.3529 12.1552 -17.3680 27.3404 -4.2550 0.0000 0.0000 15.6912 -20.0359 29.4106 -10.1530 7.1250 -0.0000 -0.0000 6.2695 0.8213 6.3969
-4.3786 17.8441 2.5442 -281.3960 -87.5006 292.8860 0.0000 0.0000 0.0000 -25.9669 -6.6187 -12.9126 3.4231 11.3504 33.4709 1.4673 -13.7354 -22.3393 0.1418 -2.4266 -6.6861 0.0000 0.0000 0.0000 10.7858 19.1221 -41.2697 -2.7596 -10.2954 29.9387 -0.2403 4.0271 -8.7466 -2.5490 -9.9264 28.7387 -3.2849 -1.6551 -10.0303 1.0989 -1.8718 2.0172 2.7015 -1.0944 7.9263 -5.5631 -3.1131 -15.2613 4.2455 -4.4112 24.1328 1.8292 -2.1688 10.4681 -0.0000 0.0000 0.0000 -86.0822 -13.9561 40.1749 22.7416 -33.8050 -6.9940 -0.0000 0.0000 -18.7916 16.7692 33.3789 9.4131 -7.1250 0.0000 -0.0000 -19.5274 63.4784 -8.9241 -0.0000 0.0000 0.0000 85.6495 -7.2877 12.2089 -17.4723 27.4762 -4.3030 0.0000 0.0000 15.5683 -20.2840 29.5884 -10.3423 7.1250 -0.0000 -0.0000 6.1471 1.0501 6.2948
-4.4851 17.8324 2.5291 -285.0090 -87.3055 296.4330 0.0000 0.0000 0.0000 -26.0615 -6.4203 -12.5034 3.4275 11.3569 33.4931 1.4366 -13.8512 -22.1557 0.1744 -2.6904 -7.4179 0.0000 0.0000 0.0000 10.8495 18.9174 -41.0310 -2.7853 -10.3390 30.0817 -0.2053 3.5525 -8.0710 -2.5961 -10.0106 29.0111 -3.4301 -1.7017 -10.0743 1.0882 -1.9126 2.0639 2.7638 -1.1228 8.0105 -5.6462 -3.1941 -15.3285 4.3815 -4.5323 24.1039 1.8741 -2.2136 10.4831 0.0000 0.0000 0.0000 -86.3039 -13.7661 39.9293 22.1197 -33.1121 -6.6511 -0.0000 0.0000 -18.4589 16.7347 33.4754 9.4165 -7.1250 0.0000 -0.0000 -19.6554 63.5592 -9.0221 0.0000 0.0000 0.0000 85.6441 -7.1756 12.1697 -17.5298 27.5509 -4.3296 0.0000 0.0000 15.4699 -20.2425 29.4504 -10.2768 7.1250 -0.0000 -0.0000 6.1543 0.9014 6.2865
-4.5937 17.8289 2.5152 -289.1480 -87.1798 300.4570 0.0000 0.0000 0.0000 -26.0573 -6.2131 -12.0135 3.4240 11.3517 33.4755 1.4386 -13.7467 -22.1464 0.2513 -3.2256 -8.9075 0.0000 0.0000 0.0000 11.0992 18.6183 -40.7835 -2.8178 -10.3941 30.2627 -0.1620 2.8937 -7.1532 -2.5978 -10.0135 29.0205 -3.4345 -1.7345 -10.0723 1.0890 -1.9558 2.1096 2.7592 -1.1456 8.0621 -5.7468 -3.2720 -15.3712 4.4976 -4.6411 24.0794 1.9169 -2.2574 10.4945 0.0000 -0.0000 0.0000 -86.5049 -13.5176 39.6685 21.5301 -32.4419 -6.3319 -0.0000 0.0000 -18.0770 16.7986 33.4997 9.4599 -7.1250 0.0000 -0.0000 -19.6065 63.5988 -9.0169 0.0000 -0.0000 0.0000 85.6539 -7.0729 12.1021 -17.5637 27.5948 -4.3452 0.0000 0.0000 15.4231 -20.0813 29.1306 -10.0909 7.1250 -0.0000 -0.0000 6.2093 0.5445 6.3050
-4.7026 17.8274 2.5003 -293.6210 -87.1820 304.8490 0.0000 0.0000 0.0000 -25.8838 -6.0015 -11.5691 3.4179 11.3427 33.4445 1.4297 -13.7655 -22.0897 0.3186 -3.6281 -10.0328 0.0000 0.0000 0.0000 11.3956 18.5238 -40.5196 -2.8494 -10.4471 30.4371 -0.1250 1.7730 -6.2960 -2.5919 -10.0031 28.9868 -3.2438 -1.6973 -10.0626 1.1311 -1.9344 2.1309 2.6999 -1.1278 8.0720 -5.8826 -3.3615 -15.3823 4.5625 -4.7418 24.0239 1.9486 -2.3065 10.4881 0.0000 -0.0000 0.0000 -86.7119 -13.2805 39.6060 20.9446 -31.7636 -6.0207 -0.0000 0.0000 -17.7411 16.7699 33.5686 9.4599 -7.1250 0.0000 -0.0000 -19.7026 63.6552 -9.0888 0.0000 -0.0000 0.0000 85.6572 -6.9837 11.8679 -17.5800 27.6160 -4.3528 0.0000 0.0000 15.5340 -20.2321 29.0026 -10.1317 7.1250 -0.0000 -0.0000 6.1059 0.4424 6.1880
-4.8098 17.8277 2.4862 -298.6480 -87.1505 309.8920 0.0000 0.0000 0.0000 -25.6877 -5.8527 -11.2601 3.4157 11.3394 33.4333 1.3979 -13.8033 -21.8805 0.3882 -4.0007 -11.0787 0.0000 0.0000 0.0000 11.4302 18.6788 -40.3180 -2.8751 -10.4901 30.5789 -0.0957 0.4015 -5.7133 -2.6703 -10.1413 29.4354 -3.0054 -1.6747 -10.1276 1.1396 -1.9342 2.1482 2.5728 -1.1174 8.1192 -5.9038 -3.4328 -15.4385 4.6375 -4.8480 23.9798 1.9634 -2.3458 10.4920 -0.0000 0.0000 0.0000 -86.8671 -13.0527 39.4494 20.3842 -31.1025 -5.7285 -0.0000 0.0000 -17.4348 16.6811 33.9072 9.4899 -7.1250 0.0000 -0.0000 -20.1231 63.9458 -9.4271 -0.0000 0.0000 0.0000 85.7160 -6.8406 11.7040 -17.6199 27.6677 -4.3713 0.0000 0.0000 15.4501 -20.2221 28.8770 -10.0872 7.1250 -0.0000 -0.0000 6.0967 0.3124 6.1648
-4.9173 17.8316 2.4747 -303.5400 -87.1102 314.8610 0.0000 0.0000 0.0000 -25.4955 -5.8461 -10.9596 3.4173 11.3417 33.4413 1.3622 -13.8526 -21.6455 0.3798 -3.9578 -10.9579 0.0000 0.0000 0.0000 11.4431 18.7983 -40.2586 -2.9051 -10.5399 30.7434 -0.0601 -0.6745 -4.9277 -2.7871 -10.3421 30.0917 -2.7288 -1.6743 -10.2644 1.1206 -1.9649 2.1441 2.3882 -1.1191 8.1844 -5.7712 -3.4956 -15.5031 4.5983 -4.9566 23.9769 1.9110 -2.3862 10.5054 -0.0000 0.0000 0.0000 -86.9478 -12.8391 39.2304 19.7133 -30.2954 -5.3860 -0.0000 0.0000 -17.2473 16.7587 33.9580 9.5482 -7.1250 0.0000 -0.0000 -20.0848 64.0137 -9.4402 -0.0000 0.0000 0.0000 85.8393 -6.7653 11.6446 -17.7107 27.7852 -4.4136 0.0000 0.0000 15.2424 -20.1587 28.8101 -10.0326 7.1250 -0.0000 -0.0000 6.1258 0.2320 6.1860
-5.0256 17.8322 2.4620 -308.1510 -87.1202 319.5030 0.0000 0.0000 0.0000 -25.2849 -5.9848 -10.5361 3.4237 11.3513 33.4739 1.3455 -13.8889 -21.5382 0.3230 -3.6531 -10.1026 0.0000 0.0000 0.0000 11.6204 18.8797 -40.1786 -2.9495 -10.6128 30.9850 -0.0338 -1.1901 -4.1255 -2.7914 -10.3495 30.1160 -2.4332 -1.6351 -10.3103 1.1577 -1.9539 2.1097 2.2621 -1.0998 8.1629 -5.8167 -3.6077 -15.6414 4.5584 -5.0892 24.0751 1.8842 -2.4531 10.5765 -0.0000 0.0000 0.0000 -87.1379 -12.5959 38.9969 18.9591 -29.3679 -5.0108 -0.0000 0.0000 -16.9973 16.7967 33.6235 9.4891 -7.1250 0.0000 -0.0000 -19.7241 63.7134 -9.1259 -0.0000 0.0000 0.0000 85.9013 -6.7581 11.4405 -17.7828 27.8781 -4.4472 0.0000 0.0000 15.2091 -20.2546 28.9826 -10.1374 7.1250 -0.0000 -0.0000 6.0904 0.4263 6.1704
-5.1338 17.8277 2.4461 -311.3520 -87.1051 322.7250 0.0000 0.0000 0.0000 -25.1493 -6.1832 -10.1205 3.4397 11.3750 33.5553 1.3606 -13.6191 -21.5824 0.3642 -3.8768 -10.7303 0.0000 0.0000 0.0000 11.7620 18.9538 -40.0208 -3.0103 -10.7117 31.3135 -0.0249 -1.6044 -4.0167 -2.6346 -10.0786 29.2315 -2.2839 -1.6078 -10.2948 1.2721 -1.9472 2.0633 2.3014 -1.0917 8.1023 -6.0191 -3.7061 -15.6758 4.5595 -5.1714 24.0923 1.9065 -2.5077 10.6009 -0.0000 -0.0000 0.0000 -87.5378 -12.1958 38.5195 18.3188 -28.5634 -4.7007 -0.0000 0.0000 -16.6678 16.8388 33.5455 9.4947 -7.1250 0.0000 -0.0000 -19.6041 63.6521 -9.0402 -0.0000 -0.0000 0.0000 85.7599 -6.6685 11.2308 -17.7987 27.8986 -4.4547 0.0000 0.0000 15.4121 -20.6828 29.1613 -10.4234 7.1250 -0.0000 -0.0000 5.8623 0.6909 5.9638
-5.2420 17.8254 2.4321 -311.9970 -87.1102 323.4230 0.0000 0.0000 0.0000 -25.1024 -6.2557 -9.8280 3.4625 11.4085 33.6703 1.3707 -13.2261 -21.5689 0.4723 -4.4078 -12.2268 0.0000 0.0000 0.0000 11.9263 18.8174 -39.9414 -3.0892 -10.8381 31.7357 -0.0137 -2.2733 -4.1012 -2.5103 -9.8567 28.5139 -2.1979 -1.5854 -10.3158 1.3531 -1.9351 2.0266 2.3409 -1.0834 8.0741 -6.2929 -3.8341 -15.6132 4.6394 -5.2955 23.9888 1.9639 -2.5793 10.5697 0.0000 -0.0000 0.0000 -87.9070 -11.7505 37.8682 17.6876 -27.7553 -4.4028 -0.0000 0.0000 -16.1890 16.9427 33.5162 9.5485 -7.1250 0.0000 -0.0000 -19.4604 63.6524 -8.9715 0.0000 -0.0000 0.0000 85.5793 -6.5067 11.1886 -17.7503 27.8362 -4.4320 0.0000 0.0000 15.6506 -21.0418 29.2552 -10.6476 7.1250 -0.0000 -0.0000 5.6651 0.8571 5.7773
-5.3509 17.8242 2.4194 -311.5060 -87.1132 322.9590 0.0000 0.0000 0.0000 -25.0787 -6.1242 -9.5944 3.4873 11.4450 33.7956 1.3361 -13.1001 -21.2989 0.5266 -4.6504 -12.9141 0.0000 0.0000 0.0000 12.1497 18.5344 -39.8919 -3.1850 -10.9887 32.2419 0.0033 -2.8489 -3.8667 -2.6309 -10.0722 29.2107 -2.1417 -1.5581 -10.3913 1.3862 -1.9078 2.0631 2.3474 -1.0696 8.1545 -6.5361 -3.9876 -15.7471 4.7508 -5.4582 23.9240 2.0193 -2.6576 10.5937 -0.0000 -0.0000 0.0000 -88.1627 -11.3994 37.2342 17.0456 -26.9178 -4.1080 -0.0000 0.0000 -15.6725 17.1101 33.4007 9.6179 -7.1250 0.0000 -0.0000 -19.1660 63.5890 -8.8023 -0.0000 -0.0000 0.0000 85.4796 -6.2634 11.2540 -17.7053 27.7782 -4.4111 0.0000 0.0000 15.4846 -20.9426 29.1109 -10.5472 7.1250 -0.0000 -0.0000 5.7046 0.6898 5.8016
-5.4601 17.8217 2.4020 -311.6870 -87.0813 323.1160 0.0000 0.0000 0.0000 -25.0259 -5.9757 -9.3047 3.5127 11.4820 33.9232 1.2808 -13.1180 -20.9091 0.5308 -4.6685 -12.9654 0.0000 0.0000 0.0000 12.3582 18.2722 -39.8283 -3.2893 -11.1493 32.7849 0.0119 -3.0409 -3.6042 -2.9321 -10.5844 30.8906 -2.1125 -1.5219 -10.4113 1.3947 -1.8638 2.0882 2.3471 -1.0477 8.1897 -6.4938 -4.0799 -15.7539 4.7038 -5.5775 23.8206 1.9778 -2.7116 10.5624 0.0000 -0.0000 0.0000 -88.3833 -11.0919 36.6166 16.3345 -25.9721 -3.7913 -0.0000 0.0000 -15.2435 17.3077 33.2519 9.6962 -7.1250 0.0000 -0.0000 -18.8084 63.5022 -8.5939 0.0000 -0.0000 0.0000 85.5218 -6.1070 11.1360 -17.7204 27.7977 -4.4181 0.0000 0.0000 15.2605 -20.8417 28.9319 -10.4352 7.1250 -0.0000 -0.0000 5.7412 0.4870 5.8190
-5.5706 17.8216 2.3845 -311.7320 -87.0739 323.1710 0.0000 0.0000 0.0000 -24.9724 -5.8973 -9.0209 3.5362 11.5162 34.0412 1.2397 -13.0632 -20.6008 0.5119 -4.5859 -12.7312 0.0000 0.0000 0.0000 12.5947 17.9400 -39.8732 -3.3922 -11.3044 33.3135 0.0128 -2.9062 -3.2989 -3.1650 -10.9574 32.1365 -1.9669 -1.4100 -10.3824 1.3521 -1.7304 2.0158 2.2440 -0.9728 8.0803 -6.6974 -4.2481 -15.5424 4.9018 -5.8236 23.7113 2.0503 -2.8228 10.5111 -0.0000 -0.0000 0.0000 -88.5841 -10.7637 35.9793 15.5191 -24.8643 -3.4413 -0.0000 0.0000 -14.5394 17.0166 33.1236 9.4942 -7.1250 0.0000 -0.0000 -19.0186 63.3052 -8.6058 -0.0000 -0.0000 0.0000 85.6649 -6.1615 10.7590 -17.7540 27.8410 -4.4337 0.0000 0.0000 15.2400 -20.9194 29.1523 -10.5481 7.1250 -0.0000 -0.0000 5.7233 0.7277 5.8245
-5.6828 17.8242 2.3665 -310.9780 -87.0563 322.4430 0.0000 0.0000 0.0000 -24.9361 -5.7101 -8.8055 3.5573 11.5468 34.1469 1.1997 -12.9190 -20.2764 0.5379 -4.6991 -13.0524 0.0000 0.0000 0.0000 12.8304 17.5852 -39.9129 -3.4881 -11.4461 33.7997 0.0106 -2.6401 -2.9916 -3.1779 -10.9776 32.2044 -1.9581 -1.4123 -10.3636 1.3485 -1.7345 1.9609 2.2352 -0.9730 8.0101 -6.7859 -4.3001 -15.4813 5.0130 -5.9053 23.6634 2.0939 -2.8564 10.4940 -0.0000 0.0000 0.0000 -88.7525 -10.2777 35.0040 14.9051 -24.0138 -3.1872 -0.0000 0.0000 -13.7810 16.7799 33.2389 9.3850 -7.1250 0.0000 -0.0000 -19.3872 63.3507 -8.7996 -0.0000 0.0000 0.0000 85.6601 -6.0561 10.6721 -17.7390 27.8216 -4.4267 0.0000 0.0000 15.3371 -21.1258 29.4574 -10.7588 7.1250 -0.0000 -0.0000 5.6421 1.0806 5.7753
-5.7952 17.8294 2.3431 -310.4840 -86.9839 321.9540 0.0000 0.0000 0.0000 -24.8964 -5.5110 -8.5774 3.5783 11.5770 34.2516 1.1526 -12.5909 -19.8524 0.6682 -5.2277 -14.5590 0.0000 0.0000 0.0000 12.9527 17.4326 -39.8174 -3.5771 -11.5753 34.2455 0.0072 -2.3671 -2.8052 -3.0611 -10.7933 31.5859 -2.0420 -1.4375 -10.3701 1.3727 -1.7588 1.9504 2.3040 -0.9894 8.0078 -6.8258 -4.3325 -15.4555 5.0359 -5.9365 23.5317 2.1043 -2.8702 10.4454 -0.0000 0.0000 0.0000 -88.9621 -9.7522 34.1585 14.4257 -23.3400 -2.9947 -0.0000 0.0000 -13.3765 17.0821 33.3600 9.5914 -7.1250 0.0000 -0.0000 -19.1601 63.5437 -8.7792 -0.0000 0.0000 0.0000 85.6137 -5.9081 10.6878 -17.7778 27.8717 -4.4449 0.0000 0.0000 15.3221 -21.2017 29.1912 -10.7133 7.1250 -0.0000 -0.0000 5.5638 0.8229 5.6698
-5.9082 17.8396 2.3198 -311.0350 -86.9127 322.5380 0.0000 0.0000 0.0000 -24.8114 -5.4323 -8.3255 3.6018 11.6108 34.3688 1.0921 -12.3285 -19.3334 0.7470 -5.5209 -15.4004 0.0000 0.0000 0.0000 13.0328 17.4440 -39.6494 -3.6602 -11.6939 34.6575 0.0050 -2.1821 -2.6941 -3.0640 -10.7979 31.6012 -2.0214 -1.4458 -10.4320 1.3551 -1.7702 1.9224 2.2708 -0.9931 8.0126 -6.9639 -4.4126 -15.3005 5.2329 -6.0631 23.3458 2.1815 -2.9194 10.3683 0.0000 0.0000 0.0000 -89.0718 -9.1983 33.4579 13.9766 -22.7013 -2.8191 -0.0000 0.0000 -13.1041 17.2287 33.6003 9.7376 -7.1250 0.0000 -0.0000 -19.2176 63.8071 -8.9247 0.0000 0.0000 0.0000 85.6440 -5.9071 10.8671 -17.8782 28.0009 -4.4919 0.0000 0.0000 15.0683 -21.1835 28.6562 -10.5281 7.1250 -0.0000 -0.0000 5.5070 0.2706 5.5586
-6.0211 17.8509 2.2981 -312.1550 -86.8863 323.6720 0.0000 0.0000 0.0000 -24.6627 -5.3348 -8.0962 3.6337 11.6563 34.5267 1.0061 -12.3229 -18.6616 0.6624 -5.2052 -14.4949 0.0000 0.0000 0.0000 13.1751 17.5176 -39.3960 -3.7341 -11.7979 35.0206 0.0044 -2.1779 -2.7398 -3.2554 -11.0974 32.6090 -1.9225 -1.4123 -10.4840 1.3426 -1.7369 1.9192 2.2066 -0.9721 8.0333 -6.9834 -4.5209 -15.2308 5.2998 -6.2271 23.2547 2.1861 -2.9892 10.3365 -0.0000 0.0000 0.0000 -89.1121 -8.5982 32.9120 13.6126 -22.1781 -2.6801 -0.0000 0.0000 -12.7796 17.1799 33.9677 9.8006 -7.1250 0.0000 -0.0000 -19.6200 64.1362 -9.2693 -0.0000 0.0000 0.0000 85.6784 -5.8240 10.8552 -17.9522 28.0959 -4.5267 0.0000 0.0000 14.9528 -20.8465 28.4709 -10.2888 7.1250 -0.0000 -0.0000 5.6819 0.0156 5.7116
-6.1340 17.8607 2.2767 -311.9310 -86.8220 323.4860 0.0000 0.0000 0.0000 -24.5914 -5.1964 -7.9416 3.6785 11.7199 34.7481 0.9259 -12.1672 -17.9801 0.6279 -5.0703 -14.1092 0.0000 0.0000 0.0000 13.1973 17.6725 -39.1237 -3.7995 -11.8887 35.3394 0.0011 -2.0724 -2.8702 -3.4171 -11.3414 33.4402 -1.9263 -1.3794 -10.5816 1.3514 -1.6917 1.9309 2.2244 -0.9512 8.1001 -7.1167 -4.6340 -15.1633 5.4254 -6.3734 23.0696 2.2328 -3.0527 10.2766 0.0000 0.0000 0.0000 -89.2290 -8.0065 32.3358 13.2572 -21.6630 -2.5475 -0.0000 0.0000 -12.3931 17.1133 34.1353 9.8025 -7.1250 0.0000 -0.0000 -19.8571 64.2738 -9.4491 0.0000 0.0000 0.0000 85.6647 -5.6644 10.6838 -18.0387 28.2067 -4.5675 0.0000 0.0000 14.9671 -20.1375 28.3934 -9.8912 7.1250 -0.0000 -0.0000 6.0894 -0.1976 6.1029
-6.2481 17.8711 2.2564 -312.0710 -86.6808 323.6940 0.0000 0.0000 0.0000 -24.5310 -5.0370 -7.8699 3.7366 11.8014 35.0330 0.8619 -11.8381 -17.3667 0.7212 -5.4265 -15.1291 0.0000 0.0000 0.0000 13.2243 17.6814 -38.9157 -3.8608 -11.9728 35.6359 -0.0067 -1.6534 -2.9457 -3.4290 -11.3591 33.5006 -1.9606 -1.4071 -10.6841 1.3514 -1.7225 1.8995 2.2367 -0.9677 8.1282 -7.5717 -4.7338 -14.8102 6.0227 -6.5373 22.5598 2.5016 -3.1039 10.0760 -0.0000 -0.0000 0.0000 -89.3258 -7.3288 31.7943 12.9159 -21.1638 -2.4228 -0.0000 0.0000 -12.1270 17.0630 34.1365 9.7728 -7.1250 0.0000 -0.0000 -19.9153 64.2613 -9.4722 -0.0000 -0.0000 0.0000 85.5867 -5.5570 10.8549 -18.0907 28.2732 -4.5921 0.0000 0.0000 14.7449 -19.9614 28.4741 -9.8241 7.1250 -0.0000 -0.0000 6.2022 -0.1480 6.2228
-6.3613 17.8811 2.2331 -315.2040 -86.5513 326.7850 0.0000 0.0000 0.0000 -24.2588 -4.7700 -7.8046 3.8078 11.9002 35.3799 0.7728 -11.6589 -16.5547 0.7843 -5.6539 -15.7836 0.0000 0.0000 0.0000 13.5268 17.4978 -38.5875 -3.9168 -12.0489 35.9052 -0.0146 -1.1049 -2.9677 -3.4320 -11.3635 33.5159 -1.8652 -1.4549 -10.6501 1.3575 -1.8003 1.8657 2.1763 -1.0004 8.0735 -7.3366 -4.8007 -15.0653 5.6669 -6.6166 22.9742 2.3220 -3.1577 10.2583 -0.0000 0.0000 0.0000 -89.2680 -6.6948 31.4863 12.5366 -20.6045 -2.2876 -0.0000 0.0000 -12.0281 16.9450 34.1848 9.7143 -7.1250 0.0000 -0.0000 -20.0956 64.2741 -9.5672 -0.0000 0.0000 0.0000 85.5782 -5.5439 11.1358 -18.1509 28.3499 -4.6207 0.0000 0.0000 14.5328 -20.1833 28.7481 -10.0263 7.1250 -0.0000 -0.0000 6.1041 0.1734 6.1575
-6.4740 17.8912 2.2071 -318.2570 -86.3721 329.7520 0.0000 0.0000 0.0000 -23.9915 -4.5292 -7.7166 3.8923 12.0157 35.7875 0.6707 -11.5462 -15.6088 0.8007 -5.7111 -15.9483 0.0000 0.0000 0.0000 13.7936 17.3417 -38.1194 -3.9647 -12.1133 36.1341 -0.0210 -0.5265 -2.9870 -3.5113 -11.4800 33.9163 -1.8617 -1.5459 -10.6504 1.3967 -1.9258 1.9216 2.1932 -1.0636 8.1425 -7.3435 -4.8852 -15.2047 5.6869 -6.7292 22.9997 2.3117 -3.2039 10.3039 -0.0000 -0.0000 0.0000 -89.2378 -6.3194 31.0828 12.0993 -19.9534 -2.1361 -0.0000 0.0000 -11.8553 16.6671 34.2432 9.5627 -7.1250 0.0000 -0.0000 -20.4656 64.2527 -9.7404 -0.0000 -0.0000 0.0000 85.5523 -5.4004 11.3617 -18.2466 28.4717 -4.6662 0.0000 0.0000 14.4684 -20.1741 28.7112 -10.0099 7.1250 -0.0000 -0.0000 6.1051 0.1339 6.1544
-6.5867 17.9042 2.1829 -320.6910 -86.1709 332.1840 0.0000 0.0000 0.0000 -23.7660 -4.4942 -7.6743 3.9918 12.1495 36.2629 0.5859 -11.3408 -14.7518 0.8347 -5.8284 -16.2873 0.0000 0.0000 0.0000 13.9909 17.1777 -37.7430 -4.0064 -12.1689 36.3319 -0.0247 -0.0232 -2.9753 -3.5534 -11.5411 34.1272 -1.8444 -1.6056 -10.7598 1.4465 -2.0111 1.9909 2.2183 -1.1076 8.2866 -7.6779 -5.0267 -15.1115 6.0781 -6.9190 22.6551 2.4798 -3.2741 10.2046 -0.0000 -0.0000 0.0000 -89.2912 -6.0156 30.7351 11.6788 -19.3212 -1.9947 -0.0000 0.0000 -11.5779 16.3710 34.1276 9.3590 -7.1250 0.0000 -0.0000 -20.6840 64.0661 -9.7588 -0.0000 -0.0000 0.0000 85.4272 -5.1436 11.6365 -18.3281 28.5752 -4.7051 0.0000 0.0000 14.2552 -20.1798 28.4902 -9.9437 7.1250 -0.0000 -0.0000 6.0758 -0.0907 6.1005
-6.7009 17.9173 2.1599 -325.4460 -86.0450 336.9830 0.0000 0.0000 0.0000 -23.2774 -4.3735 -7.7806 4.1112 12.3069 36.8265 0.4730 -11.4164 -13.6646 0.7094 -5.3828 -15.0037 0.0000 0.0000 0.0000 14.3960 16.9627 -37.4817 -4.0478 -12.2237 36.5280 -0.0256 0.3996 -2.9046 -3.5381 -11.5189 34.0506 -1.5332 -1.5627 -10.8716 1.5087 -2.0013 1.9727 2.1082 -1.0899 8.3215 -7.9198 -5.2024 -14.9036 6.3033 -7.1555 22.3800 2.5688 -3.3808 10.1040 -0.0000 -0.0000 0.0000 -89.2889 -5.5487 30.7803 11.3799 -18.8681 -1.8969 -0.0000 0.0000 -11.2381 15.9434 34.2442 9.1325 -7.1250 0.0000 -0.0000 -21.2765 64.0581 -10.0468 -0.0000 -0.0000 0.0000 85.3822 -5.1183 11.6934 -18.4983 28.7905 -4.7868 0.0000 0.0000 14.2172 -20.3736 28.4991 -10.0484 7.1250 -0.0000 -0.0000 5.9630 -0.0453 5.9908
-6.8168 17.9265 2.1368 -330.1550 -85.8903 341.7230 0.0000 0.0000 0.0000 -22.7244 -4.0470 -8.0084 4.2528 12.4894 37.4859 0.3538 -11.5389 -12.4668 0.5791 -4.8728 -13.5463 0.0000 0.0000 0.0000 14.8164 16.7637 -37.2002 -4.0892 -12.2782 36.7232 -0.0267 0.8660 -2.9078 -3.5627 -11.5546 34.1739 -1.1137 -1.4208 -10.9557 1.5305 -1.8715 1.9125 1.9170 -1.0066 8.2841 -8.1356 -5.4575 -14.7857 6.3796 -7.4869 22.3354 2.5863 -3.5449 10.1056 0.0000 -0.0000 0.0000 -89.1879 -4.8796 31.2334 11.2528 -18.6748 -1.8561 -0.0000 0.0000 -10.7892 15.4011 34.4715 8.8618 -7.1250 0.0000 -0.0000 -22.1075 64.1196 -10.4895 0.0000 -0.0000 0.0000 85.4599 -5.2968 11.4172 -18.7120 29.0592 -4.8901 0.0000 0.0000 14.2364 -20.8216 28.7992 -10.3817 7.1250 -0.0000 -0.0000 5.7366 0.3472 5.8003
