{"groups":{"lower_limb":{"clip_count":30,"mpjpe_mean_mm":0.9493666830088058,"mpjpe_p95_mm":2.3467497114222504},"root_core":{"clip_count":30,"mpjpe_mean_mm":0.8940109317600395,"mpjpe_p95_mm":1.945811427404176},"spine_head":{"clip_count":30,"mpjpe_mean_mm":0.8734577850056958,"mpjpe_p95_mm":2.0851932854107655},"upper_limb":{"clip_count":30,"mpjpe_mean_mm":1.2916603250051528,"mpjpe_p95_mm":3.894441479947642}},"metric":"joint_class_mpjpe_mm"}
