{"library_size":10000,"metric":"query_latency_ms","p50_ms":9.013583499836386,"p95_ms":26.137510099943025,"p99_ms":43.34372525001982,"status":"PASS","threshold_ms":100.0}
